t,x,x_dot,theta,theta_dot,u
0,4.91655e-06,0.00983309,0.149992,-0.0165134,10
0.001,1.96662e-05,0.0196662,0.149967,-0.0330273,10
0.002,4.4249e-05,0.0294994,0.149926,-0.049542,10
0.003,7.8665e-05,0.0393326,0.149868,-0.0660579,10
0.004,0.000122914,0.0491659,0.149794,-0.0825755,10
0.005,0.000176997,0.0589994,0.149703,-0.0990952,10
0.006,0.000240913,0.068833,0.149595,-0.115617,10
0.007,0.000314663,0.0786668,0.149472,-0.132143,10
0.008,0.000398247,0.0885007,0.149331,-0.148671,10
0.009,0.000491665,0.0983349,0.149174,-0.165203,10
0.01,0.000594917,0.108169,0.149001,-0.18174,10
0.011,0.000708003,0.118004,0.148811,-0.198281,10
0.012,0.000830925,0.127839,0.148604,-0.214826,10
0.013,0.000963587,0.137486,0.148381,-0.231004,9.81083
0.014,0.00110579,0.146918,0.148142,-0.246764,9.5957
0.015,0.00125732,0.15614,0.147888,-0.262113,9.38491
0.016,0.00141797,0.165157,0.147618,-0.277061,9.17836
0.017,0.00158753,0.173971,0.147334,-0.291617,8.97597
0.018,0.00176581,0.182589,0.147035,-0.305788,8.77766
0.019,0.00195261,0.191013,0.146723,-0.319583,8.58333
0.02,0.00214774,0.199247,0.146396,-0.33301,8.39292
0.021,0.00235101,0.207296,0.146057,-0.346077,8.20633
0.022,0.00256224,0.215163,0.145704,-0.358791,8.0235
0.023,0.00278125,0.222851,0.145339,-0.37116,7.84434
0.024,0.00300786,0.230365,0.144962,-0.383191,7.66877
0.025,0.00324189,0.237707,0.144573,-0.394892,7.49674
0.026,0.00348319,0.244882,0.144173,-0.40627,7.32816
0.027,0.00373157,0.251893,0.143761,-0.417331,7.16297
0.028,0.00398689,0.258742,0.143338,-0.428082,7.00109
0.029,0.00424898,0.265434,0.142905,-0.43853,6.84246
0.03,0.00451768,0.271971,0.142461,-0.448682,6.68701
0.031,0.00479285,0.278356,0.142008,-0.458543,6.53468
0.032,0.00507432,0.284594,0.141544,-0.46812,6.38541
0.033,0.00536196,0.290685,0.141071,-0.477419,6.23912
0.034,0.00565562,0.296635,0.140589,-0.486446,6.09578
0.035,0.00595516,0.302445,0.140099,-0.495206,5.9553
0.036,0.00626044,0.308118,0.139599,-0.503706,5.81764
0.037,0.00657133,0.313656,0.139091,-0.511952,5.68274
0.038,0.00688769,0.319064,0.138575,-0.519948,5.55054
0.039,0.00720939,0.324343,0.138052,-0.527699,5.42099
0.04,0.00753631,0.329496,0.13752,-0.535213,5.29403
0.041,0.00786832,0.334525,0.136981,-0.542492,5.16961
0.042,0.0082053,0.339433,0.136435,-0.549543,5.04769
0.043,0.00854713,0.344223,0.135882,-0.55637,4.9282
0.044,0.00889369,0.348896,0.135323,-0.562978,4.81111
0.045,0.00924486,0.353455,0.134756,-0.569373,4.69636
0.046,0.00960054,0.357903,0.134184,-0.575558,4.58391
0.047,0.00996061,0.362241,0.133605,-0.581538,4.47371
0.048,0.010325,0.366473,0.133021,-0.587317,4.36571
0.049,0.0106935,0.370599,0.132431,-0.592901,4.25987
0.05,0.0110661,0.374622,0.131835,-0.598292,4.15615
0.051,0.0114427,0.378545,0.131234,-0.603496,4.0545
0.052,0.0118232,0.382369,0.130628,-0.608517,3.95488
0.053,0.0122074,0.386096,0.130017,-0.613358,3.85726
0.054,0.0125953,0.389728,0.129402,-0.618023,3.76158
0.055,0.0129868,0.393267,0.128782,-0.622517,3.66782
0.056,0.0133818,0.396715,0.128157,-0.626843,3.57593
0.057,0.0137802,0.400074,0.127528,-0.631005,3.48588
0.058,0.0141819,0.403345,0.126895,-0.635005,3.39763
0.059,0.0145868,0.406531,0.126258,-0.638849,3.31114
0.06,0.0149949,0.409633,0.125617,-0.642539,3.22638
0.061,0.0154061,0.412653,0.124973,-0.646079,3.14331
0.062,0.0158202,0.415592,0.124325,-0.649472,3.0619
0.063,0.0162372,0.418452,0.123674,-0.652722,2.98211
0.064,0.016657,0.421234,0.12302,-0.65583,2.90392
0.065,0.0170796,0.423941,0.122363,-0.658802,2.82729
0.066,0.0175049,0.426573,0.121702,-0.661639,2.75219
0.067,0.0179327,0.429133,0.121039,-0.664345,2.67858
0.068,0.0183631,0.431621,0.120374,-0.666923,2.60645
0.069,0.0187959,0.434039,0.119706,-0.669375,2.53575
0.07,0.0192312,0.436389,0.119035,-0.671705,2.46647
0.071,0.0196687,0.438672,0.118362,-0.673915,2.39856
0.072,0.0201085,0.440889,0.117687,-0.676008,2.33202
0.073,0.0205504,0.443041,0.11701,-0.677986,2.26679
0.074,0.0209945,0.445131,0.116331,-0.679852,2.20287
0.075,0.0214407,0.447158,0.115651,-0.681609,2.14022
0.076,0.0218888,0.449125,0.114968,-0.683259,2.07882
0.077,0.0223389,0.451032,0.114284,-0.684805,2.01865
0.078,0.0227908,0.452881,0.113599,-0.686249,1.95967
0.079,0.0232446,0.454673,0.112912,-0.687592,1.90187
0.08,0.0237002,0.45641,0.112223,-0.688839,1.84522
0.081,0.0241574,0.458091,0.111534,-0.68999,1.78969
0.082,0.0246163,0.459719,0.110844,-0.691049,1.73528
0.083,0.0250768,0.461294,0.110152,-0.692016,1.68194
0.084,0.0255389,0.462817,0.10946,-0.692895,1.62967
0.085,0.0260024,0.464291,0.108766,-0.693687,1.57844
0.086,0.0264674,0.465714,0.108072,-0.694395,1.52823
0.087,0.0269338,0.467089,0.107378,-0.695019,1.47901
0.088,0.0274016,0.468417,0.106682,-0.695564,1.43078
0.089,0.0278706,0.469698,0.105986,-0.696029,1.3835
0.09,0.028341,0.470934,0.10529,-0.696417,1.33716
0.091,0.0288125,0.472124,0.104594,-0.696731,1.29175
0.092,0.0292852,0.473271,0.103897,-0.696971,1.24724
0.093,0.029759,0.474375,0.1032,-0.697139,1.20361
0.094,0.0302339,0.475438,0.102503,-0.697237,1.16084
0.095,0.0307099,0.476458,0.101805,-0.697268,1.11893
0.096,0.0311868,0.477439,0.101108,-0.697231,1.07785
0.097,0.0316647,0.47838,0.100411,-0.69713,1.03758
0.098,0.0321436,0.479282,0.0997138,-0.696965,0.998118
0.099,0.0326233,0.480146,0.099017,-0.696739,0.959434
0.1,0.0331038,0.480973,0.0983204,-0.696452,0.921518
0.101,0.0335852,0.481763,0.0976241,-0.696106,0.884353
0.102,0.0340673,0.482518,0.0969282,-0.695703,0.847925
0.103,0.0345502,0.483238,0.0962327,-0.695244,0.812219
0.104,0.0350338,0.483923,0.0955377,-0.69473,0.77722
0.105,0.035518,0.484575,0.0948433,-0.694163,0.742914
0.106,0.0360029,0.485194,0.0941495,-0.693544,0.709287
0.107,0.0364884,0.485781,0.0934562,-0.692874,0.676326
0.108,0.0369745,0.486335,0.0927637,-0.692155,0.644017
0.109,0.0374611,0.486859,0.092072,-0.691388,0.612348
0.11,0.0379482,0.487353,0.091381,-0.690574,0.581304
0.111,0.0384358,0.487817,0.0906908,-0.689714,0.550874
0.112,0.0389238,0.488252,0.0900016,-0.688809,0.521046
0.113,0.0394123,0.488658,0.0893132,-0.687862,0.491807
0.114,0.0399011,0.489036,0.0886259,-0.686872,0.463145
0.115,0.0403903,0.489387,0.0879395,-0.68584,0.435049
0.116,0.0408799,0.48971,0.0872542,-0.684769,0.407507
0.117,0.0413697,0.490008,0.08657,-0.683659,0.380509
0.118,0.0418599,0.490279,0.0858869,-0.68251,0.354043
0.119,0.0423503,0.490526,0.085205,-0.681325,0.328099
0.12,0.0428409,0.490748,0.0845243,-0.680104,0.302666
0.121,0.0433317,0.490945,0.0838448,-0.678847,0.277734
0.122,0.0438228,0.491118,0.0831666,-0.677557,0.253293
0.123,0.044314,0.491269,0.0824897,-0.676233,0.229333
0.124,0.0448053,0.491396,0.0818142,-0.674877,0.205844
0.125,0.0452968,0.491501,0.08114,-0.673489,0.182818
0.126,0.0457883,0.491584,0.0804672,-0.672071,0.160244
0.127,0.0462799,0.491646,0.0797959,-0.670624,0.138114
0.128,0.0467716,0.491686,0.079126,-0.669147,0.116418
0.129,0.0472633,0.491706,0.0784576,-0.667643,0.0951482
0.13,0.047755,0.491706,0.0777907,-0.666111,0.074296
0.131,0.0482467,0.491686,0.0771254,-0.664552,0.0538528
0.132,0.0487383,0.491646,0.0764616,-0.662968,0.0338105
0.133,0.04923,0.491588,0.0757995,-0.661359,0.014161
0.134,0.0497215,0.491511,0.0751389,-0.659726,-0.00510352
0.135,0.050213,0.491415,0.07448,-0.65807,-0.0239908
0.136,0.0507043,0.491302,0.0738228,-0.65639,-0.0425083
0.137,0.0511956,0.491171,0.0731673,-0.654688,-0.0606636
0.138,0.0516867,0.491023,0.0725134,-0.652965,-0.0784639
0.139,0.0521776,0.490858,0.0718613,-0.651221,-0.0959162
0.14,0.0526684,0.490677,0.071211,-0.649457,-0.113027
0.141,0.0531589,0.490479,0.0705624,-0.647673,-0.129805
0.142,0.0536493,0.490266,0.0699157,-0.645871,-0.146254
0.143,0.0541395,0.490037,0.0692707,-0.64405,-0.162383
0.144,0.0546294,0.489793,0.0686276,-0.642211,-0.178197
0.145,0.055119,0.489534,0.0679863,-0.640355,-0.193703
0.146,0.0556084,0.48926,0.0673469,-0.638483,-0.208907
0.147,0.0560976,0.488972,0.0667093,-0.636594,-0.223815
0.148,0.0565864,0.488671,0.0660737,-0.63469,-0.238433
0.149,0.0570749,0.488355,0.06544,-0.632771,-0.252766
0.15,0.0575631,0.488026,0.0648082,-0.630837,-0.266821
0.151,0.0580509,0.487684,0.0641783,-0.62889,-0.280603
0.152,0.0585384,0.487328,0.0635504,-0.626929,-0.294117
0.153,0.0590256,0.486961,0.0629245,-0.624954,-0.307368
0.154,0.0595124,0.48658,0.0623005,-0.622968,-0.320363
0.155,0.0599987,0.486188,0.0616785,-0.620969,-0.333105
0.156,0.0604847,0.485784,0.0610586,-0.618959,-0.3456
0.157,0.0609703,0.485368,0.0604406,-0.616937,-0.357854
0.158,0.0614555,0.48494,0.0598247,-0.614905,-0.36987
0.159,0.0619402,0.484501,0.0592108,-0.612862,-0.381653
0.16,0.0624245,0.484052,0.058599,-0.610809,-0.393208
0.161,0.0629083,0.483592,0.0579892,-0.608747,-0.40454
0.162,0.0633916,0.483121,0.0573815,-0.606676,-0.415653
0.163,0.0638745,0.482639,0.0567759,-0.604595,-0.426552
0.164,0.0643569,0.482148,0.0561723,-0.602507,-0.43724
0.165,0.0648388,0.481647,0.0555709,-0.60041,-0.447721
0.166,0.0653202,0.481136,0.0549715,-0.598306,-0.458001
0.167,0.0658011,0.480615,0.0543742,-0.596195,-0.468082
0.168,0.0662814,0.480086,0.0537791,-0.594076,-0.477969
0.169,0.0667612,0.479547,0.0531861,-0.591951,-0.487665
0.17,0.0672405,0.478999,0.0525952,-0.589819,-0.497175
0.171,0.0677192,0.478442,0.0520065,-0.587682,-0.506502
0.172,0.0681974,0.477877,0.0514199,-0.585539,-0.51565
0.173,0.068675,0.477303,0.0508354,-0.58339,-0.524621
0.174,0.069152,0.476721,0.0502531,-0.581237,-0.53342
0.175,0.0696284,0.476131,0.0496729,-0.579078,-0.54205
0.176,0.0701043,0.475533,0.0490949,-0.576915,-0.550515
0.177,0.0705795,0.474928,0.0485191,-0.574748,-0.558817
0.178,0.0710541,0.474314,0.0479454,-0.572577,-0.566959
0.179,0.0715281,0.473694,0.0473739,-0.570402,-0.574946
0.18,0.0720015,0.473066,0.0468046,-0.568224,-0.582779
0.181,0.0724742,0.472431,0.0462375,-0.566043,-0.590463
0.182,0.0729463,0.471788,0.0456726,-0.563859,-0.597999
0.183,0.0734178,0.471139,0.0451098,-0.561672,-0.60539
0.184,0.0738886,0.470484,0.0445492,-0.559482,-0.612641
0.185,0.0743588,0.469821,0.0439908,-0.557291,-0.619752
0.186,0.0748283,0.469153,0.0434346,-0.555097,-0.626728
0.187,0.0752971,0.468478,0.0428806,-0.552902,-0.63357
0.188,0.0757652,0.467796,0.0423288,-0.550705,-0.640281
0.189,0.0762327,0.467109,0.0417792,-0.548507,-0.646864
0.19,0.0766994,0.466416,0.0412318,-0.546307,-0.653321
0.191,0.0771655,0.465717,0.0406866,-0.544107,-0.659655
0.192,0.0776309,0.465012,0.0401436,-0.541906,-0.665868
0.193,0.0780955,0.464302,0.0396028,-0.539704,-0.671962
0.194,0.0785595,0.463586,0.0390642,-0.537502,-0.67794
0.195,0.0790227,0.462865,0.0385278,-0.5353,-0.683804
0.196,0.0794852,0.462138,0.0379936,-0.533098,-0.689556
0.197,0.079947,0.461407,0.0374616,-0.530896,-0.695198
0.198,0.080408,0.46067,0.0369318,-0.528694,-0.700732
0.199,0.0808683,0.459929,0.0364042,-0.526493,-0.706161
0.2,0.0813279,0.459182,0.0358788,-0.524292,-0.711486
0.201,0.0817867,0.458431,0.0353556,-0.522092,-0.71671
0.202,0.0822447,0.457676,0.0348347,-0.519893,-0.721834
0.203,0.082702,0.456915,0.0343159,-0.517696,-0.72686
0.204,0.0831585,0.456151,0.0337993,-0.515499,-0.73179
0.205,0.0836143,0.455382,0.0332849,-0.513304,-0.736626
0.206,0.0840693,0.454609,0.0327727,-0.511111,-0.74137
0.207,0.0845235,0.453831,0.0322626,-0.508919,-0.746023
0.208,0.084977,0.45305,0.0317548,-0.506729,-0.750588
0.209,0.0854296,0.452264,0.0312492,-0.504541,-0.755065
0.21,0.0858815,0.451475,0.0307457,-0.502355,-0.759457
0.211,0.0863326,0.450682,0.0302445,-0.500171,-0.763765
0.212,0.0867828,0.449885,0.0297454,-0.497989,-0.76799
0.213,0.0872323,0.449084,0.0292485,-0.49581,-0.772135
0.214,0.087681,0.44828,0.0287538,-0.493633,-0.7762
0.215,0.0881289,0.447472,0.0282612,-0.491459,-0.780188
0.216,0.088576,0.446661,0.0277709,-0.489288,-0.784099
0.217,0.0890222,0.445846,0.0272827,-0.48712,-0.787936
0.218,0.0894676,0.445029,0.0267966,-0.484954,-0.791698
0.219,0.0899123,0.444208,0.0263127,-0.482792,-0.795389
0.22,0.0903561,0.443383,0.025831,-0.480632,-0.799009
0.221,0.090799,0.442556,0.0253515,-0.478476,-0.802559
0.222,0.0912412,0.441726,0.0248741,-0.476323,-0.806041
0.223,0.0916825,0.440892,0.0243988,-0.474174,-0.809456
0.224,0.092123,0.440056,0.0239257,-0.472028,-0.812805
0.225,0.0925626,0.439217,0.0234548,-0.469886,-0.81609
0.226,0.0930014,0.438375,0.022986,-0.467747,-0.819312
0.227,0.0934393,0.437531,0.0225193,-0.465612,-0.822471
0.228,0.0938764,0.436684,0.0220547,-0.463481,-0.825569
0.229,0.0943127,0.435834,0.0215923,-0.461354,-0.828607
0.23,0.0947481,0.434982,0.021132,-0.459231,-0.831586
0.231,0.0951827,0.434127,0.0206739,-0.457111,-0.834508
0.232,0.0956164,0.43327,0.0202178,-0.454996,-0.837372
0.233,0.0960492,0.43241,0.0197639,-0.452885,-0.840181
0.234,0.0964812,0.431548,0.019312,-0.450779,-0.842935
0.235,0.0969123,0.430684,0.0188623,-0.448676,-0.845636
0.236,0.0973426,0.429818,0.0184147,-0.446578,-0.848283
0.237,0.0977719,0.428949,0.0179692,-0.444485,-0.850879
0.238,0.0982005,0.428079,0.0175257,-0.442395,-0.853424
0.239,0.0986281,0.427206,0.0170844,-0.440311,-0.855918
0.24,0.0990549,0.426331,0.0166451,-0.438231,-0.858364
0.241,0.0994808,0.425455,0.0162079,-0.436155,-0.860761
0.242,0.0999058,0.424576,0.0157728,-0.434085,-0.863111
0.243,0.10033,0.423696,0.0153397,-0.432019,-0.865414
0.244,0.100753,0.422813,0.0149087,-0.429957,-0.867672
0.245,0.101176,0.421929,0.0144798,-0.427901,-0.869884
0.246,0.101597,0.421043,0.0140529,-0.425849,-0.872053
0.247,0.102018,0.420156,0.0136281,-0.423803,-0.874177
0.248,0.102437,0.419266,0.0132053,-0.421761,-0.87626
0.249,0.102856,0.418375,0.0127846,-0.419725,-0.8783
0.25,0.103274,0.417483,0.0123659,-0.417693,-0.880299
0.251,0.103691,0.416589,0.0119492,-0.415666,-0.882257
0.252,0.104107,0.415693,0.0115345,-0.413645,-0.884176
0.253,0.104523,0.414796,0.0111219,-0.411629,-0.886056
0.254,0.104937,0.413898,0.0107113,-0.409618,-0.887897
0.255,0.10535,0.412998,0.0103027,-0.407612,-0.8897
0.256,0.105763,0.412097,0.00989607,-0.405611,-0.891466
0.257,0.106174,0.411194,0.00949145,-0.403616,-0.893196
0.258,0.106585,0.41029,0.00908883,-0.401626,-0.894889
0.259,0.106995,0.409385,0.0086882,-0.399641,-0.896547
0.26,0.107404,0.408478,0.00828955,-0.397662,-0.898171
0.261,0.107812,0.407571,0.00789287,-0.395688,-0.89976
0.262,0.108219,0.406662,0.00749817,-0.393719,-0.901316
0.263,0.108625,0.405752,0.00710543,-0.391756,-0.902838
0.264,0.109031,0.404841,0.00671466,-0.389799,-0.904329
0.265,0.109435,0.403929,0.00632584,-0.387847,-0.905787
0.266,0.109839,0.403016,0.00593896,-0.3859,-0.907214
0.267,0.110241,0.402101,0.00555403,-0.383959,-0.908609
0.268,0.110643,0.401186,0.00517104,-0.382023,-0.909975
0.269,0.111043,0.40027,0.00478999,-0.380093,-0.91131
0.27,0.111443,0.399353,0.00441086,-0.378169,-0.912616
0.271,0.111842,0.398435,0.00403365,-0.37625,-0.913893
0.272,0.11224,0.397516,0.00365835,-0.374337,-0.915141
0.273,0.112637,0.396596,0.00328497,-0.372429,-0.916362
0.274,0.113033,0.395676,0.00291349,-0.370527,-0.917554
0.275,0.113429,0.394754,0.00254392,-0.368631,-0.91872
0.276,0.113823,0.393832,0.00217623,-0.36674,-0.919859
0.277,0.114216,0.392909,0.00181043,-0.364855,-0.920971
0.278,0.114609,0.391986,0.00144652,-0.362976,-0.922058
0.279,0.115,0.391061,0.00108448,-0.361103,-0.923119
0.28,0.115391,0.390136,0.000724312,-0.359235,-0.924154
0.281,0.11578,0.389211,0.000366009,-0.357373,-0.925165
0.282,0.116169,0.388284,9.56505e-06,-0.355516,-0.926152
0.283,0.116557,0.387357,-0.000345025,-0.353666,-0.927115
0.284,0.116944,0.38643,-0.000697768,-0.351821,-0.928054
0.285,0.11733,0.385502,-0.00104867,-0.349982,-0.92897
0.286,0.117715,0.384573,-0.00139773,-0.348149,-0.929863
0.287,0.118099,0.383644,-0.00174497,-0.346321,-0.930733
0.288,0.118482,0.382714,-0.00209038,-0.344499,-0.931581
0.289,0.118864,0.381784,-0.00243397,-0.342683,-0.932407
0.29,0.119246,0.380853,-0.00277574,-0.340873,-0.933212
0.291,0.119626,0.379922,-0.00311572,-0.339068,-0.933995
0.292,0.120006,0.378991,-0.00345388,-0.33727,-0.934757
0.293,0.120384,0.378059,-0.00379026,-0.335477,-0.935499
0.294,0.120762,0.377126,-0.00412484,-0.33369,-0.936221
0.295,0.121138,0.376193,-0.00445764,-0.331909,-0.936922
0.296,0.121514,0.37526,-0.00478866,-0.330133,-0.937603
0.297,0.121889,0.374327,-0.00511791,-0.328364,-0.938266
0.298,0.122263,0.373393,-0.00544539,-0.3266,-0.938908
0.299,0.122636,0.372459,-0.00577111,-0.324842,-0.939532
0.3,0.123008,0.371525,-0.00609507,-0.323089,-0.940138
0.301,0.123379,0.37059,-0.00641729,-0.321343,-0.940725
0.302,0.123749,0.369655,-0.00673776,-0.319602,-0.941293
0.303,0.124118,0.36872,-0.00705649,-0.317867,-0.941844
0.304,0.124486,0.367785,-0.0073735,-0.316138,-0.942378
0.305,0.124854,0.366849,-0.00768877,-0.314415,-0.942893
0.306,0.12522,0.365914,-0.00800233,-0.312698,-0.943392
0.307,0.125585,0.364978,-0.00831417,-0.310986,-0.943874
0.308,0.12595,0.364042,-0.0086243,-0.30928,-0.944339
0.309,0.126314,0.363105,-0.00893273,-0.30758,-0.944788
0.31,0.126676,0.362169,-0.00923946,-0.305886,-0.94522
0.311,0.127038,0.361233,-0.00954451,-0.304197,-0.945636
0.312,0.127399,0.360296,-0.00984786,-0.302514,-0.946037
0.313,0.127758,0.359359,-0.0101495,-0.300837,-0.946422
0.314,0.128117,0.358423,-0.0104495,-0.299166,-0.946791
0.315,0.128475,0.357486,-0.0107479,-0.2975,-0.947146
0.316,0.128832,0.356549,-0.0110445,-0.295841,-0.947485
0.317,0.129188,0.355612,-0.0113396,-0.294187,-0.947809
0.318,0.129544,0.354675,-0.0116329,-0.292538,-0.948119
0.319,0.129898,0.353738,-0.0119246,-0.290896,-0.948415
0.32,0.130251,0.352802,-0.0122147,-0.289259,-0.948696
0.321,0.130603,0.351865,-0.0125032,-0.287628,-0.948963
0.322,0.130955,0.350928,-0.01279,-0.286002,-0.949216
0.323,0.131305,0.349991,-0.0130752,-0.284383,-0.949456
0.324,0.131655,0.349054,-0.0133587,-0.282769,-0.949682
0.325,0.132003,0.348118,-0.0136407,-0.28116,-0.949895
0.326,0.132351,0.347181,-0.0139211,-0.279558,-0.950094
0.327,0.132698,0.346244,-0.0141998,-0.277961,-0.950281
0.328,0.133043,0.345308,-0.014477,-0.276369,-0.950454
0.329,0.133388,0.344372,-0.0147526,-0.274784,-0.950615
0.33,0.133732,0.343435,-0.0150265,-0.273204,-0.950763
0.331,0.134075,0.342499,-0.015299,-0.271629,-0.950899
0.332,0.134417,0.341564,-0.0155698,-0.27006,-0.951022
0.333,0.134758,0.340628,-0.0158391,-0.268497,-0.951134
0.334,0.135098,0.339692,-0.0161068,-0.26694,-0.951233
0.335,0.135438,0.338757,-0.016373,-0.265388,-0.951321
0.336,0.135776,0.337821,-0.0166376,-0.263841,-0.951397
0.337,0.136113,0.336886,-0.0169007,-0.2623,-0.951461
0.338,0.13645,0.335952,-0.0171622,-0.260765,-0.951514
0.339,0.136785,0.335017,-0.0174222,-0.259235,-0.951555
0.34,0.13712,0.334083,-0.0176807,-0.257711,-0.951586
0.341,0.137453,0.333148,-0.0179376,-0.256193,-0.951605
0.342,0.137786,0.332214,-0.018193,-0.254679,-0.951613
0.343,0.138118,0.331281,-0.018447,-0.253172,-0.951611
0.344,0.138449,0.330347,-0.0186994,-0.25167,-0.951598
0.345,0.138779,0.329414,-0.0189503,-0.250173,-0.951574
0.346,0.139107,0.328481,-0.0191997,-0.248682,-0.95154
0.347,0.139435,0.327549,-0.0194477,-0.247196,-0.951495
0.348,0.139763,0.326617,-0.0196941,-0.245716,-0.95144
0.349,0.140089,0.325685,-0.0199391,-0.244241,-0.951376
0.35,0.140414,0.324753,-0.0201826,-0.242772,-0.951301
0.351,0.140738,0.323822,-0.0204247,-0.241308,-0.951216
0.352,0.141062,0.322891,-0.0206652,-0.239849,-0.951122
0.353,0.141384,0.32196,-0.0209044,-0.238396,-0.951017
0.354,0.141705,0.32103,-0.021142,-0.236949,-0.950904
0.355,0.142026,0.3201,-0.0213783,-0.235506,-0.95078
0.356,0.142346,0.31917,-0.021613,-0.234069,-0.950648
0.357,0.142664,0.318241,-0.0218464,-0.232637,-0.950506
0.358,0.142982,0.317312,-0.0220783,-0.231211,-0.950354
0.359,0.143299,0.316384,-0.0223088,-0.22979,-0.950194
0.36,0.143615,0.315456,-0.0225379,-0.228374,-0.950025
0.361,0.14393,0.314528,-0.0227656,-0.226964,-0.949847
0.362,0.144244,0.313601,-0.0229918,-0.225559,-0.94966
0.363,0.144557,0.312674,-0.0232167,-0.224159,-0.949464
0.364,0.144869,0.311748,-0.0234401,-0.222764,-0.94926
0.365,0.145181,0.310822,-0.0236622,-0.221375,-0.949047
0.366,0.145491,0.309896,-0.0238829,-0.219991,-0.948825
0.367,0.1458,0.308971,-0.0241022,-0.218612,-0.948595
0.368,0.146109,0.308046,-0.0243201,-0.217238,-0.948357
0.369,0.146417,0.307122,-0.0245367,-0.21587,-0.948111
0.37,0.146723,0.306199,-0.0247519,-0.214506,-0.947856
0.371,0.147029,0.305275,-0.0249657,-0.213148,-0.947593
0.372,0.147334,0.304353,-0.0251782,-0.211795,-0.947323
0.373,0.147638,0.30343,-0.0253893,-0.210447,-0.947044
0.374,0.147941,0.302509,-0.0255991,-0.209104,-0.946758
0.375,0.148243,0.301587,-0.0258075,-0.207767,-0.946464
0.376,0.148544,0.300667,-0.0260146,-0.206434,-0.946162
0.377,0.148844,0.299746,-0.0262204,-0.205107,-0.945852
0.378,0.149143,0.298827,-0.0264248,-0.203784,-0.945535
0.379,0.149442,0.297907,-0.0266279,-0.202467,-0.94521
0.38,0.149739,0.296989,-0.0268297,-0.201155,-0.944878
0.381,0.150036,0.296071,-0.0270302,-0.199847,-0.944539
0.382,0.150331,0.295153,-0.0272294,-0.198545,-0.944192
0.383,0.150626,0.294236,-0.0274273,-0.197248,-0.943839
0.384,0.15092,0.29332,-0.0276239,-0.195956,-0.943478
0.385,0.151213,0.292404,-0.0278193,-0.194668,-0.943109
0.386,0.151504,0.291488,-0.0280133,-0.193386,-0.942734
0.387,0.151796,0.290574,-0.028206,-0.192109,-0.942352
0.388,0.152086,0.289659,-0.0283975,-0.190836,-0.941963
0.389,0.152375,0.288746,-0.0285877,-0.189569,-0.941567
0.39,0.152663,0.287833,-0.0287766,-0.188306,-0.941164
0.391,0.15295,0.28692,-0.0289643,-0.187048,-0.940755
0.392,0.153237,0.286008,-0.0291507,-0.185796,-0.940339
0.393,0.153523,0.285097,-0.0293359,-0.184548,-0.939916
0.394,0.153807,0.284187,-0.0295198,-0.183304,-0.939487
0.395,0.154091,0.283277,-0.0297025,-0.182066,-0.939051
0.396,0.154374,0.282367,-0.029884,-0.180833,-0.938609
0.397,0.154656,0.281459,-0.0300642,-0.179604,-0.93816
0.398,0.154937,0.28055,-0.0302432,-0.17838,-0.937705
0.399,0.155217,0.279643,-0.030421,-0.177161,-0.937244
0.4,0.155496,0.278736,-0.0305975,-0.175947,-0.936777
0.401,0.155774,0.27783,-0.0307728,-0.174737,-0.936303
0.402,0.156052,0.276924,-0.030947,-0.173532,-0.935823
0.403,0.156328,0.27602,-0.0311199,-0.172332,-0.935337
0.404,0.156604,0.275115,-0.0312916,-0.171137,-0.934846
0.405,0.156878,0.274212,-0.0314622,-0.169946,-0.934348
0.406,0.157152,0.273309,-0.0316315,-0.16876,-0.933844
0.407,0.157425,0.272407,-0.0317997,-0.167579,-0.933334
0.408,0.157697,0.271505,-0.0319667,-0.166402,-0.932819
0.409,0.157968,0.270604,-0.0321325,-0.16523,-0.932297
0.41,0.158238,0.269704,-0.0322972,-0.164063,-0.93177
0.411,0.158507,0.268805,-0.0324606,-0.1629,-0.931238
0.412,0.158776,0.267906,-0.032623,-0.161742,-0.930699
0.413,0.159043,0.267008,-0.0327841,-0.160588,-0.930155
0.414,0.15931,0.266111,-0.0329441,-0.159439,-0.929606
0.415,0.159575,0.265214,-0.033103,-0.158295,-0.929051
0.416,0.15984,0.264318,-0.0332607,-0.157155,-0.92849
0.417,0.160104,0.263423,-0.0334173,-0.156019,-0.927924
0.418,0.160367,0.262529,-0.0335728,-0.154889,-0.927353
0.419,0.160629,0.261635,-0.0337271,-0.153762,-0.926776
0.42,0.16089,0.260742,-0.0338803,-0.15264,-0.926194
0.421,0.161151,0.25985,-0.0340324,-0.151523,-0.925607
0.422,0.16141,0.258958,-0.0341833,-0.15041,-0.925014
0.423,0.161668,0.258067,-0.0343332,-0.149302,-0.924416
0.424,0.161926,0.257177,-0.034482,-0.148198,-0.923814
0.425,0.162183,0.256288,-0.0346296,-0.147098,-0.923206
0.426,0.162439,0.255399,-0.0347762,-0.146003,-0.922593
0.427,0.162694,0.254512,-0.0349216,-0.144912,-0.921975
0.428,0.162948,0.253625,-0.035066,-0.143826,-0.921352
0.429,0.163201,0.252739,-0.0352093,-0.142743,-0.920724
0.43,0.163453,0.251853,-0.0353515,-0.141666,-0.920091
0.431,0.163705,0.250968,-0.0354926,-0.140592,-0.919453
0.432,0.163955,0.250085,-0.0356327,-0.139523,-0.91881
0.433,0.164205,0.249201,-0.0357716,-0.138459,-0.918163
0.434,0.164453,0.248319,-0.0359096,-0.137398,-0.917511
0.435,0.164701,0.247438,-0.0360464,-0.136342,-0.916854
0.436,0.164948,0.246557,-0.0361823,-0.13529,-0.916192
0.437,0.165194,0.245677,-0.036317,-0.134243,-0.915526
0.438,0.16544,0.244798,-0.0364507,-0.133199,-0.914855
0.439,0.165684,0.24392,-0.0365834,-0.13216,-0.91418
0.44,0.165928,0.243042,-0.0367151,-0.131125,-0.9135
0.441,0.16617,0.242165,-0.0368457,-0.130094,-0.912815
0.442,0.166412,0.24129,-0.0369753,-0.129068,-0.912126
0.443,0.166653,0.240415,-0.0371038,-0.128046,-0.911433
0.444,0.166893,0.23954,-0.0372313,-0.127027,-0.910735
0.445,0.167132,0.238667,-0.0373579,-0.126013,-0.910032
0.446,0.16737,0.237794,-0.0374834,-0.125004,-0.909326
0.447,0.167607,0.236923,-0.0376079,-0.123998,-0.908615
0.448,0.167844,0.236052,-0.0377314,-0.122996,-0.907899
0.449,0.16808,0.235182,-0.0378539,-0.121999,-0.90718
0.45,0.168314,0.234313,-0.0379754,-0.121005,-0.906456
0.451,0.168548,0.233444,-0.0380959,-0.120016,-0.905728
0.452,0.168781,0.232577,-0.0382154,-0.119031,-0.904996
0.453,0.169013,0.23171,-0.0383339,-0.118049,-0.904259
0.454,0.169245,0.230844,-0.0384515,-0.117072,-0.903519
0.455,0.169475,0.229979,-0.0385681,-0.116099,-0.902774
0.456,0.169705,0.229115,-0.0386837,-0.11513,-0.902026
0.457,0.169933,0.228252,-0.0387984,-0.114164,-0.901273
0.458,0.170161,0.22739,-0.038912,-0.113203,-0.900516
0.459,0.170388,0.226528,-0.0390248,-0.112246,-0.899756
0.46,0.170614,0.225668,-0.0391365,-0.111293,-0.898991
0.461,0.170839,0.224808,-0.0392473,-0.110343,-0.898223
0.462,0.171064,0.223949,-0.0393572,-0.109398,-0.897451
0.463,0.171287,0.223091,-0.0394661,-0.108456,-0.896674
0.464,0.17151,0.222234,-0.0395741,-0.107519,-0.895894
0.465,0.171732,0.221378,-0.0396812,-0.106585,-0.895111
0.466,0.171953,0.220523,-0.0397873,-0.105655,-0.894323
0.467,0.172173,0.219668,-0.0398925,-0.104729,-0.893532
0.468,0.172392,0.218815,-0.0399968,-0.103807,-0.892737
0.469,0.17261,0.217962,-0.0401001,-0.102889,-0.891938
0.47,0.172828,0.217111,-0.0402025,-0.101975,-0.891136
0.471,0.173045,0.21626,-0.0403041,-0.101064,-0.89033
0.472,0.17326,0.21541,-0.0404047,-0.100157,-0.88952
0.473,0.173475,0.214561,-0.0405044,-0.0992543,-0.888707
0.474,0.17369,0.213713,-0.0406032,-0.0983551,-0.88789
0.475,0.173903,0.212866,-0.0407011,-0.0974596,-0.88707
0.476,0.174115,0.21202,-0.0407981,-0.0965679,-0.886246
0.477,0.174327,0.211174,-0.0408942,-0.09568,-0.885419
0.478,0.174538,0.21033,-0.0409895,-0.0947958,-0.884588
0.479,0.174748,0.209487,-0.0410838,-0.0939153,-0.883754
0.48,0.174957,0.208644,-0.0411773,-0.0930385,-0.882916
0.481,0.175165,0.207803,-0.0412699,-0.0921654,-0.882075
0.482,0.175372,0.206962,-0.0413616,-0.0912959,-0.881231
0.483,0.175579,0.206122,-0.0414525,-0.0904302,-0.880384
0.484,0.175784,0.205284,-0.0415425,-0.0895681,-0.879533
0.485,0.175989,0.204446,-0.0416316,-0.0887097,-0.878678
0.486,0.176193,0.203609,-0.0417199,-0.0878548,-0.877821
0.487,0.176397,0.202773,-0.0418073,-0.0870036,-0.87696
0.488,0.176599,0.201938,-0.0418939,-0.0861561,-0.876096
0.489,0.1768,0.201104,-0.0419797,-0.0853121,-0.875229
0.49,0.177001,0.200271,-0.0420645,-0.0844717,-0.874359
0.491,0.177201,0.199439,-0.0421486,-0.0836349,-0.873485
0.492,0.1774,0.198608,-0.0422318,-0.0828016,-0.872609
0.493,0.177598,0.197778,-0.0423142,-0.0819719,-0.871729
0.494,0.177796,0.196948,-0.0423958,-0.0811457,-0.870846
0.495,0.177992,0.19612,-0.0424765,-0.080323,-0.86996
0.496,0.178188,0.195293,-0.0425564,-0.0795039,-0.869072
0.497,0.178383,0.194467,-0.0426355,-0.0786883,-0.86818
0.498,0.178577,0.193641,-0.0427138,-0.0778761,-0.867285
0.499,0.17877,0.192817,-0.0427913,-0.0770675,-0.866387
0.5,0.178962,0.191993,-0.0428679,-0.0762623,-0.865486
0.501,0.179154,0.191171,-0.0429438,-0.0754605,-0.864583
0.502,0.179345,0.19035,-0.0430188,-0.0746622,-0.863676
0.503,0.179535,0.189529,-0.0430931,-0.0738674,-0.862767
0.504,0.179724,0.18871,-0.0431666,-0.0730759,-0.861854
0.505,0.179912,0.187891,-0.0432393,-0.0722879,-0.860939
0.506,0.1801,0.187074,-0.0433112,-0.0715033,-0.860021
0.507,0.180286,0.186257,-0.0433823,-0.070722,-0.8591
0.508,0.180472,0.185442,-0.0434526,-0.0699442,-0.858177
0.509,0.180657,0.184627,-0.0435222,-0.0691697,-0.857251
0.51,0.180841,0.183814,-0.0435909,-0.0683985,-0.856322
0.511,0.181025,0.183001,-0.043659,-0.0676307,-0.85539
0.512,0.181207,0.18219,-0.0437262,-0.0668662,-0.854455
0.513,0.181389,0.181379,-0.0437927,-0.0661051,-0.853518
0.514,0.18157,0.18057,-0.0438584,-0.0653472,-0.852579
0.515,0.18175,0.179761,-0.0439234,-0.0645927,-0.851636
0.516,0.18193,0.178954,-0.0439876,-0.0638414,-0.850691
0.517,0.182108,0.178147,-0.0440511,-0.0630934,-0.849744
0.518,0.182286,0.177342,-0.0441138,-0.0623487,-0.848793
0.519,0.182463,0.176537,-0.0441758,-0.0616072,-0.847841
0.52,0.182639,0.175734,-0.044237,-0.0608689,-0.846886
0.521,0.182814,0.174932,-0.0442975,-0.0601339,-0.845928
0.522,0.182989,0.17413,-0.0443573,-0.0594022,-0.844968
0.523,0.183163,0.17333,-0.0444163,-0.0586736,-0.844005
0.524,0.183335,0.172531,-0.0444746,-0.0579482,-0.84304
0.525,0.183508,0.171732,-0.0445322,-0.057226,-0.842072
0.526,0.183679,0.170935,-0.0445891,-0.056507,-0.841102
0.527,0.183849,0.170139,-0.0446452,-0.0557911,-0.84013
0.528,0.184019,0.169343,-0.0447007,-0.0550785,-0.839155
0.529,0.184188,0.168549,-0.0447554,-0.0543689,-0.838178
0.53,0.184356,0.167756,-0.0448094,-0.0536625,-0.837198
0.531,0.184524,0.166964,-0.0448627,-0.0529592,-0.836216
0.532,0.18469,0.166173,-0.0449153,-0.052259,-0.835232
0.533,0.184856,0.165383,-0.0449672,-0.0515619,-0.834246
0.534,0.185021,0.164594,-0.0450185,-0.0508679,-0.833257
0.535,0.185185,0.163806,-0.045069,-0.050177,-0.832266
0.536,0.185349,0.163019,-0.0451188,-0.0494892,-0.831273
0.537,0.185511,0.162233,-0.045168,-0.0488044,-0.830278
0.538,0.185673,0.161448,-0.0452164,-0.0481227,-0.82928
0.539,0.185834,0.160664,-0.0452642,-0.047444,-0.82828
0.54,0.185994,0.159881,-0.0453113,-0.0467683,-0.827278
0.541,0.186154,0.1591,-0.0453577,-0.0460957,-0.826274
0.542,0.186313,0.158319,-0.0454035,-0.045426,-0.825268
0.543,0.186471,0.157539,-0.0454486,-0.0447594,-0.82426
0.544,0.186628,0.156761,-0.045493,-0.0440957,-0.823249
0.545,0.186784,0.155983,-0.0455368,-0.0434351,-0.822237
0.546,0.18694,0.155207,-0.0455799,-0.0427774,-0.821222
0.547,0.187094,0.154432,-0.0456223,-0.0421226,-0.820206
0.548,0.187249,0.153657,-0.0456641,-0.0414708,-0.819187
0.549,0.187402,0.152884,-0.0457053,-0.0408219,-0.818166
0.55,0.187554,0.152112,-0.0457458,-0.040176,-0.817144
0.551,0.187706,0.151341,-0.0457856,-0.0395329,-0.816119
0.552,0.187857,0.150571,-0.0458249,-0.0388928,-0.815093
0.553,0.188007,0.149802,-0.0458634,-0.0382556,-0.814064
0.554,0.188157,0.149034,-0.0459014,-0.0376212,-0.813034
0.555,0.188305,0.148267,-0.0459387,-0.0369898,-0.812001
0.556,0.188453,0.147501,-0.0459753,-0.0363612,-0.810967
0.557,0.1886,0.146736,-0.0460114,-0.0357354,-0.809931
0.558,0.188747,0.145973,-0.0460468,-0.0351125,-0.808893
0.559,0.188892,0.14521,-0.0460816,-0.0344925,-0.807853
0.56,0.189037,0.144449,-0.0461158,-0.0338753,-0.806812
0.561,0.189181,0.143688,-0.0461494,-0.0332608,-0.805768
0.562,0.189324,0.142929,-0.0461823,-0.0326492,-0.804723
0.563,0.189467,0.142171,-0.0462147,-0.0320404,-0.803676
0.564,0.189609,0.141413,-0.0462464,-0.0314344,-0.802627
0.565,0.18975,0.140657,-0.0462775,-0.0308312,-0.801577
0.566,0.18989,0.139902,-0.0463081,-0.0302307,-0.800525
0.567,0.19003,0.139148,-0.046338,-0.029633,-0.799471
0.568,0.190168,0.138396,-0.0463673,-0.029038,-0.798415
0.569,0.190306,0.137644,-0.0463961,-0.0284458,-0.797358
0.57,0.190444,0.136893,-0.0464242,-0.0278563,-0.796299
0.571,0.19058,0.136144,-0.0464518,-0.0272695,-0.795238
0.572,0.190716,0.135395,-0.0464788,-0.0266854,-0.794176
0.573,0.190851,0.134648,-0.0465052,-0.0261041,-0.793112
0.574,0.190985,0.133901,-0.046531,-0.0255254,-0.792046
0.575,0.191119,0.133156,-0.0465562,-0.0249494,-0.790979
0.576,0.191252,0.132412,-0.0465809,-0.0243761,-0.789911
0.577,0.191384,0.131669,-0.046605,-0.0238055,-0.78884
0.578,0.191515,0.130927,-0.0466285,-0.0232375,-0.787768
0.579,0.191645,0.130186,-0.0466514,-0.0226722,-0.786695
0.58,0.191775,0.129446,-0.0466738,-0.0221095,-0.78562
0.581,0.191904,0.128708,-0.0466957,-0.0215494,-0.784544
0.582,0.192033,0.12797,-0.0467169,-0.0209919,-0.783466
0.583,0.19216,0.127234,-0.0467377,-0.0204371,-0.782387
0.584,0.192287,0.126498,-0.0467578,-0.0198849,-0.781306
0.585,0.192413,0.125764,-0.0467774,-0.0193352,-0.780224
0.586,0.192539,0.125031,-0.0467965,-0.0187881,-0.77914
0.587,0.192663,0.124299,-0.046815,-0.0182436,-0.778055
0.588,0.192787,0.123568,-0.046833,-0.0177017,-0.776968
0.589,0.19291,0.122838,-0.0468504,-0.0171623,-0.77588
0.59,0.193033,0.122109,-0.0468673,-0.0166255,-0.774791
0.591,0.193155,0.121382,-0.0468837,-0.0160912,-0.7737
0.592,0.193276,0.120655,-0.0468995,-0.0155595,-0.772608
0.593,0.193396,0.11993,-0.0469148,-0.0150302,-0.771515
0.594,0.193516,0.119206,-0.0469295,-0.0145035,-0.77042
0.595,0.193634,0.118482,-0.0469438,-0.0139793,-0.769324
0.596,0.193753,0.11776,-0.0469575,-0.0134576,-0.768227
0.597,0.19387,0.117039,-0.0469707,-0.0129383,-0.767129
0.598,0.193987,0.116319,-0.0469834,-0.0124215,-0.766029
0.599,0.194103,0.115601,-0.0469955,-0.0119072,-0.764928
0.6,0.194218,0.114883,-0.0470072,-0.0113954,-0.763825
0.601,0.194332,0.114167,-0.0470183,-0.010886,-0.762722
0.602,0.194446,0.113451,-0.047029,-0.0103791,-0.761617
0.603,0.194559,0.112737,-0.0470391,-0.00987455,-0.760511
0.604,0.194672,0.112024,-0.0470487,-0.00937246,-0.759404
0.605,0.194783,0.111312,-0.0470578,-0.00887279,-0.758296
0.606,0.194894,0.110601,-0.0470665,-0.00837552,-0.757186
0.607,0.195004,0.109891,-0.0470746,-0.00788066,-0.756076
0.608,0.195114,0.109182,-0.0470822,-0.00738818,-0.754964
0.609,0.195223,0.108475,-0.0470894,-0.00689809,-0.753851
0.61,0.195331,0.107768,-0.047096,-0.00641037,-0.752737
0.611,0.195438,0.107063,-0.0471022,-0.00592502,-0.751622
0.612,0.195545,0.106359,-0.0471079,-0.00544203,-0.750506
0.613,0.195651,0.105656,-0.0471131,-0.00496138,-0.749389
0.614,0.195756,0.104954,-0.0471178,-0.00448308,-0.74827
0.615,0.195861,0.104253,-0.047122,-0.00400711,-0.747151
0.616,0.195965,0.103553,-0.0471258,-0.00353346,-0.746031
0.617,0.196068,0.102855,-0.0471291,-0.00306213,-0.744909
0.618,0.196171,0.102157,-0.0471319,-0.00259311,-0.743787
0.619,0.196272,0.101461,-0.0471343,-0.00212639,-0.742664
0.62,0.196374,0.100766,-0.0471362,-0.00166196,-0.741539
0.621,0.196474,0.100071,-0.0471376,-0.00119981,-0.740414
0.622,0.196574,0.0993785,-0.0471386,-0.000739936,-0.739288
0.623,0.196673,0.0986866,-0.0471391,-0.000282332,-0.73816
0.624,0.196771,0.0979959,-0.0471392,0.000173012,-0.737032
0.625,0.196869,0.0973064,-0.0471388,0.000626106,-0.735903
0.626,0.196966,0.0966179,-0.0471379,0.00107696,-0.734773
0.627,0.197062,0.0959306,-0.0471366,0.00152557,-0.733642
0.628,0.197158,0.0952444,-0.0471349,0.00197196,-0.73251
0.629,0.197252,0.0945594,-0.0471327,0.00241612,-0.731378
0.63,0.197347,0.0938754,-0.04713,0.00285808,-0.730244
0.631,0.19744,0.0931926,-0.047127,0.00329783,-0.72911
0.632,0.197533,0.092511,-0.0471234,0.00373538,-0.727974
0.633,0.197625,0.0918305,-0.0471195,0.00417075,-0.726838
0.634,0.197717,0.0911511,-0.0471151,0.00460394,-0.725702
0.635,0.197808,0.0904728,-0.0471103,0.00503495,-0.724564
0.636,0.197898,0.0897957,-0.047105,0.0054638,-0.723425
0.637,0.197987,0.0891197,-0.0470994,0.00589049,-0.722286
0.638,0.198076,0.0884448,-0.0470932,0.00631503,-0.721146
0.639,0.198164,0.0877711,-0.0470867,0.00673743,-0.720005
0.64,0.198251,0.0870985,-0.0470798,0.0071577,-0.718864
0.641,0.198338,0.086427,-0.0470724,0.00757584,-0.717722
0.642,0.198424,0.0857567,-0.0470646,0.00799186,-0.716579
0.643,0.19851,0.0850875,-0.0470564,0.00840577,-0.715435
0.644,0.198594,0.0844194,-0.0470478,0.00881757,-0.714291
0.645,0.198679,0.0837525,-0.0470388,0.00922728,-0.713145
0.646,0.198762,0.0830868,-0.0470294,0.0096349,-0.712
0.647,0.198845,0.0824221,-0.0470195,0.0100404,-0.710853
0.648,0.198927,0.0817586,-0.0470093,0.0104439,-0.709706
0.649,0.199008,0.0810962,-0.0469986,0.0108453,-0.708558
0.65,0.199089,0.080435,-0.0469876,0.0112446,-0.70741
0.651,0.199169,0.0797749,-0.0469761,0.0116419,-0.706261
0.652,0.199249,0.079116,-0.0469643,0.0120372,-0.705111
0.653,0.199327,0.0784581,-0.0469521,0.0124304,-0.703961
0.654,0.199405,0.0778015,-0.0469394,0.0128215,-0.70281
0.655,0.199483,0.0771459,-0.0469264,0.0132107,-0.701659
0.656,0.19956,0.0764915,-0.046913,0.0135978,-0.700507
0.657,0.199636,0.0758382,-0.0468992,0.013983,-0.699354
0.658,0.199711,0.0751861,-0.0468851,0.0143661,-0.698201
0.659,0.199786,0.0745351,-0.0468705,0.0147472,-0.697048
0.66,0.199861,0.0738853,-0.0468556,0.0151264,-0.695893
0.661,0.199934,0.0732366,-0.0468403,0.0155035,-0.694739
0.662,0.200007,0.072589,-0.0468246,0.0158787,-0.693584
0.663,0.200079,0.0719426,-0.0468085,0.016252,-0.692428
0.664,0.200151,0.0712973,-0.0467921,0.0166232,-0.691272
0.665,0.200222,0.0706532,-0.0467753,0.0169926,-0.690115
0.666,0.200292,0.0700101,-0.0467581,0.0173599,-0.688958
0.667,0.200362,0.0693683,-0.0467405,0.0177254,-0.6878
0.668,0.200431,0.0687276,-0.0467226,0.0180889,-0.686642
0.669,0.200499,0.068088,-0.0467044,0.0184505,-0.685484
0.67,0.200567,0.0674495,-0.0466857,0.0188102,-0.684325
0.671,0.200634,0.0668122,-0.0466667,0.0191679,-0.683165
0.672,0.200701,0.0661761,-0.0466474,0.0195238,-0.682006
0.673,0.200767,0.065541,-0.0466277,0.0198778,-0.680845
0.674,0.200832,0.0649072,-0.0466076,0.0202298,-0.679685
0.675,0.200896,0.0642744,-0.0465872,0.02058,-0.678524
0.676,0.20096,0.0636428,-0.0465665,0.0209284,-0.677363
0.677,0.201024,0.0630123,-0.0465454,0.0212748,-0.676201
0.678,0.201086,0.062383,-0.0465239,0.0216194,-0.675039
0.679,0.201148,0.0617549,-0.0465021,0.0219621,-0.673877
0.68,0.20121,0.0611278,-0.04648,0.022303,-0.672714
0.681,0.201271,0.0605019,-0.0464575,0.0226421,-0.671551
0.682,0.201331,0.0598772,-0.0464347,0.0229793,-0.670388
0.683,0.20139,0.0592535,-0.0464116,0.0233147,-0.669224
0.684,0.201449,0.0586311,-0.0463881,0.0236483,-0.66806
0.685,0.201508,0.0580097,-0.0463643,0.02398,-0.666896
0.686,0.201565,0.0573895,-0.0463401,0.02431,-0.665731
0.687,0.201622,0.0567705,-0.0463157,0.0246381,-0.664567
0.688,0.201679,0.0561526,-0.0462909,0.0249645,-0.663402
0.689,0.201735,0.0555358,-0.0462657,0.025289,-0.662236
0.69,0.20179,0.0549202,-0.0462403,0.0256118,-0.661071
0.691,0.201845,0.0543057,-0.0462145,0.0259328,-0.659905
0.692,0.201899,0.0536923,-0.0461884,0.0262521,-0.658739
0.693,0.201952,0.0530801,-0.046162,0.0265696,-0.657573
0.694,0.202005,0.0524691,-0.0461353,0.0268853,-0.656407
0.695,0.202057,0.0518591,-0.0461082,0.0271993,-0.65524
0.696,0.202109,0.0512503,-0.0460809,0.0275115,-0.654073
0.697,0.202159,0.0506427,-0.0460532,0.027822,-0.652906
0.698,0.20221,0.0500362,-0.0460252,0.0281308,-0.651739
0.699,0.20226,0.0494308,-0.045997,0.0284378,-0.650572
0.7,0.202309,0.0488266,-0.0459684,0.0287431,-0.649404
0.701,0.202357,0.0482235,-0.0459395,0.0290467,-0.648237
0.702,0.202405,0.0476215,-0.0459103,0.0293487,-0.647069
0.703,0.202452,0.0470207,-0.0458808,0.0296489,-0.645901
0.704,0.202499,0.046421,-0.045851,0.0299474,-0.644733
0.705,0.202545,0.0458225,-0.0458209,0.0302442,-0.643565
0.706,0.202591,0.0452251,-0.0457905,0.0305394,-0.642397
0.707,0.202636,0.0446288,-0.0457598,0.0308329,-0.641229
0.708,0.20268,0.0440337,-0.0457288,0.0311247,-0.640061
0.709,0.202724,0.0434397,-0.0456976,0.0314148,-0.638892
0.71,0.202767,0.0428468,-0.045666,0.0317033,-0.637724
0.711,0.202809,0.0422551,-0.0456341,0.0319902,-0.636555
0.712,0.202851,0.0416646,-0.045602,0.0322754,-0.635387
0.713,0.202893,0.0410751,-0.0455696,0.032559,-0.634218
0.714,0.202934,0.0404868,-0.0455369,0.0328409,-0.633049
0.715,0.202974,0.0398996,-0.0455039,0.0331212,-0.631881
0.716,0.203013,0.0393136,-0.0454707,0.0333999,-0.630712
0.717,0.203052,0.0387287,-0.0454371,0.033677,-0.629543
0.718,0.203091,0.038145,-0.0454033,0.0339525,-0.628374
0.719,0.203129,0.0375623,-0.0453692,0.0342264,-0.627206
0.72,0.203166,0.0369808,-0.0453349,0.0344986,-0.626037
0.721,0.203203,0.0364005,-0.0453002,0.0347693,-0.624868
0.722,0.203239,0.0358213,-0.0452653,0.0350384,-0.6237
0.723,0.203274,0.0352432,-0.0452301,0.035306,-0.622531
0.724,0.203309,0.0346662,-0.0451947,0.0355719,-0.621362
0.725,0.203344,0.0340904,-0.045159,0.0358363,-0.620194
0.726,0.203377,0.0335157,-0.045123,0.0360992,-0.619025
0.727,0.203411,0.0329422,-0.0450868,0.0363605,-0.617857
0.728,0.203443,0.0323697,-0.0450503,0.0366202,-0.616689
0.729,0.203475,0.0317984,-0.0450136,0.0368784,-0.61552
0.73,0.203507,0.0312283,-0.0449766,0.0371351,-0.614352
0.731,0.203538,0.0306593,-0.0449393,0.0373902,-0.613184
0.732,0.203568,0.0300914,-0.0449018,0.0376438,-0.612016
0.733,0.203598,0.0295246,-0.044864,0.0378959,-0.610848
0.734,0.203627,0.028959,-0.044826,0.0381464,-0.609681
0.735,0.203656,0.0283945,-0.0447877,0.0383955,-0.608513
0.736,0.203684,0.0278311,-0.0447492,0.0386431,-0.607346
0.737,0.203712,0.0272688,-0.0447104,0.0388891,-0.606178
0.738,0.203739,0.0267077,-0.0446714,0.0391337,-0.605011
0.739,0.203765,0.0261477,-0.0446322,0.0393768,-0.603844
0.74,0.203791,0.0255889,-0.0445927,0.0396184,-0.602677
0.741,0.203816,0.0250311,-0.0445529,0.0398585,-0.601511
0.742,0.203841,0.0244745,-0.0445129,0.0400972,-0.600344
0.743,0.203865,0.023919,-0.0444727,0.0403344,-0.599178
0.744,0.203889,0.0233647,-0.0444323,0.0405701,-0.598012
0.745,0.203912,0.0228114,-0.0443916,0.0408044,-0.596846
0.746,0.203934,0.0222593,-0.0443507,0.0410373,-0.59568
0.747,0.203956,0.0217084,-0.0443095,0.0412687,-0.594514
0.748,0.203978,0.0211585,-0.0442681,0.0414987,-0.593349
0.749,0.203999,0.0206098,-0.0442265,0.0417272,-0.592184
0.75,0.204019,0.0200622,-0.0441847,0.0419543,-0.591019
0.751,0.204039,0.0195157,-0.0441426,0.04218,-0.589855
0.752,0.204058,0.0189703,-0.0441003,0.0424043,-0.58869
0.753,0.204077,0.0184261,-0.0440578,0.0426271,-0.587526
0.754,0.204095,0.017883,-0.0440151,0.0428486,-0.586362
0.755,0.204113,0.017341,-0.0439721,0.0430687,-0.585199
0.756,0.20413,0.0168001,-0.0439289,0.0432873,-0.584036
0.757,0.204146,0.0162603,-0.0438855,0.0435046,-0.582873
0.758,0.204162,0.0157217,-0.0438419,0.0437205,-0.58171
0.759,0.204178,0.0151842,-0.0437981,0.0439351,-0.580548
0.76,0.204193,0.0146478,-0.0437541,0.0441482,-0.579385
0.761,0.204207,0.0141125,-0.0437098,0.04436,-0.578224
0.762,0.204221,0.0135784,-0.0436653,0.0445704,-0.577062
0.763,0.204234,0.0130453,-0.0436207,0.0447795,-0.575901
0.764,0.204247,0.0125134,-0.0435758,0.0449872,-0.57474
0.765,0.204259,0.0119826,-0.0435307,0.0451936,-0.57358
0.766,0.204271,0.0114529,-0.0434854,0.0453986,-0.572419
0.767,0.204282,0.0109243,-0.0434399,0.0456023,-0.57126
0.768,0.204293,0.0103968,-0.0433942,0.0458047,-0.5701
0.769,0.204303,0.00987047,-0.0433483,0.0460057,-0.568941
0.77,0.204312,0.00934523,-0.0433022,0.0462054,-0.567782
0.771,0.204322,0.00882111,-0.0432559,0.0464038,-0.566624
0.772,0.20433,0.00829809,-0.0432094,0.0466009,-0.565466
0.773,0.204338,0.00777619,-0.0431627,0.0467967,-0.564308
0.774,0.204346,0.0072554,-0.0431158,0.0469912,-0.563151
0.775,0.204353,0.00673572,-0.0430687,0.0471844,-0.561994
0.776,0.204359,0.00621714,-0.0430214,0.0473763,-0.560838
0.777,0.204365,0.00569968,-0.0429739,0.0475669,-0.559682
0.778,0.20437,0.00518333,-0.0429263,0.0477562,-0.558526
0.779,0.204375,0.00466808,-0.0428784,0.0479443,-0.557371
0.78,0.20438,0.00415395,-0.0428304,0.0481311,-0.556216
0.781,0.204384,0.00364092,-0.0427822,0.0483166,-0.555062
0.782,0.204387,0.00312899,-0.0427338,0.0485009,-0.553908
0.783,0.20439,0.00261817,-0.0426852,0.0486839,-0.552754
0.784,0.204392,0.00210846,-0.0426364,0.0488656,-0.551601
0.785,0.204394,0.00159985,-0.0425874,0.0490461,-0.550449
0.786,0.204396,0.00109234,-0.0425383,0.0492254,-0.549296
0.787,0.204396,0.00058594,-0.042489,0.0494034,-0.548145
0.788,0.204397,8.06392e-05,-0.0424395,0.0495802,-0.546994
0.789,0.204397,-0.000423559,-0.0423898,0.0497557,-0.545843
0.79,0.204396,-0.000926657,-0.04234,0.0499301,-0.544693
0.791,0.204395,-0.00142865,-0.04229,0.0501032,-0.543543
0.792,0.204393,-0.00192955,-0.0422398,0.0502751,-0.542394
0.793,0.204391,-0.00242935,-0.0421894,0.0504458,-0.541245
0.794,0.204388,-0.00292805,-0.0421389,0.0506153,-0.540097
0.795,0.204385,-0.00342565,-0.0420882,0.0507836,-0.538949
0.796,0.204381,-0.00392215,-0.0420373,0.0509507,-0.537802
0.797,0.204377,-0.00441756,-0.0419863,0.0511166,-0.536655
0.798,0.204372,-0.00491187,-0.0419351,0.0512814,-0.535509
0.799,0.204367,-0.00540509,-0.0418837,0.0514449,-0.534363
0.8,0.204362,-0.00589721,-0.0418322,0.0516073,-0.533218
0.801,0.204356,-0.00638824,-0.0417805,0.0517685,-0.532074
0.802,0.204349,-0.00687818,-0.0417287,0.0519285,-0.53093
0.803,0.204342,-0.00736702,-0.0416767,0.0520874,-0.529786
0.804,0.204334,-0.00785478,-0.0416245,0.0522451,-0.528643
0.805,0.204326,-0.00834144,-0.0415722,0.0524016,-0.527501
0.806,0.204317,-0.00882701,-0.0415197,0.052557,-0.526359
0.807,0.204308,-0.00931149,-0.0414671,0.0527113,-0.525218
0.808,0.204299,-0.00979488,-0.0414143,0.0528644,-0.524077
0.809,0.204289,-0.0102772,-0.0413613,0.0530164,-0.522937
0.81,0.204278,-0.0107584,-0.0413082,0.0531673,-0.521798
0.811,0.204267,-0.0112385,-0.041255,0.053317,-0.520659
0.812,0.204256,-0.0117176,-0.0412016,0.0534656,-0.519521
0.813,0.204244,-0.0121955,-0.0411481,0.0536131,-0.518383
0.814,0.204231,-0.0126724,-0.0410944,0.0537595,-0.517246
0.815,0.204219,-0.0131482,-0.0410405,0.0539047,-0.51611
0.816,0.204205,-0.0136229,-0.0409866,0.0540489,-0.514974
0.817,0.204191,-0.0140966,-0.0409324,0.054192,-0.513839
0.818,0.204177,-0.0145691,-0.0408782,0.0543339,-0.512704
0.819,0.204162,-0.0150406,-0.0408238,0.0544748,-0.51157
0.82,0.204147,-0.015511,-0.0407692,0.0546146,-0.510437
0.821,0.204131,-0.0159803,-0.0407145,0.0547533,-0.509304
0.822,0.204115,-0.0164485,-0.0406597,0.0548909,-0.508172
0.823,0.204098,-0.0169157,-0.0406048,0.0550275,-0.507041
0.824,0.204081,-0.0173817,-0.0405497,0.055163,-0.50591
0.825,0.204063,-0.0178467,-0.0404944,0.0552974,-0.50478
0.826,0.204045,-0.0183107,-0.0404391,0.0554307,-0.503651
0.827,0.204027,-0.0187735,-0.0403836,0.055563,-0.502522
0.828,0.204008,-0.0192353,-0.040328,0.0556943,-0.501394
0.829,0.203988,-0.019696,-0.0402722,0.0558244,-0.500267
0.83,0.203968,-0.0201556,-0.0402163,0.0559536,-0.49914
0.831,0.203948,-0.0206142,-0.0401603,0.0560817,-0.498014
0.832,0.203927,-0.0210717,-0.0401041,0.0562088,-0.496889
0.833,0.203906,-0.0215281,-0.0400479,0.0563348,-0.495764
0.834,0.203884,-0.0219835,-0.0399915,0.0564598,-0.49464
0.835,0.203862,-0.0224378,-0.039935,0.0565838,-0.493517
0.836,0.203839,-0.022891,-0.0398783,0.0567068,-0.492395
0.837,0.203816,-0.0233431,-0.0398215,0.0568287,-0.491273
0.838,0.203793,-0.0237942,-0.0397646,0.0569496,-0.490152
0.839,0.203769,-0.0242443,-0.0397076,0.0570696,-0.489032
0.84,0.203744,-0.0246932,-0.0396505,0.0571885,-0.487912
0.841,0.203719,-0.0251411,-0.0395933,0.0573064,-0.486793
0.842,0.203694,-0.025588,-0.0395359,0.0574233,-0.485675
0.843,0.203668,-0.0260337,-0.0394784,0.0575393,-0.484558
0.844,0.203642,-0.0264785,-0.0394208,0.0576542,-0.483441
0.845,0.203615,-0.0269221,-0.0393631,0.0577682,-0.482325
0.846,0.203588,-0.0273647,-0.0393053,0.0578811,-0.48121
0.847,0.20356,-0.0278063,-0.0392473,0.0579931,-0.480096
0.848,0.203532,-0.0282467,-0.0391893,0.0581042,-0.478982
0.849,0.203504,-0.0286862,-0.0391311,0.0582142,-0.477869
0.85,0.203475,-0.0291246,-0.0390729,0.0583233,-0.476757
0.851,0.203446,-0.0295619,-0.0390145,0.0584315,-0.475646
0.852,0.203416,-0.0299981,-0.038956,0.0585386,-0.474535
0.853,0.203386,-0.0304334,-0.0388974,0.0586449,-0.473426
0.854,0.203355,-0.0308675,-0.0388387,0.0587501,-0.472317
0.855,0.203324,-0.0313006,-0.0387799,0.0588545,-0.471209
0.856,0.203292,-0.0317327,-0.038721,0.0589579,-0.470101
0.857,0.20326,-0.0321637,-0.038662,0.0590603,-0.468995
0.858,0.203228,-0.0325937,-0.0386029,0.0591618,-0.467889
0.859,0.203195,-0.0330226,-0.0385437,0.0592624,-0.466784
0.86,0.203162,-0.0334505,-0.0384844,0.0593621,-0.46568
0.861,0.203128,-0.0338773,-0.038425,0.0594608,-0.464576
0.862,0.203094,-0.0343031,-0.0383654,0.0595587,-0.463474
0.863,0.20306,-0.0347279,-0.0383058,0.0596556,-0.462372
0.864,0.203025,-0.0351516,-0.0382461,0.0597516,-0.461271
0.865,0.202989,-0.0355742,-0.0381863,0.0598467,-0.460171
0.866,0.202954,-0.0359959,-0.0381264,0.0599408,-0.459072
0.867,0.202917,-0.0364164,-0.0380665,0.0600341,-0.457974
0.868,0.202881,-0.036836,-0.0380064,0.0601265,-0.456876
0.869,0.202844,-0.0372545,-0.0379462,0.060218,-0.455779
0.87,0.202806,-0.037672,-0.0378859,0.0603086,-0.454684
0.871,0.202768,-0.0380884,-0.0378256,0.0603983,-0.453589
0.872,0.20273,-0.0385038,-0.0377651,0.0604872,-0.452494
0.873,0.202691,-0.0389182,-0.0377046,0.0605751,-0.451401
0.874,0.202652,-0.0393315,-0.037644,0.0606622,-0.450309
0.875,0.202613,-0.0397438,-0.0375833,0.0607484,-0.449217
0.876,0.202573,-0.0401551,-0.0375225,0.0608338,-0.448126
0.877,0.202532,-0.0405653,-0.0374616,0.0609183,-0.447037
0.878,0.202492,-0.0409745,-0.0374007,0.0610019,-0.445948
0.879,0.20245,-0.0413827,-0.0373396,0.0610846,-0.444859
0.88,0.202409,-0.0417899,-0.0372785,0.0611666,-0.443772
0.881,0.202367,-0.042196,-0.0372173,0.0612476,-0.442686
0.882,0.202324,-0.0426011,-0.037156,0.0613278,-0.441601
0.883,0.202282,-0.0430052,-0.0370946,0.0614072,-0.440516
0.884,0.202238,-0.0434082,-0.0370332,0.0614857,-0.439432
0.885,0.202195,-0.0438103,-0.0369717,0.0615634,-0.43835
0.886,0.202151,-0.0442113,-0.0369101,0.0616403,-0.437268
0.887,0.202106,-0.0446113,-0.0368484,0.0617163,-0.436187
0.888,0.202062,-0.0450103,-0.0367866,0.0617915,-0.435107
0.889,0.202016,-0.0454082,-0.0367248,0.0618659,-0.434028
0.89,0.201971,-0.0458052,-0.0366629,0.0619395,-0.432949
0.891,0.201925,-0.0462011,-0.0366009,0.0620123,-0.431872
0.892,0.201878,-0.046596,-0.0365389,0.0620842,-0.430796
0.893,0.201832,-0.0469899,-0.0364768,0.0621553,-0.42972
0.894,0.201784,-0.0473828,-0.0364146,0.0622257,-0.428646
0.895,0.201737,-0.0477746,-0.0363523,0.0622952,-0.427572
0.896,0.201689,-0.0481655,-0.03629,0.0623639,-0.4265
0.897,0.201641,-0.0485553,-0.0362276,0.0624319,-0.425428
0.898,0.201592,-0.0489442,-0.0361651,0.062499,-0.424357
0.899,0.201543,-0.049332,-0.0361026,0.0625654,-0.423287
0.9,0.201493,-0.0497188,-0.03604,0.0626309,-0.422218
0.901,0.201443,-0.0501046,-0.0359773,0.0626957,-0.42115
0.902,0.201393,-0.0504894,-0.0359146,0.0627597,-0.420083
0.903,0.201342,-0.0508732,-0.0358518,0.062823,-0.419017
0.904,0.201291,-0.051256,-0.0357889,0.0628854,-0.417952
0.905,0.20124,-0.0516378,-0.035726,0.0629471,-0.416888
0.906,0.201188,-0.0520186,-0.0356631,0.0630081,-0.415825
0.907,0.201136,-0.0523984,-0.0356,0.0630682,-0.414763
0.908,0.201083,-0.0527772,-0.0355369,0.0631276,-0.413701
0.909,0.20103,-0.053155,-0.0354738,0.0631863,-0.412641
0.91,0.200977,-0.0535318,-0.0354105,0.0632442,-0.411582
0.911,0.200923,-0.0539076,-0.0353473,0.0633014,-0.410523
0.912,0.200869,-0.0542824,-0.0352839,0.0633578,-0.409466
0.913,0.200814,-0.0546562,-0.0352206,0.0634134,-0.40841
0.914,0.20076,-0.0550291,-0.0351571,0.0634683,-0.407354
0.915,0.200704,-0.0554009,-0.0350936,0.0635225,-0.4063
0.916,0.200649,-0.0557717,-0.0350301,0.063576,-0.405247
0.917,0.200593,-0.0561416,-0.0349665,0.0636287,-0.404194
0.918,0.200537,-0.0565105,-0.0349028,0.0636807,-0.403143
0.919,0.20048,-0.0568783,-0.0348391,0.063732,-0.402092
0.92,0.200423,-0.0572452,-0.0347754,0.0637825,-0.401043
0.921,0.200365,-0.0576111,-0.0347115,0.0638324,-0.399994
0.922,0.200308,-0.057976,-0.0346477,0.0638815,-0.398947
0.923,0.200249,-0.05834,-0.0345838,0.0639299,-0.397901
0.924,0.200191,-0.0587029,-0.0345198,0.0639776,-0.396855
0.925,0.200132,-0.0590649,-0.0344558,0.0640246,-0.395811
0.926,0.200073,-0.0594259,-0.0343918,0.0640709,-0.394768
0.927,0.200013,-0.0597859,-0.0343277,0.0641164,-0.393725
0.928,0.199953,-0.0601449,-0.0342635,0.0641613,-0.392684
0.929,0.199893,-0.060503,-0.0341994,0.0642055,-0.391644
0.93,0.199832,-0.0608601,-0.0341351,0.064249,-0.390604
0.931,0.199771,-0.0612162,-0.0340709,0.0642919,-0.389566
0.932,0.19971,-0.0615713,-0.0340066,0.064334,-0.388529
0.933,0.199648,-0.0619254,-0.0339422,0.0643754,-0.387493
0.934,0.199586,-0.0622786,-0.0338778,0.0644162,-0.386458
0.935,0.199523,-0.0626308,-0.0338134,0.0644563,-0.385423
0.936,0.199461,-0.0629821,-0.0337489,0.0644957,-0.38439
0.937,0.199397,-0.0633324,-0.0336844,0.0645345,-0.383358
0.938,0.199334,-0.0636817,-0.0336198,0.0645726,-0.382327
0.939,0.19927,-0.06403,-0.0335552,0.06461,-0.381297
0.94,0.199206,-0.0643774,-0.0334906,0.0646468,-0.380269
0.941,0.199141,-0.0647238,-0.0334259,0.0646829,-0.379241
0.942,0.199076,-0.0650692,-0.0333612,0.0647183,-0.378214
0.943,0.199011,-0.0654137,-0.0332965,0.0647531,-0.377188
0.944,0.198946,-0.0657572,-0.0332317,0.0647873,-0.376163
0.945,0.19888,-0.0660998,-0.0331669,0.0648208,-0.37514
0.946,0.198813,-0.0664414,-0.0331021,0.0648536,-0.374117
0.947,0.198747,-0.0667821,-0.0330372,0.0648858,-0.373096
0.948,0.19868,-0.0671218,-0.0329723,0.0649174,-0.372075
0.949,0.198613,-0.0674605,-0.0329074,0.0649484,-0.371056
0.95,0.198545,-0.0677983,-0.0328424,0.0649787,-0.370038
0.951,0.198477,-0.0681351,-0.0327774,0.0650084,-0.369021
0.952,0.198409,-0.068471,-0.0327124,0.0650374,-0.368004
0.953,0.19834,-0.0688059,-0.0326474,0.0650658,-0.366989
0.954,0.198271,-0.0691399,-0.0325823,0.0650936,-0.365975
0.955,0.198202,-0.0694729,-0.0325172,0.0651208,-0.364963
0.956,0.198132,-0.069805,-0.032452,0.0651474,-0.363951
0.957,0.198062,-0.0701361,-0.0323869,0.0651733,-0.36294
0.958,0.197992,-0.0704663,-0.0323217,0.0651987,-0.36193
0.959,0.197921,-0.0707955,-0.0322565,0.0652234,-0.360922
0.96,0.19785,-0.0711238,-0.0321912,0.0652476,-0.359914
0.961,0.197779,-0.0714512,-0.032126,0.0652711,-0.358908
0.962,0.197707,-0.0717776,-0.0320607,0.065294,-0.357903
0.963,0.197635,-0.0721031,-0.0319954,0.0653163,-0.356899
0.964,0.197563,-0.0724276,-0.0319301,0.0653381,-0.355896
0.965,0.197491,-0.0727512,-0.0318647,0.0653592,-0.354894
0.966,0.197418,-0.0730739,-0.0317994,0.0653798,-0.353893
0.967,0.197344,-0.0733956,-0.031734,0.0653997,-0.352893
0.968,0.197271,-0.0737164,-0.0316686,0.0654191,-0.351894
0.969,0.197197,-0.0740362,-0.0316031,0.0654379,-0.350897
0.97,0.197123,-0.0743552,-0.0315377,0.0654562,-0.3499
0.971,0.197048,-0.0746732,-0.0314722,0.0654738,-0.348905
0.972,0.196973,-0.0749902,-0.0314067,0.0654909,-0.347911
0.973,0.196898,-0.0753064,-0.0313412,0.0655074,-0.346918
0.974,0.196823,-0.0756216,-0.0312757,0.0655233,-0.345926
0.975,0.196747,-0.0759358,-0.0312102,0.0655387,-0.344935
0.976,0.196671,-0.0762492,-0.0311446,0.0655535,-0.343945
0.977,0.196595,-0.0765616,-0.0310791,0.0655677,-0.342956
0.978,0.196518,-0.0768731,-0.0310135,0.0655814,-0.341969
0.979,0.196441,-0.0771837,-0.0309479,0.0655946,-0.340983
0.98,0.196363,-0.0774934,-0.0308823,0.0656071,-0.339997
0.981,0.196286,-0.0778021,-0.0308167,0.0656192,-0.339013
0.982,0.196208,-0.07811,-0.0307511,0.0656306,-0.33803
0.983,0.19613,-0.0784169,-0.0306854,0.0656416,-0.337048
0.984,0.196051,-0.0787229,-0.0306198,0.065652,-0.336068
0.985,0.195972,-0.079028,-0.0305541,0.0656618,-0.335088
0.986,0.195893,-0.0793321,-0.0304885,0.0656711,-0.33411
0.987,0.195814,-0.0796354,-0.0304228,0.0656799,-0.333132
0.988,0.195734,-0.0799377,-0.0303571,0.0656882,-0.332156
0.989,0.195654,-0.0802391,-0.0302914,0.0656959,-0.331181
0.99,0.195573,-0.0805397,-0.0302257,0.065703,-0.330207
0.991,0.195493,-0.0808393,-0.03016,0.0657097,-0.329235
0.992,0.195412,-0.081138,-0.0300943,0.0657158,-0.328263
0.993,0.19533,-0.0814358,-0.0300286,0.0657215,-0.327293
0.994,0.195249,-0.0817327,-0.0299629,0.0657265,-0.326323
0.995,0.195167,-0.0820287,-0.0298971,0.0657311,-0.325355
0.996,0.195085,-0.0823238,-0.0298314,0.0657352,-0.324388
0.997,0.195002,-0.0826179,-0.0297657,0.0657387,-0.323422
0.998,0.194919,-0.0829112,-0.0296999,0.0657418,-0.322458
0.999,0.194836,-0.0832036,-0.0296342,0.0657443,-0.321494
1,0.194753,-0.0834951,-0.0295684,0.0657464,-0.320532
1.001,0.194669,-0.0837857,-0.0295027,0.0657479,-0.31957
1.002,0.194585,-0.0840754,-0.0294369,0.0657489,-0.31861
1.003,0.194501,-0.0843642,-0.0293712,0.0657495,-0.317651
1.004,0.194417,-0.0846521,-0.0293054,0.0657495,-0.316694
1.005,0.194332,-0.0849391,-0.0292397,0.065749,-0.315737
1.006,0.194247,-0.0852253,-0.0291739,0.0657481,-0.314782
1.007,0.194161,-0.0855105,-0.0291082,0.0657467,-0.313828
1.008,0.194076,-0.0857949,-0.0290424,0.0657447,-0.312874
1.009,0.19399,-0.0860783,-0.0289767,0.0657423,-0.311923
1.01,0.193904,-0.0863609,-0.028911,0.0657395,-0.310972
1.011,0.193817,-0.0866426,-0.0288452,0.0657361,-0.310022
1.012,0.19373,-0.0869234,-0.0287795,0.0657323,-0.309074
1.013,0.193643,-0.0872033,-0.0287138,0.065728,-0.308127
1.014,0.193556,-0.0874824,-0.028648,0.0657232,-0.307181
1.015,0.193468,-0.0877605,-0.0285823,0.0657179,-0.306236
1.016,0.19338,-0.0880378,-0.0285166,0.0657122,-0.305292
1.017,0.193292,-0.0883142,-0.0284509,0.065706,-0.30435
1.018,0.193204,-0.0885897,-0.0283852,0.0656994,-0.303408
1.019,0.193115,-0.0888644,-0.0283195,0.0656922,-0.302468
1.02,0.193026,-0.0891382,-0.0282538,0.0656847,-0.301529
1.021,0.192937,-0.0894111,-0.0281881,0.0656766,-0.300592
1.022,0.192847,-0.0896831,-0.0281225,0.0656682,-0.299655
1.023,0.192757,-0.0899543,-0.0280568,0.0656592,-0.29872
1.024,0.192667,-0.0902246,-0.0279911,0.0656498,-0.297785
1.025,0.192577,-0.090494,-0.0279255,0.06564,-0.296852
1.026,0.192486,-0.0907626,-0.0278599,0.0656297,-0.29592
1.027,0.192395,-0.0910302,-0.0277942,0.065619,-0.29499
1.028,0.192304,-0.0912971,-0.0277286,0.0656078,-0.29406
1.029,0.192213,-0.091563,-0.027663,0.0655962,-0.293132
1.03,0.192121,-0.0918281,-0.0275974,0.0655842,-0.292205
1.031,0.192029,-0.0920924,-0.0275318,0.0655717,-0.291279
1.032,0.191937,-0.0923557,-0.0274663,0.0655588,-0.290354
1.033,0.191845,-0.0926183,-0.0274007,0.0655455,-0.289431
1.034,0.191752,-0.0928799,-0.0273352,0.0655317,-0.288509
1.035,0.191659,-0.0931407,-0.0272697,0.0655175,-0.287588
1.036,0.191565,-0.0934007,-0.0272042,0.0655029,-0.286668
1.037,0.191472,-0.0936598,-0.0271387,0.0654879,-0.285749
1.038,0.191378,-0.093918,-0.0270732,0.0654724,-0.284832
1.039,0.191284,-0.0941754,-0.0270077,0.0654565,-0.283915
1.04,0.19119,-0.0944319,-0.0269423,0.0654402,-0.283
1.041,0.191095,-0.0946876,-0.0268768,0.0654235,-0.282086
1.042,0.191,-0.0949425,-0.0268114,0.0654064,-0.281174
1.043,0.190905,-0.0951965,-0.026746,0.0653889,-0.280262
1.044,0.19081,-0.0954496,-0.0266806,0.0653709,-0.279352
1.045,0.190714,-0.0957019,-0.0266153,0.0653526,-0.278443
1.046,0.190619,-0.0959534,-0.0265499,0.0653338,-0.277535
1.047,0.190523,-0.096204,-0.0264846,0.0653147,-0.276628
1.048,0.190426,-0.0964538,-0.0264193,0.0652951,-0.275723
1.049,0.19033,-0.0967027,-0.026354,0.0652752,-0.274819
1.05,0.190233,-0.0969508,-0.0262888,0.0652548,-0.273916
1.051,0.190136,-0.097198,-0.0262235,0.0652341,-0.273014
1.052,0.190038,-0.0974445,-0.0261583,0.0652129,-0.272113
1.053,0.189941,-0.09769,-0.0260931,0.0651914,-0.271214
1.054,0.189843,-0.0979348,-0.0260279,0.0651695,-0.270316
1.055,0.189745,-0.0981787,-0.0259628,0.0651472,-0.269419
1.056,0.189647,-0.0984218,-0.0258976,0.0651245,-0.268523
1.057,0.189548,-0.0986641,-0.0258325,0.0651014,-0.267629
1.058,0.189449,-0.0989055,-0.0257674,0.065078,-0.266735
1.059,0.18935,-0.0991461,-0.0257023,0.0650542,-0.265843
1.06,0.189251,-0.0993858,-0.0256373,0.06503,-0.264953
1.061,0.189152,-0.0996248,-0.0255723,0.0650054,-0.264063
1.062,0.189052,-0.0998629,-0.0255073,0.0649804,-0.263175
1.063,0.188952,-0.1001,-0.0254423,0.0649551,-0.262287
1.064,0.188852,-0.100337,-0.0253774,0.0649294,-0.261401
1.065,0.188751,-0.100572,-0.0253125,0.0649034,-0.260517
1.066,0.18865,-0.100807,-0.0252476,0.0648769,-0.259633
1.067,0.18855,-0.101041,-0.0251827,0.0648502,-0.258751
1.068,0.188448,-0.101274,-0.0251179,0.064823,-0.25787
1.069,0.188347,-0.101507,-0.0250531,0.0647955,-0.25699
1.07,0.188245,-0.101738,-0.0249883,0.0647676,-0.256111
1.071,0.188144,-0.101969,-0.0249235,0.0647394,-0.255234
1.072,0.188041,-0.102199,-0.0248588,0.0647108,-0.254358
1.073,0.187939,-0.102428,-0.0247941,0.0646819,-0.253483
1.074,0.187837,-0.102656,-0.0247294,0.0646526,-0.252609
1.075,0.187734,-0.102884,-0.0246648,0.064623,-0.251737
1.076,0.187631,-0.103111,-0.0246002,0.064593,-0.250865
1.077,0.187528,-0.103337,-0.0245356,0.0645627,-0.249995
1.078,0.187424,-0.103562,-0.0244711,0.064532,-0.249126
1.079,0.18732,-0.103786,-0.0244066,0.064501,-0.248259
1.08,0.187217,-0.104009,-0.0243421,0.0644697,-0.247392
1.081,0.187112,-0.104232,-0.0242776,0.064438,-0.246527
1.082,0.187008,-0.104454,-0.0242132,0.064406,-0.245663
1.083,0.186904,-0.104675,-0.0241488,0.0643736,-0.244801
1.084,0.186799,-0.104895,-0.0240845,0.064341,-0.243939
1.085,0.186694,-0.105115,-0.0240201,0.0643079,-0.243079
1.086,0.186589,-0.105334,-0.0239558,0.0642746,-0.24222
1.087,0.186483,-0.105551,-0.0238916,0.0642409,-0.241363
1.088,0.186377,-0.105769,-0.0238274,0.0642069,-0.240506
1.089,0.186272,-0.105985,-0.0237632,0.0641726,-0.239651
1.09,0.186165,-0.1062,-0.023699,0.064138,-0.238797
1.091,0.186059,-0.106415,-0.0236349,0.064103,-0.237944
1.092,0.185953,-0.106629,-0.0235708,0.0640677,-0.237093
1.093,0.185846,-0.106842,-0.0235068,0.0640321,-0.236242
1.094,0.185739,-0.107055,-0.0234427,0.0639962,-0.235393
1.095,0.185632,-0.107266,-0.0233788,0.06396,-0.234545
1.096,0.185524,-0.107477,-0.0233148,0.0639234,-0.233699
1.097,0.185417,-0.107687,-0.0232509,0.0638866,-0.232853
1.098,0.185309,-0.107896,-0.0231871,0.0638494,-0.232009
1.099,0.185201,-0.108105,-0.0231232,0.0638119,-0.231166
1.1,0.185093,-0.108312,-0.0230594,0.0637742,-0.230325
1.101,0.184984,-0.108519,-0.0229957,0.0637361,-0.229484
1.102,0.184876,-0.108725,-0.022932,0.0636977,-0.228645
1.103,0.184767,-0.108931,-0.0228683,0.063659,-0.227807
1.104,0.184658,-0.109135,-0.0228046,0.06362,-0.226971
1.105,0.184549,-0.109339,-0.022741,0.0635808,-0.226135
1.106,0.184439,-0.109542,-0.0226775,0.0635412,-0.225301
1.107,0.18433,-0.109744,-0.022614,0.0635013,-0.224468
1.108,0.18422,-0.109946,-0.0225505,0.0634612,-0.223636
1.109,0.18411,-0.110147,-0.022487,0.0634207,-0.222806
1.11,0.183999,-0.110346,-0.0224236,0.06338,-0.221976
1.111,0.183889,-0.110546,-0.0223603,0.0633389,-0.221148
1.112,0.183778,-0.110744,-0.022297,0.0632976,-0.220322
1.113,0.183668,-0.110942,-0.0222337,0.063256,-0.219496
1.114,0.183557,-0.111139,-0.0221704,0.0632142,-0.218672
1.115,0.183445,-0.111335,-0.0221073,0.063172,-0.217849
1.116,0.183334,-0.11153,-0.0220441,0.0631296,-0.217027
1.117,0.183222,-0.111725,-0.021981,0.0630868,-0.216207
1.118,0.18311,-0.111919,-0.0219179,0.0630439,-0.215387
1.119,0.182998,-0.112112,-0.0218549,0.0630006,-0.214569
1.12,0.182886,-0.112304,-0.0217919,0.062957,-0.213752
1.121,0.182774,-0.112496,-0.021729,0.0629132,-0.212937
1.122,0.182661,-0.112686,-0.0216661,0.0628691,-0.212122
1.123,0.182548,-0.112877,-0.0216033,0.0628248,-0.211309
1.124,0.182435,-0.113066,-0.0215405,0.0627802,-0.210498
1.125,0.182322,-0.113254,-0.0214777,0.0627353,-0.209687
1.126,0.182209,-0.113442,-0.021415,0.0626901,-0.208878
1.127,0.182095,-0.113629,-0.0213523,0.0626447,-0.208069
1.128,0.181982,-0.113816,-0.0212897,0.0625991,-0.207263
1.129,0.181868,-0.114001,-0.0212271,0.0625531,-0.206457
1.13,0.181754,-0.114186,-0.0211646,0.0625069,-0.205653
1.131,0.181639,-0.11437,-0.0211021,0.0624605,-0.204849
1.132,0.181525,-0.114554,-0.0210397,0.0624138,-0.204048
1.133,0.18141,-0.114736,-0.0209773,0.0623668,-0.203247
1.134,0.181295,-0.114918,-0.0209149,0.0623196,-0.202447
1.135,0.18118,-0.115099,-0.0208526,0.0622721,-0.201649
1.136,0.181065,-0.11528,-0.0207904,0.0622244,-0.200852
1.137,0.18095,-0.11546,-0.0207282,0.0621765,-0.200057
1.138,0.180834,-0.115639,-0.020666,0.0621283,-0.199262
1.139,0.180719,-0.115817,-0.0206039,0.0620798,-0.198469
1.14,0.180603,-0.115994,-0.0205419,0.0620311,-0.197677
1.141,0.180487,-0.116171,-0.0204799,0.0619822,-0.196887
1.142,0.18037,-0.116347,-0.0204179,0.061933,-0.196097
1.143,0.180254,-0.116522,-0.020356,0.0618836,-0.195309
1.144,0.180137,-0.116697,-0.0202941,0.061834,-0.194522
1.145,0.180021,-0.116871,-0.0202323,0.0617841,-0.193736
1.146,0.179904,-0.117044,-0.0201706,0.0617339,-0.192952
1.147,0.179786,-0.117216,-0.0201089,0.0616836,-0.192169
1.148,0.179669,-0.117388,-0.0200472,0.061633,-0.191387
1.149,0.179552,-0.117559,-0.0199856,0.0615822,-0.190606
1.15,0.179434,-0.117729,-0.019924,0.0615311,-0.189826
1.151,0.179316,-0.117899,-0.0198625,0.0614799,-0.189048
1.152,0.179198,-0.118068,-0.0198011,0.0614284,-0.188271
1.153,0.17908,-0.118236,-0.0197397,0.0613766,-0.187495
1.154,0.178962,-0.118403,-0.0196783,0.0613247,-0.186721
1.155,0.178843,-0.11857,-0.019617,0.0612725,-0.185948
1.156,0.178725,-0.118736,-0.0195558,0.0612201,-0.185175
1.157,0.178606,-0.118901,-0.0194946,0.0611675,-0.184405
1.158,0.178487,-0.119066,-0.0194335,0.0611146,-0.183635
1.159,0.178368,-0.119229,-0.0193724,0.0610616,-0.182867
1.16,0.178248,-0.119393,-0.0193113,0.0610083,-0.1821
1.161,0.178129,-0.119555,-0.0192504,0.0609548,-0.181334
1.162,0.178009,-0.119717,-0.0191894,0.0609011,-0.180569
1.163,0.177889,-0.119878,-0.0191285,0.0608472,-0.179806
1.164,0.177769,-0.120038,-0.0190677,0.0607931,-0.179044
1.165,0.177649,-0.120198,-0.019007,0.0607388,-0.178283
1.166,0.177529,-0.120356,-0.0189463,0.0606842,-0.177524
1.167,0.177409,-0.120515,-0.0188856,0.0606295,-0.176765
1.168,0.177288,-0.120672,-0.018825,0.0605746,-0.176008
1.169,0.177167,-0.120829,-0.0187644,0.0605194,-0.175252
1.17,0.177046,-0.120985,-0.018704,0.060464,-0.174498
1.171,0.176925,-0.121141,-0.0186435,0.0604085,-0.173744
1.172,0.176804,-0.121295,-0.0185831,0.0603527,-0.172992
1.173,0.176683,-0.121449,-0.0185228,0.0602968,-0.172241
1.174,0.176561,-0.121603,-0.0184625,0.0602406,-0.171491
1.175,0.17644,-0.121755,-0.0184023,0.0601843,-0.170743
1.176,0.176318,-0.121907,-0.0183422,0.0601277,-0.169996
1.177,0.176196,-0.122059,-0.0182821,0.060071,-0.16925
1.178,0.176074,-0.122209,-0.018222,0.0600141,-0.168505
1.179,0.175951,-0.122359,-0.018162,0.0599569,-0.167762
1.18,0.175829,-0.122508,-0.0181021,0.0598996,-0.16702
1.181,0.175706,-0.122657,-0.0180422,0.0598421,-0.166279
1.182,0.175584,-0.122805,-0.0179824,0.0597844,-0.165539
1.183,0.175461,-0.122952,-0.0179227,0.0597266,-0.1648
1.184,0.175338,-0.123099,-0.017863,0.0596685,-0.164063
1.185,0.175214,-0.123244,-0.0178033,0.0596103,-0.163327
1.186,0.175091,-0.12339,-0.0177438,0.0595518,-0.162592
1.187,0.174968,-0.123534,-0.0176842,0.0594932,-0.161859
1.188,0.174844,-0.123678,-0.0176248,0.0594344,-0.161126
1.189,0.17472,-0.123821,-0.0175654,0.0593755,-0.160395
1.19,0.174596,-0.123963,-0.017506,0.0593163,-0.159665
1.191,0.174472,-0.124105,-0.0174467,0.059257,-0.158937
1.192,0.174348,-0.124246,-0.0173875,0.0591975,-0.158209
1.193,0.174224,-0.124387,-0.0173283,0.0591378,-0.157483
1.194,0.174099,-0.124527,-0.0172692,0.059078,-0.156758
1.195,0.173975,-0.124666,-0.0172102,0.059018,-0.156035
1.196,0.17385,-0.124804,-0.0171512,0.0589578,-0.155312
1.197,0.173725,-0.124942,-0.0170923,0.0588974,-0.154591
1.198,0.1736,-0.125079,-0.0170334,0.0588369,-0.153871
1.199,0.173475,-0.125216,-0.0169746,0.0587762,-0.153152
1.2,0.17335,-0.125351,-0.0169159,0.0587153,-0.152435
1.201,0.173224,-0.125487,-0.0168572,0.0586543,-0.151718
1.202,0.173099,-0.125621,-0.0167985,0.0585931,-0.151003
1.203,0.172973,-0.125755,-0.01674,0.0585318,-0.15029
1.204,0.172847,-0.125888,-0.0166815,0.0584702,-0.149577
1.205,0.172721,-0.126021,-0.016623,0.0584086,-0.148866
1.206,0.172595,-0.126152,-0.0165647,0.0583467,-0.148155
1.207,0.172469,-0.126284,-0.0165064,0.0582847,-0.147447
1.208,0.172343,-0.126414,-0.0164481,0.0582226,-0.146739
1.209,0.172216,-0.126544,-0.0163899,0.0581603,-0.146032
1.21,0.17209,-0.126673,-0.0163318,0.0580978,-0.145327
1.211,0.171963,-0.126802,-0.0162737,0.0580352,-0.144623
1.212,0.171836,-0.12693,-0.0162157,0.0579724,-0.143921
1.213,0.171709,-0.127057,-0.0161578,0.0579095,-0.143219
1.214,0.171582,-0.127184,-0.0160999,0.0578464,-0.142519
1.215,0.171455,-0.12731,-0.0160421,0.0577832,-0.14182
1.216,0.171327,-0.127436,-0.0159843,0.0577199,-0.141122
1.217,0.1712,-0.12756,-0.0159266,0.0576563,-0.140425
1.218,0.171072,-0.127685,-0.015869,0.0575927,-0.13973
1.219,0.170944,-0.127808,-0.0158114,0.0575289,-0.139036
1.22,0.170817,-0.127931,-0.015754,0.0574649,-0.138343
1.221,0.170689,-0.128053,-0.0156965,0.0574008,-0.137651
1.222,0.17056,-0.128175,-0.0156392,0.0573366,-0.13696
1.223,0.170432,-0.128296,-0.0155818,0.0572722,-0.136271
1.224,0.170304,-0.128416,-0.0155246,0.0572077,-0.135583
1.225,0.170175,-0.128536,-0.0154674,0.0571431,-0.134896
1.226,0.170047,-0.128655,-0.0154103,0.0570783,-0.134211
1.227,0.169918,-0.128773,-0.0153533,0.0570133,-0.133526
1.228,0.169789,-0.128891,-0.0152963,0.0569483,-0.132843
1.229,0.16966,-0.129008,-0.0152394,0.0568831,-0.132161
1.23,0.169531,-0.129125,-0.0151825,0.0568177,-0.13148
1.231,0.169402,-0.129241,-0.0151257,0.0567523,-0.130801
1.232,0.169273,-0.129356,-0.015069,0.0566867,-0.130123
1.233,0.169143,-0.129471,-0.0150124,0.0566209,-0.129445
1.234,0.169014,-0.129585,-0.0149558,0.0565551,-0.12877
1.235,0.168884,-0.129698,-0.0148993,0.0564891,-0.128095
1.236,0.168754,-0.129811,-0.0148428,0.056423,-0.127422
1.237,0.168625,-0.129923,-0.0147864,0.0563567,-0.126749
1.238,0.168495,-0.130035,-0.0147301,0.0562904,-0.126078
1.239,0.168364,-0.130146,-0.0146738,0.0562239,-0.125409
1.24,0.168234,-0.130256,-0.0146176,0.0561573,-0.12474
1.241,0.168104,-0.130366,-0.0145615,0.0560905,-0.124073
1.242,0.167974,-0.130475,-0.0145055,0.0560237,-0.123406
1.243,0.167843,-0.130584,-0.0144495,0.0559567,-0.122741
1.244,0.167712,-0.130692,-0.0143936,0.0558896,-0.122078
1.245,0.167582,-0.130799,-0.0143377,0.0558224,-0.121415
1.246,0.167451,-0.130906,-0.0142819,0.0557551,-0.120754
1.247,0.16732,-0.131012,-0.0142262,0.0556876,-0.120094
1.248,0.167189,-0.131117,-0.0141705,0.05562,-0.119435
1.249,0.167058,-0.131222,-0.0141149,0.0555524,-0.118777
1.25,0.166926,-0.131326,-0.0140594,0.0554846,-0.118121
1.251,0.166795,-0.13143,-0.014004,0.0554166,-0.117465
1.252,0.166663,-0.131533,-0.0139486,0.0553486,-0.116811
1.253,0.166532,-0.131636,-0.0138933,0.0552805,-0.116159
1.254,0.1664,-0.131738,-0.013838,0.0552123,-0.115507
1.255,0.166268,-0.131839,-0.0137829,0.0551439,-0.114856
1.256,0.166137,-0.13194,-0.0137277,0.0550754,-0.114207
1.257,0.166005,-0.13204,-0.0136727,0.0550069,-0.113559
1.258,0.165872,-0.132139,-0.0136177,0.0549382,-0.112912
1.259,0.16574,-0.132238,-0.0135628,0.0548694,-0.112267
1.26,0.165608,-0.132337,-0.013508,0.0548005,-0.111622
1.261,0.165476,-0.132434,-0.0134532,0.0547316,-0.110979
1.262,0.165343,-0.132532,-0.0133985,0.0546625,-0.110337
1.263,0.165211,-0.132628,-0.0133439,0.0545933,-0.109696
1.264,0.165078,-0.132724,-0.0132893,0.054524,-0.109056
1.265,0.164945,-0.13282,-0.0132349,0.0544546,-0.108418
1.266,0.164812,-0.132914,-0.0131804,0.0543851,-0.107781
1.267,0.164679,-0.133009,-0.0131261,0.0543155,-0.107145
1.268,0.164546,-0.133102,-0.0130718,0.0542458,-0.10651
1.269,0.164413,-0.133195,-0.0130176,0.054176,-0.105876
1.27,0.16428,-0.133288,-0.0129635,0.0541062,-0.105244
1.271,0.164146,-0.13338,-0.0129094,0.0540362,-0.104612
1.272,0.164013,-0.133471,-0.0128554,0.0539661,-0.103982
1.273,0.16388,-0.133562,-0.0128014,0.053896,-0.103353
1.274,0.163746,-0.133652,-0.0127476,0.0538257,-0.102726
1.275,0.163612,-0.133742,-0.0126938,0.0537554,-0.102099
1.276,0.163478,-0.133831,-0.0126401,0.0536849,-0.101474
1.277,0.163345,-0.133919,-0.0125864,0.0536144,-0.10085
1.278,0.163211,-0.134007,-0.0125328,0.0535438,-0.100227
1.279,0.163077,-0.134095,-0.0124793,0.0534731,-0.0996051
1.28,0.162942,-0.134181,-0.0124259,0.0534023,-0.0989846
1.281,0.162808,-0.134267,-0.0123725,0.0533314,-0.0983652
1.282,0.162674,-0.134353,-0.0123192,0.0532605,-0.097747
1.283,0.162539,-0.134438,-0.012266,0.0531894,-0.09713
1.284,0.162405,-0.134523,-0.0122129,0.0531183,-0.0965141
1.285,0.16227,-0.134607,-0.0121598,0.0530471,-0.0958995
1.286,0.162136,-0.13469,-0.0121068,0.0529758,-0.095286
1.287,0.162001,-0.134773,-0.0120538,0.0529044,-0.0946738
1.288,0.161866,-0.134855,-0.012001,0.052833,-0.0940627
1.289,0.161731,-0.134937,-0.0119482,0.0527614,-0.0934527
1.29,0.161596,-0.135018,-0.0118954,0.0526898,-0.092844
1.291,0.161461,-0.135099,-0.0118428,0.0526181,-0.0922364
1.292,0.161326,-0.135179,-0.0117902,0.0525464,-0.09163
1.293,0.161191,-0.135258,-0.0117377,0.0524745,-0.0910248
1.294,0.161056,-0.135337,-0.0116853,0.0524026,-0.0904208
1.295,0.16092,-0.135415,-0.0116329,0.0523306,-0.0898179
1.296,0.160785,-0.135493,-0.0115806,0.0522586,-0.0892163
1.297,0.160649,-0.135571,-0.0115284,0.0521864,-0.0886158
1.298,0.160514,-0.135647,-0.0114762,0.0521142,-0.0880164
1.299,0.160378,-0.135723,-0.0114241,0.0520419,-0.0874183
1.3,0.160242,-0.135799,-0.0113721,0.0519696,-0.0868213
1.301,0.160106,-0.135874,-0.0113202,0.0518972,-0.0862254
1.302,0.15997,-0.135949,-0.0112683,0.0518247,-0.0856308
1.303,0.159834,-0.136023,-0.0112166,0.0517521,-0.0850373
1.304,0.159698,-0.136096,-0.0111648,0.0516795,-0.084445
1.305,0.159562,-0.136169,-0.0111132,0.0516068,-0.0838538
1.306,0.159426,-0.136242,-0.0110616,0.051534,-0.0832639
1.307,0.15929,-0.136313,-0.0110101,0.0514612,-0.082675
1.308,0.159153,-0.136385,-0.0109587,0.0513883,-0.0820874
1.309,0.159017,-0.136455,-0.0109073,0.0513153,-0.0815009
1.31,0.158881,-0.136526,-0.0108561,0.0512423,-0.0809156
1.311,0.158744,-0.136595,-0.0108049,0.0511692,-0.0803314
1.312,0.158607,-0.136665,-0.0107537,0.0510961,-0.0797484
1.313,0.158471,-0.136733,-0.0107027,0.0510229,-0.0791666
1.314,0.158334,-0.136801,-0.0106517,0.0509496,-0.0785859
1.315,0.158197,-0.136869,-0.0106008,0.0508763,-0.0780064
1.316,0.15806,-0.136936,-0.0105499,0.0508029,-0.077428
1.317,0.157923,-0.137003,-0.0104992,0.0507295,-0.0768508
1.318,0.157786,-0.137069,-0.0104485,0.050656,-0.0762747
1.319,0.157649,-0.137134,-0.0103979,0.0505824,-0.0756998
1.32,0.157512,-0.137199,-0.0103473,0.0505088,-0.0751261
1.321,0.157375,-0.137263,-0.0102968,0.0504352,-0.0745535
1.322,0.157237,-0.137327,-0.0102464,0.0503614,-0.0739821
1.323,0.1571,-0.137391,-0.0101961,0.0502877,-0.0734118
1.324,0.156963,-0.137454,-0.0101459,0.0502138,-0.0728426
1.325,0.156825,-0.137516,-0.0100957,0.05014,-0.0722747
1.326,0.156688,-0.137578,-0.0100456,0.050066,-0.0717078
1.327,0.15655,-0.137639,-0.00999556,0.0499921,-0.0711421
1.328,0.156412,-0.1377,-0.0099456,0.049918,-0.0705776
1.329,0.156275,-0.13776,-0.00989572,0.0498439,-0.0700142
1.33,0.156137,-0.13782,-0.00984592,0.0497698,-0.069452
1.331,0.155999,-0.137879,-0.00979618,0.0496956,-0.0688909
1.332,0.155861,-0.137938,-0.00974652,0.0496214,-0.0683309
1.333,0.155723,-0.137996,-0.00969694,0.0495471,-0.0677721
1.334,0.155585,-0.138054,-0.00964743,0.0494728,-0.0672144
1.335,0.155447,-0.138111,-0.00959799,0.0493985,-0.0666579
1.336,0.155309,-0.138168,-0.00954863,0.0493241,-0.0661025
1.337,0.155171,-0.138224,-0.00949935,0.0492496,-0.0655482
1.338,0.155032,-0.13828,-0.00945013,0.0491751,-0.0649951
1.339,0.154894,-0.138335,-0.009401,0.0491006,-0.0644431
1.34,0.154756,-0.13839,-0.00935193,0.049026,-0.0638923
1.341,0.154617,-0.138444,-0.00930294,0.0489514,-0.0633426
1.342,0.154479,-0.138497,-0.00925403,0.0488767,-0.062794
1.343,0.15434,-0.138551,-0.00920519,0.048802,-0.0622466
1.344,0.154202,-0.138603,-0.00915643,0.0487273,-0.0617003
1.345,0.154063,-0.138656,-0.00910774,0.0486525,-0.0611551
1.346,0.153924,-0.138707,-0.00905912,0.0485777,-0.0606111
1.347,0.153786,-0.138758,-0.00901058,0.0485028,-0.0600682
1.348,0.153647,-0.138809,-0.00896212,0.0484279,-0.0595264
1.349,0.153508,-0.138859,-0.00891373,0.048353,-0.0589857
1.35,0.153369,-0.138909,-0.00886541,0.0482781,-0.0584462
1.351,0.15323,-0.138958,-0.00881717,0.0482031,-0.0579078
1.352,0.153091,-0.139007,-0.008769,0.048128,-0.0573705
1.353,0.152952,-0.139055,-0.00872091,0.048053,-0.0568343
1.354,0.152813,-0.139103,-0.0086729,0.0479779,-0.0562993
1.355,0.152674,-0.13915,-0.00862496,0.0479027,-0.0557654
1.356,0.152535,-0.139197,-0.00857709,0.0478276,-0.0552326
1.357,0.152396,-0.139244,-0.0085293,0.0477524,-0.054701
1.358,0.152256,-0.139289,-0.00848159,0.0476772,-0.0541704
1.359,0.152117,-0.139335,-0.00843395,0.0476019,-0.053641
1.36,0.151978,-0.13938,-0.00838639,0.0475266,-0.0531127
1.361,0.151838,-0.139424,-0.0083389,0.0474513,-0.0525855
1.362,0.151699,-0.139468,-0.00829148,0.047376,-0.0520594
1.363,0.151559,-0.139511,-0.00824414,0.0473006,-0.0515344
1.364,0.15142,-0.139554,-0.00819688,0.0472252,-0.0510106
1.365,0.15128,-0.139597,-0.00814969,0.0471498,-0.0504878
1.366,0.151141,-0.139639,-0.00810258,0.0470744,-0.0499662
1.367,0.151001,-0.13968,-0.00805555,0.0469989,-0.0494457
1.368,0.150861,-0.139721,-0.00800858,0.0469234,-0.0489263
1.369,0.150721,-0.139762,-0.0079617,0.0468479,-0.048408
1.37,0.150582,-0.139802,-0.00791489,0.0467723,-0.0478908
1.371,0.150442,-0.139842,-0.00786815,0.0466968,-0.0473747
1.372,0.150302,-0.139881,-0.0078215,0.0466212,-0.0468597
1.373,0.150162,-0.139919,-0.00777491,0.0465456,-0.0463458
1.374,0.150022,-0.139958,-0.0077284,0.0464699,-0.0458331
1.375,0.149882,-0.139995,-0.00768197,0.0463943,-0.0453214
1.376,0.149742,-0.140033,-0.00763562,0.0463186,-0.0448108
1.377,0.149602,-0.14007,-0.00758934,0.0462429,-0.0443014
1.378,0.149462,-0.140106,-0.00754313,0.0461672,-0.043793
1.379,0.149322,-0.140142,-0.007497,0.0460915,-0.0432857
1.38,0.149182,-0.140177,-0.00745095,0.0460158,-0.0427796
1.381,0.149042,-0.140212,-0.00740497,0.04594,-0.0422745
1.382,0.148901,-0.140247,-0.00735907,0.0458642,-0.0417705
1.383,0.148761,-0.140281,-0.00731324,0.0457884,-0.0412676
1.384,0.148621,-0.140314,-0.00726749,0.0457126,-0.0407658
1.385,0.14848,-0.140348,-0.00722182,0.0456368,-0.0402651
1.386,0.14834,-0.14038,-0.00717622,0.045561,-0.0397655
1.387,0.1482,-0.140413,-0.0071307,0.0454851,-0.039267
1.388,0.148059,-0.140444,-0.00708525,0.0454093,-0.0387696
1.389,0.147919,-0.140476,-0.00703988,0.0453334,-0.0382732
1.39,0.147778,-0.140507,-0.00699458,0.0452575,-0.037778
1.391,0.147638,-0.140537,-0.00694936,0.0451816,-0.0372838
1.392,0.147497,-0.140567,-0.00690422,0.0451057,-0.0367907
1.393,0.147357,-0.140597,-0.00685915,0.0450298,-0.0362987
1.394,0.147216,-0.140626,-0.00681416,0.0449538,-0.0358078
1.395,0.147075,-0.140654,-0.00676924,0.0448779,-0.035318
1.396,0.146935,-0.140683,-0.0067244,0.0448019,-0.0348292
1.397,0.146794,-0.14071,-0.00667964,0.044726,-0.0343415
1.398,0.146653,-0.140738,-0.00663495,0.04465,-0.0338549
1.399,0.146513,-0.140765,-0.00659034,0.044574,-0.0333694
1.4,0.146372,-0.140791,-0.0065458,0.0444981,-0.032885
1.401,0.146231,-0.140817,-0.00650134,0.0444221,-0.0324016
1.402,0.14609,-0.140843,-0.00645696,0.0443461,-0.0319193
1.403,0.145949,-0.140868,-0.00641265,0.0442701,-0.0314381
1.404,0.145808,-0.140892,-0.00636842,0.0441941,-0.0309579
1.405,0.145668,-0.140917,-0.00632426,0.0441181,-0.0304789
1.406,0.145527,-0.14094,-0.00628018,0.0440421,-0.0300009
1.407,0.145386,-0.140964,-0.00623618,0.043966,-0.0295239
1.408,0.145245,-0.140987,-0.00619225,0.04389,-0.0290481
1.409,0.145104,-0.141009,-0.0061484,0.043814,-0.0285733
1.41,0.144963,-0.141031,-0.00610462,0.043738,-0.0280995
1.411,0.144822,-0.141053,-0.00606092,0.043662,-0.0276269
1.412,0.144681,-0.141074,-0.0060173,0.0435859,-0.0271553
1.413,0.144539,-0.141095,-0.00597375,0.0435099,-0.0266847
1.414,0.144398,-0.141116,-0.00593028,0.0434339,-0.0262152
1.415,0.144257,-0.141135,-0.00588688,0.0433579,-0.0257468
1.416,0.144116,-0.141155,-0.00584357,0.0432818,-0.0252795
1.417,0.143975,-0.141174,-0.00580032,0.0432058,-0.0248132
1.418,0.143834,-0.141193,-0.00575715,0.0431298,-0.0243479
1.419,0.143693,-0.141211,-0.00571406,0.0430538,-0.0238837
1.42,0.143551,-0.141229,-0.00567105,0.0429778,-0.0234206
1.421,0.14341,-0.141246,-0.00562811,0.0429018,-0.0229585
1.422,0.143269,-0.141263,-0.00558524,0.0428257,-0.0224975
1.423,0.143128,-0.14128,-0.00554246,0.0427497,-0.0220375
1.424,0.142986,-0.141296,-0.00549974,0.0426737,-0.0215786
1.425,0.142845,-0.141312,-0.00545711,0.0425978,-0.0211207
1.426,0.142704,-0.141327,-0.00541455,0.0425218,-0.0206639
1.427,0.142562,-0.141342,-0.00537206,0.0424458,-0.0202081
1.428,0.142421,-0.141357,-0.00532966,0.0423698,-0.0197534
1.429,0.14228,-0.141371,-0.00528733,0.0422938,-0.0192997
1.43,0.142138,-0.141384,-0.00524507,0.0422179,-0.0188471
1.431,0.141997,-0.141398,-0.00520289,0.0421419,-0.0183955
1.432,0.141855,-0.14141,-0.00516079,0.042066,-0.0179449
1.433,0.141714,-0.141423,-0.00511876,0.0419901,-0.0174954
1.434,0.141573,-0.141435,-0.00507681,0.0419141,-0.0170469
1.435,0.141431,-0.141447,-0.00503493,0.0418382,-0.0165995
1.436,0.14129,-0.141458,-0.00499313,0.0417623,-0.0161531
1.437,0.141148,-0.141469,-0.00495141,0.0416864,-0.0157077
1.438,0.141007,-0.141479,-0.00490976,0.0416105,-0.0152634
1.439,0.140865,-0.141489,-0.00486818,0.0415347,-0.0148201
1.44,0.140724,-0.141499,-0.00482669,0.0414588,-0.0143778
1.441,0.140582,-0.141508,-0.00478527,0.0413829,-0.0139366
1.442,0.140441,-0.141517,-0.00474392,0.0413071,-0.0134964
1.443,0.140299,-0.141525,-0.00470265,0.0412313,-0.0130572
1.444,0.140158,-0.141533,-0.00466146,0.0411555,-0.0126191
1.445,0.140016,-0.141541,-0.00462034,0.0410797,-0.012182
1.446,0.139875,-0.141548,-0.0045793,0.0410039,-0.0117459
1.447,0.139733,-0.141555,-0.00453833,0.0409281,-0.0113108
1.448,0.139591,-0.141561,-0.00449744,0.0408524,-0.0108768
1.449,0.13945,-0.141567,-0.00445663,0.0407767,-0.0104438
1.45,0.139308,-0.141573,-0.00441589,0.0407009,-0.0100118
1.451,0.139167,-0.141578,-0.00437523,0.0406252,-0.00958083
1.452,0.139025,-0.141583,-0.00433464,0.0405495,-0.00915088
1.453,0.138884,-0.141588,-0.00429413,0.0404739,-0.00872194
1.454,0.138742,-0.141592,-0.00425369,0.0403982,-0.00829403
1.455,0.1386,-0.141596,-0.00421333,0.0403226,-0.00786713
1.456,0.138459,-0.141599,-0.00417305,0.040247,-0.00744125
1.457,0.138317,-0.141602,-0.00413284,0.0401714,-0.00701638
1.458,0.138176,-0.141604,-0.00409271,0.0400958,-0.00659252
1.459,0.138034,-0.141607,-0.00405265,0.0400203,-0.00616967
1.46,0.137892,-0.141608,-0.00401266,0.0399447,-0.00574784
1.461,0.137751,-0.14161,-0.00397276,0.0398692,-0.00532702
1.462,0.137609,-0.141611,-0.00393293,0.0397937,-0.0049072
1.463,0.137468,-0.141611,-0.00389317,0.0397182,-0.00448839
1.464,0.137326,-0.141612,-0.00385349,0.0396428,-0.00407058
1.465,0.137184,-0.141612,-0.00381389,0.0395674,-0.00365379
1.466,0.137043,-0.141611,-0.00377436,0.0394919,-0.00323799
1.467,0.136901,-0.14161,-0.0037349,0.0394166,-0.0028232
1.468,0.13676,-0.141609,-0.00369552,0.0393412,-0.00240941
1.469,0.136618,-0.141607,-0.00365622,0.0392659,-0.00199661
1.47,0.136476,-0.141605,-0.00361699,0.0391905,-0.00158482
1.471,0.136335,-0.141603,-0.00357784,0.0391153,-0.00117403
1.472,0.136193,-0.1416,-0.00353876,0.03904,-0.00076423
1.473,0.136052,-0.141597,-0.00349976,0.0389647,-0.000355428
1.474,0.13591,-0.141594,-0.00346083,0.0388895,5.23796e-05
1.475,0.135768,-0.14159,-0.00342198,0.0388143,0.000459194
1.476,0.135627,-0.141586,-0.0033832,0.0387392,0.000865016
1.477,0.135485,-0.141581,-0.0033445,0.038664,0.00126985
1.478,0.135344,-0.141576,-0.00330587,0.0385889,0.00167369
1.479,0.135202,-0.141571,-0.00326732,0.0385138,0.00207654
1.48,0.13506,-0.141565,-0.00322885,0.0384388,0.00247841
1.481,0.134919,-0.141559,-0.00319045,0.0383638,0.00287928
1.482,0.134777,-0.141553,-0.00315212,0.0382888,0.00327918
1.483,0.134636,-0.141546,-0.00311387,0.0382138,0.00367809
1.484,0.134494,-0.141539,-0.00307569,0.0381388,0.00407601
1.485,0.134353,-0.141531,-0.00303759,0.0380639,0.00447296
1.486,0.134211,-0.141524,-0.00299956,0.0379891,0.00486892
1.487,0.13407,-0.141515,-0.00296161,0.0379142,0.00526391
1.488,0.133928,-0.141507,-0.00292374,0.0378394,0.00565791
1.489,0.133787,-0.141498,-0.00288593,0.0377646,0.00605094
1.49,0.133645,-0.141489,-0.00284821,0.0376898,0.006443
1.491,0.133504,-0.141479,-0.00281055,0.0376151,0.00683407
1.492,0.133362,-0.141469,-0.00277298,0.0375404,0.00722418
1.493,0.133221,-0.141459,-0.00273547,0.0374657,0.00761331
1.494,0.133079,-0.141448,-0.00269805,0.0373911,0.00800147
1.495,0.132938,-0.141437,-0.00266069,0.0373165,0.00838867
1.496,0.132796,-0.141426,-0.00262341,0.0372419,0.00877489
1.497,0.132655,-0.141414,-0.00258621,0.0371674,0.00916014
1.498,0.132514,-0.141402,-0.00254908,0.0370929,0.00954443
1.499,0.132372,-0.14139,-0.00251202,0.0370184,0.00992775
1.5,0.132231,-0.141377,-0.00247504,0.036944,0.0103101
1.501,0.132089,-0.141364,-0.00243813,0.0368696,0.0106915
1.502,0.131948,-0.14135,-0.0024013,0.0367952,0.0110719
1.503,0.131807,-0.141337,-0.00236454,0.0367209,0.0114514
1.504,0.131665,-0.141322,-0.00232786,0.0366466,0.0118299
1.505,0.131524,-0.141308,-0.00229125,0.0365723,0.0122075
1.506,0.131383,-0.141293,-0.00225472,0.0364981,0.0125841
1.507,0.131241,-0.141278,-0.00221826,0.0364239,0.0129597
1.508,0.1311,-0.141262,-0.00218187,0.0363498,0.0133344
1.509,0.130959,-0.141247,-0.00214556,0.0362756,0.0137081
1.51,0.130818,-0.14123,-0.00210932,0.0362016,0.0140809
1.511,0.130676,-0.141214,-0.00207315,0.0361275,0.0144528
1.512,0.130535,-0.141197,-0.00203706,0.0360535,0.0148236
1.513,0.130394,-0.14118,-0.00200105,0.0359796,0.0151936
1.514,0.130253,-0.141162,-0.0019651,0.0359056,0.0155626
1.515,0.130112,-0.141145,-0.00192923,0.0358318,0.0159306
1.516,0.129971,-0.141126,-0.00189344,0.0357579,0.0162977
1.517,0.12983,-0.141108,-0.00185772,0.0356841,0.0166638
1.518,0.129688,-0.141089,-0.00182207,0.0356103,0.017029
1.519,0.129547,-0.14107,-0.0017865,0.0355366,0.0173933
1.52,0.129406,-0.14105,-0.001751,0.0354629,0.0177566
1.521,0.129265,-0.141031,-0.00171557,0.0353893,0.018119
1.522,0.129124,-0.14101,-0.00168022,0.0353157,0.0184805
1.523,0.128983,-0.14099,-0.00164494,0.0352421,0.018841
1.524,0.128842,-0.140969,-0.00160974,0.0351686,0.0192005
1.525,0.128701,-0.140948,-0.0015746,0.0350951,0.0195592
1.526,0.12856,-0.140927,-0.00153955,0.0350217,0.0199169
1.527,0.128419,-0.140905,-0.00150456,0.0349483,0.0202737
1.528,0.128279,-0.140883,-0.00146965,0.0348749,0.0206295
1.529,0.128138,-0.14086,-0.00143481,0.0348016,0.0209844
1.53,0.127997,-0.140838,-0.00140005,0.0347284,0.0213384
1.531,0.127856,-0.140815,-0.00136535,0.0346551,0.0216914
1.532,0.127715,-0.140791,-0.00133074,0.0345819,0.0220436
1.533,0.127574,-0.140768,-0.00129619,0.0345088,0.0223948
1.534,0.127434,-0.140744,-0.00126172,0.0344357,0.0227451
1.535,0.127293,-0.140719,-0.00122732,0.0343627,0.0230944
1.536,0.127152,-0.140695,-0.00119299,0.0342897,0.0234428
1.537,0.127012,-0.14067,-0.00115874,0.0342167,0.0237904
1.538,0.126871,-0.140644,-0.00112456,0.0341438,0.024137
1.539,0.12673,-0.140619,-0.00109045,0.0340709,0.0244826
1.54,0.12659,-0.140593,-0.00105642,0.0339981,0.0248274
1.541,0.126449,-0.140567,-0.00102246,0.0339253,0.0251712
1.542,0.126309,-0.14054,-0.000988568,0.0338526,0.0255142
1.543,0.126168,-0.140513,-0.000954752,0.0337799,0.0258562
1.544,0.126027,-0.140486,-0.000921008,0.0337073,0.0261973
1.545,0.125887,-0.140459,-0.000887337,0.0336347,0.0265375
1.546,0.125747,-0.140431,-0.000853739,0.0335622,0.0268768
1.547,0.125606,-0.140403,-0.000820213,0.0334897,0.0272152
1.548,0.125466,-0.140375,-0.00078676,0.0334172,0.0275526
1.549,0.125325,-0.140346,-0.000753379,0.0333448,0.0278892
1.55,0.125185,-0.140317,-0.00072007,0.0332725,0.0282249
1.551,0.125045,-0.140288,-0.000686834,0.0332002,0.0285596
1.552,0.124904,-0.140258,-0.00065367,0.0331279,0.0288935
1.553,0.124764,-0.140229,-0.000620578,0.0330557,0.0292264
1.554,0.124624,-0.140198,-0.000587559,0.0329836,0.0295585
1.555,0.124484,-0.140168,-0.000554611,0.0329115,0.0298896
1.556,0.124344,-0.140137,-0.000521736,0.0328394,0.0302199
1.557,0.124204,-0.140106,-0.000488932,0.0327674,0.0305492
1.558,0.124063,-0.140075,-0.000456201,0.0326954,0.0308777
1.559,0.123923,-0.140043,-0.000423542,0.0326235,0.0312053
1.56,0.123783,-0.140011,-0.000390954,0.0325517,0.031532
1.561,0.123643,-0.139979,-0.000358438,0.0324799,0.0318577
1.562,0.123503,-0.139947,-0.000325994,0.0324081,0.0321826
1.563,0.123364,-0.139914,-0.000293622,0.0323364,0.0325066
1.564,0.123224,-0.139881,-0.000261322,0.0322648,0.0328298
1.565,0.123084,-0.139847,-0.000229093,0.0321932,0.033152
1.566,0.122944,-0.139814,-0.000196935,0.0321216,0.0334733
1.567,0.122804,-0.13978,-0.00016485,0.0320502,0.0337938
1.568,0.122664,-0.139745,-0.000132835,0.0319787,0.0341134
1.569,0.122525,-0.139711,-0.000100892,0.0319073,0.0344321
1.57,0.122385,-0.139676,-6.90206e-05,0.031836,0.0347499
1.571,0.122245,-0.139641,-3.72203e-05,0.0317647,0.0350668
1.572,0.122106,-0.139605,-5.49125e-06,0.0316935,0.0353829
1.573,0.121966,-0.13957,2.61666e-05,0.0316223,0.0356981
1.574,0.121827,-0.139534,5.77533e-05,0.0315512,0.0360124
1.575,0.121687,-0.139498,8.92689e-05,0.0314801,0.0363258
1.576,0.121548,-0.139461,0.000120713,0.0314091,0.0366384
1.577,0.121408,-0.139424,0.000152087,0.0313382,0.0369501
1.578,0.121269,-0.139387,0.00018339,0.0312673,0.0372609
1.579,0.121129,-0.13935,0.000214622,0.0311964,0.0375708
1.58,0.12099,-0.139312,0.000245782,0.0311256,0.0378799
1.581,0.120851,-0.139274,0.000276873,0.0310549,0.0381881
1.582,0.120711,-0.139236,0.000307892,0.0309842,0.0384954
1.583,0.120572,-0.139197,0.000338841,0.0309136,0.0388019
1.584,0.120433,-0.139159,0.000369719,0.030843,0.0391075
1.585,0.120294,-0.13912,0.000400527,0.0307725,0.0394123
1.586,0.120155,-0.13908,0.000431264,0.030702,0.0397162
1.587,0.120016,-0.139041,0.000461931,0.0306316,0.0400192
1.588,0.119877,-0.139001,0.000492527,0.0305613,0.0403214
1.589,0.119738,-0.138961,0.000523053,0.030491,0.0406227
1.59,0.119599,-0.13892,0.000553509,0.0304208,0.0409231
1.591,0.11946,-0.13888,0.000583895,0.0303506,0.0412227
1.592,0.119321,-0.138839,0.000614211,0.0302805,0.0415215
1.593,0.119182,-0.138798,0.000644456,0.0302104,0.0418194
1.594,0.119043,-0.138756,0.000674631,0.0301404,0.0421164
1.595,0.118905,-0.138714,0.000704737,0.0300705,0.0424126
1.596,0.118766,-0.138672,0.000734772,0.0300006,0.0427079
1.597,0.118627,-0.13863,0.000764738,0.0299308,0.0430024
1.598,0.118489,-0.138588,0.000794634,0.029861,0.0432961
1.599,0.11835,-0.138545,0.00082446,0.0297913,0.0435889
1.6,0.118212,-0.138502,0.000854216,0.0297217,0.0438808
1.601,0.118073,-0.138458,0.000883903,0.0296521,0.0441719
1.602,0.117935,-0.138415,0.00091352,0.0295826,0.0444622
1.603,0.117796,-0.138371,0.000943068,0.0295131,0.0447516
1.604,0.117658,-0.138327,0.000972547,0.0294437,0.0450402
1.605,0.11752,-0.138282,0.00100196,0.0293743,0.045328
1.606,0.117381,-0.138238,0.0010313,0.0293051,0.0456149
1.607,0.117243,-0.138193,0.00106057,0.0292358,0.045901
1.608,0.117105,-0.138148,0.00108977,0.0291667,0.0461862
1.609,0.116967,-0.138102,0.0011189,0.0290975,0.0464706
1.61,0.116829,-0.138057,0.00114796,0.0290285,0.0467542
1.611,0.116691,-0.138011,0.00117696,0.0289595,0.0470369
1.612,0.116553,-0.137965,0.00120588,0.0288906,0.0473188
1.613,0.116415,-0.137918,0.00123474,0.0288217,0.0475999
1.614,0.116277,-0.137872,0.00126352,0.0287529,0.0478802
1.615,0.116139,-0.137825,0.00129224,0.0286842,0.0481596
1.616,0.116001,-0.137778,0.00132089,0.0286155,0.0484382
1.617,0.115864,-0.13773,0.00134947,0.0285469,0.048716
1.618,0.115726,-0.137683,0.00137799,0.0284783,0.048993
1.619,0.115588,-0.137635,0.00140643,0.0284098,0.0492691
1.62,0.115451,-0.137587,0.00143481,0.0283414,0.0495444
1.621,0.115313,-0.137538,0.00146311,0.0282731,0.0498189
1.622,0.115176,-0.13749,0.00149135,0.0282047,0.0500926
1.623,0.115038,-0.137441,0.00151952,0.0281365,0.0503654
1.624,0.114901,-0.137391,0.00154762,0.0280683,0.0506375
1.625,0.114763,-0.137342,0.00157566,0.0280002,0.0509087
1.626,0.114626,-0.137292,0.00160363,0.0279322,0.0511791
1.627,0.114489,-0.137243,0.00163152,0.0278642,0.0514487
1.628,0.114351,-0.137193,0.00165935,0.0277963,0.0517175
1.629,0.114214,-0.137142,0.00168712,0.0277284,0.0519855
1.63,0.114077,-0.137092,0.00171481,0.0276606,0.0522527
1.631,0.11394,-0.137041,0.00174244,0.0275929,0.0525191
1.632,0.113803,-0.13699,0.00177,0.0275252,0.0527846
1.633,0.113666,-0.136938,0.00179749,0.0274576,0.0530494
1.634,0.113529,-0.136887,0.00182491,0.0273901,0.0533133
1.635,0.113392,-0.136835,0.00185227,0.0273226,0.0535765
1.636,0.113256,-0.136783,0.00187956,0.0272552,0.0538388
1.637,0.113119,-0.136731,0.00190678,0.0271878,0.0541004
1.638,0.112982,-0.136678,0.00193393,0.0271206,0.0543611
1.639,0.112845,-0.136626,0.00196102,0.0270534,0.0546211
1.64,0.112709,-0.136573,0.00198804,0.0269862,0.0548803
1.641,0.112572,-0.13652,0.00201499,0.0269191,0.0551386
1.642,0.112436,-0.136466,0.00204188,0.0268521,0.0553962
1.643,0.112299,-0.136413,0.0020687,0.0267852,0.055653
1.644,0.112163,-0.136359,0.00209545,0.0267183,0.0559089
1.645,0.112027,-0.136305,0.00212213,0.0266515,0.0561641
1.646,0.11189,-0.13625,0.00214875,0.0265847,0.0564185
1.647,0.111754,-0.136196,0.0021753,0.026518,0.0566722
1.648,0.111618,-0.136141,0.00220179,0.0264514,0.056925
1.649,0.111482,-0.136086,0.0022282,0.0263849,0.057177
1.65,0.111346,-0.136031,0.00225456,0.0263184,0.0574283
1.651,0.11121,-0.135975,0.00228084,0.026252,0.0576788
1.652,0.111074,-0.13592,0.00230706,0.0261856,0.0579284
1.653,0.110938,-0.135864,0.00233321,0.0261193,0.0581774
1.654,0.110802,-0.135807,0.0023593,0.0260531,0.0584255
1.655,0.110666,-0.135751,0.00238532,0.025987,0.0586728
1.656,0.110531,-0.135695,0.00241127,0.0259209,0.0589194
1.657,0.110395,-0.135638,0.00243716,0.0258549,0.0591652
1.658,0.110259,-0.135581,0.00246298,0.0257889,0.0594102
1.659,0.110124,-0.135524,0.00248874,0.0257231,0.0596545
1.66,0.109988,-0.135466,0.00251443,0.0256573,0.059898
1.661,0.109853,-0.135408,0.00254005,0.0255915,0.0601407
1.662,0.109717,-0.135351,0.00256561,0.0255259,0.0603826
1.663,0.109582,-0.135292,0.0025911,0.0254603,0.0606238
1.664,0.109447,-0.135234,0.00261653,0.0253947,0.0608642
1.665,0.109312,-0.135176,0.00264189,0.0253293,0.0611038
1.666,0.109177,-0.135117,0.00266719,0.0252639,0.0613427
1.667,0.109041,-0.135058,0.00269242,0.0251985,0.0615808
1.668,0.108906,-0.134999,0.00271759,0.0251333,0.0618181
1.669,0.108771,-0.134939,0.00274269,0.0250681,0.0620547
1.67,0.108637,-0.13488,0.00276772,0.025003,0.0622905
1.671,0.108502,-0.13482,0.00279269,0.0249379,0.0625256
1.672,0.108367,-0.13476,0.0028176,0.024873,0.0627599
1.673,0.108232,-0.1347,0.00284244,0.024808,0.0629934
1.674,0.108098,-0.134639,0.00286721,0.0247432,0.0632262
1.675,0.107963,-0.134579,0.00289193,0.0246784,0.0634582
1.676,0.107828,-0.134518,0.00291657,0.0246137,0.0636895
1.677,0.107694,-0.134457,0.00294115,0.0245491,0.06392
1.678,0.107559,-0.134396,0.00296567,0.0244845,0.0641498
1.679,0.107425,-0.134334,0.00299012,0.0244201,0.0643788
1.68,0.107291,-0.134272,0.00301451,0.0243556,0.0646071
1.681,0.107157,-0.134211,0.00303883,0.0242913,0.0648347
1.682,0.107022,-0.134149,0.00306309,0.024227,0.0650614
1.683,0.106888,-0.134086,0.00308729,0.0241628,0.0652875
1.684,0.106754,-0.134024,0.00311142,0.0240987,0.0655128
1.685,0.10662,-0.133961,0.00313548,0.0240346,0.0657373
1.686,0.106486,-0.133898,0.00315949,0.0239706,0.0659611
1.687,0.106352,-0.133835,0.00318343,0.0239067,0.0661842
1.688,0.106219,-0.133772,0.0032073,0.0238429,0.0664065
1.689,0.106085,-0.133708,0.00323111,0.0237791,0.0666281
1.69,0.105951,-0.133645,0.00325486,0.0237154,0.066849
1.691,0.105818,-0.133581,0.00327854,0.0236517,0.0670691
1.692,0.105684,-0.133517,0.00330216,0.0235882,0.0672885
1.693,0.105551,-0.133453,0.00332572,0.0235247,0.0675071
1.694,0.105417,-0.133388,0.00334921,0.0234613,0.067725
1.695,0.105284,-0.133324,0.00337264,0.0233979,0.0679422
1.696,0.10515,-0.133259,0.00339601,0.0233346,0.0681587
1.697,0.105017,-0.133194,0.00341931,0.0232714,0.0683744
1.698,0.104884,-0.133128,0.00344255,0.0232083,0.0685894
1.699,0.104751,-0.133063,0.00346573,0.0231452,0.0688037
1.7,0.104618,-0.132997,0.00348884,0.0230822,0.0690172
1.701,0.104485,-0.132932,0.00351189,0.0230193,0.06923
1.702,0.104352,-0.132866,0.00353488,0.0229565,0.0694421
1.703,0.104219,-0.132799,0.0035578,0.0228937,0.0696535
1.704,0.104086,-0.132733,0.00358067,0.022831,0.0698642
1.705,0.103954,-0.132667,0.00360347,0.0227684,0.0700741
1.706,0.103821,-0.1326,0.0036262,0.0227058,0.0702833
1.707,0.103689,-0.132533,0.00364888,0.0226434,0.0704918
1.708,0.103556,-0.132466,0.00367149,0.022581,0.0706996
1.709,0.103424,-0.132398,0.00369404,0.0225186,0.0709067
1.71,0.103291,-0.132331,0.00371653,0.0224564,0.0711131
1.711,0.103159,-0.132263,0.00373895,0.0223942,0.0713187
1.712,0.103027,-0.132195,0.00376132,0.0223321,0.0715237
1.713,0.102895,-0.132127,0.00378362,0.02227,0.0717279
1.714,0.102763,-0.132059,0.00380586,0.0222081,0.0719314
1.715,0.10263,-0.131991,0.00382803,0.0221462,0.0721342
1.716,0.102499,-0.131922,0.00385015,0.0220844,0.0723363
1.717,0.102367,-0.131854,0.0038722,0.0220226,0.0725377
1.718,0.102235,-0.131785,0.00389419,0.021961,0.0727384
1.719,0.102103,-0.131715,0.00391612,0.0218994,0.0729384
1.72,0.101971,-0.131646,0.00393799,0.0218378,0.0731377
1.721,0.10184,-0.131577,0.0039598,0.0217764,0.0733363
1.722,0.101708,-0.131507,0.00398154,0.021715,0.0735342
1.723,0.101577,-0.131437,0.00400323,0.0216537,0.0737314
1.724,0.101445,-0.131367,0.00402485,0.0215925,0.0739278
1.725,0.101314,-0.131297,0.00404641,0.0215314,0.0741236
1.726,0.101183,-0.131227,0.00406791,0.0214703,0.0743188
1.727,0.101052,-0.131156,0.00408935,0.0214093,0.0745132
1.728,0.10092,-0.131086,0.00411073,0.0213484,0.0747069
1.729,0.100789,-0.131015,0.00413205,0.0212875,0.0748999
1.73,0.100658,-0.130944,0.00415331,0.0212267,0.0750922
1.731,0.100528,-0.130873,0.0041745,0.021166,0.0752839
1.732,0.100397,-0.130801,0.00419564,0.0211054,0.0754748
1.733,0.100266,-0.13073,0.00421671,0.0210449,0.0756651
1.734,0.100135,-0.130658,0.00423773,0.0209844,0.0758547
1.735,0.100005,-0.130586,0.00425868,0.020924,0.0760436
1.736,0.0998741,-0.130514,0.00427958,0.0208636,0.0762318
1.737,0.0997436,-0.130442,0.00430041,0.0208034,0.0764194
1.738,0.0996132,-0.130369,0.00432118,0.0207432,0.0766062
1.739,0.0994828,-0.130297,0.0043419,0.0206831,0.0767924
1.74,0.0993526,-0.130224,0.00436255,0.0206231,0.0769779
1.741,0.0992224,-0.130151,0.00438314,0.0205631,0.0771627
1.742,0.0990923,-0.130078,0.00440368,0.0205033,0.0773468
1.743,0.0989622,-0.130005,0.00442415,0.0204435,0.0775303
1.744,0.0988323,-0.129932,0.00444456,0.0203838,0.0777131
1.745,0.0987024,-0.129858,0.00446492,0.0203241,0.0778952
1.746,0.0985726,-0.129784,0.00448521,0.0202645,0.0780767
1.747,0.0984428,-0.129711,0.00450545,0.020205,0.0782575
1.748,0.0983131,-0.129637,0.00452562,0.0201456,0.0784376
1.749,0.0981835,-0.129562,0.00454574,0.0200863,0.078617
1.75,0.098054,-0.129488,0.00456579,0.020027,0.0787958
1.751,0.0979246,-0.129414,0.00458579,0.0199678,0.0789739
1.752,0.0977952,-0.129339,0.00460573,0.0199087,0.0791513
1.753,0.0976659,-0.129264,0.00462561,0.0198497,0.0793281
1.754,0.0975367,-0.129189,0.00464543,0.0197907,0.0795042
1.755,0.0974075,-0.129114,0.00466519,0.0197318,0.0796797
1.756,0.0972784,-0.129039,0.00468489,0.019673,0.0798545
1.757,0.0971494,-0.128963,0.00470454,0.0196143,0.0800286
1.758,0.0970205,-0.128888,0.00472412,0.0195556,0.0802021
1.759,0.0968916,-0.128812,0.00474365,0.019497,0.0803749
1.76,0.0967629,-0.128736,0.00476312,0.0194385,0.0805471
1.761,0.0966342,-0.12866,0.00478252,0.0193801,0.0807186
1.762,0.0965056,-0.128584,0.00480188,0.0193217,0.0808894
1.763,0.096377,-0.128508,0.00482117,0.0192635,0.0810596
1.764,0.0962485,-0.128431,0.0048404,0.0192053,0.0812292
1.765,0.0961201,-0.128355,0.00485958,0.0191471,0.0813981
1.766,0.0959918,-0.128278,0.0048787,0.0190891,0.0815664
1.767,0.0958636,-0.128201,0.00489776,0.0190311,0.081734
1.768,0.0957354,-0.128124,0.00491676,0.0189732,0.0819009
1.769,0.0956073,-0.128046,0.0049357,0.0189154,0.0820672
1.77,0.0954793,-0.127969,0.00495459,0.0188577,0.0822329
1.771,0.0953514,-0.127892,0.00497342,0.0188,0.0823979
1.772,0.0952236,-0.127814,0.00499219,0.0187424,0.0825623
1.773,0.0950958,-0.127736,0.0050109,0.0186849,0.0827261
1.774,0.0949681,-0.127658,0.00502956,0.0186275,0.0828892
1.775,0.0948405,-0.12758,0.00504816,0.0185701,0.0830516
1.776,0.0947129,-0.127502,0.0050667,0.0185129,0.0832134
1.777,0.0945855,-0.127423,0.00508518,0.0184557,0.0833746
1.778,0.0944581,-0.127345,0.00510361,0.0183986,0.0835352
1.779,0.0943308,-0.127266,0.00512198,0.0183415,0.0836951
1.78,0.0942035,-0.127187,0.00514029,0.0182845,0.0838544
1.781,0.0940764,-0.127108,0.00515855,0.0182277,0.0840131
1.782,0.0939493,-0.127029,0.00517675,0.0181708,0.0841711
1.783,0.0938223,-0.12695,0.00519489,0.0181141,0.0843285
1.784,0.0936954,-0.126871,0.00521298,0.0180574,0.0844852
1.785,0.0935686,-0.126791,0.00523101,0.0180009,0.0846414
1.786,0.0934418,-0.126711,0.00524898,0.0179444,0.0847969
1.787,0.0933152,-0.126632,0.0052669,0.0178879,0.0849518
1.788,0.0931886,-0.126552,0.00528475,0.0178316,0.085106
1.789,0.0930621,-0.126472,0.00530256,0.0177753,0.0852597
1.79,0.0929356,-0.126391,0.00532031,0.0177191,0.0854127
1.791,0.0928093,-0.126311,0.005338,0.017663,0.0855651
1.792,0.092683,-0.126231,0.00535563,0.017607,0.0857169
1.793,0.0925568,-0.12615,0.00537321,0.017551,0.085868
1.794,0.0924307,-0.126069,0.00539073,0.0174951,0.0860186
1.795,0.0923047,-0.125988,0.0054082,0.0174393,0.0861685
1.796,0.0921787,-0.125907,0.00542561,0.0173836,0.0863178
1.797,0.0920529,-0.125826,0.00544297,0.017328,0.0864665
1.798,0.0919271,-0.125745,0.00546027,0.0172724,0.0866146
1.799,0.0918014,-0.125664,0.00547751,0.0172169,0.086762
1.8,0.0916758,-0.125582,0.0054947,0.0171615,0.0869089
1.801,0.0915502,-0.1255,0.00551184,0.0171061,0.0870552
1.802,0.0914248,-0.125419,0.00552891,0.0170509,0.0872008
1.803,0.0912994,-0.125337,0.00554594,0.0169957,0.0873458
1.804,0.0911741,-0.125255,0.00556291,0.0169406,0.0874903
1.805,0.0910489,-0.125173,0.00557982,0.0168856,0.0876341
1.806,0.0909237,-0.12509,0.00559668,0.0168306,0.0877773
1.807,0.0907987,-0.125008,0.00561348,0.0167758,0.0879199
1.808,0.0906737,-0.124925,0.00563023,0.016721,0.0880619
1.809,0.0905488,-0.124843,0.00564692,0.0166663,0.0882033
1.81,0.090424,-0.12476,0.00566356,0.0166116,0.0883441
1.811,0.0902993,-0.124677,0.00568015,0.0165571,0.0884843
1.812,0.0901747,-0.124594,0.00569667,0.0165026,0.088624
1.813,0.0900501,-0.124511,0.00571315,0.0164482,0.088763
1.814,0.0899257,-0.124427,0.00572957,0.0163939,0.0889014
1.815,0.0898013,-0.124344,0.00574594,0.0163396,0.0890392
1.816,0.089677,-0.12426,0.00576225,0.0162855,0.0891765
1.817,0.0895528,-0.124177,0.00577851,0.0162314,0.0893131
1.818,0.0894286,-0.124093,0.00579471,0.0161774,0.0894492
1.819,0.0893046,-0.124009,0.00581086,0.0161234,0.0895846
1.82,0.0891806,-0.123925,0.00582696,0.0160696,0.0897195
1.821,0.0890567,-0.123841,0.005843,0.0160158,0.0898538
1.822,0.0889329,-0.123757,0.00585899,0.0159621,0.0899875
1.823,0.0888092,-0.123672,0.00587493,0.0159085,0.0901206
1.824,0.0886856,-0.123588,0.00589081,0.015855,0.0902531
1.825,0.088562,-0.123503,0.00590664,0.0158015,0.0903851
1.826,0.0884386,-0.123419,0.00592241,0.0157481,0.0905164
1.827,0.0883152,-0.123334,0.00593813,0.0156948,0.0906472
1.828,0.0881919,-0.123249,0.0059538,0.0156416,0.0907774
1.829,0.0880687,-0.123164,0.00596942,0.0155884,0.090907
1.83,0.0879456,-0.123079,0.00598498,0.0155354,0.0910361
1.831,0.0878225,-0.122993,0.00600049,0.0154824,0.0911645
1.832,0.0876996,-0.122908,0.00601594,0.0154295,0.0912924
1.833,0.0875767,-0.122822,0.00603135,0.0153766,0.0914197
1.834,0.0874539,-0.122737,0.0060467,0.0153239,0.0915465
1.835,0.0873312,-0.122651,0.00606199,0.0152712,0.0916727
1.836,0.0872086,-0.122565,0.00607724,0.0152186,0.0917983
1.837,0.0870861,-0.122479,0.00609243,0.0151661,0.0919233
1.838,0.0869637,-0.122393,0.00610757,0.0151136,0.0920477
1.839,0.0868413,-0.122307,0.00612266,0.0150613,0.0921716
1.84,0.0867191,-0.122221,0.00613769,0.015009,0.092295
1.841,0.0865969,-0.122134,0.00615268,0.0149568,0.0924177
1.842,0.0864748,-0.122048,0.00616761,0.0149046,0.0925399
1.843,0.0863528,-0.121961,0.00618249,0.0148526,0.0926615
1.844,0.0862309,-0.121875,0.00619731,0.0148006,0.0927826
1.845,0.086109,-0.121788,0.00621209,0.0147487,0.0929031
1.846,0.0859873,-0.121701,0.00622681,0.0146969,0.093023
1.847,0.0858656,-0.121614,0.00624148,0.0146452,0.0931424
1.848,0.0857441,-0.121527,0.0062561,0.0145935,0.0932612
1.849,0.0856226,-0.121439,0.00627067,0.0145419,0.0933795
1.85,0.0855012,-0.121352,0.00628518,0.0144904,0.0934972
1.851,0.0853799,-0.121265,0.00629965,0.014439,0.0936144
1.852,0.0852587,-0.121177,0.00631406,0.0143877,0.093731
1.853,0.0851375,-0.121089,0.00632842,0.0143364,0.093847
1.854,0.0850165,-0.121002,0.00634273,0.0142852,0.0939625
1.855,0.0848955,-0.120914,0.00635699,0.0142341,0.0940775
1.856,0.0847747,-0.120826,0.0063712,0.0141831,0.0941918
1.857,0.0846539,-0.120738,0.00638536,0.0141321,0.0943057
1.858,0.0845332,-0.12065,0.00639947,0.0140812,0.094419
1.859,0.0844126,-0.120561,0.00641352,0.0140305,0.0945317
1.86,0.0842921,-0.120473,0.00642753,0.0139797,0.0946439
1.861,0.0841716,-0.120385,0.00644148,0.0139291,0.0947556
1.862,0.0840513,-0.120296,0.00645539,0.0138785,0.0948667
1.863,0.083931,-0.120207,0.00646924,0.0138281,0.0949773
1.864,0.0838109,-0.120119,0.00648304,0.0137776,0.0950873
1.865,0.0836908,-0.12003,0.00649679,0.0137273,0.0951968
1.866,0.0835708,-0.119941,0.0065105,0.0136771,0.0953057
1.867,0.0834509,-0.119852,0.00652415,0.0136269,0.0954141
1.868,0.0833311,-0.119763,0.00653775,0.0135768,0.095522
1.869,0.0832114,-0.119674,0.0065513,0.0135268,0.0956293
1.87,0.0830918,-0.119584,0.0065648,0.0134769,0.0957361
1.871,0.0829722,-0.119495,0.00657826,0.013427,0.0958424
1.872,0.0828528,-0.119405,0.00659166,0.0133772,0.0959481
1.873,0.0827334,-0.119316,0.00660501,0.0133275,0.0960533
1.874,0.0826141,-0.119226,0.00661831,0.0132779,0.096158
1.875,0.082495,-0.119136,0.00663157,0.0132284,0.0962621
1.876,0.0823759,-0.119047,0.00664477,0.0131789,0.0963658
1.877,0.0822569,-0.118957,0.00665792,0.0131295,0.0964688
1.878,0.082138,-0.118867,0.00667103,0.0130802,0.0965714
1.879,0.0820191,-0.118776,0.00668408,0.013031,0.0966734
1.88,0.0819004,-0.118686,0.00669709,0.0129819,0.0967749
1.881,0.0817818,-0.118596,0.00671005,0.0129328,0.0968759
1.882,0.0816632,-0.118506,0.00672296,0.0128838,0.0969763
1.883,0.0815448,-0.118415,0.00673582,0.0128349,0.0970763
1.884,0.0814264,-0.118325,0.00674863,0.012786,0.0971757
1.885,0.0813081,-0.118234,0.00676139,0.0127373,0.0972746
1.886,0.0811899,-0.118143,0.0067741,0.0126886,0.0973729
1.887,0.0810718,-0.118052,0.00678676,0.01264,0.0974708
1.888,0.0809538,-0.117961,0.00679938,0.0125915,0.0975681
1.889,0.0808359,-0.11787,0.00681195,0.012543,0.097665
1.89,0.0807181,-0.117779,0.00682447,0.0124947,0.0977613
1.891,0.0806003,-0.117688,0.00683694,0.0124464,0.0978571
1.892,0.0804827,-0.117597,0.00684936,0.0123981,0.0979523
1.893,0.0803651,-0.117506,0.00686173,0.01235,0.0980471
1.894,0.0802477,-0.117414,0.00687406,0.012302,0.0981414
1.895,0.0801303,-0.117323,0.00688634,0.012254,0.0982351
1.896,0.080013,-0.117231,0.00689857,0.0122061,0.0983284
1.897,0.0798959,-0.11714,0.00691075,0.0121583,0.0984211
1.898,0.0797788,-0.117048,0.00692288,0.0121105,0.0985133
1.899,0.0796618,-0.116956,0.00693497,0.0120628,0.098605
1.9,0.0795448,-0.116864,0.00694701,0.0120153,0.0986963
1.901,0.079428,-0.116772,0.006959,0.0119677,0.098787
1.902,0.0793113,-0.11668,0.00697094,0.0119203,0.0988772
1.903,0.0791947,-0.116588,0.00698284,0.011873,0.0989669
1.904,0.0790781,-0.116496,0.00699469,0.0118257,0.0990561
1.905,0.0789617,-0.116404,0.00700649,0.0117785,0.0991448
1.906,0.0788453,-0.116311,0.00701825,0.0117314,0.099233
1.907,0.0787291,-0.116219,0.00702996,0.0116843,0.0993207
1.908,0.0786129,-0.116126,0.00704162,0.0116374,0.0994079
1.909,0.0784968,-0.116034,0.00705323,0.0115905,0.0994946
1.91,0.0783808,-0.115941,0.0070648,0.0115437,0.0995809
1.911,0.0782649,-0.115848,0.00707632,0.0114969,0.0996666
1.912,0.0781491,-0.115755,0.00708779,0.0114503,0.0997518
1.913,0.0780334,-0.115663,0.00709922,0.0114037,0.0998366
1.914,0.0779178,-0.11557,0.0071106,0.0113572,0.0999208
1.915,0.0778023,-0.115477,0.00712193,0.0113108,0.100005
1.916,0.0776868,-0.115384,0.00713322,0.0112644,0.100088
1.917,0.0775715,-0.11529,0.00714446,0.0112182,0.100171
1.918,0.0774563,-0.115197,0.00715566,0.011172,0.100253
1.919,0.0773411,-0.115104,0.00716681,0.0111259,0.100335
1.92,0.077226,-0.11501,0.00717791,0.0110798,0.100416
1.921,0.0771111,-0.114917,0.00718897,0.0110339,0.100497
1.922,0.0769962,-0.114823,0.00719998,0.010988,0.100577
1.923,0.0768814,-0.11473,0.00721094,0.0109422,0.100657
1.924,0.0767668,-0.114636,0.00722186,0.0108965,0.100737
1.925,0.0766522,-0.114542,0.00723273,0.0108508,0.100816
1.926,0.0765377,-0.114449,0.00724356,0.0108052,0.100894
1.927,0.0764233,-0.114355,0.00725434,0.0107598,0.100972
1.928,0.076309,-0.114261,0.00726508,0.0107143,0.101049
1.929,0.0761947,-0.114167,0.00727577,0.010669,0.101127
1.93,0.0760806,-0.114073,0.00728642,0.0106237,0.101203
1.931,0.0759666,-0.113979,0.00729702,0.0105786,0.101279
1.932,0.0758527,-0.113885,0.00730758,0.0105334,0.101355
1.933,0.0757388,-0.11379,0.00731809,0.0104884,0.10143
1.934,0.0756251,-0.113696,0.00732855,0.0104435,0.101505
1.935,0.0755114,-0.113602,0.00733897,0.0103986,0.101579
1.936,0.0753979,-0.113507,0.00734935,0.0103538,0.101652
1.937,0.0752844,-0.113413,0.00735968,0.0103091,0.101726
1.938,0.0751711,-0.113318,0.00736997,0.0102644,0.101798
1.939,0.0750578,-0.113223,0.00738021,0.0102199,0.101871
1.94,0.0749446,-0.113129,0.00739041,0.0101754,0.101943
1.941,0.0748315,-0.113034,0.00740056,0.0101309,0.102014
1.942,0.0747185,-0.112939,0.00741067,0.0100866,0.102085
1.943,0.0746057,-0.112844,0.00742073,0.0100423,0.102155
1.944,0.0744929,-0.112749,0.00743075,0.00999817,0.102225
1.945,0.0743802,-0.112654,0.00744073,0.00995406,0.102295
1.946,0.0742676,-0.112559,0.00745066,0.00991003,0.102364
1.947,0.074155,-0.112464,0.00746055,0.00986607,0.102433
1.948,0.0740426,-0.112369,0.0074704,0.0098222,0.102501
1.949,0.0739303,-0.112274,0.0074802,0.0097784,0.102569
1.95,0.0738181,-0.112178,0.00748995,0.00973467,0.102636
1.951,0.0737059,-0.112083,0.00749966,0.00969102,0.102703
1.952,0.0735939,-0.111988,0.00750933,0.00964745,0.102769
1.953,0.073482,-0.111892,0.00751896,0.00960396,0.102835
1.954,0.0733701,-0.111797,0.00752854,0.00956054,0.1029
1.955,0.0732584,-0.111701,0.00753808,0.0095172,0.102965
1.956,0.0731467,-0.111605,0.00754758,0.00947393,0.10303
1.957,0.0730352,-0.11151,0.00755703,0.00943074,0.103094
1.958,0.0729237,-0.111414,0.00756644,0.00938763,0.103158
1.959,0.0728123,-0.111318,0.0075758,0.00934459,0.103221
1.96,0.0727011,-0.111222,0.00758513,0.00930163,0.103284
1.961,0.0725899,-0.111127,0.00759441,0.00925875,0.103346
1.962,0.0724788,-0.111031,0.00760364,0.00921594,0.103408
1.963,0.0723678,-0.110935,0.00761284,0.0091732,0.103469
1.964,0.0722569,-0.110839,0.00762199,0.00913055,0.10353
1.965,0.0721462,-0.110742,0.0076311,0.00908797,0.103591
1.966,0.0720355,-0.110646,0.00764017,0.00904546,0.103651
1.967,0.0719249,-0.11055,0.00764919,0.00900303,0.10371
1.968,0.0718144,-0.110454,0.00765817,0.00896068,0.10377
1.969,0.071704,-0.110357,0.00766711,0.0089184,0.103828
1.97,0.0715936,-0.110261,0.00767601,0.0088762,0.103887
1.971,0.0714834,-0.110165,0.00768486,0.00883408,0.103945
1.972,0.0713733,-0.110068,0.00769368,0.00879203,0.104002
1.973,0.0712633,-0.109972,0.00770245,0.00875005,0.104059
1.974,0.0711534,-0.109875,0.00771118,0.00870815,0.104116
1.975,0.0710435,-0.109779,0.00771987,0.00866633,0.104172
1.976,0.0709338,-0.109682,0.00772851,0.00862458,0.104228
1.977,0.0708242,-0.109585,0.00773711,0.00858291,0.104283
1.978,0.0707146,-0.109488,0.00774568,0.00854132,0.104338
1.979,0.0706052,-0.109392,0.0077542,0.00849979,0.104393
1.98,0.0704959,-0.109295,0.00776268,0.00845835,0.104447
1.981,0.0703866,-0.109198,0.00777111,0.00841698,0.1045
1.982,0.0702775,-0.109101,0.00777951,0.00837568,0.104553
1.983,0.0701684,-0.109004,0.00778787,0.00833446,0.104606
1.984,0.0700595,-0.108907,0.00779618,0.00829332,0.104659
1.985,0.0699506,-0.10881,0.00780445,0.00825225,0.10471
1.986,0.0698418,-0.108713,0.00781268,0.00821125,0.104762
1.987,0.0697332,-0.108616,0.00782087,0.00817034,0.104813
1.988,0.0696246,-0.108519,0.00782902,0.00812949,0.104864
1.989,0.0695161,-0.108421,0.00783713,0.00808872,0.104914
1.99,0.0694078,-0.108324,0.0078452,0.00804803,0.104964
1.991,0.0692995,-0.108227,0.00785323,0.00800741,0.105013
1.992,0.0691913,-0.108129,0.00786122,0.00796686,0.105062
1.993,0.0690832,-0.108032,0.00786916,0.00792639,0.105111
1.994,0.0689752,-0.107935,0.00787707,0.007886,0.105159
1.995,0.0688674,-0.107837,0.00788494,0.00784568,0.105207
1.996,0.0687596,-0.10774,0.00789276,0.00780543,0.105254
1.997,0.0686519,-0.107642,0.00790055,0.00776526,0.105301
1.998,0.0685443,-0.107544,0.00790829,0.00772516,0.105348
1.999,0.0684368,-0.107447,0.007916,0.00768514,0.105394
2,0.0683294,-0.107349,0.00792366,0.00764519,0.105439
2.001,0.0682221,-0.107251,0.00793129,0.00760532,0.105485
2.002,0.0681149,-0.107154,0.00793887,0.00756552,0.10553
2.003,0.0680078,-0.107056,0.00794642,0.00752579,0.105574
2.004,0.0679008,-0.106958,0.00795392,0.00748614,0.105618
2.005,0.0677939,-0.10686,0.00796139,0.00744657,0.105662
2.006,0.0676871,-0.106762,0.00796882,0.00740706,0.105705
2.007,0.0675803,-0.106664,0.0079762,0.00736764,0.105748
2.008,0.0674737,-0.106566,0.00798355,0.00732828,0.10579
2.009,0.0673672,-0.106468,0.00799086,0.007289,0.105833
2.01,0.0672608,-0.10637,0.00799813,0.0072498,0.105874
2.011,0.0671545,-0.106272,0.00800536,0.00721066,0.105915
2.012,0.0670482,-0.106174,0.00801255,0.00717161,0.105956
2.013,0.0669421,-0.106076,0.0080197,0.00713262,0.105997
2.014,0.0668361,-0.105978,0.00802682,0.00709371,0.106037
2.015,0.0667302,-0.10588,0.00803389,0.00705487,0.106077
2.016,0.0666243,-0.105782,0.00804093,0.00701611,0.106116
2.017,0.0665186,-0.105683,0.00804792,0.00697742,0.106155
2.018,0.066413,-0.105585,0.00805488,0.00693881,0.106193
2.019,0.0663074,-0.105487,0.0080618,0.00690026,0.106231
2.02,0.066202,-0.105388,0.00806868,0.00686179,0.106269
2.021,0.0660967,-0.10529,0.00807552,0.0068234,0.106307
2.022,0.0659914,-0.105191,0.00808233,0.00678508,0.106344
2.023,0.0658863,-0.105093,0.00808909,0.00674683,0.10638
2.024,0.0657812,-0.104995,0.00809582,0.00670865,0.106416
2.025,0.0656763,-0.104896,0.00810251,0.00667055,0.106452
2.026,0.0655714,-0.104797,0.00810916,0.00663252,0.106487
2.027,0.0654667,-0.104699,0.00811578,0.00659456,0.106522
2.028,0.065362,-0.1046,0.00812235,0.00655668,0.106557
2.029,0.0652575,-0.104502,0.00812889,0.00651887,0.106591
2.03,0.065153,-0.104403,0.00813539,0.00648113,0.106625
2.031,0.0650487,-0.104304,0.00814185,0.00644347,0.106659
2.032,0.0649444,-0.104206,0.00814828,0.00640588,0.106692
2.033,0.0648403,-0.104107,0.00815466,0.00636836,0.106725
2.034,0.0647362,-0.104008,0.00816101,0.00633091,0.106757
2.035,0.0646323,-0.103909,0.00816733,0.00629354,0.106789
2.036,0.0645284,-0.103811,0.0081736,0.00625624,0.106821
2.037,0.0644246,-0.103712,0.00817984,0.00621901,0.106852
2.038,0.064321,-0.103613,0.00818604,0.00618185,0.106883
2.039,0.0642174,-0.103514,0.0081922,0.00614477,0.106913
2.04,0.0641139,-0.103415,0.00819833,0.00610776,0.106943
2.041,0.0640106,-0.103316,0.00820442,0.00607082,0.106973
2.042,0.0639073,-0.103217,0.00821047,0.00603395,0.107002
2.043,0.0638041,-0.103118,0.00821649,0.00599716,0.107031
2.044,0.0637011,-0.103019,0.00822246,0.00596044,0.10706
2.045,0.0635981,-0.10292,0.00822841,0.00592379,0.107088
2.046,0.0634952,-0.102821,0.00823431,0.00588721,0.107116
2.047,0.0633925,-0.102722,0.00824018,0.00585071,0.107144
2.048,0.0632898,-0.102623,0.00824601,0.00581427,0.107171
2.049,0.0631872,-0.102524,0.00825181,0.00577791,0.107198
2.05,0.0630847,-0.102425,0.00825757,0.00574162,0.107224
2.051,0.0629824,-0.102326,0.00826329,0.0057054,0.10725
2.052,0.0628801,-0.102227,0.00826898,0.00566925,0.107276
2.053,0.0627779,-0.102127,0.00827463,0.00563318,0.107301
2.054,0.0626758,-0.102028,0.00828025,0.00559718,0.107326
2.055,0.0625739,-0.101929,0.00828583,0.00556125,0.107351
2.056,0.062472,-0.10183,0.00829137,0.00552539,0.107375
2.057,0.0623702,-0.10173,0.00829688,0.0054896,0.107399
2.058,0.0622685,-0.101631,0.00830235,0.00545388,0.107423
2.059,0.0621669,-0.101532,0.00830778,0.00541823,0.107446
2.06,0.0620655,-0.101433,0.00831319,0.00538266,0.107469
2.061,0.0619641,-0.101333,0.00831855,0.00534715,0.107491
2.062,0.0618628,-0.101234,0.00832388,0.00531172,0.107513
2.063,0.0617616,-0.101135,0.00832917,0.00527636,0.107535
2.064,0.0616605,-0.101035,0.00833443,0.00524107,0.107556
2.065,0.0615595,-0.100936,0.00833966,0.00520585,0.107578
2.066,0.0614586,-0.100836,0.00834484,0.0051707,0.107598
2.067,0.0613579,-0.100737,0.00835,0.00513563,0.107619
2.068,0.0612572,-0.100637,0.00835512,0.00510062,0.107639
2.069,0.0611566,-0.100538,0.0083602,0.00506568,0.107658
2.07,0.0610561,-0.100438,0.00836525,0.00503082,0.107678
2.071,0.0609557,-0.100339,0.00837026,0.00499602,0.107697
2.072,0.0608554,-0.10024,0.00837524,0.0049613,0.107715
2.073,0.0607552,-0.10014,0.00838018,0.00492664,0.107734
2.074,0.0606551,-0.10004,0.00838509,0.00489206,0.107752
2.075,0.0605551,-0.0999409,0.00838997,0.00485755,0.107769
2.076,0.0604553,-0.0998414,0.00839481,0.00482311,0.107786
2.077,0.0603555,-0.0997418,0.00839961,0.00478873,0.107803
2.078,0.0602558,-0.0996422,0.00840438,0.00475443,0.10782
2.079,0.0601562,-0.0995426,0.00840912,0.0047202,0.107836
2.08,0.0600567,-0.099443,0.00841382,0.00468604,0.107852
2.081,0.0599573,-0.0993434,0.00841849,0.00465194,0.107868
2.082,0.059858,-0.0992438,0.00842313,0.00461792,0.107883
2.083,0.0597588,-0.0991442,0.00842773,0.00458397,0.107898
2.084,0.0596597,-0.0990445,0.0084323,0.00455009,0.107912
2.085,0.0595607,-0.0989449,0.00843683,0.00451628,0.107927
2.086,0.0594618,-0.0988452,0.00844133,0.00448253,0.10794
2.087,0.059363,-0.0987456,0.00844579,0.00444886,0.107954
2.088,0.0592643,-0.0986459,0.00845023,0.00441526,0.107967
2.089,0.0591657,-0.0985462,0.00845463,0.00438172,0.10798
2.09,0.0590672,-0.0984465,0.00845899,0.00434826,0.107993
2.091,0.0589688,-0.0983468,0.00846332,0.00431486,0.108005
2.092,0.0588705,-0.0982471,0.00846762,0.00428154,0.108017
2.093,0.0587723,-0.0981474,0.00847189,0.00424828,0.108028
2.094,0.0586743,-0.0980476,0.00847612,0.00421509,0.10804
2.095,0.0585763,-0.0979479,0.00848032,0.00418197,0.108051
2.096,0.0584784,-0.0978482,0.00848448,0.00414892,0.108061
2.097,0.0583806,-0.0977484,0.00848861,0.00411594,0.108071
2.098,0.0582829,-0.0976487,0.00849271,0.00408303,0.108081
2.099,0.0581853,-0.0975489,0.00849678,0.00405019,0.108091
2.1,0.0580878,-0.0974491,0.00850081,0.00401741,0.1081
2.101,0.0579904,-0.0973494,0.00850481,0.00398471,0.108109
2.102,0.0578931,-0.0972496,0.00850878,0.00395207,0.108118
2.103,0.0577959,-0.0971498,0.00851272,0.00391951,0.108126
2.104,0.0576988,-0.09705,0.00851662,0.00388701,0.108134
2.105,0.0576018,-0.0969503,0.00852049,0.00385458,0.108142
2.106,0.0575049,-0.0968505,0.00852433,0.00382221,0.108149
2.107,0.0574081,-0.0967507,0.00852814,0.00378992,0.108157
2.108,0.0573114,-0.0966509,0.00853191,0.00375769,0.108163
2.109,0.0572148,-0.0965511,0.00853565,0.00372554,0.10817
2.11,0.0571183,-0.0964513,0.00853936,0.00369345,0.108176
2.111,0.0570219,-0.0963515,0.00854304,0.00366143,0.108182
2.112,0.0569256,-0.0962517,0.00854668,0.00362947,0.108187
2.113,0.0568294,-0.0961519,0.0085503,0.00359759,0.108192
2.114,0.0567333,-0.0960521,0.00855388,0.00356577,0.108197
2.115,0.0566372,-0.0959522,0.00855743,0.00353402,0.108202
2.116,0.0565413,-0.0958524,0.00856095,0.00350234,0.108206
2.117,0.0564455,-0.0957526,0.00856443,0.00347073,0.10821
2.118,0.0563498,-0.0956528,0.00856789,0.00343918,0.108214
2.119,0.0562542,-0.095553,0.00857131,0.0034077,0.108217
2.12,0.0561587,-0.0954532,0.0085747,0.00337629,0.10822
2.121,0.0560633,-0.0953534,0.00857807,0.00334495,0.108223
2.122,0.055968,-0.0952536,0.00858139,0.00331367,0.108225
2.123,0.0558728,-0.0951538,0.00858469,0.00328246,0.108227
2.124,0.0557777,-0.095054,0.00858796,0.00325132,0.108229
2.125,0.0556827,-0.0949542,0.0085912,0.00322024,0.10823
2.126,0.0555878,-0.0948544,0.0085944,0.00318924,0.108232
2.127,0.055493,-0.0947546,0.00859757,0.0031583,0.108232
2.128,0.0553983,-0.0946548,0.00860072,0.00312742,0.108233
2.129,0.0553037,-0.094555,0.00860383,0.00309662,0.108233
2.13,0.0552092,-0.0944552,0.00860691,0.00306588,0.108233
2.131,0.0551148,-0.0943554,0.00860996,0.0030352,0.108233
2.132,0.0550205,-0.0942556,0.00861298,0.0030046,0.108232
2.133,0.0549263,-0.0941558,0.00861597,0.00297406,0.108232
2.134,0.0548322,-0.0940561,0.00861893,0.00294359,0.10823
2.135,0.0547382,-0.0939563,0.00862186,0.00291318,0.108229
2.136,0.0546443,-0.0938565,0.00862475,0.00288284,0.108227
2.137,0.0545505,-0.0937568,0.00862762,0.00285257,0.108225
2.138,0.0544567,-0.093657,0.00863046,0.00282236,0.108223
2.139,0.0543631,-0.0935572,0.00863327,0.00279222,0.10822
2.14,0.0542696,-0.0934575,0.00863604,0.00276214,0.108217
2.141,0.0541762,-0.0933578,0.00863879,0.00273213,0.108214
2.142,0.0540829,-0.093258,0.00864151,0.00270219,0.10821
2.143,0.0539897,-0.0931583,0.0086442,0.00267231,0.108206
2.144,0.0538966,-0.0930586,0.00864685,0.0026425,0.108202
2.145,0.0538036,-0.0929589,0.00864948,0.00261276,0.108198
2.146,0.0537107,-0.0928592,0.00865208,0.00258308,0.108193
2.147,0.0536179,-0.0927595,0.00865465,0.00255347,0.108188
2.148,0.0535252,-0.0926598,0.00865719,0.00252392,0.108183
2.149,0.0534326,-0.0925601,0.0086597,0.00249444,0.108177
2.15,0.05334,-0.0924604,0.00866217,0.00246502,0.108172
2.151,0.0532476,-0.0923607,0.00866463,0.00243567,0.108166
2.152,0.0531553,-0.0922611,0.00866705,0.00240638,0.108159
2.153,0.0530631,-0.0921614,0.00866944,0.00237716,0.108152
2.154,0.052971,-0.0920618,0.0086718,0.002348,0.108145
2.155,0.052879,-0.0919622,0.00867413,0.00231891,0.108138
2.156,0.0527871,-0.0918625,0.00867644,0.00228989,0.108131
2.157,0.0526953,-0.0917629,0.00867871,0.00226093,0.108123
2.158,0.0526035,-0.0916633,0.00868096,0.00223203,0.108115
2.159,0.0525119,-0.0915637,0.00868318,0.0022032,0.108107
2.16,0.0524204,-0.0914642,0.00868537,0.00217444,0.108098
2.161,0.052329,-0.0913646,0.00868753,0.00214574,0.108089
2.162,0.0522377,-0.091265,0.00868966,0.0021171,0.10808
2.163,0.0521465,-0.0911655,0.00869176,0.00208853,0.10807
2.164,0.0520554,-0.091066,0.00869384,0.00206002,0.108061
2.165,0.0519643,-0.0909664,0.00869588,0.00203158,0.108051
2.166,0.0518734,-0.0908669,0.0086979,0.0020032,0.10804
2.167,0.0517826,-0.0907674,0.00869989,0.00197488,0.10803
2.168,0.0516919,-0.090668,0.00870185,0.00194663,0.108019
2.169,0.0516013,-0.0905685,0.00870378,0.00191845,0.108008
2.17,0.0515108,-0.090469,0.00870569,0.00189033,0.107997
2.171,0.0514203,-0.0903696,0.00870756,0.00186227,0.107985
2.172,0.05133,-0.0902702,0.00870941,0.00183428,0.107973
2.173,0.0512398,-0.0901707,0.00871123,0.00180635,0.107961
2.174,0.0511497,-0.0900713,0.00871302,0.00177848,0.107949
2.175,0.0510597,-0.089972,0.00871479,0.00175068,0.107936
2.176,0.0509697,-0.0898726,0.00871652,0.00172294,0.107923
2.177,0.0508799,-0.0897732,0.00871823,0.00169526,0.10791
2.178,0.0507902,-0.0896739,0.00871991,0.00166765,0.107896
2.179,0.0507006,-0.0895746,0.00872157,0.0016401,0.107883
2.18,0.050611,-0.0894752,0.00872319,0.00161262,0.107869
2.181,0.0505216,-0.0893759,0.00872479,0.0015852,0.107854
2.182,0.0504323,-0.0892767,0.00872637,0.00155784,0.10784
2.183,0.0503431,-0.0891774,0.00872791,0.00153055,0.107825
2.184,0.0502539,-0.0890782,0.00872943,0.00150331,0.10781
2.185,0.0501649,-0.0889789,0.00873092,0.00147615,0.107795
2.186,0.050076,-0.0888797,0.00873238,0.00144904,0.107779
2.187,0.0499871,-0.0887805,0.00873381,0.001422,0.107763
2.188,0.0498984,-0.0886813,0.00873522,0.00139502,0.107747
2.189,0.0498098,-0.0885822,0.0087366,0.0013681,0.107731
2.19,0.0497212,-0.088483,0.00873796,0.00134125,0.107714
2.191,0.0496328,-0.0883839,0.00873929,0.00131445,0.107697
2.192,0.0495445,-0.0882848,0.00874059,0.00128772,0.10768
2.193,0.0494562,-0.0881857,0.00874186,0.00126106,0.107663
2.194,0.0493681,-0.0880867,0.00874311,0.00123445,0.107645
2.195,0.0492801,-0.0879876,0.00874433,0.00120791,0.107628
2.196,0.0491921,-0.0878886,0.00874553,0.00118143,0.10761
2.197,0.0491043,-0.0877896,0.00874669,0.00115501,0.107591
2.198,0.0490166,-0.0876906,0.00874784,0.00112866,0.107573
2.199,0.0489289,-0.0875916,0.00874895,0.00110236,0.107554
2.2,0.0488414,-0.0874926,0.00875004,0.00107613,0.107535
2.201,0.0487539,-0.0873937,0.0087511,0.00104996,0.107515
2.202,0.0486666,-0.0872948,0.00875214,0.00102385,0.107496
2.203,0.0485793,-0.0871959,0.00875315,0.000997808,0.107476
2.204,0.0484922,-0.087097,0.00875414,0.000971824,0.107456
2.205,0.0484051,-0.0869982,0.00875509,0.000945901,0.107436
2.206,0.0483182,-0.0868994,0.00875603,0.000920039,0.107415
2.207,0.0482313,-0.0868006,0.00875693,0.000894239,0.107394
2.208,0.0481446,-0.0867018,0.00875782,0.000868501,0.107373
2.209,0.0480579,-0.086603,0.00875867,0.000842823,0.107352
2.21,0.0479714,-0.0865043,0.0087595,0.000817207,0.10733
2.211,0.0478849,-0.0864056,0.00876031,0.000791653,0.107309
2.212,0.0477986,-0.0863069,0.00876109,0.000766159,0.107287
2.213,0.0477123,-0.0862082,0.00876184,0.000740726,0.107264
2.214,0.0476262,-0.0861096,0.00876257,0.000715354,0.107242
2.215,0.0475401,-0.0860109,0.00876327,0.000690043,0.107219
2.216,0.0474541,-0.0859124,0.00876395,0.000664793,0.107196
2.217,0.0473683,-0.0858138,0.0087646,0.000639604,0.107173
2.218,0.0472825,-0.0857152,0.00876523,0.000614475,0.10715
2.219,0.0471968,-0.0856167,0.00876583,0.000589407,0.107126
2.22,0.0471113,-0.0855182,0.00876641,0.0005644,0.107102
2.221,0.0470258,-0.0854197,0.00876696,0.000539452,0.107078
2.222,0.0469404,-0.0853213,0.00876748,0.000514566,0.107053
2.223,0.0468552,-0.0852228,0.00876799,0.000489739,0.107029
2.224,0.04677,-0.0851244,0.00876846,0.000464973,0.107004
2.225,0.0466849,-0.0850261,0.00876892,0.000440267,0.106979
2.226,0.0465999,-0.0849277,0.00876934,0.000415621,0.106954
2.227,0.0465151,-0.0848294,0.00876975,0.000391034,0.106928
2.228,0.0464303,-0.0847311,0.00877013,0.000366508,0.106902
2.229,0.0463456,-0.0846328,0.00877048,0.000342042,0.106877
2.23,0.046261,-0.0845346,0.00877081,0.000317636,0.10685
2.231,0.0461765,-0.0844363,0.00877112,0.000293289,0.106824
2.232,0.0460921,-0.0843382,0.0087714,0.000269002,0.106797
2.233,0.0460079,-0.08424,0.00877165,0.000244774,0.10677
2.234,0.0459237,-0.0841419,0.00877189,0.000220606,0.106743
2.235,0.0458396,-0.0840437,0.00877209,0.000196497,0.106716
2.236,0.0457556,-0.0839457,0.00877228,0.000172448,0.106688
2.237,0.0456717,-0.0838476,0.00877244,0.000148458,0.106661
2.238,0.0455879,-0.0837496,0.00877258,0.000124527,0.106633
2.239,0.0455042,-0.0836516,0.00877269,0.000100655,0.106604
2.24,0.0454206,-0.0835536,0.00877278,7.68423e-05,0.106576
2.241,0.0453371,-0.0834557,0.00877284,5.30885e-05,0.106547
2.242,0.0452537,-0.0833578,0.00877288,2.93936e-05,0.106518
2.243,0.0451704,-0.0832599,0.0087729,5.75759e-06,0.106489
2.244,0.0450871,-0.083162,0.0087729,-1.78197e-05,0.10646
2.245,0.045004,-0.0830642,0.00877287,-4.13383e-05,0.10643
2.246,0.044921,-0.0829664,0.00877281,-6.47983e-05,0.106401
2.247,0.0448381,-0.0828686,0.00877274,-8.81998e-05,0.106371
2.248,0.0447553,-0.0827709,0.00877264,-0.000111543,0.106341
2.249,0.0446726,-0.0826732,0.00877251,-0.000134827,0.10631
2.25,0.0445899,-0.0825755,0.00877237,-0.000158054,0.10628
2.251,0.0445074,-0.0824779,0.0087722,-0.000181222,0.106249
2.252,0.044425,-0.0823803,0.008772,-0.000204332,0.106218
2.253,0.0443426,-0.0822827,0.00877179,-0.000227384,0.106186
2.254,0.0442604,-0.0821851,0.00877155,-0.000250378,0.106155
2.255,0.0441783,-0.0820876,0.00877129,-0.000273313,0.106123
2.256,0.0440962,-0.0819901,0.008771,-0.000296191,0.106091
2.257,0.0440143,-0.0818927,0.0087707,-0.000319012,0.106059
2.258,0.0439324,-0.0817953,0.00877037,-0.000341774,0.106027
2.259,0.0438507,-0.0816979,0.00877001,-0.000364479,0.105995
2.26,0.0437691,-0.0816005,0.00876964,-0.000387126,0.105962
2.261,0.0436875,-0.0815032,0.00876924,-0.000409716,0.105929
2.262,0.043606,-0.0814059,0.00876882,-0.000432249,0.105896
2.263,0.0435247,-0.0813086,0.00876837,-0.000454724,0.105862
2.264,0.0434434,-0.0812114,0.00876791,-0.000477141,0.105829
2.265,0.0433623,-0.0811142,0.00876742,-0.000499502,0.105795
2.266,0.0432812,-0.0810171,0.00876691,-0.000521806,0.105761
2.267,0.0432002,-0.0809199,0.00876638,-0.000544052,0.105727
2.268,0.0431194,-0.0808228,0.00876582,-0.000566241,0.105693
2.269,0.0430386,-0.0807258,0.00876524,-0.000588374,0.105658
2.27,0.0429579,-0.0806287,0.00876464,-0.00061045,0.105623
2.271,0.0428773,-0.0805318,0.00876402,-0.000632469,0.105588
2.272,0.0427968,-0.0804348,0.00876338,-0.000654431,0.105553
2.273,0.0427165,-0.0803379,0.00876271,-0.000676337,0.105518
2.274,0.0426362,-0.080241,0.00876203,-0.000698186,0.105482
2.275,0.042556,-0.0801441,0.00876132,-0.000719978,0.105446
2.276,0.0424759,-0.0800473,0.00876059,-0.000741715,0.105411
2.277,0.0423959,-0.0799505,0.00875983,-0.000763395,0.105374
2.278,0.042316,-0.0798538,0.00875906,-0.000785019,0.105338
2.279,0.0422362,-0.0797571,0.00875826,-0.000806586,0.105301
2.28,0.0421565,-0.0796604,0.00875745,-0.000828098,0.105265
2.281,0.0420769,-0.0795638,0.00875661,-0.000849553,0.105228
2.282,0.0419973,-0.0794672,0.00875575,-0.000870953,0.105191
2.283,0.0419179,-0.0793706,0.00875487,-0.000892297,0.105153
2.284,0.0418386,-0.0792741,0.00875396,-0.000913585,0.105116
2.285,0.0417594,-0.0791776,0.00875304,-0.000934817,0.105078
2.286,0.0416802,-0.0790811,0.00875209,-0.000955994,0.10504
2.287,0.0416012,-0.0789847,0.00875113,-0.000977115,0.105002
2.288,0.0415223,-0.0788884,0.00875014,-0.00099818,0.104964
2.289,0.0414434,-0.078792,0.00874913,-0.00101919,0.104925
2.29,0.0413647,-0.0786957,0.0087481,-0.00104015,0.104887
2.291,0.041286,-0.0785994,0.00874705,-0.00106104,0.104848
2.292,0.0412075,-0.0785032,0.00874598,-0.00108189,0.104809
2.293,0.041129,-0.078407,0.00874489,-0.00110268,0.104769
2.294,0.0410507,-0.0783109,0.00874377,-0.00112341,0.10473
2.295,0.0409724,-0.0782148,0.00874264,-0.00114409,0.10469
2.296,0.0408942,-0.0781187,0.00874148,-0.00116472,0.104651
2.297,0.0408162,-0.0780226,0.00874031,-0.00118529,0.104611
2.298,0.0407382,-0.0779267,0.00873911,-0.0012058,0.104571
2.299,0.0406603,-0.0778307,0.0087379,-0.00122626,0.10453
2.3,0.0405825,-0.0777348,0.00873666,-0.00124667,0.10449
2.301,0.0405049,-0.0776389,0.00873541,-0.00126702,0.104449
2.302,0.0404273,-0.0775431,0.00873413,-0.00128731,0.104408
2.303,0.0403498,-0.0774473,0.00873283,-0.00130756,0.104367
2.304,0.0402724,-0.0773515,0.00873151,-0.00132774,0.104326
2.305,0.0401951,-0.0772558,0.00873017,-0.00134788,0.104284
2.306,0.0401179,-0.0771601,0.00872882,-0.00136796,0.104243
2.307,0.0400407,-0.0770645,0.00872744,-0.00138798,0.104201
2.308,0.0399637,-0.0769689,0.00872604,-0.00140795,0.104159
2.309,0.0398868,-0.0768733,0.00872462,-0.00142787,0.104117
2.31,0.03981,-0.0767778,0.00872319,-0.00144774,0.104074
2.311,0.0397333,-0.0766823,0.00872173,-0.00146755,0.104032
2.312,0.0396566,-0.0765869,0.00872025,-0.0014873,0.103989
2.313,0.0395801,-0.0764915,0.00871875,-0.001507,0.103946
2.314,0.0395036,-0.0763961,0.00871724,-0.00152665,0.103903
2.315,0.0394273,-0.0763008,0.0087157,-0.00154625,0.10386
2.316,0.039351,-0.0762056,0.00871414,-0.00156579,0.103817
2.317,0.0392749,-0.0761103,0.00871257,-0.00158528,0.103773
2.318,0.0391988,-0.0760152,0.00871097,-0.00160472,0.103729
2.319,0.0391228,-0.07592,0.00870936,-0.0016241,0.103685
2.32,0.039047,-0.0758249,0.00870773,-0.00164343,0.103641
2.321,0.0389712,-0.0757299,0.00870607,-0.0016627,0.103597
2.322,0.0388955,-0.0756349,0.0087044,-0.00168193,0.103553
2.323,0.0388199,-0.0755399,0.00870271,-0.0017011,0.103508
2.324,0.0387444,-0.075445,0.008701,-0.00172022,0.103463
2.325,0.038669,-0.0753501,0.00869927,-0.00173928,0.103418
2.326,0.0385937,-0.0752552,0.00869752,-0.00175829,0.103373
2.327,0.0385185,-0.0751604,0.00869575,-0.00177725,0.103328
2.328,0.0384434,-0.0750657,0.00869396,-0.00179616,0.103283
2.329,0.0383684,-0.074971,0.00869216,-0.00181502,0.103237
2.33,0.0382935,-0.0748763,0.00869033,-0.00183382,0.103191
2.331,0.0382186,-0.0747817,0.00868849,-0.00185257,0.103145
2.332,0.0381439,-0.0746871,0.00868663,-0.00187127,0.103099
2.333,0.0380693,-0.0745926,0.00868475,-0.00188991,0.103053
2.334,0.0379947,-0.0744981,0.00868285,-0.00190851,0.103007
2.335,0.0379203,-0.0744037,0.00868093,-0.00192705,0.10296
2.336,0.0378459,-0.0743093,0.008679,-0.00194554,0.102913
2.337,0.0377717,-0.0742149,0.00867704,-0.00196398,0.102866
2.338,0.0376975,-0.0741206,0.00867507,-0.00198236,0.102819
2.339,0.0376234,-0.0740263,0.00867308,-0.0020007,0.102772
2.34,0.0375494,-0.0739321,0.00867107,-0.00201898,0.102725
2.341,0.0374755,-0.0738379,0.00866904,-0.00203721,0.102677
2.342,0.0374018,-0.0737438,0.00866699,-0.00205539,0.102629
2.343,0.0373281,-0.0736497,0.00866493,-0.00207352,0.102581
2.344,0.0372545,-0.0735557,0.00866285,-0.0020916,0.102533
2.345,0.0371809,-0.0734617,0.00866074,-0.00210962,0.102485
2.346,0.0371075,-0.0733678,0.00865863,-0.0021276,0.102437
2.347,0.0370342,-0.0732739,0.00865649,-0.00214552,0.102388
2.348,0.036961,-0.07318,0.00865433,-0.0021634,0.10234
2.349,0.0368879,-0.0730862,0.00865216,-0.00218122,0.102291
2.35,0.0368148,-0.0729925,0.00864997,-0.00219899,0.102242
2.351,0.0367419,-0.0728988,0.00864776,-0.00221671,0.102193
2.352,0.036669,-0.0728051,0.00864554,-0.00223438,0.102144
2.353,0.0365963,-0.0727115,0.0086433,-0.002252,0.102094
2.354,0.0365236,-0.0726179,0.00864104,-0.00226957,0.102045
2.355,0.036451,-0.0725244,0.00863876,-0.00228709,0.101995
2.356,0.0363785,-0.0724309,0.00863646,-0.00230455,0.101945
2.357,0.0363062,-0.0723375,0.00863415,-0.00232197,0.101895
2.358,0.0362339,-0.0722441,0.00863182,-0.00233934,0.101845
2.359,0.0361617,-0.0721508,0.00862947,-0.00235665,0.101794
2.36,0.0360896,-0.0720575,0.0086271,-0.00237392,0.101744
2.361,0.0360176,-0.0719643,0.00862472,-0.00239114,0.101693
2.362,0.0359456,-0.0718711,0.00862232,-0.0024083,0.101642
2.363,0.0358738,-0.071778,0.0086199,-0.00242542,0.101591
2.364,0.0358021,-0.0716849,0.00861747,-0.00244249,0.10154
2.365,0.0357304,-0.0715919,0.00861502,-0.0024595,0.101489
2.366,0.0356589,-0.0714989,0.00861255,-0.00247647,0.101438
2.367,0.0355874,-0.0714059,0.00861007,-0.00249339,0.101386
2.368,0.0355161,-0.071313,0.00860756,-0.00251026,0.101335
2.369,0.0354448,-0.0712202,0.00860505,-0.00252708,0.101283
2.37,0.0353736,-0.0711274,0.00860251,-0.00254385,0.101231
2.371,0.0353026,-0.0710347,0.00859996,-0.00256057,0.101179
2.372,0.0352316,-0.070942,0.00859739,-0.00257724,0.101126
2.373,0.0351607,-0.0708493,0.0085948,-0.00259386,0.101074
2.374,0.0350899,-0.0707568,0.0085922,-0.00261043,0.101021
2.375,0.0350192,-0.0706642,0.00858958,-0.00262695,0.100969
2.376,0.0349485,-0.0705717,0.00858695,-0.00264343,0.100916
2.377,0.034878,-0.0704793,0.0085843,-0.00265985,0.100863
2.378,0.0348076,-0.0703869,0.00858163,-0.00267623,0.10081
2.379,0.0347372,-0.0702945,0.00857894,-0.00269256,0.100757
2.38,0.034667,-0.0702023,0.00857624,-0.00270884,0.100703
2.381,0.0345968,-0.07011,0.00857353,-0.00272507,0.10065
2.382,0.0345268,-0.0700178,0.00857079,-0.00274125,0.100596
2.383,0.0344568,-0.0699257,0.00856804,-0.00275739,0.100542
2.384,0.0343869,-0.0698336,0.00856528,-0.00277347,0.100488
2.385,0.0343171,-0.0697416,0.0085625,-0.00278951,0.100434
2.386,0.0342474,-0.0696496,0.0085597,-0.0028055,0.10038
2.387,0.0341778,-0.0695577,0.00855689,-0.00282144,0.100326
2.388,0.0341083,-0.0694658,0.00855406,-0.00283734,0.100271
2.389,0.0340389,-0.069374,0.00855121,-0.00285318,0.100217
2.39,0.0339696,-0.0692822,0.00854835,-0.00286898,0.100162
2.391,0.0339003,-0.0691905,0.00854547,-0.00288473,0.100107
2.392,0.0338312,-0.0690988,0.00854258,-0.00290043,0.100052
2.393,0.0337621,-0.0690072,0.00853967,-0.00291608,0.0999969
2.394,0.0336932,-0.0689156,0.00853675,-0.00293169,0.0999417
2.395,0.0336243,-0.0688241,0.00853381,-0.00294725,0.0998862
2.396,0.0335555,-0.0687326,0.00853085,-0.00296276,0.0998307
2.397,0.0334869,-0.0686412,0.00852788,-0.00297822,0.099775
2.398,0.0334183,-0.0685499,0.0085249,-0.00299364,0.0997192
2.399,0.0333498,-0.0684586,0.0085219,-0.00300901,0.0996633
2.4,0.0332813,-0.0683673,0.00851888,-0.00302433,0.0996073
2.401,0.033213,-0.0682761,0.00851585,-0.00303961,0.0995511
2.402,0.0331448,-0.068185,0.0085128,-0.00305484,0.0994947
2.403,0.0330766,-0.0680939,0.00850974,-0.00307002,0.0994383
2.404,0.0330086,-0.0680029,0.00850666,-0.00308515,0.0993817
2.405,0.0329406,-0.0679119,0.00850357,-0.00310024,0.099325
2.406,0.0328728,-0.067821,0.00850046,-0.00311528,0.0992682
2.407,0.032805,-0.0677301,0.00849734,-0.00313027,0.0992113
2.408,0.0327373,-0.0676393,0.0084942,-0.00314522,0.0991542
2.409,0.0326697,-0.0675485,0.00849105,-0.00316012,0.099097
2.41,0.0326022,-0.0674578,0.00848788,-0.00317498,0.0990397
2.411,0.0325348,-0.0673671,0.0084847,-0.00318979,0.0989822
2.412,0.0324675,-0.0672765,0.0084815,-0.00320455,0.0989246
2.413,0.0324003,-0.067186,0.00847829,-0.00321926,0.098867
2.414,0.0323331,-0.0670955,0.00847506,-0.00323393,0.0988091
2.415,0.0322661,-0.0670051,0.00847182,-0.00324856,0.0987512
2.416,0.0321991,-0.0669147,0.00846856,-0.00326313,0.0986931
2.417,0.0321322,-0.0668243,0.00846529,-0.00327767,0.098635
2.418,0.0320655,-0.0667341,0.00846201,-0.00329215,0.0985767
2.419,0.0319988,-0.0666439,0.00845871,-0.00330659,0.0985182
2.42,0.0319322,-0.0665537,0.0084554,-0.00332099,0.0984597
2.421,0.0318657,-0.0664636,0.00845207,-0.00333534,0.098401
2.422,0.0317992,-0.0663735,0.00844873,-0.00334964,0.0983423
2.423,0.0317329,-0.0662835,0.00844537,-0.0033639,0.0982834
2.424,0.0316667,-0.0661936,0.008442,-0.00337811,0.0982244
2.425,0.0316005,-0.0661037,0.00843861,-0.00339227,0.0981652
2.426,0.0315345,-0.0660139,0.00843521,-0.0034064,0.098106
2.427,0.0314685,-0.0659241,0.0084318,-0.00342047,0.0980466
2.428,0.0314026,-0.0658344,0.00842837,-0.0034345,0.0979871
2.429,0.0313368,-0.0657447,0.00842493,-0.00344849,0.0979275
2.43,0.0312711,-0.0656551,0.00842148,-0.00346243,0.0978678
2.431,0.0312055,-0.0655656,0.00841801,-0.00347633,0.097808
2.432,0.03114,-0.0654761,0.00841452,-0.00349018,0.0977481
2.433,0.0310746,-0.0653866,0.00841103,-0.00350399,0.097688
2.434,0.0310092,-0.0652973,0.00840751,-0.00351775,0.0976279
2.435,0.030944,-0.0652079,0.00840399,-0.00353147,0.0975676
2.436,0.0308788,-0.0651187,0.00840045,-0.00354514,0.0975072
2.437,0.0308137,-0.0650295,0.0083969,-0.00355877,0.0974467
2.438,0.0307487,-0.0649403,0.00839333,-0.00357235,0.0973861
2.439,0.0306838,-0.0648512,0.00838976,-0.00358589,0.0973254
2.44,0.030619,-0.0647622,0.00838616,-0.00359939,0.0972645
2.441,0.0305543,-0.0646732,0.00838256,-0.00361284,0.0972036
2.442,0.0304897,-0.0645843,0.00837894,-0.00362624,0.0971425
2.443,0.0304252,-0.0644954,0.0083753,-0.00363961,0.0970814
2.444,0.0303607,-0.0644066,0.00837166,-0.00365293,0.0970201
2.445,0.0302963,-0.0643179,0.008368,-0.0036662,0.0969587
2.446,0.0302321,-0.0642292,0.00836433,-0.00367943,0.0968973
2.447,0.0301679,-0.0641406,0.00836064,-0.00369262,0.0968357
2.448,0.0301038,-0.064052,0.00835694,-0.00370576,0.096774
2.449,0.0300398,-0.0639635,0.00835323,-0.00371886,0.0967122
2.45,0.0299759,-0.063875,0.0083495,-0.00373192,0.0966503
2.451,0.029912,-0.0637866,0.00834576,-0.00374493,0.0965883
2.452,0.0298483,-0.0636983,0.00834201,-0.0037579,0.0965261
2.453,0.0297846,-0.06361,0.00833825,-0.00377083,0.0964639
2.454,0.0297211,-0.0635218,0.00833447,-0.00378371,0.0964016
2.455,0.0296576,-0.0634336,0.00833068,-0.00379655,0.0963392
2.456,0.0295942,-0.0633455,0.00832688,-0.00380935,0.0962766
2.457,0.0295309,-0.0632575,0.00832306,-0.0038221,0.096214
2.458,0.0294677,-0.0631695,0.00831923,-0.00383481,0.0961513
2.459,0.0294046,-0.0630815,0.00831539,-0.00384748,0.0960884
2.46,0.0293415,-0.0629937,0.00831154,-0.00386011,0.0960255
2.461,0.0292786,-0.0629059,0.00830767,-0.00387269,0.0959625
2.462,0.0292157,-0.0628181,0.00830379,-0.00388523,0.0958993
2.463,0.0291529,-0.0627304,0.0082999,-0.00389773,0.0958361
2.464,0.0290903,-0.0626428,0.008296,-0.00391018,0.0957728
2.465,0.0290277,-0.0625552,0.00829208,-0.00392259,0.0957093
2.466,0.0289651,-0.0624677,0.00828815,-0.00393496,0.0956458
2.467,0.0289027,-0.0623802,0.00828421,-0.00394729,0.0955821
2.468,0.0288404,-0.0622928,0.00828026,-0.00395957,0.0955184
2.469,0.0287781,-0.0622055,0.00827629,-0.00397182,0.0954546
2.47,0.028716,-0.0621182,0.00827231,-0.00398402,0.0953907
2.471,0.0286539,-0.062031,0.00826832,-0.00399618,0.0953266
2.472,0.0285919,-0.0619439,0.00826432,-0.00400829,0.0952625
2.473,0.02853,-0.0618568,0.00826031,-0.00402037,0.0951983
2.474,0.0284682,-0.0617697,0.00825628,-0.0040324,0.095134
2.475,0.0284065,-0.0616828,0.00825224,-0.00404439,0.0950696
2.476,0.0283448,-0.0615959,0.00824819,-0.00405634,0.0950051
2.477,0.0282833,-0.061509,0.00824413,-0.00406825,0.0949405
2.478,0.0282218,-0.0614222,0.00824006,-0.00408012,0.0948758
2.479,0.0281604,-0.0613355,0.00823597,-0.00409194,0.0948111
2.48,0.0280991,-0.0612488,0.00823187,-0.00410372,0.0947462
2.481,0.0280379,-0.0611622,0.00822776,-0.00411547,0.0946812
2.482,0.0279768,-0.0610757,0.00822364,-0.00412717,0.0946162
2.483,0.0279158,-0.0609892,0.00821951,-0.00413883,0.094551
2.484,0.0278548,-0.0609028,0.00821536,-0.00415044,0.0944858
2.485,0.027794,-0.0608164,0.00821121,-0.00416202,0.0944205
2.486,0.0277332,-0.0607301,0.00820704,-0.00417356,0.0943551
2.487,0.0276725,-0.0606439,0.00820286,-0.00418505,0.0942896
2.488,0.0276119,-0.0605577,0.00819867,-0.00419651,0.094224
2.489,0.0275514,-0.0604716,0.00819447,-0.00420792,0.0941583
2.49,0.027491,-0.0603855,0.00819025,-0.0042193,0.0940925
2.491,0.0274306,-0.0602995,0.00818603,-0.00423063,0.0940267
2.492,0.0273704,-0.0602136,0.00818179,-0.00424192,0.0939607
2.493,0.0273102,-0.0601277,0.00817755,-0.00425317,0.0938947
2.494,0.0272501,-0.0600419,0.00817329,-0.00426438,0.0938286
2.495,0.0271901,-0.0599562,0.00816902,-0.00427555,0.0937624
2.496,0.0271302,-0.0598705,0.00816474,-0.00428668,0.0936961
2.497,0.0270704,-0.0597848,0.00816044,-0.00429777,0.0936297
2.498,0.0270106,-0.0596993,0.00815614,-0.00430882,0.0935633
2.499,0.026951,-0.0596138,0.00815183,-0.00431983,0.0934967
2.5,0.0268914,-0.0595284,0.0081475,-0.0043308,0.0934301
2.501,0.0268319,-0.059443,0.00814316,-0.00434173,0.0933634
2.502,0.0267725,-0.0593577,0.00813882,-0.00435262,0.0932966
2.503,0.0267132,-0.0592724,0.00813446,-0.00436347,0.0932297
2.504,0.026654,-0.0591872,0.00813009,-0.00437428,0.0931627
2.505,0.0265948,-0.0591021,0.00812571,-0.00438505,0.0930957
2.506,0.0265358,-0.0590171,0.00812132,-0.00439579,0.0930286
2.507,0.0264768,-0.0589321,0.00811692,-0.00440648,0.0929614
2.508,0.0264179,-0.0588471,0.00811251,-0.00441713,0.0928941
2.509,0.0263591,-0.0587623,0.00810808,-0.00442774,0.0928267
2.51,0.0263004,-0.0586775,0.00810365,-0.00443832,0.0927593
2.511,0.0262417,-0.0585927,0.00809921,-0.00444885,0.0926918
2.512,0.0261832,-0.058508,0.00809475,-0.00445934,0.0926241
2.513,0.0261247,-0.0584234,0.00809029,-0.0044698,0.0925565
2.514,0.0260664,-0.0583389,0.00808581,-0.00448022,0.0924887
2.515,0.0260081,-0.0582544,0.00808133,-0.0044906,0.0924209
2.516,0.0259498,-0.0581699,0.00807683,-0.00450093,0.0923529
2.517,0.0258917,-0.0580856,0.00807233,-0.00451123,0.0922849
2.518,0.0258337,-0.0580013,0.00806781,-0.0045215,0.0922169
2.519,0.0257757,-0.057917,0.00806328,-0.00453172,0.0921487
2.52,0.0257178,-0.0578329,0.00805875,-0.0045419,0.0920805
2.521,0.02566,-0.0577488,0.0080542,-0.00455205,0.0920122
2.522,0.0256023,-0.0576647,0.00804964,-0.00456215,0.0919438
2.523,0.0255447,-0.0575807,0.00804508,-0.00457222,0.0918754
2.524,0.0254872,-0.0574968,0.0080405,-0.00458225,0.0918068
2.525,0.0254297,-0.057413,0.00803591,-0.00459224,0.0917383
2.526,0.0253724,-0.0573292,0.00803131,-0.0046022,0.0916696
2.527,0.0253151,-0.0572454,0.00802671,-0.00461211,0.0916008
2.528,0.0252579,-0.0571618,0.00802209,-0.00462199,0.091532
2.529,0.0252007,-0.0570782,0.00801746,-0.00463183,0.0914631
2.53,0.0251437,-0.0569947,0.00801283,-0.00464163,0.0913942
2.531,0.0250868,-0.0569112,0.00800818,-0.0046514,0.0913251
2.532,0.0250299,-0.0568278,0.00800352,-0.00466112,0.091256
2.533,0.0249731,-0.0567445,0.00799886,-0.00467081,0.0911868
2.534,0.0249164,-0.0566612,0.00799418,-0.00468046,0.0911176
2.535,0.0248598,-0.056578,0.0079895,-0.00469007,0.0910483
2.536,0.0248032,-0.0564948,0.0079848,-0.00469965,0.0909789
2.537,0.0247468,-0.0564118,0.0079801,-0.00470918,0.0909094
2.538,0.0246904,-0.0563287,0.00797538,-0.00471868,0.0908399
2.539,0.0246341,-0.0562458,0.00797066,-0.00472815,0.0907703
2.54,0.0245779,-0.0561629,0.00796593,-0.00473757,0.0907006
2.541,0.0245218,-0.0560801,0.00796119,-0.00474696,0.0906309
2.542,0.0244658,-0.0559973,0.00795643,-0.00475631,0.0905611
2.543,0.0244098,-0.0559146,0.00795167,-0.00476563,0.0904912
2.544,0.0243539,-0.055832,0.0079469,-0.0047749,0.0904213
2.545,0.0242981,-0.0557495,0.00794212,-0.00478414,0.0903513
2.546,0.0242424,-0.055667,0.00793733,-0.00479335,0.0902812
2.547,0.0241868,-0.0555845,0.00793254,-0.00480251,0.0902111
2.548,0.0241313,-0.0555022,0.00792773,-0.00481164,0.0901409
2.549,0.0240758,-0.0554199,0.00792291,-0.00482074,0.0900706
2.55,0.0240204,-0.0553377,0.00791809,-0.00482979,0.0900003
2.551,0.0239651,-0.0552555,0.00791325,-0.00483881,0.0899299
2.552,0.0239099,-0.0551734,0.00790841,-0.0048478,0.0898594
2.553,0.0238548,-0.0550914,0.00790356,-0.00485674,0.0897889
2.554,0.0237997,-0.0550094,0.0078987,-0.00486565,0.0897183
2.555,0.0237448,-0.0549275,0.00789383,-0.00487453,0.0896477
2.556,0.0236899,-0.0548457,0.00788895,-0.00488337,0.089577
2.557,0.0236351,-0.0547639,0.00788406,-0.00489217,0.0895062
2.558,0.0235803,-0.0546822,0.00787916,-0.00490093,0.0894354
2.559,0.0235257,-0.0546006,0.00787426,-0.00490966,0.0893645
2.56,0.0234711,-0.054519,0.00786934,-0.00491836,0.0892935
2.561,0.0234167,-0.0544375,0.00786442,-0.00492702,0.0892225
2.562,0.0233623,-0.054356,0.00785949,-0.00493564,0.0891514
2.563,0.023308,-0.0542747,0.00785455,-0.00494423,0.0890803
2.564,0.0232537,-0.0541934,0.0078496,-0.00495278,0.0890091
2.565,0.0231996,-0.0541121,0.00784465,-0.00496129,0.0889379
2.566,0.0231455,-0.0540309,0.00783968,-0.00496977,0.0888665
2.567,0.0230915,-0.0539498,0.00783471,-0.00497822,0.0887952
2.568,0.0230376,-0.0538688,0.00782972,-0.00498662,0.0887237
2.569,0.0229838,-0.0537878,0.00782473,-0.004995,0.0886523
2.57,0.02293,-0.0537069,0.00781973,-0.00500334,0.0885807
2.571,0.0228764,-0.0536261,0.00781473,-0.00501164,0.0885091
2.572,0.0228228,-0.0535453,0.00780971,-0.00501991,0.0884374
2.573,0.0227693,-0.0534646,0.00780469,-0.00502814,0.0883657
2.574,0.0227158,-0.053384,0.00779965,-0.00503634,0.088294
2.575,0.0226625,-0.0533034,0.00779461,-0.0050445,0.0882221
2.576,0.0226092,-0.0532229,0.00778956,-0.00505263,0.0881502
2.577,0.0225561,-0.0531424,0.00778451,-0.00506072,0.0880783
2.578,0.0225029,-0.0530621,0.00777944,-0.00506878,0.0880063
2.579,0.0224499,-0.0529818,0.00777437,-0.0050768,0.0879343
2.58,0.022397,-0.0529015,0.00776929,-0.00508479,0.0878622
2.581,0.0223441,-0.0528214,0.0077642,-0.00509275,0.08779
2.582,0.0222913,-0.0527413,0.0077591,-0.00510067,0.0877178
2.583,0.0222386,-0.0526612,0.007754,-0.00510855,0.0876455
2.584,0.022186,-0.0525812,0.00774889,-0.0051164,0.0875732
2.585,0.0221335,-0.0525013,0.00774377,-0.00512422,0.0875009
2.586,0.022081,-0.0524215,0.00773864,-0.005132,0.0874284
2.587,0.0220286,-0.0523417,0.0077335,-0.00513975,0.087356
2.588,0.0219763,-0.052262,0.00772836,-0.00514747,0.0872835
2.589,0.0219241,-0.0521824,0.00772321,-0.00515515,0.0872109
2.59,0.021872,-0.0521028,0.00771805,-0.00516279,0.0871383
2.591,0.0218199,-0.0520234,0.00771288,-0.00517041,0.0870656
2.592,0.0217679,-0.0519439,0.00770771,-0.00517798,0.0869929
2.593,0.021716,-0.0518646,0.00770253,-0.00518553,0.0869201
2.594,0.0216642,-0.0517853,0.00769734,-0.00519304,0.0868473
2.595,0.0216124,-0.051706,0.00769214,-0.00520052,0.0867744
2.596,0.0215608,-0.0516269,0.00768694,-0.00520796,0.0867015
2.597,0.0215092,-0.0515478,0.00768172,-0.00521537,0.0866285
2.598,0.0214577,-0.0514688,0.00767651,-0.00522275,0.0865555
2.599,0.0214063,-0.0513898,0.00767128,-0.00523009,0.0864824
2.6,0.0213549,-0.0513109,0.00766605,-0.0052374,0.0864093
2.601,0.0213036,-0.0512321,0.0076608,-0.00524468,0.0863362
2.602,0.0212524,-0.0511534,0.00765556,-0.00525192,0.086263
2.603,0.0212013,-0.0510747,0.0076503,-0.00525913,0.0861897
2.604,0.0211503,-0.0509961,0.00764504,-0.00526631,0.0861164
2.605,0.0210993,-0.0509175,0.00763977,-0.00527345,0.0860431
2.606,0.0210485,-0.050839,0.00763449,-0.00528057,0.0859697
2.607,0.0209977,-0.0507606,0.00762921,-0.00528764,0.0858963
2.608,0.0209469,-0.0506823,0.00762392,-0.00529469,0.0858228
2.609,0.0208963,-0.050604,0.00761862,-0.0053017,0.0857493
2.61,0.0208457,-0.0505258,0.00761331,-0.00530868,0.0856757
2.611,0.0207952,-0.0504477,0.007608,-0.00531563,0.0856021
2.612,0.0207448,-0.0503696,0.00760268,-0.00532255,0.0855285
2.613,0.0206945,-0.0502916,0.00759736,-0.00532943,0.0854548
2.614,0.0206442,-0.0502137,0.00759202,-0.00533628,0.085381
2.615,0.0205941,-0.0501358,0.00758668,-0.0053431,0.0853073
2.616,0.020544,-0.050058,0.00758134,-0.00534988,0.0852334
2.617,0.020494,-0.0499803,0.00757598,-0.00535664,0.0851596
2.618,0.020444,-0.0499026,0.00757062,-0.00536336,0.0850857
2.619,0.0203942,-0.0498251,0.00756526,-0.00537005,0.0850117
2.62,0.0203444,-0.0497475,0.00755988,-0.0053767,0.0849377
2.621,0.0202947,-0.0496701,0.0075545,-0.00538333,0.0848637
2.622,0.020245,-0.0495927,0.00754912,-0.00538992,0.0847897
2.623,0.0201955,-0.0495154,0.00754372,-0.00539648,0.0847155
2.624,0.020146,-0.0494382,0.00753832,-0.00540301,0.0846414
2.625,0.0200966,-0.049361,0.00753292,-0.00540951,0.0845672
2.626,0.0200473,-0.0492839,0.0075275,-0.00541597,0.084493
2.627,0.019998,-0.0492068,0.00752209,-0.00542241,0.0844187
2.628,0.0199489,-0.0491299,0.00751666,-0.00542881,0.0843444
2.629,0.0198998,-0.049053,0.00751123,-0.00543518,0.0842701
2.63,0.0198508,-0.0489761,0.00750579,-0.00544152,0.0841957
2.631,0.0198018,-0.0488994,0.00750034,-0.00544783,0.0841213
2.632,0.019753,-0.0488227,0.00749489,-0.0054541,0.0840469
2.633,0.0197042,-0.0487461,0.00748944,-0.00546035,0.0839724
2.634,0.0196555,-0.0486695,0.00748397,-0.00546656,0.0838978
2.635,0.0196068,-0.048593,0.0074785,-0.00547275,0.0838233
2.636,0.0195583,-0.0485166,0.00747303,-0.0054789,0.0837487
2.637,0.0195098,-0.0484403,0.00746755,-0.00548502,0.0836741
2.638,0.0194614,-0.048364,0.00746206,-0.00549111,0.0835994
2.639,0.0194131,-0.0482878,0.00745656,-0.00549717,0.0835247
2.64,0.0193648,-0.0482116,0.00745106,-0.0055032,0.08345
2.641,0.0193166,-0.0481356,0.00744556,-0.0055092,0.0833752
2.642,0.0192686,-0.0480596,0.00744004,-0.00551516,0.0833004
2.643,0.0192205,-0.0479837,0.00743453,-0.0055211,0.0832256
2.644,0.0191726,-0.0479078,0.007429,-0.00552701,0.0831507
2.645,0.0191247,-0.047832,0.00742347,-0.00553288,0.0830758
2.646,0.0190769,-0.0477563,0.00741794,-0.00553873,0.0830008
2.647,0.0190292,-0.0476806,0.0074124,-0.00554454,0.0829259
2.648,0.0189816,-0.047605,0.00740685,-0.00555033,0.0828509
2.649,0.018934,-0.0475295,0.00740129,-0.00555608,0.0827758
2.65,0.0188865,-0.0474541,0.00739574,-0.0055618,0.0827008
2.651,0.0188391,-0.0473787,0.00739017,-0.0055675,0.0826257
2.652,0.0187917,-0.0473034,0.0073846,-0.00557316,0.0825506
2.653,0.0187445,-0.0472282,0.00737902,-0.00557879,0.0824754
2.654,0.0186973,-0.047153,0.00737344,-0.0055844,0.0824002
2.655,0.0186502,-0.0470779,0.00736786,-0.00558997,0.082325
2.656,0.0186031,-0.0470029,0.00736226,-0.00559552,0.0822497
2.657,0.0185562,-0.0469279,0.00735667,-0.00560103,0.0821745
2.658,0.0185093,-0.0468531,0.00735106,-0.00560651,0.0820992
2.659,0.0184625,-0.0467782,0.00734545,-0.00561197,0.0820238
2.66,0.0184157,-0.0467035,0.00733984,-0.00561739,0.0819485
2.661,0.0183691,-0.0466288,0.00733422,-0.00562279,0.0818731
2.662,0.0183225,-0.0465542,0.00732859,-0.00562815,0.0817976
2.663,0.0182759,-0.0464797,0.00732296,-0.00563349,0.0817222
2.664,0.0182295,-0.0464052,0.00731732,-0.0056388,0.0816467
2.665,0.0181831,-0.0463308,0.00731168,-0.00564408,0.0815712
2.666,0.0181368,-0.0462565,0.00730604,-0.00564932,0.0814957
2.667,0.0180906,-0.0461822,0.00730038,-0.00565454,0.0814201
2.668,0.0180445,-0.0461081,0.00729473,-0.00565973,0.0813446
2.669,0.0179984,-0.0460339,0.00728907,-0.0056649,0.0812689
2.67,0.0179524,-0.0459599,0.0072834,-0.00567003,0.0811933
2.671,0.0179065,-0.0458859,0.00727773,-0.00567513,0.0811176
2.672,0.0178606,-0.045812,0.00727205,-0.0056802,0.081042
2.673,0.0178149,-0.0457382,0.00726637,-0.00568525,0.0809662
2.674,0.0177692,-0.0456644,0.00726068,-0.00569027,0.0808905
2.675,0.0177235,-0.0455907,0.00725498,-0.00569526,0.0808148
2.676,0.017678,-0.0455171,0.00724929,-0.00570021,0.080739
2.677,0.0176325,-0.0454435,0.00724358,-0.00570515,0.0806632
2.678,0.0175871,-0.0453701,0.00723788,-0.00571005,0.0805873
2.679,0.0175418,-0.0452966,0.00723216,-0.00571492,0.0805115
2.68,0.0174965,-0.0452233,0.00722645,-0.00571977,0.0804356
2.681,0.0174513,-0.04515,0.00722072,-0.00572458,0.0803597
2.682,0.0174062,-0.0450768,0.007215,-0.00572937,0.0802838
2.683,0.0173612,-0.0450037,0.00720927,-0.00573413,0.0802078
2.684,0.0173162,-0.0449306,0.00720353,-0.00573887,0.0801319
2.685,0.0172713,-0.0448576,0.00719779,-0.00574357,0.0800559
2.686,0.0172265,-0.0447847,0.00719204,-0.00574825,0.0799799
2.687,0.0171817,-0.0447119,0.00718629,-0.0057529,0.0799038
2.688,0.017137,-0.0446391,0.00718054,-0.00575752,0.0798278
2.689,0.0170924,-0.0445664,0.00717478,-0.00576211,0.0797517
2.69,0.0170479,-0.0444937,0.00716901,-0.00576667,0.0796756
2.691,0.0170035,-0.0444212,0.00716324,-0.00577121,0.0795995
2.692,0.0169591,-0.0443487,0.00715747,-0.00577572,0.0795234
2.693,0.0169148,-0.0442762,0.00715169,-0.0057802,0.0794472
2.694,0.0168705,-0.0442039,0.00714591,-0.00578465,0.079371
2.695,0.0168264,-0.0441316,0.00714012,-0.00578908,0.0792948
2.696,0.0167823,-0.0440594,0.00713433,-0.00579348,0.0792186
2.697,0.0167382,-0.0439872,0.00712854,-0.00579785,0.0791424
2.698,0.0166943,-0.0439152,0.00712274,-0.00580219,0.0790662
2.699,0.0166504,-0.0438431,0.00711693,-0.00580651,0.0789899
2.7,0.0166066,-0.0437712,0.00711112,-0.0058108,0.0789136
2.701,0.0165629,-0.0436993,0.00710531,-0.00581506,0.0788373
2.702,0.0165192,-0.0436276,0.00709949,-0.0058193,0.078761
2.703,0.0164756,-0.0435558,0.00709367,-0.00582351,0.0786847
2.704,0.0164321,-0.0434842,0.00708785,-0.00582769,0.0786083
2.705,0.0163886,-0.0434126,0.00708202,-0.00583184,0.0785319
2.706,0.0163453,-0.0433411,0.00707618,-0.00583597,0.0784556
2.707,0.016302,-0.0432696,0.00707034,-0.00584007,0.0783792
2.708,0.0162587,-0.0431983,0.0070645,-0.00584414,0.0783027
2.709,0.0162156,-0.043127,0.00705866,-0.00584819,0.0782263
2.71,0.0161725,-0.0430558,0.00705281,-0.00585221,0.0781499
2.711,0.0161294,-0.0429846,0.00704695,-0.0058562,0.0780734
2.712,0.0160865,-0.0429135,0.00704109,-0.00586017,0.0779969
2.713,0.0160436,-0.0428425,0.00703523,-0.00586411,0.0779204
2.714,0.0160008,-0.0427715,0.00702937,-0.00586803,0.0778439
2.715,0.0159581,-0.0427007,0.0070235,-0.00587191,0.0777674
2.716,0.0159154,-0.0426299,0.00701762,-0.00587578,0.0776909
2.717,0.0158728,-0.0425591,0.00701174,-0.00587961,0.0776143
2.718,0.0158303,-0.0424885,0.00700586,-0.00588342,0.0775378
2.719,0.0157878,-0.0424179,0.00699998,-0.0058872,0.0774612
2.72,0.0157455,-0.0423474,0.00699409,-0.00589096,0.0773846
2.721,0.0157031,-0.0422769,0.00698819,-0.00589469,0.077308
2.722,0.0156609,-0.0422065,0.0069823,-0.0058984,0.0772314
2.723,0.0156187,-0.0421362,0.0069764,-0.00590207,0.0771548
2.724,0.0155766,-0.042066,0.00697049,-0.00590573,0.0770782
2.725,0.0155346,-0.0419958,0.00696459,-0.00590935,0.0770015
2.726,0.0154926,-0.0419257,0.00695868,-0.00591296,0.0769249
2.727,0.0154507,-0.0418557,0.00695276,-0.00591653,0.0768482
2.728,0.0154089,-0.0417857,0.00694684,-0.00592008,0.0767716
2.729,0.0153672,-0.0417159,0.00694092,-0.00592361,0.0766949
2.73,0.0153255,-0.0416461,0.006935,-0.0059271,0.0766182
2.731,0.0152839,-0.0415763,0.00692907,-0.00593058,0.0765415
2.732,0.0152423,-0.0415066,0.00692313,-0.00593403,0.0764648
2.733,0.0152009,-0.041437,0.0069172,-0.00593745,0.076388
2.734,0.0151595,-0.0413675,0.00691126,-0.00594085,0.0763113
2.735,0.0151181,-0.0412981,0.00690532,-0.00594422,0.0762346
2.736,0.0150769,-0.0412287,0.00689937,-0.00594756,0.0761578
2.737,0.0150357,-0.0411594,0.00689342,-0.00595089,0.076081
2.738,0.0149946,-0.0410901,0.00688747,-0.00595418,0.0760043
2.739,0.0149535,-0.0410209,0.00688151,-0.00595745,0.0759275
2.74,0.0149125,-0.0409518,0.00687555,-0.0059607,0.0758507
2.741,0.0148716,-0.0408828,0.00686959,-0.00596392,0.0757739
2.742,0.0148307,-0.0408138,0.00686363,-0.00596712,0.0756971
2.743,0.01479,-0.040745,0.00685766,-0.00597029,0.0756203
2.744,0.0147493,-0.0406761,0.00685169,-0.00597344,0.0755435
2.745,0.0147086,-0.0406074,0.00684571,-0.00597656,0.0754667
2.746,0.014668,-0.0405387,0.00683973,-0.00597966,0.0753899
2.747,0.0146275,-0.0404701,0.00683375,-0.00598273,0.0753131
2.748,0.0145871,-0.0404016,0.00682777,-0.00598578,0.0752362
2.749,0.0145467,-0.0403331,0.00682178,-0.0059888,0.0751594
2.75,0.0145064,-0.0402647,0.00681579,-0.0059918,0.0750825
2.751,0.0144662,-0.0401964,0.0068098,-0.00599478,0.0750057
2.752,0.014426,-0.0401281,0.0068038,-0.00599773,0.0749288
2.753,0.0143859,-0.04006,0.0067978,-0.00600066,0.074852
2.754,0.0143459,-0.0399918,0.0067918,-0.00600356,0.0747751
2.755,0.014306,-0.0399238,0.00678579,-0.00600644,0.0746982
2.756,0.0142661,-0.0398558,0.00677979,-0.00600929,0.0746213
2.757,0.0142263,-0.0397879,0.00677378,-0.00601212,0.0745445
2.758,0.0141865,-0.0397201,0.00676776,-0.00601493,0.0744676
2.759,0.0141468,-0.0396524,0.00676175,-0.00601771,0.0743907
2.76,0.0141072,-0.0395847,0.00675573,-0.00602047,0.0743138
2.761,0.0140676,-0.0395171,0.0067497,-0.0060232,0.0742369
2.762,0.0140282,-0.0394495,0.00674368,-0.00602591,0.07416
2.763,0.0139887,-0.0393821,0.00673765,-0.0060286,0.0740831
2.764,0.0139494,-0.0393147,0.00673162,-0.00603126,0.0740062
2.765,0.0139101,-0.0392473,0.00672559,-0.0060339,0.0739293
2.766,0.0138709,-0.0391801,0.00671956,-0.00603652,0.0738524
2.767,0.0138318,-0.0391129,0.00671352,-0.00603911,0.0737755
2.768,0.0137927,-0.0390458,0.00670748,-0.00604168,0.0736986
2.769,0.0137537,-0.0389787,0.00670143,-0.00604423,0.0736217
2.77,0.0137147,-0.0389118,0.00669539,-0.00604675,0.0735448
2.771,0.0136758,-0.0388448,0.00668934,-0.00604925,0.0734679
2.772,0.013637,-0.038778,0.00668329,-0.00605172,0.073391
2.773,0.0135983,-0.0387113,0.00667724,-0.00605418,0.0733141
2.774,0.0135596,-0.0386446,0.00667118,-0.00605661,0.0732372
2.775,0.013521,-0.0385779,0.00666512,-0.00605901,0.0731603
2.776,0.0134825,-0.0385114,0.00665906,-0.0060614,0.0730834
2.777,0.013444,-0.0384449,0.006653,-0.00606376,0.0730065
2.778,0.0134056,-0.0383785,0.00664694,-0.00606609,0.0729295
2.779,0.0133672,-0.0383122,0.00664087,-0.00606841,0.0728526
2.78,0.0133289,-0.0382459,0.0066348,-0.0060707,0.0727757
2.781,0.0132907,-0.0381797,0.00662873,-0.00607297,0.0726988
2.782,0.0132526,-0.0381136,0.00662265,-0.00607521,0.0726219
2.783,0.0132145,-0.0380476,0.00661658,-0.00607744,0.072545
2.784,0.0131765,-0.0379816,0.0066105,-0.00607964,0.0724681
2.785,0.0131385,-0.0379157,0.00660442,-0.00608182,0.0723912
2.786,0.0131007,-0.0378498,0.00659834,-0.00608397,0.0723144
2.787,0.0130628,-0.0377841,0.00659225,-0.00608611,0.0722375
2.788,0.0130251,-0.0377184,0.00658616,-0.00608822,0.0721606
2.789,0.0129874,-0.0376527,0.00658007,-0.0060903,0.0720837
2.79,0.0129498,-0.0375872,0.00657398,-0.00609237,0.0720068
2.791,0.0129122,-0.0375217,0.00656789,-0.00609441,0.0719299
2.792,0.0128747,-0.0374563,0.00656179,-0.00609644,0.0718531
2.793,0.0128373,-0.0373909,0.0065557,-0.00609844,0.0717762
2.794,0.0128,-0.0373257,0.0065496,-0.00610041,0.0716993
2.795,0.0127627,-0.0372605,0.0065435,-0.00610237,0.0716225
2.796,0.0127254,-0.0371953,0.00653739,-0.0061043,0.0715456
2.797,0.0126883,-0.0371303,0.00653129,-0.00610621,0.0714688
2.798,0.0126512,-0.0370653,0.00652518,-0.0061081,0.0713919
2.799,0.0126141,-0.0370004,0.00651907,-0.00610997,0.0713151
2.8,0.0125772,-0.0369355,0.00651296,-0.00611182,0.0712382
2.801,0.0125403,-0.0368708,0.00650685,-0.00611364,0.0711614
2.802,0.0125034,-0.0368061,0.00650073,-0.00611544,0.0710846
2.803,0.0124667,-0.0367414,0.00649462,-0.00611722,0.0710078
2.804,0.0124299,-0.0366769,0.0064885,-0.00611898,0.070931
2.805,0.0123933,-0.0366124,0.00648238,-0.00612072,0.0708542
2.806,0.0123567,-0.0365479,0.00647626,-0.00612244,0.0707774
2.807,0.0123202,-0.0364836,0.00647013,-0.00612413,0.0707006
2.808,0.0122838,-0.0364193,0.00646401,-0.0061258,0.0706238
2.809,0.0122474,-0.0363551,0.00645788,-0.00612746,0.070547
2.81,0.012211,-0.036291,0.00645175,-0.00612909,0.0704702
2.811,0.0121748,-0.0362269,0.00644562,-0.0061307,0.0703935
2.812,0.0121386,-0.0361629,0.00643949,-0.00613228,0.0703167
2.813,0.0121025,-0.036099,0.00643336,-0.00613385,0.07024
2.814,0.0120664,-0.0360351,0.00642722,-0.0061354,0.0701632
2.815,0.0120304,-0.0359713,0.00642109,-0.00613692,0.0700865
2.816,0.0119944,-0.0359076,0.00641495,-0.00613843,0.0700098
2.817,0.0119586,-0.035844,0.00640881,-0.00613991,0.0699331
2.818,0.0119228,-0.0357804,0.00640267,-0.00614137,0.0698564
2.819,0.011887,-0.0357169,0.00639653,-0.00614281,0.0697797
2.82,0.0118513,-0.0356535,0.00639039,-0.00614423,0.069703
2.821,0.0118157,-0.0355901,0.00638424,-0.00614563,0.0696263
2.822,0.0117801,-0.0355268,0.00637809,-0.00614701,0.0695497
2.823,0.0117447,-0.0354636,0.00637195,-0.00614837,0.069473
2.824,0.0117092,-0.0354005,0.0063658,-0.00614971,0.0693964
2.825,0.0116738,-0.0353374,0.00635965,-0.00615103,0.0693197
2.826,0.0116385,-0.0352744,0.0063535,-0.00615232,0.0692431
2.827,0.0116033,-0.0352114,0.00634734,-0.0061536,0.0691665
2.828,0.0115681,-0.0351486,0.00634119,-0.00615485,0.0690899
2.829,0.011533,-0.0350858,0.00633503,-0.00615609,0.0690133
2.83,0.0114979,-0.0350231,0.00632888,-0.00615731,0.0689367
2.831,0.011463,-0.0349604,0.00632272,-0.0061585,0.0688602
2.832,0.011428,-0.0348978,0.00631656,-0.00615968,0.0687836
2.833,0.0113932,-0.0348353,0.0063104,-0.00616083,0.068707
2.834,0.0113584,-0.0347729,0.00630424,-0.00616197,0.0686305
2.835,0.0113236,-0.0347105,0.00629808,-0.00616308,0.068554
2.836,0.0112889,-0.0346482,0.00629191,-0.00616417,0.0684775
2.837,0.0112543,-0.034586,0.00628575,-0.00616525,0.068401
2.838,0.0112198,-0.0345238,0.00627958,-0.0061663,0.0683245
2.839,0.0111853,-0.0344617,0.00627341,-0.00616734,0.068248
2.84,0.0111508,-0.0343997,0.00626725,-0.00616835,0.0681716
2.841,0.0111165,-0.0343377,0.00626108,-0.00616935,0.0680951
2.842,0.0110822,-0.0342758,0.00625491,-0.00617033,0.0680187
2.843,0.0110479,-0.034214,0.00624874,-0.00617128,0.0679423
2.844,0.0110137,-0.0341523,0.00624257,-0.00617222,0.0678659
2.845,0.0109796,-0.0340906,0.00623639,-0.00617313,0.0677895
2.846,0.0109456,-0.034029,0.00623022,-0.00617403,0.0677131
2.847,0.0109116,-0.0339675,0.00622404,-0.00617491,0.0676368
2.848,0.0108776,-0.033906,0.00621787,-0.00617577,0.0675604
2.849,0.0108437,-0.0338447,0.00621169,-0.00617661,0.0674841
2.85,0.0108099,-0.0337833,0.00620552,-0.00617743,0.0674078
2.851,0.0107762,-0.0337221,0.00619934,-0.00617823,0.0673315
2.852,0.0107425,-0.0336609,0.00619316,-0.00617901,0.0672552
2.853,0.0107089,-0.0335998,0.00618698,-0.00617977,0.0671789
2.854,0.0106753,-0.0335388,0.0061808,-0.00618051,0.0671026
2.855,0.0106418,-0.0334778,0.00617462,-0.00618124,0.0670264
2.856,0.0106083,-0.0334169,0.00616844,-0.00618194,0.0669502
2.857,0.0105749,-0.0333561,0.00616226,-0.00618263,0.066874
2.858,0.0105416,-0.0332953,0.00615607,-0.00618329,0.0667978
2.859,0.0105084,-0.0332346,0.00614989,-0.00618394,0.0667216
2.86,0.0104752,-0.033174,0.0061437,-0.00618457,0.0666454
2.861,0.010442,-0.0331135,0.00613752,-0.00618518,0.0665693
2.862,0.0104089,-0.033053,0.00613133,-0.00618577,0.0664932
2.863,0.0103759,-0.0329926,0.00612515,-0.00618635,0.0664171
2.864,0.0103429,-0.0329323,0.00611896,-0.0061869,0.066341
2.865,0.01031,-0.032872,0.00611277,-0.00618744,0.0662649
2.866,0.0102772,-0.0328118,0.00610659,-0.00618795,0.0661889
2.867,0.0102444,-0.0327517,0.0061004,-0.00618845,0.0661128
2.868,0.0102117,-0.0326916,0.00609421,-0.00618893,0.0660368
2.869,0.010179,-0.0326316,0.00608802,-0.00618939,0.0659608
2.87,0.0101464,-0.0325717,0.00608183,-0.00618984,0.0658848
2.871,0.0101139,-0.0325119,0.00607564,-0.00619026,0.0658088
2.872,0.0100814,-0.0324521,0.00606945,-0.00619067,0.0657329
2.873,0.010049,-0.0323924,0.00606326,-0.00619105,0.065657
2.874,0.0100166,-0.0323328,0.00605707,-0.00619142,0.0655811
2.875,0.00998432,-0.0322732,0.00605088,-0.00619178,0.0655052
2.876,0.00995207,-0.0322137,0.00604469,-0.00619211,0.0654293
2.877,0.00991989,-0.0321543,0.00603849,-0.00619243,0.0653535
2.878,0.00988776,-0.0320949,0.0060323,-0.00619272,0.0652776
2.879,0.0098557,-0.0320356,0.00602611,-0.006193,0.0652018
2.88,0.00982369,-0.0319764,0.00601991,-0.00619327,0.065126
2.881,0.00979175,-0.0319173,0.00601372,-0.00619351,0.0650502
2.882,0.00975986,-0.0318582,0.00600753,-0.00619374,0.0649745
2.883,0.00972803,-0.0317992,0.00600133,-0.00619394,0.0648988
2.884,0.00969626,-0.0317402,0.00599514,-0.00619414,0.0648231
2.885,0.00966455,-0.0316814,0.00598895,-0.00619431,0.0647474
2.886,0.0096329,-0.0316226,0.00598275,-0.00619446,0.0646717
2.887,0.0096013,-0.0315638,0.00597656,-0.0061946,0.0645961
2.888,0.00956977,-0.0315052,0.00597036,-0.00619472,0.0645204
2.889,0.00953829,-0.0314466,0.00596417,-0.00619482,0.0644448
2.89,0.00950688,-0.0313881,0.00595797,-0.00619491,0.0643692
2.891,0.00947552,-0.0313296,0.00595178,-0.00619498,0.0642937
2.892,0.00944422,-0.0312712,0.00594558,-0.00619503,0.0642181
2.893,0.00941297,-0.0312129,0.00593939,-0.00619506,0.0641426
2.894,0.00938179,-0.0311547,0.00593319,-0.00619508,0.0640671
2.895,0.00935067,-0.0310965,0.005927,-0.00619507,0.0639916
2.896,0.0093196,-0.0310384,0.0059208,-0.00619506,0.0639162
2.897,0.00928859,-0.0309804,0.00591461,-0.00619502,0.0638408
2.898,0.00925764,-0.0309224,0.00590841,-0.00619497,0.0637654
2.899,0.00922674,-0.0308645,0.00590222,-0.0061949,0.06369
2.9,0.00919591,-0.0308067,0.00589602,-0.00619481,0.0636146
2.901,0.00916513,-0.0307489,0.00588983,-0.00619471,0.0635393
2.902,0.00913441,-0.0306912,0.00588363,-0.00619458,0.063464
2.903,0.00910375,-0.0306336,0.00587744,-0.00619445,0.0633887
2.904,0.00907314,-0.0305761,0.00587124,-0.00619429,0.0633134
2.905,0.0090426,-0.0305186,0.00586505,-0.00619412,0.0632382
2.906,0.00901211,-0.0304612,0.00585886,-0.00619393,0.0631629
2.907,0.00898167,-0.0304038,0.00585266,-0.00619373,0.0630878
2.908,0.0089513,-0.0303465,0.00584647,-0.00619351,0.0630126
2.909,0.00892098,-0.0302893,0.00584027,-0.00619327,0.0629374
2.91,0.00889072,-0.0302322,0.00583408,-0.00619301,0.0628623
2.911,0.00886052,-0.0301751,0.00582789,-0.00619274,0.0627872
2.912,0.00883037,-0.0301181,0.0058217,-0.00619245,0.0627121
2.913,0.00880028,-0.0300612,0.0058155,-0.00619215,0.0626371
2.914,0.00877025,-0.0300044,0.00580931,-0.00619183,0.0625621
2.915,0.00874027,-0.0299476,0.00580312,-0.00619149,0.0624871
2.916,0.00871035,-0.0298908,0.00579693,-0.00619114,0.0624121
2.917,0.00868049,-0.0298342,0.00579074,-0.00619077,0.0623372
2.918,0.00865068,-0.0297776,0.00578455,-0.00619038,0.0622622
2.919,0.00862093,-0.0297211,0.00577836,-0.00618998,0.0621873
2.92,0.00859124,-0.0296646,0.00577217,-0.00618956,0.0621125
2.921,0.0085616,-0.0296083,0.00576598,-0.00618913,0.0620376
2.922,0.00853202,-0.029552,0.00575979,-0.00618868,0.0619628
2.923,0.0085025,-0.0294957,0.0057536,-0.00618821,0.061888
2.924,0.00847303,-0.0294395,0.00574741,-0.00618773,0.0618133
2.925,0.00844362,-0.0293834,0.00574123,-0.00618723,0.0617385
2.926,0.00841427,-0.0293274,0.00573504,-0.00618672,0.0616638
2.927,0.00838497,-0.0292714,0.00572885,-0.00618619,0.0615891
2.928,0.00835572,-0.0292155,0.00572267,-0.00618564,0.0615145
2.929,0.00832654,-0.0291597,0.00571648,-0.00618508,0.0614399
2.93,0.0082974,-0.0291039,0.0057103,-0.0061845,0.0613653
2.931,0.00826833,-0.0290483,0.00570411,-0.00618391,0.0612907
2.932,0.00823931,-0.0289926,0.00569793,-0.0061833,0.0612161
2.933,0.00821034,-0.0289371,0.00569175,-0.00618268,0.0611416
2.934,0.00818143,-0.0288816,0.00568556,-0.00618204,0.0610671
2.935,0.00815258,-0.0288262,0.00567938,-0.00618138,0.0609927
2.936,0.00812378,-0.0287708,0.0056732,-0.00618071,0.0609182
2.937,0.00809504,-0.0287155,0.00566702,-0.00618003,0.0608438
2.938,0.00806635,-0.0286603,0.00566084,-0.00617933,0.0607694
2.939,0.00803772,-0.0286052,0.00565466,-0.00617861,0.0606951
2.94,0.00800914,-0.0285501,0.00564848,-0.00617788,0.0606208
2.941,0.00798062,-0.0284951,0.00564231,-0.00617713,0.0605465
2.942,0.00795215,-0.0284402,0.00563613,-0.00617637,0.0604722
2.943,0.00792374,-0.0283853,0.00562995,-0.00617559,0.060398
2.944,0.00789538,-0.0283305,0.00562378,-0.0061748,0.0603238
2.945,0.00786707,-0.0282757,0.0056176,-0.00617399,0.0602496
2.946,0.00783883,-0.0282211,0.00561143,-0.00617317,0.0601755
2.947,0.00781063,-0.0281665,0.00560526,-0.00617233,0.0601014
2.948,0.00778249,-0.028112,0.00559909,-0.00617148,0.0600273
2.949,0.00775441,-0.0280575,0.00559291,-0.00617061,0.0599532
2.95,0.00772638,-0.0280031,0.00558674,-0.00616973,0.0598792
2.951,0.0076984,-0.0279488,0.00558057,-0.00616883,0.0598052
2.952,0.00767048,-0.0278945,0.00557441,-0.00616792,0.0597312
2.953,0.00764261,-0.0278403,0.00556824,-0.00616699,0.0596573
2.954,0.0076148,-0.0277862,0.00556207,-0.00616605,0.0595834
2.955,0.00758704,-0.0277321,0.00555591,-0.00616509,0.0595095
2.956,0.00755934,-0.0276781,0.00554974,-0.00616412,0.0594357
2.957,0.00753168,-0.0276242,0.00554358,-0.00616314,0.0593619
2.958,0.00750409,-0.0275704,0.00553742,-0.00616214,0.0592881
2.959,0.00747654,-0.0275166,0.00553125,-0.00616112,0.0592143
2.96,0.00744905,-0.0274629,0.00552509,-0.00616009,0.0591406
2.961,0.00742162,-0.0274092,0.00551893,-0.00615905,0.0590669
2.962,0.00739424,-0.0273556,0.00551278,-0.00615799,0.0589933
2.963,0.00736691,-0.0273021,0.00550662,-0.00615692,0.0589196
2.964,0.00733963,-0.0272487,0.00550046,-0.00615583,0.0588461
2.965,0.00731241,-0.0271953,0.00549431,-0.00615473,0.0587725
2.966,0.00728524,-0.027142,0.00548815,-0.00615362,0.058699
2.967,0.00725813,-0.0270887,0.005482,-0.00615249,0.0586255
2.968,0.00723106,-0.0270356,0.00547585,-0.00615134,0.058552
2.969,0.00720405,-0.0269825,0.0054697,-0.00615019,0.0584786
2.97,0.0071771,-0.0269294,0.00546355,-0.00614902,0.0584052
2.971,0.0071502,-0.0268764,0.0054574,-0.00614783,0.0583318
2.972,0.00712335,-0.0268235,0.00545125,-0.00614663,0.0582585
2.973,0.00709655,-0.0267707,0.00544511,-0.00614542,0.0581852
2.974,0.0070698,-0.0267179,0.00543896,-0.00614419,0.0581119
2.975,0.00704311,-0.0266652,0.00543282,-0.00614295,0.0580387
2.976,0.00701647,-0.0266126,0.00542667,-0.00614169,0.0579655
2.977,0.00698989,-0.02656,0.00542053,-0.00614043,0.0578923
2.978,0.00696335,-0.0265075,0.00541439,-0.00613914,0.0578192
2.979,0.00693687,-0.0264551,0.00540826,-0.00613785,0.0577461
2.98,0.00691044,-0.0264027,0.00540212,-0.00613654,0.057673
2.981,0.00688407,-0.0263504,0.00539598,-0.00613521,0.0576
2.982,0.00685774,-0.0262981,0.00538985,-0.00613388,0.057527
2.983,0.00683147,-0.026246,0.00538371,-0.00613253,0.057454
2.984,0.00680525,-0.0261939,0.00537758,-0.00613116,0.0573811
2.985,0.00677908,-0.0261418,0.00537145,-0.00612978,0.0573082
2.986,0.00675297,-0.0260899,0.00536532,-0.00612839,0.0572353
2.987,0.0067269,-0.026038,0.0053592,-0.00612699,0.0571625
2.988,0.00670089,-0.0259861,0.00535307,-0.00612557,0.0570897
2.989,0.00667493,-0.0259344,0.00534694,-0.00612414,0.0570169
2.99,0.00664902,-0.0258827,0.00534082,-0.0061227,0.0569442
2.991,0.00662317,-0.025831,0.0053347,-0.00612124,0.0568715
2.992,0.00659736,-0.0257795,0.00532858,-0.00611977,0.0567989
2.993,0.00657161,-0.025728,0.00532246,-0.00611828,0.0567263
2.994,0.0065459,-0.0256765,0.00531634,-0.00611679,0.0566537
2.995,0.00652025,-0.0256252,0.00531023,-0.00611528,0.0565811
2.996,0.00649465,-0.0255738,0.00530411,-0.00611375,0.0565086
2.997,0.00646911,-0.0255226,0.005298,-0.00611222,0.0564361
2.998,0.00644361,-0.0254714,0.00529189,-0.00611067,0.0563637
2.999,0.00641816,-0.0254203,0.00528578,-0.00610911,0.0562913
3,0.00639277,-0.0253693,0.00527967,-0.00610753,0.0562189
3.001,0.00636742,-0.0253183,0.00527356,-0.00610594,0.0561466
3.002,0.00634213,-0.0252674,0.00526746,-0.00610434,0.0560743
3.003,0.00631689,-0.0252166,0.00526135,-0.00610273,0.056002
3.004,0.0062917,-0.0251658,0.00525525,-0.0061011,0.0559298
3.005,0.00626656,-0.0251151,0.00524915,-0.00609947,0.0558576
3.006,0.00624147,-0.0250645,0.00524305,-0.00609781,0.0557855
3.007,0.00621643,-0.0250139,0.00523696,-0.00609615,0.0557134
3.008,0.00619144,-0.0249634,0.00523086,-0.00609447,0.0556413
3.009,0.0061665,-0.024913,0.00522477,-0.00609278,0.0555692
3.01,0.00614161,-0.0248626,0.00521868,-0.00609108,0.0554972
3.011,0.00611678,-0.0248123,0.00521258,-0.00608937,0.0554253
3.012,0.00609199,-0.024762,0.0052065,-0.00608764,0.0553533
3.013,0.00606725,-0.0247119,0.00520041,-0.0060859,0.0552814
3.014,0.00604257,-0.0246617,0.00519432,-0.00608415,0.0552096
3.015,0.00601793,-0.0246117,0.00518824,-0.00608239,0.0551378
3.016,0.00599334,-0.0245617,0.00518216,-0.00608061,0.055066
3.017,0.00596881,-0.0245118,0.00517608,-0.00607882,0.0549943
3.018,0.00594432,-0.024462,0.00517,-0.00607702,0.0549226
3.019,0.00591988,-0.0244122,0.00516393,-0.00607521,0.0548509
3.02,0.00589549,-0.0243625,0.00515785,-0.00607339,0.0547793
3.021,0.00587116,-0.0243128,0.00515178,-0.00607155,0.0547077
3.022,0.00584687,-0.0242632,0.00514571,-0.0060697,0.0546361
3.023,0.00582263,-0.0242137,0.00513964,-0.00606784,0.0545646
3.024,0.00579844,-0.0241642,0.00513357,-0.00606597,0.0544931
3.025,0.0057743,-0.0241149,0.00512751,-0.00606408,0.0544217
3.026,0.00575021,-0.0240655,0.00512144,-0.00606218,0.0543503
3.027,0.00572617,-0.0240163,0.00511538,-0.00606028,0.0542789
3.028,0.00570218,-0.0239671,0.00510932,-0.00605836,0.0542076
3.029,0.00567824,-0.023918,0.00510327,-0.00605642,0.0541363
3.03,0.00565434,-0.0238689,0.00509721,-0.00605448,0.0540651
3.031,0.0056305,-0.0238199,0.00509116,-0.00605252,0.0539939
3.032,0.0056067,-0.023771,0.00508511,-0.00605056,0.0539227
3.033,0.00558296,-0.0237221,0.00507906,-0.00604858,0.0538516
3.034,0.00555926,-0.0236733,0.00507301,-0.00604659,0.0537805
3.035,0.00553561,-0.0236246,0.00506696,-0.00604458,0.0537095
3.036,0.00551201,-0.0235759,0.00506092,-0.00604257,0.0536385
3.037,0.00548846,-0.0235273,0.00505488,-0.00604054,0.0535675
3.038,0.00546495,-0.0234787,0.00504884,-0.00603851,0.0534966
3.039,0.0054415,-0.0234303,0.0050428,-0.00603646,0.0534257
3.04,0.00541809,-0.0233819,0.00503677,-0.0060344,0.0533548
3.041,0.00539474,-0.0233335,0.00503073,-0.00603233,0.053284
3.042,0.00537143,-0.0232852,0.0050247,-0.00603025,0.0532133
3.043,0.00534817,-0.023237,0.00501867,-0.00602815,0.0531426
3.044,0.00532495,-0.0231889,0.00501265,-0.00602605,0.0530719
3.045,0.00530179,-0.0231408,0.00500662,-0.00602393,0.0530012
3.046,0.00527867,-0.0230928,0.0050006,-0.0060218,0.0529306
3.047,0.0052556,-0.0230448,0.00499458,-0.00601966,0.0528601
3.048,0.00523258,-0.0229969,0.00498856,-0.00601751,0.0527895
3.049,0.00520961,-0.0229491,0.00498254,-0.00601535,0.052719
3.05,0.00518668,-0.0229013,0.00497653,-0.00601318,0.0526486
3.051,0.00516381,-0.0228536,0.00497052,-0.006011,0.0525782
3.052,0.00514098,-0.022806,0.00496451,-0.0060088,0.0525078
3.053,0.00511819,-0.0227584,0.0049585,-0.0060066,0.0524375
3.054,0.00509546,-0.0227109,0.00495249,-0.00600438,0.0523673
3.055,0.00507277,-0.0226635,0.00494649,-0.00600216,0.052297
3.056,0.00505013,-0.0226161,0.00494049,-0.00599992,0.0522268
3.057,0.00502754,-0.0225688,0.00493449,-0.00599767,0.0521567
3.058,0.00500499,-0.0225215,0.00492849,-0.00599541,0.0520866
3.059,0.0049825,-0.0224743,0.0049225,-0.00599314,0.0520165
3.06,0.00496005,-0.0224272,0.00491651,-0.00599086,0.0519465
3.061,0.00493764,-0.0223802,0.00491052,-0.00598857,0.0518765
3.062,0.00491529,-0.0223332,0.00490453,-0.00598627,0.0518065
3.063,0.00489298,-0.0222862,0.00489854,-0.00598396,0.0517366
3.064,0.00487071,-0.0222394,0.00489256,-0.00598163,0.0516668
3.065,0.0048485,-0.0221926,0.00488658,-0.0059793,0.051597
3.066,0.00482633,-0.0221458,0.0048806,-0.00597696,0.0515272
3.067,0.00480421,-0.0220992,0.00487463,-0.0059746,0.0514574
3.068,0.00478213,-0.0220526,0.00486865,-0.00597224,0.0513878
3.069,0.0047601,-0.022006,0.00486268,-0.00596986,0.0513181
3.07,0.00473812,-0.0219595,0.00485671,-0.00596747,0.0512485
3.071,0.00471618,-0.0219131,0.00485075,-0.00596508,0.0511789
3.072,0.00469429,-0.0218668,0.00484478,-0.00596267,0.0511094
3.073,0.00467245,-0.0218205,0.00483882,-0.00596026,0.0510399
3.074,0.00465065,-0.0217743,0.00483286,-0.00595783,0.0509705
3.075,0.0046289,-0.0217281,0.00482691,-0.00595539,0.0509011
3.076,0.00460719,-0.021682,0.00482095,-0.00595294,0.0508318
3.077,0.00458554,-0.021636,0.004815,-0.00595049,0.0507625
3.078,0.00456392,-0.02159,0.00480905,-0.00594802,0.0506932
3.079,0.00454236,-0.0215441,0.00480311,-0.00594554,0.050624
3.08,0.00452083,-0.0214982,0.00479716,-0.00594305,0.0505548
3.081,0.00449936,-0.0214524,0.00479122,-0.00594056,0.0504857
3.082,0.00447793,-0.0214067,0.00478528,-0.00593805,0.0504166
3.083,0.00445655,-0.0213611,0.00477934,-0.00593553,0.0503476
3.084,0.00443521,-0.0213155,0.00477341,-0.005933,0.0502786
3.085,0.00441391,-0.0212699,0.00476748,-0.00593047,0.0502096
3.086,0.00439267,-0.0212245,0.00476155,-0.00592792,0.0501407
3.087,0.00437147,-0.0211791,0.00475562,-0.00592536,0.0500718
3.088,0.00435031,-0.0211337,0.0047497,-0.0059228,0.050003
3.089,0.0043292,-0.0210885,0.00474378,-0.00592022,0.0499342
3.09,0.00430813,-0.0210432,0.00473786,-0.00591763,0.0498655
3.091,0.00428711,-0.0209981,0.00473194,-0.00591504,0.0497968
3.092,0.00426614,-0.020953,0.00472603,-0.00591243,0.0497281
3.093,0.00424521,-0.020908,0.00472012,-0.00590982,0.0496595
3.094,0.00422432,-0.020863,0.00471421,-0.00590719,0.049591
3.095,0.00420348,-0.0208181,0.0047083,-0.00590456,0.0495225
3.096,0.00418268,-0.0207733,0.0047024,-0.00590192,0.049454
3.097,0.00416193,-0.0207285,0.0046965,-0.00589926,0.0493856
3.098,0.00414123,-0.0206838,0.0046906,-0.0058966,0.0493172
3.099,0.00412057,-0.0206391,0.0046847,-0.00589393,0.0492489
3.1,0.00409995,-0.0205945,0.00467881,-0.00589125,0.0491806
3.101,0.00407938,-0.02055,0.00467292,-0.00588856,0.0491123
3.102,0.00405885,-0.0205056,0.00466703,-0.00588586,0.0490441
3.103,0.00403836,-0.0204612,0.00466115,-0.00588315,0.048976
3.104,0.00401793,-0.0204168,0.00465527,-0.00588043,0.0489079
3.105,0.00399753,-0.0203725,0.00464939,-0.0058777,0.0488398
3.106,0.00397718,-0.0203283,0.00464351,-0.00587496,0.0487718
3.107,0.00395687,-0.0202842,0.00463764,-0.00587222,0.0487038
3.108,0.00393661,-0.0202401,0.00463177,-0.00586946,0.0486359
3.109,0.00391639,-0.0201961,0.0046259,-0.0058667,0.048568
3.11,0.00389622,-0.0201521,0.00462004,-0.00586393,0.0485002
3.111,0.00387609,-0.0201082,0.00461417,-0.00586114,0.0484324
3.112,0.003856,-0.0200644,0.00460831,-0.00585835,0.0483646
3.113,0.00383596,-0.0200206,0.00460246,-0.00585555,0.0482969
3.114,0.00381596,-0.0199769,0.0045966,-0.00585274,0.0482293
3.115,0.00379601,-0.0199332,0.00459075,-0.00584993,0.0481617
3.116,0.0037761,-0.0198896,0.0045849,-0.0058471,0.0480941
3.117,0.00375623,-0.0198461,0.00457906,-0.00584426,0.0480266
3.118,0.0037364,-0.0198026,0.00457321,-0.00584142,0.0479591
3.119,0.00371662,-0.0197592,0.00456737,-0.00583857,0.0478917
3.12,0.00369689,-0.0197159,0.00456154,-0.0058357,0.0478243
3.121,0.00367719,-0.0196726,0.0045557,-0.00583283,0.047757
3.122,0.00365754,-0.0196293,0.00454987,-0.00582995,0.0476897
3.123,0.00363793,-0.0195862,0.00454404,-0.00582706,0.0476225
3.124,0.00361837,-0.0195431,0.00453822,-0.00582417,0.0475553
3.125,0.00359885,-0.0195,0.00453239,-0.00582126,0.0474882
3.126,0.00357937,-0.0194571,0.00452657,-0.00581835,0.0474211
3.127,0.00355993,-0.0194141,0.00452076,-0.00581543,0.047354
3.128,0.00354054,-0.0193713,0.00451494,-0.0058125,0.047287
3.129,0.00352119,-0.0193285,0.00450913,-0.00580956,0.04722
3.13,0.00350188,-0.0192858,0.00450332,-0.00580661,0.0471531
3.131,0.00348262,-0.0192431,0.00449752,-0.00580365,0.0470863
3.132,0.0034634,-0.0192005,0.00449172,-0.00580069,0.0470195
3.133,0.00344422,-0.0191579,0.00448592,-0.00579772,0.0469527
3.134,0.00342508,-0.0191154,0.00448012,-0.00579473,0.046886
3.135,0.00340599,-0.019073,0.00447433,-0.00579174,0.0468193
3.136,0.00338693,-0.0190307,0.00446854,-0.00578875,0.0467527
3.137,0.00336792,-0.0189883,0.00446275,-0.00578574,0.0466861
3.138,0.00334896,-0.0189461,0.00445697,-0.00578273,0.0466196
3.139,0.00333003,-0.0189039,0.00445119,-0.0057797,0.0465531
3.14,0.00331115,-0.0188618,0.00444541,-0.00577667,0.0464867
3.141,0.00329231,-0.0188197,0.00443963,-0.00577364,0.0464203
3.142,0.00327351,-0.0187777,0.00443386,-0.00577059,0.0463539
3.143,0.00325475,-0.0187358,0.00442809,-0.00576753,0.0462876
3.144,0.00323604,-0.0186939,0.00442232,-0.00576447,0.0462214
3.145,0.00321737,-0.0186521,0.00441656,-0.0057614,0.0461552
3.146,0.00319873,-0.0186103,0.0044108,-0.00575832,0.046089
3.147,0.00318014,-0.0185686,0.00440505,-0.00575524,0.0460229
3.148,0.0031616,-0.018527,0.00439929,-0.00575214,0.0459569
3.149,0.00314309,-0.0184854,0.00439354,-0.00574904,0.0458909
3.15,0.00312463,-0.0184439,0.00438779,-0.00574593,0.0458249
3.151,0.0031062,-0.0184024,0.00438205,-0.00574281,0.045759
3.152,0.00308782,-0.018361,0.00437631,-0.00573969,0.0456932
3.153,0.00306948,-0.0183197,0.00437057,-0.00573655,0.0456274
3.154,0.00305118,-0.0182784,0.00436483,-0.00573341,0.0455616
3.155,0.00303292,-0.0182372,0.0043591,-0.00573026,0.0454959
3.156,0.00301471,-0.0181961,0.00435337,-0.00572711,0.0454302
3.157,0.00299653,-0.018155,0.00434765,-0.00572394,0.0453646
3.158,0.0029784,-0.0181139,0.00434193,-0.00572077,0.045299
3.159,0.0029603,-0.0180729,0.00433621,-0.00571759,0.0452335
3.16,0.00294225,-0.018032,0.00433049,-0.0057144,0.045168
3.161,0.00292424,-0.0179912,0.00432478,-0.00571121,0.0451026
3.162,0.00290627,-0.0179504,0.00431907,-0.00570801,0.0450372
3.163,0.00288834,-0.0179096,0.00431336,-0.0057048,0.0449719
3.164,0.00287045,-0.017869,0.00430766,-0.00570158,0.0449066
3.165,0.0028526,-0.0178283,0.00430196,-0.00569836,0.0448414
3.166,0.00283479,-0.0177878,0.00429626,-0.00569513,0.0447762
3.167,0.00281703,-0.0177473,0.00429057,-0.00569189,0.0447111
3.168,0.0027993,-0.0177068,0.00428488,-0.00568864,0.044646
3.169,0.00278161,-0.0176665,0.00427919,-0.00568539,0.044581
3.17,0.00276397,-0.0176261,0.00427351,-0.00568213,0.044516
3.171,0.00274636,-0.0175859,0.00426783,-0.00567886,0.0444511
3.172,0.00272879,-0.0175457,0.00426215,-0.00567559,0.0443862
3.173,0.00271127,-0.0175055,0.00425648,-0.0056723,0.0443214
3.174,0.00269378,-0.0174655,0.00425081,-0.00566901,0.0442566
3.175,0.00267634,-0.0174254,0.00424514,-0.00566572,0.0441919
3.176,0.00265893,-0.0173855,0.00423947,-0.00566241,0.0441272
3.177,0.00264157,-0.0173456,0.00423381,-0.0056591,0.0440625
3.178,0.00262424,-0.0173057,0.00422816,-0.00565578,0.043998
3.179,0.00260695,-0.0172659,0.0042225,-0.00565246,0.0439334
3.18,0.00258971,-0.0172262,0.00421685,-0.00564913,0.0438689
3.181,0.0025725,-0.0171865,0.0042112,-0.00564579,0.0438045
3.182,0.00255534,-0.0171469,0.00420556,-0.00564244,0.0437401
3.183,0.00253821,-0.0171074,0.00419992,-0.00563909,0.0436758
3.184,0.00252112,-0.0170679,0.00419428,-0.00563573,0.0436115
3.185,0.00250407,-0.0170284,0.00418865,-0.00563237,0.0435473
3.186,0.00248706,-0.0169891,0.00418302,-0.00562899,0.0434831
3.187,0.00247009,-0.0169497,0.00417739,-0.00562561,0.0434189
3.188,0.00245316,-0.0169105,0.00417177,-0.00562223,0.0433549
3.189,0.00243627,-0.0168713,0.00416615,-0.00561883,0.0432908
3.19,0.00241942,-0.0168321,0.00416053,-0.00561543,0.0432268
3.191,0.00240261,-0.016793,0.00415491,-0.00561203,0.0431629
3.192,0.00238584,-0.016754,0.0041493,-0.00560861,0.043099
3.193,0.0023691,-0.0167151,0.0041437,-0.00560519,0.0430352
3.194,0.00235241,-0.0166761,0.00413809,-0.00560177,0.0429714
3.195,0.00233575,-0.0166373,0.00413249,-0.00559834,0.0429077
3.196,0.00231913,-0.0165985,0.0041269,-0.0055949,0.042844
3.197,0.00230255,-0.0165598,0.0041213,-0.00559145,0.0427804
3.198,0.00228601,-0.0165211,0.00411571,-0.005588,0.0427168
3.199,0.00226951,-0.0164825,0.00411013,-0.00558454,0.0426533
3.2,0.00225305,-0.0164439,0.00410455,-0.00558107,0.0425898
3.201,0.00223662,-0.0164054,0.00409897,-0.0055776,0.0425263
3.202,0.00222024,-0.016367,0.00409339,-0.00557412,0.042463
3.203,0.00220389,-0.0163286,0.00408782,-0.00557064,0.0423996
3.204,0.00218758,-0.0162902,0.00408225,-0.00556715,0.0423364
3.205,0.00217131,-0.016252,0.00407668,-0.00556365,0.0422731
3.206,0.00215507,-0.0162138,0.00407112,-0.00556015,0.04221
3.207,0.00213888,-0.0161756,0.00406556,-0.00555664,0.0421468
3.208,0.00212272,-0.0161375,0.00406001,-0.00555312,0.0420838
3.209,0.0021066,-0.0160995,0.00405446,-0.0055496,0.0420208
3.21,0.00209052,-0.0160615,0.00404891,-0.00554607,0.0419578
3.211,0.00207448,-0.0160236,0.00404336,-0.00554254,0.0418949
3.212,0.00205848,-0.0159857,0.00403782,-0.005539,0.041832
3.213,0.00204251,-0.0159479,0.00403229,-0.00553545,0.0417692
3.214,0.00202658,-0.0159101,0.00402675,-0.0055319,0.0417064
3.215,0.00201069,-0.0158724,0.00402122,-0.00552834,0.0416437
3.216,0.00199484,-0.0158348,0.0040157,-0.00552477,0.041581
3.217,0.00197902,-0.0157972,0.00401017,-0.0055212,0.0415184
3.218,0.00196324,-0.0157597,0.00400465,-0.00551763,0.0414559
3.219,0.0019475,-0.0157222,0.00399914,-0.00551404,0.0413934
3.22,0.0019318,-0.0156848,0.00399363,-0.00551045,0.0413309
3.221,0.00191613,-0.0156475,0.00398812,-0.00550686,0.0412685
3.222,0.0019005,-0.0156102,0.00398261,-0.00550326,0.0412062
3.223,0.00188491,-0.0155729,0.00397711,-0.00549965,0.0411439
3.224,0.00186936,-0.0155357,0.00397161,-0.00549604,0.0410816
3.225,0.00185384,-0.0154986,0.00396612,-0.00549242,0.0410194
3.226,0.00183836,-0.0154615,0.00396063,-0.0054888,0.0409573
3.227,0.00182292,-0.0154245,0.00395514,-0.00548517,0.0408952
3.228,0.00180751,-0.0153876,0.00394966,-0.00548154,0.0408331
3.229,0.00179214,-0.0153507,0.00394418,-0.0054779,0.0407711
3.23,0.00177681,-0.0153138,0.0039387,-0.00547425,0.0407092
3.231,0.00176151,-0.015277,0.00393323,-0.0054706,0.0406473
3.232,0.00174626,-0.0152403,0.00392776,-0.00546694,0.0405855
3.233,0.00173103,-0.0152036,0.0039223,-0.00546328,0.0405237
3.234,0.00171585,-0.015167,0.00391683,-0.00545961,0.040462
3.235,0.0017007,-0.0151305,0.00391138,-0.00545594,0.0404003
3.236,0.00168559,-0.015094,0.00390592,-0.00545226,0.0403387
3.237,0.00167051,-0.0150575,0.00390047,-0.00544857,0.0402771
3.238,0.00165547,-0.0150211,0.00389503,-0.00544488,0.0402156
3.239,0.00164047,-0.0149848,0.00388958,-0.00544118,0.0401541
3.24,0.0016255,-0.0149485,0.00388414,-0.00543748,0.0400927
3.241,0.00161057,-0.0149123,0.00387871,-0.00543378,0.0400313
3.242,0.00159568,-0.0148761,0.00387328,-0.00543006,0.03997
3.243,0.00158082,-0.01484,0.00386785,-0.00542635,0.0399087
3.244,0.001566,-0.0148039,0.00386242,-0.00542262,0.0398475
3.245,0.00155121,-0.0147679,0.003857,-0.0054189,0.0397864
3.246,0.00153646,-0.014732,0.00385159,-0.00541516,0.0397253
3.247,0.00152175,-0.0146961,0.00384617,-0.00541143,0.0396642
3.248,0.00150707,-0.0146603,0.00384076,-0.00540768,0.0396032
3.249,0.00149243,-0.0146245,0.00383536,-0.00540393,0.0395423
3.25,0.00147782,-0.0145888,0.00382995,-0.00540018,0.0394814
3.251,0.00146325,-0.0145531,0.00382456,-0.00539642,0.0394206
3.252,0.00144871,-0.0145175,0.00381916,-0.00539266,0.0393598
3.253,0.00143421,-0.0144819,0.00381377,-0.00538889,0.039299
3.254,0.00141975,-0.0144464,0.00380838,-0.00538511,0.0392383
3.255,0.00140532,-0.014411,0.003803,-0.00538133,0.0391777
3.256,0.00139093,-0.0143756,0.00379762,-0.00537755,0.0391171
3.257,0.00137657,-0.0143403,0.00379225,-0.00537376,0.0390566
3.258,0.00136225,-0.014305,0.00378687,-0.00536996,0.0389961
3.259,0.00134796,-0.0142698,0.00378151,-0.00536617,0.0389357
3.26,0.00133371,-0.0142346,0.00377614,-0.00536236,0.0388754
3.261,0.00131949,-0.0141995,0.00377078,-0.00535855,0.0388151
3.262,0.00130531,-0.0141644,0.00376542,-0.00535474,0.0387548
3.263,0.00129116,-0.0141294,0.00376007,-0.00535092,0.0386946
3.264,0.00127705,-0.0140945,0.00375472,-0.0053471,0.0386344
3.265,0.00126297,-0.0140596,0.00374938,-0.00534327,0.0385743
3.266,0.00124893,-0.0140248,0.00374404,-0.00533943,0.0385143
3.267,0.00123492,-0.01399,0.0037387,-0.0053356,0.0384543
3.268,0.00122095,-0.0139552,0.00373336,-0.00533175,0.0383943
3.269,0.00120701,-0.0139206,0.00372804,-0.00532791,0.0383345
3.27,0.00119311,-0.0138859,0.00372271,-0.00532405,0.0382746
3.271,0.00117924,-0.0138514,0.00371739,-0.0053202,0.0382148
3.272,0.00116541,-0.0138169,0.00371207,-0.00531634,0.0381551
3.273,0.00115161,-0.0137824,0.00370675,-0.00531247,0.0380954
3.274,0.00113784,-0.013748,0.00370144,-0.0053086,0.0380358
3.275,0.00112411,-0.0137137,0.00369614,-0.00530472,0.0379763
3.276,0.00111041,-0.0136794,0.00369083,-0.00530085,0.0379167
3.277,0.00109675,-0.0136451,0.00368554,-0.00529696,0.0378573
3.278,0.00108312,-0.0136109,0.00368024,-0.00529307,0.0377979
3.279,0.00106953,-0.0135768,0.00367495,-0.00528918,0.0377385
3.28,0.00105597,-0.0135427,0.00366966,-0.00528528,0.0376792
3.281,0.00104244,-0.0135087,0.00366438,-0.00528138,0.03762
3.282,0.00102895,-0.0134747,0.0036591,-0.00527747,0.0375608
3.283,0.0010155,-0.0134408,0.00365382,-0.00527356,0.0375016
3.284,0.00100207,-0.013407,0.00364855,-0.00526965,0.0374425
3.285,0.000988681,-0.0133732,0.00364328,-0.00526573,0.0373835
3.286,0.000975325,-0.0133394,0.00363802,-0.0052618,0.0373245
3.287,0.000962003,-0.0133057,0.00363276,-0.00525788,0.0372656
3.288,0.000948714,-0.0132721,0.00362751,-0.00525394,0.0372067
3.289,0.000935458,-0.0132385,0.00362225,-0.00525001,0.0371479
3.29,0.000922237,-0.0132049,0.00361701,-0.00524607,0.0370891
3.291,0.000909049,-0.0131715,0.00361176,-0.00524212,0.0370304
3.292,0.000895894,-0.013138,0.00360652,-0.00523817,0.0369718
3.293,0.000882772,-0.0131046,0.00360128,-0.00523422,0.0369132
3.294,0.000869684,-0.0130713,0.00359605,-0.00523026,0.0368546
3.295,0.00085663,-0.013038,0.00359082,-0.0052263,0.0367961
3.296,0.000843608,-0.0130048,0.0035856,-0.00522233,0.0367377
3.297,0.00083062,-0.0129717,0.00358038,-0.00521836,0.0366793
3.298,0.000817665,-0.0129386,0.00357516,-0.00521439,0.0366209
3.299,0.000804743,-0.0129055,0.00356995,-0.00521041,0.0365627
3.3,0.000791854,-0.0128725,0.00356474,-0.00520643,0.0365044
3.301,0.000778998,-0.0128395,0.00355954,-0.00520244,0.0364463
3.302,0.000766175,-0.0128066,0.00355434,-0.00519845,0.0363881
3.303,0.000753385,-0.0127738,0.00354914,-0.00519446,0.0363301
3.304,0.000740627,-0.012741,0.00354395,-0.00519046,0.0362721
3.305,0.000727903,-0.0127083,0.00353876,-0.00518646,0.0362141
3.306,0.000715211,-0.0126756,0.00353358,-0.00518246,0.0361562
3.307,0.000702551,-0.0126429,0.0035284,-0.00517845,0.0360983
3.308,0.000689925,-0.0126104,0.00352322,-0.00517443,0.0360405
3.309,0.000677331,-0.0125778,0.00351805,-0.00517042,0.0359828
3.31,0.000664769,-0.0125454,0.00351288,-0.0051664,0.0359251
3.311,0.00065224,-0.0125129,0.00350771,-0.00516237,0.0358675
3.312,0.000639743,-0.0124806,0.00350255,-0.00515834,0.0358099
3.313,0.000627279,-0.0124482,0.0034974,-0.00515431,0.0357524
3.314,0.000614847,-0.012416,0.00349224,-0.00515027,0.0356949
3.315,0.000602447,-0.0123838,0.0034871,-0.00514624,0.0356375
3.316,0.000590079,-0.0123516,0.00348195,-0.00514219,0.0355801
3.317,0.000577744,-0.0123195,0.00347681,-0.00513815,0.0355228
3.318,0.00056544,-0.0122874,0.00347168,-0.0051341,0.0354655
3.319,0.000553169,-0.0122554,0.00346654,-0.00513004,0.0354083
3.32,0.000540929,-0.0122235,0.00346142,-0.00512598,0.0353512
3.321,0.000528722,-0.0121916,0.00345629,-0.00512192,0.0352941
3.322,0.000516546,-0.0121597,0.00345117,-0.00511786,0.0352371
3.323,0.000504402,-0.0121279,0.00344606,-0.00511379,0.0351801
3.324,0.00049229,-0.0120962,0.00344094,-0.00510972,0.0351232
3.325,0.00048021,-0.0120645,0.00343584,-0.00510564,0.0350663
3.326,0.000468161,-0.0120328,0.00343073,-0.00510157,0.0350095
3.327,0.000456144,-0.0120013,0.00342563,-0.00509748,0.0349527
3.328,0.000444159,-0.0119697,0.00342054,-0.0050934,0.034896
3.329,0.000432205,-0.0119382,0.00341545,-0.00508931,0.0348393
3.33,0.000420282,-0.0119068,0.00341036,-0.00508522,0.0347827
3.331,0.000408391,-0.0118754,0.00340528,-0.00508112,0.0347262
3.332,0.000396531,-0.0118441,0.0034002,-0.00507702,0.0346697
3.333,0.000384703,-0.0118128,0.00339512,-0.00507292,0.0346132
3.334,0.000372906,-0.0117816,0.00339005,-0.00506882,0.0345568
3.335,0.00036114,-0.0117504,0.00338498,-0.00506471,0.0345005
3.336,0.000349405,-0.0117193,0.00337992,-0.00506059,0.0344442
3.337,0.000337701,-0.0116882,0.00337486,-0.00505648,0.034388
3.338,0.000326028,-0.0116572,0.00336981,-0.00505236,0.0343318
3.339,0.000314387,-0.0116262,0.00336476,-0.00504824,0.0342757
3.34,0.000302776,-0.0115953,0.00335971,-0.00504412,0.0342197
3.341,0.000291196,-0.0115644,0.00335467,-0.00503999,0.0341637
3.342,0.000279647,-0.0115336,0.00334963,-0.00503586,0.0341077
3.343,0.000268129,-0.0115028,0.0033446,-0.00503172,0.0340518
3.344,0.000256641,-0.0114721,0.00333957,-0.00502759,0.033996
3.345,0.000245185,-0.0114414,0.00333454,-0.00502345,0.0339402
3.346,0.000233759,-0.0114108,0.00332952,-0.0050193,0.0338845
3.347,0.000222363,-0.0113803,0.00332451,-0.00501516,0.0338288
3.348,0.000210998,-0.0113497,0.00331949,-0.00501101,0.0337732
3.349,0.000199663,-0.0113193,0.00331448,-0.00500685,0.0337176
3.35,0.000188359,-0.0112889,0.00330948,-0.0050027,0.0336621
3.351,0.000177086,-0.0112585,0.00330448,-0.00499854,0.0336066
3.352,0.000165842,-0.0112282,0.00329948,-0.00499438,0.0335512
3.353,0.000154629,-0.0111979,0.00329449,-0.00499022,0.0334959
3.354,0.000143446,-0.0111677,0.0032895,-0.00498605,0.0334406
3.355,0.000132294,-0.0111376,0.00328452,-0.00498188,0.0333853
3.356,0.000121171,-0.0111074,0.00327954,-0.00497771,0.0333301
3.357,0.000110079,-0.0110774,0.00327456,-0.00497353,0.033275
3.358,9.90165e-05,-0.0110474,0.00326959,-0.00496935,0.0332199
3.359,8.79841e-05,-0.0110174,0.00326462,-0.00496517,0.0331649
3.36,7.69817e-05,-0.0109875,0.00325966,-0.00496099,0.0331099
3.361,6.60091e-05,-0.0109576,0.0032547,-0.0049568,0.033055
3.362,5.50663e-05,-0.0109278,0.00324975,-0.00495261,0.0330002
3.363,4.41534e-05,-0.0108981,0.0032448,-0.00494842,0.0329454
3.364,3.32702e-05,-0.0108684,0.00323985,-0.00494422,0.0328906
3.365,2.24166e-05,-0.0108387,0.00323491,-0.00494003,0.0328359
3.366,1.15927e-05,-0.0108091,0.00322997,-0.00493583,0.0327813
3.367,7.98401e-07,-0.0107795,0.00322504,-0.00493162,0.0327267
3.368,-9.96638e-06,-0.01075,0.00322011,-0.00492742,0.0326722
3.369,-2.07017e-05,-0.0107206,0.00321518,-0.00492321,0.0326177
3.37,-3.14075e-05,-0.0106912,0.00321026,-0.004919,0.0325633
3.371,-4.2084e-05,-0.0106618,0.00320534,-0.00491479,0.0325089
3.372,-5.27312e-05,-0.0106325,0.00320043,-0.00491057,0.0324546
3.373,-6.3349e-05,-0.0106032,0.00319552,-0.00490635,0.0324004
3.374,-7.39376e-05,-0.010574,0.00319062,-0.00490213,0.0323462
3.375,-8.4497e-05,-0.0105448,0.00318572,-0.00489791,0.032292
3.376,-9.50273e-05,-0.0105157,0.00318082,-0.00489368,0.0322379
3.377,-0.000105529,-0.0104867,0.00317593,-0.00488946,0.0321839
3.378,-0.000116001,-0.0104576,0.00317104,-0.00488522,0.0321299
3.379,-0.000126444,-0.0104287,0.00316616,-0.00488099,0.032076
3.38,-0.000136858,-0.0103998,0.00316128,-0.00487676,0.0320221
3.381,-0.000147243,-0.0103709,0.00315641,-0.00487252,0.0319683
3.382,-0.0001576,-0.0103421,0.00315154,-0.00486828,0.0319145
3.383,-0.000167928,-0.0103133,0.00314667,-0.00486404,0.0318608
3.384,-0.000178226,-0.0102846,0.00314181,-0.00485979,0.0318072
3.385,-0.000188497,-0.0102559,0.00313695,-0.00485554,0.0317536
3.386,-0.000198738,-0.0102273,0.0031321,-0.00485129,0.0317
3.387,-0.000208951,-0.0101987,0.00312725,-0.00484704,0.0316465
3.388,-0.000219136,-0.0101702,0.0031224,-0.00484279,0.0315931
3.389,-0.000229292,-0.0101417,0.00311756,-0.00483853,0.0315397
3.39,-0.000239419,-0.0101133,0.00311273,-0.00483427,0.0314864
3.391,-0.000249518,-0.0100849,0.00310789,-0.00483001,0.0314332
3.392,-0.000259589,-0.0100565,0.00310307,-0.00482575,0.0313799
3.393,-0.000269631,-0.0100283,0.00309824,-0.00482149,0.0313268
3.394,-0.000279645,-0.01,0.00309342,-0.00481722,0.0312737
3.395,-0.000289631,-0.00997183,0.00308861,-0.00481295,0.0312206
3.396,-0.000299589,-0.00994369,0.0030838,-0.00480868,0.0311676
3.397,-0.000309519,-0.0099156,0.00307899,-0.00480441,0.0311147
3.398,-0.00031942,-0.00988756,0.00307419,-0.00480013,0.0310618
3.399,-0.000329294,-0.00985956,0.00306939,-0.00479585,0.031009
3.4,-0.000339139,-0.00983161,0.0030646,-0.00479157,0.0309562
3.401,-0.000348957,-0.00980372,0.00305981,-0.00478729,0.0309035
3.402,-0.000358747,-0.00977586,0.00305502,-0.00478301,0.0308508
3.403,-0.000368509,-0.00974806,0.00305024,-0.00477872,0.0307982
3.404,-0.000378243,-0.0097203,0.00304546,-0.00477443,0.0307457
3.405,-0.00038795,-0.0096926,0.00304069,-0.00477014,0.0306932
3.406,-0.000397628,-0.00966494,0.00303592,-0.00476585,0.0306407
3.407,-0.000407279,-0.00963732,0.00303116,-0.00476156,0.0305883
3.408,-0.000416903,-0.00960976,0.0030264,-0.00475726,0.030536
3.409,-0.000426499,-0.00958224,0.00302165,-0.00475297,0.0304837
3.41,-0.000436067,-0.00955477,0.0030169,-0.00474867,0.0304315
3.411,-0.000445609,-0.00952735,0.00301215,-0.00474437,0.0303793
3.412,-0.000455122,-0.00949998,0.00300741,-0.00474007,0.0303272
3.413,-0.000464609,-0.00947265,0.00300267,-0.00473576,0.0302752
3.414,-0.000474068,-0.00944537,0.00299794,-0.00473145,0.0302232
3.415,-0.000483499,-0.00941814,0.00299321,-0.00472715,0.0301712
3.416,-0.000492904,-0.00939095,0.00298848,-0.00472284,0.0301193
3.417,-0.000502281,-0.00936381,0.00298376,-0.00471852,0.0300675
3.418,-0.000511631,-0.00933672,0.00297904,-0.00471421,0.0300157
3.419,-0.000520955,-0.00930968,0.00297433,-0.0047099,0.029964
3.42,-0.000530251,-0.00928268,0.00296962,-0.00470558,0.0299123
3.421,-0.00053952,-0.00925573,0.00296492,-0.00470126,0.0298607
3.422,-0.000548762,-0.00922883,0.00296022,-0.00469694,0.0298091
3.423,-0.000557978,-0.00920197,0.00295553,-0.00469262,0.0297576
3.424,-0.000567166,-0.00917516,0.00295084,-0.0046883,0.0297062
3.425,-0.000576328,-0.0091484,0.00294615,-0.00468397,0.0296548
3.426,-0.000585463,-0.00912169,0.00294147,-0.00467964,0.0296034
3.427,-0.000594571,-0.00909502,0.00293679,-0.00467532,0.0295521
3.428,-0.000603653,-0.00906839,0.00293212,-0.00467099,0.0295009
3.429,-0.000612708,-0.00904182,0.00292745,-0.00466665,0.0294497
3.43,-0.000621737,-0.00901529,0.00292278,-0.00466232,0.0293986
3.431,-0.000630739,-0.00898881,0.00291812,-0.00465799,0.0293475
3.432,-0.000639714,-0.00896237,0.00291347,-0.00465365,0.0292965
3.433,-0.000648664,-0.00893598,0.00290882,-0.00464931,0.0292455
3.434,-0.000657586,-0.00890964,0.00290417,-0.00464498,0.0291946
3.435,-0.000666483,-0.00888334,0.00289953,-0.00464064,0.0291438
3.436,-0.000675353,-0.00885709,0.00289489,-0.00463629,0.029093
3.437,-0.000684197,-0.00883089,0.00289025,-0.00463195,0.0290422
3.438,-0.000693015,-0.00880473,0.00288562,-0.00462761,0.0289916
3.439,-0.000701807,-0.00877861,0.002881,-0.00462326,0.0289409
3.44,-0.000710572,-0.00875255,0.00287638,-0.00461891,0.0288904
3.441,-0.000719312,-0.00872653,0.00287176,-0.00461456,0.0288398
3.442,-0.000728025,-0.00870055,0.00286715,-0.00461021,0.0287894
3.443,-0.000736713,-0.00867463,0.00286254,-0.00460586,0.028739
3.444,-0.000745375,-0.00864874,0.00285794,-0.00460151,0.0286886
3.445,-0.00075401,-0.00862291,0.00285334,-0.00459716,0.0286383
3.446,-0.00076262,-0.00859711,0.00284874,-0.0045928,0.028588
3.447,-0.000771205,-0.00857137,0.00284415,-0.00458844,0.0285379
3.448,-0.000779763,-0.00854567,0.00283957,-0.00458409,0.0284877
3.449,-0.000788296,-0.00852001,0.00283498,-0.00457973,0.0284376
3.45,-0.000796803,-0.00849441,0.00283041,-0.00457537,0.0283876
3.451,-0.000805285,-0.00846884,0.00282583,-0.00457101,0.0283376
3.452,-0.000813741,-0.00844332,0.00282126,-0.00456664,0.0282877
3.453,-0.000822172,-0.00841785,0.0028167,-0.00456228,0.0282379
3.454,-0.000830577,-0.00839243,0.00281214,-0.00455792,0.0281881
3.455,-0.000838956,-0.00836704,0.00280758,-0.00455355,0.0281383
3.456,-0.000847311,-0.00834171,0.00280303,-0.00454918,0.0280886
3.457,-0.00085564,-0.00831642,0.00279849,-0.00454481,0.028039
3.458,-0.000863944,-0.00829117,0.00279394,-0.00454044,0.0279894
3.459,-0.000872222,-0.00826597,0.00278941,-0.00453607,0.0279398
3.46,-0.000880476,-0.00824081,0.00278487,-0.0045317,0.0278904
3.461,-0.000888704,-0.0082157,0.00278034,-0.00452733,0.0278409
3.462,-0.000896907,-0.00819063,0.00277582,-0.00452296,0.0277916
3.463,-0.000905085,-0.00816561,0.0027713,-0.00451858,0.0277422
3.464,-0.000913238,-0.00814064,0.00276678,-0.00451421,0.027693
3.465,-0.000921366,-0.0081157,0.00276227,-0.00450983,0.0276438
3.466,-0.00092947,-0.00809082,0.00275776,-0.00450545,0.0275946
3.467,-0.000937548,-0.00806598,0.00275326,-0.00450107,0.0275455
3.468,-0.000945602,-0.00804118,0.00274876,-0.0044967,0.0274965
3.469,-0.00095363,-0.00801642,0.00274426,-0.00449231,0.0274475
3.47,-0.000961635,-0.00799172,0.00273977,-0.00448793,0.0273986
3.471,-0.000969614,-0.00796705,0.00273529,-0.00448355,0.0273497
3.472,-0.000977569,-0.00794243,0.00273081,-0.00447917,0.0273009
3.473,-0.000985499,-0.00791786,0.00272633,-0.00447478,0.0272521
3.474,-0.000993404,-0.00789333,0.00272186,-0.0044704,0.0272034
3.475,-0.00100129,-0.00786884,0.00271739,-0.00446601,0.0271547
3.476,-0.00100914,-0.0078444,0.00271292,-0.00446163,0.0271061
3.477,-0.00101697,-0.00782,0.00270847,-0.00445724,0.0270576
3.478,-0.00102478,-0.00779564,0.00270401,-0.00445285,0.0270091
3.479,-0.00103257,-0.00777133,0.00269956,-0.00444846,0.0269606
3.48,-0.00104032,-0.00774707,0.00269511,-0.00444407,0.0269123
3.481,-0.00104806,-0.00772284,0.00269067,-0.00443968,0.0268639
3.482,-0.00105577,-0.00769867,0.00268623,-0.00443529,0.0268156
3.483,-0.00106346,-0.00767453,0.0026818,-0.0044309,0.0267674
3.484,-0.00107112,-0.00765044,0.00267737,-0.00442651,0.0267193
3.485,-0.00107876,-0.00762639,0.00267295,-0.00442212,0.0266711
3.486,-0.00108637,-0.00760239,0.00266853,-0.00441772,0.0266231
3.487,-0.00109396,-0.00757843,0.00266411,-0.00441333,0.0265751
3.488,-0.00110153,-0.00755452,0.0026597,-0.00440893,0.0265271
3.489,-0.00110907,-0.00753064,0.00265529,-0.00440454,0.0264792
3.49,-0.00111659,-0.00750682,0.00265089,-0.00440014,0.0264314
3.491,-0.00112409,-0.00748303,0.00264649,-0.00439574,0.0263836
3.492,-0.00113156,-0.00745929,0.0026421,-0.00439135,0.0263359
3.493,-0.001139,-0.00743559,0.00263771,-0.00438695,0.0262882
3.494,-0.00114643,-0.00741193,0.00263333,-0.00438255,0.0262406
3.495,-0.00115383,-0.00738832,0.00262895,-0.00437815,0.026193
3.496,-0.0011612,-0.00736475,0.00262457,-0.00437375,0.0261455
3.497,-0.00116856,-0.00734123,0.0026202,-0.00436935,0.026098
3.498,-0.00117589,-0.00731775,0.00261583,-0.00436495,0.0260506
3.499,-0.00118319,-0.00729431,0.00261147,-0.00436055,0.0260033
3.5,-0.00119048,-0.00727091,0.00260711,-0.00435615,0.025956
3.501,-0.00119773,-0.00724756,0.00260276,-0.00435174,0.0259087
3.502,-0.00120497,-0.00722425,0.00259841,-0.00434734,0.0258616
3.503,-0.00121218,-0.00720098,0.00259406,-0.00434294,0.0258144
3.504,-0.00121937,-0.00717776,0.00258972,-0.00433853,0.0257673
3.505,-0.00122654,-0.00715457,0.00258539,-0.00433413,0.0257203
3.506,-0.00123368,-0.00713143,0.00258105,-0.00432973,0.0256734
3.507,-0.0012408,-0.00710834,0.00257673,-0.00432532,0.0256264
3.508,-0.0012479,-0.00708528,0.0025724,-0.00432092,0.0255796
3.509,-0.00125497,-0.00706227,0.00256808,-0.00431651,0.0255328
3.51,-0.00126202,-0.0070393,0.00256377,-0.0043121,0.025486
3.511,-0.00126905,-0.00701638,0.00255946,-0.0043077,0.0254393
3.512,-0.00127606,-0.00699349,0.00255515,-0.00430329,0.0253927
3.513,-0.00128304,-0.00697065,0.00255085,-0.00429888,0.0253461
3.514,-0.00129,-0.00694785,0.00254656,-0.00429448,0.0252995
3.515,-0.00129693,-0.0069251,0.00254226,-0.00429007,0.0252531
3.516,-0.00130385,-0.00690238,0.00253798,-0.00428566,0.0252066
3.517,-0.00131074,-0.00687971,0.00253369,-0.00428125,0.0251603
3.518,-0.00131761,-0.00685708,0.00252941,-0.00427685,0.0251139
3.519,-0.00132445,-0.00683449,0.00252514,-0.00427244,0.0250677
3.52,-0.00133128,-0.00681194,0.00252087,-0.00426803,0.0250215
3.521,-0.00133808,-0.00678944,0.0025166,-0.00426362,0.0249753
3.522,-0.00134485,-0.00676698,0.00251234,-0.00425921,0.0249292
3.523,-0.00135161,-0.00674455,0.00250808,-0.0042548,0.0248832
3.524,-0.00135834,-0.00672218,0.00250383,-0.00425039,0.0248372
3.525,-0.00136506,-0.00669984,0.00249958,-0.00424598,0.0247912
3.526,-0.00137174,-0.00667754,0.00249534,-0.00424157,0.0247453
3.527,-0.00137841,-0.00665529,0.0024911,-0.00423716,0.0246995
3.528,-0.00138505,-0.00663308,0.00248687,-0.00423275,0.0246537
3.529,-0.00139168,-0.00661091,0.00248264,-0.00422834,0.024608
3.53,-0.00139828,-0.00658878,0.00247841,-0.00422393,0.0245623
3.531,-0.00140485,-0.00656669,0.00247419,-0.00421952,0.0245167
3.532,-0.00141141,-0.00654465,0.00246997,-0.00421511,0.0244711
3.533,-0.00141794,-0.00652264,0.00246576,-0.0042107,0.0244256
3.534,-0.00142445,-0.00650068,0.00246155,-0.00420629,0.0243802
3.535,-0.00143094,-0.00647876,0.00245734,-0.00420188,0.0243348
3.536,-0.00143741,-0.00645687,0.00245315,-0.00419747,0.0242894
3.537,-0.00144386,-0.00643503,0.00244895,-0.00419306,0.0242441
3.538,-0.00145028,-0.00641324,0.00244476,-0.00418865,0.0241989
3.539,-0.00145668,-0.00639148,0.00244057,-0.00418424,0.0241537
3.54,-0.00146307,-0.00636976,0.00243639,-0.00417983,0.0241086
3.541,-0.00146942,-0.00634809,0.00243221,-0.00417542,0.0240635
3.542,-0.00147576,-0.00632645,0.00242804,-0.00417101,0.0240185
3.543,-0.00148208,-0.00630486,0.00242387,-0.0041666,0.0239735
3.544,-0.00148837,-0.00628331,0.00241971,-0.00416219,0.0239286
3.545,-0.00149464,-0.00626179,0.00241555,-0.00415778,0.0238837
3.546,-0.0015009,-0.00624032,0.00241139,-0.00415337,0.0238389
3.547,-0.00150712,-0.00621889,0.00240724,-0.00414896,0.0237942
3.548,-0.00151333,-0.0061975,0.00240309,-0.00414455,0.0237494
3.549,-0.00151952,-0.00617615,0.00239895,-0.00414014,0.0237048
3.55,-0.00152569,-0.00615484,0.00239481,-0.00413573,0.0236602
3.551,-0.00153183,-0.00613358,0.00239068,-0.00413132,0.0236157
3.552,-0.00153795,-0.00611235,0.00238655,-0.00412692,0.0235712
3.553,-0.00154405,-0.00609116,0.00238243,-0.00412251,0.0235267
3.554,-0.00155013,-0.00607001,0.00237831,-0.0041181,0.0234824
3.555,-0.00155619,-0.00604891,0.00237419,-0.00411369,0.023438
3.556,-0.00156223,-0.00602784,0.00237008,-0.00410928,0.0233938
3.557,-0.00156825,-0.00600681,0.00236597,-0.00410487,0.0233495
3.558,-0.00157425,-0.00598583,0.00236187,-0.00410047,0.0233054
3.559,-0.00158022,-0.00596488,0.00235777,-0.00409606,0.0232613
3.56,-0.00158618,-0.00594397,0.00235368,-0.00409165,0.0232172
3.561,-0.00159211,-0.00592311,0.00234959,-0.00408725,0.0231732
3.562,-0.00159802,-0.00590228,0.0023455,-0.00408284,0.0231292
3.563,-0.00160391,-0.00588149,0.00234142,-0.00407843,0.0230853
3.564,-0.00160979,-0.00586075,0.00233734,-0.00407403,0.0230415
3.565,-0.00161564,-0.00584004,0.00233327,-0.00406962,0.0229977
3.566,-0.00162147,-0.00581937,0.00232921,-0.00406522,0.0229539
3.567,-0.00162727,-0.00579875,0.00232514,-0.00406081,0.0229103
3.568,-0.00163306,-0.00577816,0.00232108,-0.00405641,0.0228666
3.569,-0.00163883,-0.00575761,0.00231703,-0.00405201,0.022823
3.57,-0.00164458,-0.0057371,0.00231298,-0.0040476,0.0227795
3.571,-0.0016503,-0.00571663,0.00230893,-0.0040432,0.022736
3.572,-0.00165601,-0.0056962,0.00230489,-0.0040388,0.0226926
3.573,-0.0016617,-0.00567581,0.00230086,-0.00403439,0.0226493
3.574,-0.00166736,-0.00565546,0.00229682,-0.00402999,0.0226059
3.575,-0.00167301,-0.00563515,0.0022928,-0.00402559,0.0225627
3.576,-0.00167863,-0.00561488,0.00228877,-0.00402119,0.0225195
3.577,-0.00168424,-0.00559465,0.00228475,-0.00401679,0.0224763
3.578,-0.00168982,-0.00557445,0.00228074,-0.00401239,0.0224332
3.579,-0.00169539,-0.0055543,0.00227673,-0.00400799,0.0223902
3.58,-0.00170093,-0.00553418,0.00227272,-0.00400359,0.0223472
3.581,-0.00170646,-0.00551411,0.00226872,-0.00399919,0.0223042
3.582,-0.00171196,-0.00549407,0.00226473,-0.0039948,0.0222613
3.583,-0.00171744,-0.00547407,0.00226073,-0.0039904,0.0222185
3.584,-0.00172291,-0.00545411,0.00225674,-0.003986,0.0221757
3.585,-0.00172835,-0.00543419,0.00225276,-0.00398161,0.022133
3.586,-0.00173378,-0.00541431,0.00224878,-0.00397721,0.0220903
3.587,-0.00173918,-0.00539446,0.00224481,-0.00397282,0.0220477
3.588,-0.00174456,-0.00537466,0.00224084,-0.00396842,0.0220051
3.589,-0.00174993,-0.00535489,0.00223687,-0.00396403,0.0219626
3.59,-0.00175527,-0.00533516,0.00223291,-0.00395963,0.0219201
3.591,-0.0017606,-0.00531547,0.00222895,-0.00395524,0.0218777
3.592,-0.00176591,-0.00529582,0.002225,-0.00395085,0.0218353
3.593,-0.00177119,-0.00527621,0.00222105,-0.00394646,0.021793
3.594,-0.00177646,-0.00525664,0.0022171,-0.00394207,0.0217508
3.595,-0.00178171,-0.0052371,0.00221316,-0.00393768,0.0217086
3.596,-0.00178693,-0.0052176,0.00220923,-0.00393329,0.0216664
3.597,-0.00179214,-0.00519815,0.0022053,-0.0039289,0.0216243
3.598,-0.00179733,-0.00517873,0.00220137,-0.00392451,0.0215823
3.599,-0.0018025,-0.00515934,0.00219745,-0.00392012,0.0215403
3.6,-0.00180765,-0.00514,0.00219353,-0.00391574,0.0214984
3.601,-0.00181278,-0.00512069,0.00218962,-0.00391135,0.0214565
3.602,-0.00181789,-0.00510142,0.00218571,-0.00390697,0.0214146
3.603,-0.00182298,-0.00508219,0.0021818,-0.00390258,0.0213728
3.604,-0.00182805,-0.005063,0.0021779,-0.0038982,0.0213311
3.605,-0.00183311,-0.00504384,0.00217401,-0.00389382,0.0212894
3.606,-0.00183814,-0.00502473,0.00217012,-0.00388944,0.0212478
3.607,-0.00184316,-0.00500565,0.00216623,-0.00388505,0.0212062
3.608,-0.00184815,-0.00498661,0.00216235,-0.00388067,0.0211647
3.609,-0.00185313,-0.0049676,0.00215847,-0.00387629,0.0211233
3.61,-0.00185809,-0.00494864,0.00215459,-0.00387192,0.0210818
3.611,-0.00186303,-0.00492971,0.00215072,-0.00386754,0.0210405
3.612,-0.00186795,-0.00491082,0.00214686,-0.00386316,0.0209992
3.613,-0.00187285,-0.00489196,0.002143,-0.00385879,0.0209579
3.614,-0.00187773,-0.00487315,0.00213914,-0.00385441,0.0209167
3.615,-0.00188259,-0.00485437,0.00213529,-0.00385004,0.0208755
3.616,-0.00188744,-0.00483563,0.00213144,-0.00384566,0.0208344
3.617,-0.00189227,-0.00481692,0.0021276,-0.00384129,0.0207934
3.618,-0.00189707,-0.00479825,0.00212376,-0.00383692,0.0207524
3.619,-0.00190186,-0.00477962,0.00211992,-0.00383255,0.0207115
3.62,-0.00190663,-0.00476103,0.00211609,-0.00382818,0.0206706
3.621,-0.00191138,-0.00474248,0.00211227,-0.00382381,0.0206297
3.622,-0.00191612,-0.00472396,0.00210844,-0.00381944,0.0205889
3.623,-0.00192083,-0.00470548,0.00210463,-0.00381507,0.0205482
3.624,-0.00192553,-0.00468703,0.00210081,-0.00381071,0.0205075
3.625,-0.00193021,-0.00466862,0.00209701,-0.00380634,0.0204669
3.626,-0.00193487,-0.00465025,0.0020932,-0.00380198,0.0204263
3.627,-0.00193951,-0.00463192,0.0020894,-0.00379762,0.0203858
3.628,-0.00194413,-0.00461362,0.00208561,-0.00379325,0.0203453
3.629,-0.00194873,-0.00459536,0.00208182,-0.00378889,0.0203049
3.63,-0.00195332,-0.00457714,0.00207803,-0.00378453,0.0202645
3.631,-0.00195789,-0.00455895,0.00207425,-0.00378017,0.0202242
3.632,-0.00196244,-0.0045408,0.00207047,-0.00377582,0.0201839
3.633,-0.00196697,-0.00452268,0.0020667,-0.00377146,0.0201437
3.634,-0.00197148,-0.00450461,0.00206293,-0.0037671,0.0201035
3.635,-0.00197598,-0.00448656,0.00205916,-0.00376275,0.0200634
3.636,-0.00198046,-0.00446856,0.0020554,-0.0037584,0.0200233
3.637,-0.00198492,-0.00445059,0.00205164,-0.00375404,0.0199833
3.638,-0.00198936,-0.00443266,0.00204789,-0.00374969,0.0199434
3.639,-0.00199378,-0.00441476,0.00204414,-0.00374534,0.0199035
3.64,-0.00199819,-0.0043969,0.0020404,-0.00374099,0.0198636
3.641,-0.00200258,-0.00437908,0.00203666,-0.00373664,0.0198238
3.642,-0.00200695,-0.00436129,0.00203293,-0.0037323,0.019784
3.643,-0.0020113,-0.00434354,0.0020292,-0.00372795,0.0197443
3.644,-0.00201563,-0.00432582,0.00202547,-0.00372361,0.0197047
3.645,-0.00201995,-0.00430814,0.00202175,-0.00371926,0.0196651
3.646,-0.00202425,-0.0042905,0.00201803,-0.00371492,0.0196256
3.647,-0.00202853,-0.00427289,0.00201432,-0.00371058,0.0195861
3.648,-0.0020328,-0.00425532,0.00201061,-0.00370624,0.0195466
3.649,-0.00203704,-0.00423778,0.00200691,-0.0037019,0.0195072
3.65,-0.00204127,-0.00422028,0.00200321,-0.00369756,0.0194679
3.651,-0.00204548,-0.00420281,0.00199951,-0.00369323,0.0194286
3.652,-0.00204968,-0.00418538,0.00199582,-0.00368889,0.0193894
3.653,-0.00205385,-0.00416799,0.00199214,-0.00368456,0.0193502
3.654,-0.00205801,-0.00415063,0.00198845,-0.00368023,0.019311
3.655,-0.00206215,-0.00413331,0.00198478,-0.0036759,0.0192719
3.656,-0.00206628,-0.00411602,0.0019811,-0.00367157,0.0192329
3.657,-0.00207039,-0.00409877,0.00197743,-0.00366724,0.0191939
3.658,-0.00207448,-0.00408155,0.00197377,-0.00366291,0.019155
3.659,-0.00207855,-0.00406437,0.00197011,-0.00365858,0.0191161
3.66,-0.00208261,-0.00404722,0.00196645,-0.00365426,0.0190773
3.661,-0.00208664,-0.00403011,0.0019628,-0.00364994,0.0190385
3.662,-0.00209067,-0.00401304,0.00195915,-0.00364561,0.0189998
3.663,-0.00209467,-0.003996,0.00195551,-0.00364129,0.0189611
3.664,-0.00209866,-0.00397899,0.00195187,-0.00363697,0.0189225
3.665,-0.00210263,-0.00396202,0.00194823,-0.00363265,0.0188839
3.666,-0.00210658,-0.00394508,0.0019446,-0.00362834,0.0188454
3.667,-0.00211052,-0.00392818,0.00194098,-0.00362402,0.0188069
3.668,-0.00211444,-0.00391132,0.00193735,-0.00361971,0.0187685
3.669,-0.00211834,-0.00389448,0.00193374,-0.00361539,0.0187301
3.67,-0.00212223,-0.00387769,0.00193012,-0.00361108,0.0186918
3.671,-0.0021261,-0.00386093,0.00192651,-0.00360677,0.0186535
3.672,-0.00212995,-0.0038442,0.00192291,-0.00360247,0.0186153
3.673,-0.00213378,-0.00382751,0.00191931,-0.00359816,0.0185771
3.674,-0.0021376,-0.00381085,0.00191571,-0.00359385,0.018539
3.675,-0.00214141,-0.00379422,0.00191212,-0.00358955,0.018501
3.676,-0.00214519,-0.00377764,0.00190853,-0.00358525,0.0184629
3.677,-0.00214896,-0.00376108,0.00190495,-0.00358094,0.018425
3.678,-0.00215271,-0.00374456,0.00190137,-0.00357664,0.0183871
3.679,-0.00215645,-0.00372808,0.0018978,-0.00357235,0.0183492
3.68,-0.00216017,-0.00371162,0.00189423,-0.00356805,0.0183114
3.681,-0.00216387,-0.00369521,0.00189066,-0.00356375,0.0182736
3.682,-0.00216756,-0.00367882,0.0018871,-0.00355946,0.0182359
3.683,-0.00217123,-0.00366248,0.00188354,-0.00355517,0.0181982
3.684,-0.00217489,-0.00364616,0.00187999,-0.00355087,0.0181606
3.685,-0.00217852,-0.00362988,0.00187644,-0.00354659,0.0181231
3.686,-0.00218215,-0.00361363,0.0018729,-0.0035423,0.0180856
3.687,-0.00218575,-0.00359742,0.00186936,-0.00353801,0.0180481
3.688,-0.00218934,-0.00358124,0.00186582,-0.00353373,0.0180107
3.689,-0.00219291,-0.0035651,0.00186229,-0.00352944,0.0179733
3.69,-0.00219647,-0.00354899,0.00185876,-0.00352516,0.017936
3.691,-0.00220001,-0.00353291,0.00185524,-0.00352088,0.0178988
3.692,-0.00220354,-0.00351687,0.00185172,-0.0035166,0.0178615
3.693,-0.00220705,-0.00350086,0.00184821,-0.00351232,0.0178244
3.694,-0.00221054,-0.00348488,0.0018447,-0.00350805,0.0177873
3.695,-0.00221402,-0.00346894,0.00184119,-0.00350377,0.0177502
3.696,-0.00221748,-0.00345303,0.00183769,-0.0034995,0.0177132
3.697,-0.00222092,-0.00343715,0.00183419,-0.00349523,0.0176762
3.698,-0.00222435,-0.00342131,0.0018307,-0.00349096,0.0176393
3.699,-0.00222776,-0.0034055,0.00182721,-0.00348669,0.0176025
3.7,-0.00223116,-0.00338973,0.00182372,-0.00348243,0.0175657
3.701,-0.00223454,-0.00337399,0.00182024,-0.00347816,0.0175289
3.702,-0.00223791,-0.00335828,0.00181677,-0.0034739,0.0174922
3.703,-0.00224126,-0.00334261,0.0018133,-0.00346964,0.0174555
3.704,-0.00224459,-0.00332696,0.00180983,-0.00346538,0.0174189
3.705,-0.00224791,-0.00331135,0.00180637,-0.00346112,0.0173824
3.706,-0.00225122,-0.00329578,0.00180291,-0.00345687,0.0173459
3.707,-0.00225451,-0.00328024,0.00179945,-0.00345261,0.0173094
3.708,-0.00225778,-0.00326473,0.001796,-0.00344836,0.017273
3.709,-0.00226104,-0.00324925,0.00179256,-0.00344411,0.0172366
3.71,-0.00226428,-0.00323381,0.00178911,-0.00343986,0.0172003
3.711,-0.0022675,-0.0032184,0.00178568,-0.00343561,0.0171641
3.712,-0.00227071,-0.00320302,0.00178224,-0.00343137,0.0171278
3.713,-0.00227391,-0.00318767,0.00177881,-0.00342712,0.0170917
3.714,-0.00227709,-0.00317236,0.00177539,-0.00342288,0.0170556
3.715,-0.00228025,-0.00315708,0.00177197,-0.00341864,0.0170195
3.716,-0.0022834,-0.00314184,0.00176855,-0.0034144,0.0169835
3.717,-0.00228654,-0.00312662,0.00176514,-0.00341017,0.0169475
3.718,-0.00228966,-0.00311144,0.00176173,-0.00340593,0.0169116
3.719,-0.00229276,-0.00309629,0.00175833,-0.0034017,0.0168757
3.72,-0.00229585,-0.00308117,0.00175493,-0.00339747,0.0168399
3.721,-0.00229892,-0.00306609,0.00175153,-0.00339324,0.0168041
3.722,-0.00230198,-0.00305104,0.00174814,-0.00338901,0.0167684
3.723,-0.00230502,-0.00303602,0.00174475,-0.00338478,0.0167328
3.724,-0.00230805,-0.00302103,0.00174137,-0.00338056,0.0166971
3.725,-0.00231107,-0.00300608,0.00173799,-0.00337633,0.0166616
3.726,-0.00231407,-0.00299115,0.00173462,-0.00337211,0.016626
3.727,-0.00231705,-0.00297626,0.00173125,-0.00336789,0.0165906
3.728,-0.00232002,-0.0029614,0.00172788,-0.00336368,0.0165551
3.729,-0.00232297,-0.00294658,0.00172452,-0.00335946,0.0165198
3.73,-0.00232591,-0.00293178,0.00172116,-0.00335525,0.0164844
3.731,-0.00232884,-0.00291702,0.00171781,-0.00335104,0.0164492
3.732,-0.00233175,-0.00290229,0.00171446,-0.00334683,0.0164139
3.733,-0.00233464,-0.00288759,0.00171112,-0.00334262,0.0163788
3.734,-0.00233752,-0.00287293,0.00170778,-0.00333841,0.0163436
3.735,-0.00234039,-0.00285829,0.00170444,-0.00333421,0.0163085
3.736,-0.00234324,-0.00284369,0.00170111,-0.00333001,0.0162735
3.737,-0.00234607,-0.00282912,0.00169778,-0.00332581,0.0162385
3.738,-0.0023489,-0.00281458,0.00169446,-0.00332161,0.0162036
3.739,-0.0023517,-0.00280007,0.00169114,-0.00331741,0.0161687
3.74,-0.0023545,-0.00278559,0.00168782,-0.00331322,0.0161339
3.741,-0.00235727,-0.00277115,0.00168451,-0.00330902,0.0160991
3.742,-0.00236004,-0.00275673,0.0016812,-0.00330483,0.0160643
3.743,-0.00236279,-0.00274235,0.0016779,-0.00330064,0.0160296
3.744,-0.00236552,-0.002728,0.0016746,-0.00329646,0.015995
3.745,-0.00236824,-0.00271368,0.00167131,-0.00329227,0.0159604
3.746,-0.00237095,-0.00269939,0.00166802,-0.00328809,0.0159259
3.747,-0.00237364,-0.00268514,0.00166473,-0.00328391,0.0158914
3.748,-0.00237632,-0.00267091,0.00166145,-0.00327973,0.0158569
3.749,-0.00237898,-0.00265672,0.00165817,-0.00327555,0.0158225
3.75,-0.00238163,-0.00264255,0.0016549,-0.00327138,0.0157882
3.751,-0.00238427,-0.00262842,0.00165163,-0.0032672,0.0157538
3.752,-0.00238689,-0.00261432,0.00164836,-0.00326303,0.0157196
3.753,-0.0023895,-0.00260025,0.0016451,-0.00325886,0.0156854
3.754,-0.00239209,-0.00258621,0.00164185,-0.0032547,0.0156512
3.755,-0.00239467,-0.0025722,0.00163859,-0.00325053,0.0156171
3.756,-0.00239724,-0.00255823,0.00163535,-0.00324637,0.015583
3.757,-0.00239979,-0.00254428,0.0016321,-0.00324221,0.015549
3.758,-0.00240232,-0.00253037,0.00162886,-0.00323805,0.0155151
3.759,-0.00240485,-0.00251648,0.00162563,-0.00323389,0.0154811
3.76,-0.00240736,-0.00250263,0.00162239,-0.00322974,0.0154473
3.761,-0.00240985,-0.0024888,0.00161917,-0.00322558,0.0154134
3.762,-0.00241233,-0.00247501,0.00161594,-0.00322143,0.0153797
3.763,-0.0024148,-0.00246125,0.00161272,-0.00321728,0.0153459
3.764,-0.00241726,-0.00244752,0.00160951,-0.00321314,0.0153123
3.765,-0.0024197,-0.00243382,0.0016063,-0.00320899,0.0152786
3.766,-0.00242212,-0.00242014,0.00160309,-0.00320485,0.015245
3.767,-0.00242454,-0.0024065,0.00159989,-0.00320071,0.0152115
3.768,-0.00242694,-0.00239289,0.00159669,-0.00319657,0.015178
3.769,-0.00242932,-0.00237931,0.00159349,-0.00319244,0.0151446
3.77,-0.0024317,-0.00236576,0.0015903,-0.0031883,0.0151112
3.771,-0.00243406,-0.00235225,0.00158712,-0.00318417,0.0150778
3.772,-0.0024364,-0.00233876,0.00158394,-0.00318004,0.0150445
3.773,-0.00243873,-0.0023253,0.00158076,-0.00317591,0.0150113
3.774,-0.00244105,-0.00231187,0.00157758,-0.00317179,0.0149781
3.775,-0.00244336,-0.00229847,0.00157441,-0.00316766,0.0149449
3.776,-0.00244565,-0.0022851,0.00157125,-0.00316354,0.0149118
3.777,-0.00244793,-0.00227176,0.00156809,-0.00315942,0.0148788
3.778,-0.00245019,-0.00225845,0.00156493,-0.00315531,0.0148457
3.779,-0.00245244,-0.00224517,0.00156178,-0.00315119,0.0148128
3.78,-0.00245468,-0.00223192,0.00155863,-0.00314708,0.0147799
3.781,-0.00245691,-0.0022187,0.00155548,-0.00314297,0.014747
3.782,-0.00245912,-0.00220551,0.00155234,-0.00313886,0.0147142
3.783,-0.00246132,-0.00219235,0.0015492,-0.00313476,0.0146814
3.784,-0.0024635,-0.00217922,0.00154607,-0.00313065,0.0146487
3.785,-0.00246568,-0.00216612,0.00154294,-0.00312655,0.014616
3.786,-0.00246784,-0.00215305,0.00153982,-0.00312245,0.0145833
3.787,-0.00246998,-0.00214001,0.0015367,-0.00311835,0.0145508
3.788,-0.00247212,-0.002127,0.00153358,-0.00311426,0.0145182
3.789,-0.00247424,-0.00211402,0.00153047,-0.00311017,0.0144857
3.79,-0.00247634,-0.00210106,0.00152736,-0.00310607,0.0144533
3.791,-0.00247844,-0.00208814,0.00152426,-0.00310199,0.0144209
3.792,-0.00248052,-0.00207524,0.00152116,-0.0030979,0.0143885
3.793,-0.00248259,-0.00206238,0.00151806,-0.00309382,0.0143562
3.794,-0.00248465,-0.00204954,0.00151497,-0.00308974,0.0143239
3.795,-0.00248669,-0.00203673,0.00151188,-0.00308566,0.0142917
3.796,-0.00248872,-0.00202396,0.0015088,-0.00308158,0.0142596
3.797,-0.00249074,-0.00201121,0.00150572,-0.0030775,0.0142274
3.798,-0.00249274,-0.00199849,0.00150264,-0.00307343,0.0141954
3.799,-0.00249473,-0.0019858,0.00149957,-0.00306936,0.0141633
3.8,-0.00249671,-0.00197314,0.0014965,-0.00306529,0.0141314
3.801,-0.00249868,-0.0019605,0.00149344,-0.00306123,0.0140994
3.802,-0.00250063,-0.0019479,0.00149038,-0.00305716,0.0140676
3.803,-0.00250258,-0.00193532,0.00148733,-0.0030531,0.0140357
3.804,-0.0025045,-0.00192278,0.00148428,-0.00304904,0.0140039
3.805,-0.00250642,-0.00191026,0.00148123,-0.00304499,0.0139722
3.806,-0.00250833,-0.00189777,0.00147819,-0.00304093,0.0139405
3.807,-0.00251022,-0.00188531,0.00147515,-0.00303688,0.0139088
3.808,-0.0025121,-0.00187288,0.00147211,-0.00303283,0.0138772
3.809,-0.00251396,-0.00186048,0.00146908,-0.00302879,0.0138456
3.81,-0.00251582,-0.0018481,0.00146605,-0.00302474,0.0138141
3.811,-0.00251766,-0.00183576,0.00146303,-0.0030207,0.0137827
3.812,-0.00251949,-0.00182344,0.00146001,-0.00301666,0.0137512
3.813,-0.00252131,-0.00181115,0.001457,-0.00301262,0.0137199
3.814,-0.00252311,-0.00179889,0.00145399,-0.00300859,0.0136885
3.815,-0.0025249,-0.00178666,0.00145098,-0.00300455,0.0136572
3.816,-0.00252668,-0.00177445,0.00144798,-0.00300052,0.013626
3.817,-0.00252845,-0.00176228,0.00144498,-0.00299649,0.0135948
3.818,-0.00253021,-0.00175013,0.00144199,-0.00299247,0.0135637
3.819,-0.00253195,-0.00173801,0.001439,-0.00298844,0.0135326
3.82,-0.00253368,-0.00172592,0.00143601,-0.00298442,0.0135015
3.821,-0.0025354,-0.00171385,0.00143303,-0.0029804,0.0134705
3.822,-0.00253711,-0.00170182,0.00143005,-0.00297639,0.0134395
3.823,-0.00253881,-0.00168981,0.00142707,-0.00297237,0.0134086
3.824,-0.00254049,-0.00167783,0.0014241,-0.00296836,0.0133778
3.825,-0.00254216,-0.00166588,0.00142114,-0.00296435,0.0133469
3.826,-0.00254382,-0.00165396,0.00141817,-0.00296035,0.0133162
3.827,-0.00254547,-0.00164206,0.00141522,-0.00295634,0.0132854
3.828,-0.00254711,-0.00163019,0.00141226,-0.00295234,0.0132547
3.829,-0.00254873,-0.00161835,0.00140931,-0.00294834,0.0132241
3.83,-0.00255034,-0.00160654,0.00140637,-0.00294434,0.0131935
3.831,-0.00255195,-0.00159476,0.00140342,-0.00294035,0.0131629
3.832,-0.00255353,-0.001583,0.00140048,-0.00293636,0.0131324
3.833,-0.00255511,-0.00157127,0.00139755,-0.00293237,0.013102
3.834,-0.00255668,-0.00155957,0.00139462,-0.00292838,0.0130716
3.835,-0.00255823,-0.00154789,0.00139169,-0.0029244,0.0130412
3.836,-0.00255977,-0.00153625,0.00138877,-0.00292041,0.0130109
3.837,-0.0025613,-0.00152463,0.00138585,-0.00291643,0.0129806
3.838,-0.00256282,-0.00151303,0.00138294,-0.00291246,0.0129503
3.839,-0.00256433,-0.00150147,0.00138003,-0.00290848,0.0129202
3.84,-0.00256582,-0.00148993,0.00137712,-0.00290451,0.01289
3.841,-0.00256731,-0.00147842,0.00137422,-0.00290054,0.0128599
3.842,-0.00256878,-0.00146694,0.00137132,-0.00289657,0.0128299
3.843,-0.00257024,-0.00145548,0.00136843,-0.00289261,0.0127999
3.844,-0.00257169,-0.00144405,0.00136554,-0.00288864,0.0127699
3.845,-0.00257313,-0.00143265,0.00136265,-0.00288468,0.01274
3.846,-0.00257456,-0.00142128,0.00135977,-0.00288073,0.0127101
3.847,-0.00257597,-0.00140993,0.00135689,-0.00287677,0.0126803
3.848,-0.00257738,-0.00139861,0.00135401,-0.00287282,0.0126505
3.849,-0.00257877,-0.00138731,0.00135114,-0.00286887,0.0126208
3.85,-0.00258015,-0.00137605,0.00134827,-0.00286492,0.0125911
3.851,-0.00258152,-0.00136481,0.00134541,-0.00286098,0.0125614
3.852,-0.00258288,-0.00135359,0.00134255,-0.00285704,0.0125318
3.853,-0.00258423,-0.00134241,0.0013397,-0.0028531,0.0125022
3.854,-0.00258557,-0.00133125,0.00133685,-0.00284916,0.0124727
3.855,-0.00258689,-0.00132011,0.001334,-0.00284522,0.0124433
3.856,-0.00258821,-0.00130901,0.00133116,-0.00284129,0.0124138
3.857,-0.00258951,-0.00129793,0.00132832,-0.00283736,0.0123845
3.858,-0.0025908,-0.00128687,0.00132548,-0.00283344,0.0123551
3.859,-0.00259208,-0.00127585,0.00132265,-0.00282951,0.0123258
3.86,-0.00259335,-0.00126485,0.00131982,-0.00282559,0.0122966
3.861,-0.00259461,-0.00125387,0.001317,-0.00282167,0.0122674
3.862,-0.00259586,-0.00124293,0.00131418,-0.00281775,0.0122382
3.863,-0.0025971,-0.001232,0.00131136,-0.00281384,0.0122091
3.864,-0.00259833,-0.00122111,0.00130855,-0.00280993,0.01218
3.865,-0.00259954,-0.00121024,0.00130574,-0.00280602,0.012151
3.866,-0.00260075,-0.0011994,0.00130294,-0.00280211,0.012122
3.867,-0.00260194,-0.00118858,0.00130014,-0.00279821,0.0120931
3.868,-0.00260312,-0.00117779,0.00129734,-0.00279431,0.0120642
3.869,-0.0026043,-0.00116703,0.00129455,-0.00279041,0.0120354
3.87,-0.00260546,-0.00115629,0.00129176,-0.00278651,0.0120065
3.871,-0.00260661,-0.00114558,0.00128898,-0.00278262,0.0119778
3.872,-0.00260775,-0.00113489,0.0012862,-0.00277873,0.0119491
3.873,-0.00260888,-0.00112423,0.00128342,-0.00277484,0.0119204
3.874,-0.00261,-0.0011136,0.00128065,-0.00277096,0.0118918
3.875,-0.00261111,-0.00110299,0.00127788,-0.00276707,0.0118632
3.876,-0.0026122,-0.00109241,0.00127511,-0.00276319,0.0118346
3.877,-0.00261329,-0.00108185,0.00127235,-0.00275932,0.0118061
3.878,-0.00261437,-0.00107132,0.00126959,-0.00275544,0.0117777
3.879,-0.00261543,-0.00106081,0.00126684,-0.00275157,0.0117493
3.88,-0.00261649,-0.00105033,0.00126409,-0.0027477,0.0117209
3.881,-0.00261753,-0.00103988,0.00126135,-0.00274383,0.0116926
3.882,-0.00261857,-0.00102945,0.0012586,-0.00273997,0.0116643
3.883,-0.00261959,-0.00101905,0.00125587,-0.00273611,0.0116361
3.884,-0.00262061,-0.00100867,0.00125313,-0.00273225,0.0116079
3.885,-0.00262161,-0.000998321,0.0012504,-0.00272839,0.0115797
3.886,-0.0026226,-0.000987995,0.00124767,-0.00272454,0.0115516
3.887,-0.00262359,-0.000977694,0.00124495,-0.00272069,0.0115236
3.888,-0.00262456,-0.000967418,0.00124223,-0.00271684,0.0114956
3.889,-0.00262552,-0.000957168,0.00123952,-0.002713,0.0114676
3.89,-0.00262647,-0.000946943,0.00123681,-0.00270915,0.0114397
3.891,-0.00262742,-0.000936743,0.0012341,-0.00270531,0.0114118
3.892,-0.00262835,-0.000926568,0.0012314,-0.00270148,0.0113839
3.893,-0.00262927,-0.000916419,0.0012287,-0.00269764,0.0113561
3.894,-0.00263018,-0.000906295,0.001226,-0.00269381,0.0113284
3.895,-0.00263108,-0.000896195,0.00122331,-0.00268998,0.0113007
3.896,-0.00263197,-0.000886121,0.00122062,-0.00268615,0.011273
3.897,-0.00263285,-0.000876072,0.00121794,-0.00268233,0.0112454
3.898,-0.00263372,-0.000866048,0.00121526,-0.00267851,0.0112178
3.899,-0.00263459,-0.000856048,0.00121258,-0.00267469,0.0111902
3.9,-0.00263544,-0.000846074,0.00120991,-0.00267087,0.0111627
3.901,-0.00263628,-0.000836124,0.00120724,-0.00266706,0.0111353
3.902,-0.00263711,-0.000826199,0.00120457,-0.00266325,0.0111079
3.903,-0.00263793,-0.000816299,0.00120191,-0.00265944,0.0110805
3.904,-0.00263874,-0.000806424,0.00119925,-0.00265564,0.0110532
3.905,-0.00263954,-0.000796573,0.0011966,-0.00265184,0.0110259
3.906,-0.00264033,-0.000786747,0.00119395,-0.00264804,0.0109986
3.907,-0.00264112,-0.000776946,0.0011913,-0.00264424,0.0109714
3.908,-0.00264189,-0.000767169,0.00118866,-0.00264045,0.0109443
3.909,-0.00264265,-0.000757416,0.00118602,-0.00263666,0.0109172
3.91,-0.0026434,-0.000747688,0.00118339,-0.00263287,0.0108901
3.911,-0.00264415,-0.000737985,0.00118076,-0.00262908,0.0108631
3.912,-0.00264488,-0.000728306,0.00117813,-0.0026253,0.0108361
3.913,-0.0026456,-0.000718651,0.00117551,-0.00262152,0.0108091
3.914,-0.00264632,-0.000709021,0.00117289,-0.00261774,0.0107822
3.915,-0.00264702,-0.000699415,0.00117027,-0.00261397,0.0107554
3.916,-0.00264772,-0.000689833,0.00116766,-0.0026102,0.0107285
3.917,-0.0026484,-0.000680275,0.00116505,-0.00260643,0.0107018
3.918,-0.00264908,-0.000670742,0.00116245,-0.00260266,0.010675
3.919,-0.00264974,-0.000661233,0.00115985,-0.0025989,0.0106483
3.92,-0.0026504,-0.000651748,0.00115725,-0.00259514,0.0106217
3.921,-0.00265105,-0.000642287,0.00115466,-0.00259138,0.0105951
3.922,-0.00265168,-0.000632849,0.00115207,-0.00258763,0.0105685
3.923,-0.00265231,-0.000623436,0.00114948,-0.00258388,0.010542
3.924,-0.00265293,-0.000614047,0.0011469,-0.00258013,0.0105155
3.925,-0.00265354,-0.000604682,0.00114432,-0.00257638,0.0104891
3.926,-0.00265414,-0.000595341,0.00114175,-0.00257264,0.0104627
3.927,-0.00265473,-0.000586023,0.00113918,-0.0025689,0.0104363
3.928,-0.00265531,-0.000576729,0.00113661,-0.00256516,0.01041
3.929,-0.00265588,-0.000567459,0.00113404,-0.00256142,0.0103838
3.93,-0.00265645,-0.000558213,0.00113149,-0.00255769,0.0103575
3.931,-0.002657,-0.00054899,0.00112893,-0.00255396,0.0103313
3.932,-0.00265754,-0.000539791,0.00112638,-0.00255023,0.0103052
3.933,-0.00265808,-0.000530616,0.00112383,-0.00254651,0.0102791
3.934,-0.00265861,-0.000521464,0.00112128,-0.00254279,0.010253
3.935,-0.00265912,-0.000512336,0.00111874,-0.00253907,0.010227
3.936,-0.00265963,-0.000503231,0.00111621,-0.00253536,0.010201
3.937,-0.00266013,-0.00049415,0.00111367,-0.00253164,0.0101751
3.938,-0.00266062,-0.000485092,0.00111114,-0.00252793,0.0101492
3.939,-0.0026611,-0.000476057,0.00110862,-0.00252423,0.0101234
3.94,-0.00266157,-0.000467046,0.00110609,-0.00252052,0.0100975
3.941,-0.00266203,-0.000458058,0.00110358,-0.00251682,0.0100718
3.942,-0.00266249,-0.000449093,0.00110106,-0.00251312,0.010046
3.943,-0.00266293,-0.000440152,0.00109855,-0.00250943,0.0100204
3.944,-0.00266337,-0.000431234,0.00109604,-0.00250574,0.0099947
3.945,-0.00266379,-0.000422339,0.00109354,-0.00250205,0.0099691
3.946,-0.00266421,-0.000413467,0.00109104,-0.00249836,0.00994353
3.947,-0.00266462,-0.000404618,0.00108854,-0.00249468,0.00991801
3.948,-0.00266502,-0.000395792,0.00108605,-0.002491,0.00989253
3.949,-0.00266541,-0.000386989,0.00108356,-0.00248732,0.00986709
3.95,-0.0026658,-0.000378209,0.00108107,-0.00248364,0.00984169
3.951,-0.00266617,-0.000369452,0.00107859,-0.00247997,0.00981633
3.952,-0.00266653,-0.000360718,0.00107611,-0.0024763,0.00979101
3.953,-0.00266689,-0.000352007,0.00107364,-0.00247263,0.00976573
3.954,-0.00266724,-0.000343318,0.00107117,-0.00246897,0.00974049
3.955,-0.00266758,-0.000334652,0.0010687,-0.00246531,0.0097153
3.956,-0.00266791,-0.000326009,0.00106624,-0.00246165,0.00969014
3.957,-0.00266823,-0.000317389,0.00106378,-0.002458,0.00966503
3.958,-0.00266854,-0.000308792,0.00106132,-0.00245435,0.00963996
3.959,-0.00266885,-0.000300217,0.00105887,-0.0024507,0.00961492
3.96,-0.00266914,-0.000291664,0.00105642,-0.00244705,0.00958993
3.961,-0.00266943,-0.000283134,0.00105398,-0.00244341,0.00956498
3.962,-0.00266971,-0.000274627,0.00105153,-0.00243977,0.00954007
3.963,-0.00266998,-0.000266142,0.0010491,-0.00243613,0.0095152
3.964,-0.00267024,-0.00025768,0.00104666,-0.00243249,0.00949037
3.965,-0.00267049,-0.00024924,0.00104423,-0.00242886,0.00946558
3.966,-0.00267074,-0.000240822,0.0010418,-0.00242523,0.00944083
3.967,-0.00267098,-0.000232427,0.00103938,-0.00242161,0.00941612
3.968,-0.0026712,-0.000224054,0.00103696,-0.00241799,0.00939146
3.969,-0.00267142,-0.000215703,0.00103454,-0.00241437,0.00936683
3.97,-0.00267164,-0.000207375,0.00103213,-0.00241075,0.00934224
3.971,-0.00267184,-0.000199068,0.00102972,-0.00240713,0.00931769
3.972,-0.00267203,-0.000190784,0.00102732,-0.00240352,0.00929319
3.973,-0.00267222,-0.000182522,0.00102492,-0.00239991,0.00926872
3.974,-0.0026724,-0.000174282,0.00102252,-0.00239631,0.00924429
3.975,-0.00267257,-0.000166064,0.00102012,-0.00239271,0.0092199
3.976,-0.00267273,-0.000157868,0.00101773,-0.00238911,0.00919556
3.977,-0.00267289,-0.000149694,0.00101535,-0.00238551,0.00917125
3.978,-0.00267303,-0.000141542,0.00101296,-0.00238192,0.00914698
3.979,-0.00267317,-0.000133412,0.00101058,-0.00237833,0.00912276
3.98,-0.0026733,-0.000125303,0.0010082,-0.00237474,0.00909857
3.981,-0.00267342,-0.000117217,0.00100583,-0.00237116,0.00907442
3.982,-0.00267353,-0.000109152,0.00100346,-0.00236757,0.00905032
3.983,-0.00267364,-0.000101109,0.0010011,-0.00236399,0.00902625
3.984,-0.00267373,-9.30877e-05,0.000998735,-0.00236042,0.00900222
3.985,-0.00267382,-8.5088e-05,0.000996376,-0.00235685,0.00897823
3.986,-0.0026739,-7.71101e-05,0.000994021,-0.00235328,0.00895428
3.987,-0.00267398,-6.91537e-05,0.000991669,-0.00234971,0.00893037
3.988,-0.00267404,-6.12188e-05,0.000989321,-0.00234615,0.0089065
3.989,-0.0026741,-5.33055e-05,0.000986977,-0.00234258,0.00888267
3.99,-0.00267415,-4.54137e-05,0.000984636,-0.00233903,0.00885888
3.991,-0.00267419,-3.75434e-05,0.000982299,-0.00233547,0.00883513
3.992,-0.00267422,-2.96944e-05,0.000979965,-0.00233192,0.00881142
3.993,-0.00267425,-2.18669e-05,0.000977635,-0.00232837,0.00878775
3.994,-0.00267427,-1.40607e-05,0.000975309,-0.00232483,0.00876411
3.995,-0.00267428,-6.27582e-06,0.000972986,-0.00232128,0.00874052
3.996,-0.00267428,1.48778e-06,0.000970666,-0.00231774,0.00871697
3.997,-0.00267428,9.23015e-06,0.00096835,-0.00231421,0.00869345
3.998,-0.00267426,1.69513e-05,0.000966038,-0.00231067,0.00866997
3.999,-0.00267424,2.46513e-05,0.000963729,-0.00230714,0.00864654
4,-0.00267421,3.23301e-05,0.000961423,-0.00230361,0.00862314
4.001,-0.00267418,3.99879e-05,0.000959122,-0.00230009,0.00859978
4.002,-0.00267413,4.76246e-05,0.000956823,-0.00229656,0.00857646
4.003,-0.00267408,5.52402e-05,0.000954528,-0.00229305,0.00855318
4.004,-0.00267402,6.28349e-05,0.000952237,-0.00228953,0.00852994
4.005,-0.00267396,7.04086e-05,0.000949949,-0.00228602,0.00850673
4.006,-0.00267388,7.79614e-05,0.000947665,-0.00228251,0.00848357
4.007,-0.0026738,8.54933e-05,0.000945384,-0.002279,0.00846044
4.008,-0.00267371,9.30044e-05,0.000943107,-0.0022755,0.00843736
4.009,-0.00267361,0.000100495,0.000940833,-0.00227199,0.00841431
4.01,-0.00267351,0.000107964,0.000938563,-0.0022685,0.0083913
4.011,-0.0026734,0.000115413,0.000936296,-0.002265,0.00836833
4.012,-0.00267328,0.000122841,0.000934033,-0.00226151,0.0083454
4.013,-0.00267315,0.000130248,0.000931773,-0.00225802,0.0083225
4.014,-0.00267302,0.000137635,0.000929517,-0.00225454,0.00829965
4.015,-0.00267288,0.000145001,0.000927264,-0.00225105,0.00827683
4.016,-0.00267273,0.000152346,0.000925015,-0.00224757,0.00825406
4.017,-0.00267257,0.000159671,0.000922769,-0.0022441,0.00823132
4.018,-0.00267241,0.000166976,0.000920527,-0.00224062,0.00820861
4.019,-0.00267224,0.00017426,0.000918288,-0.00223715,0.00818595
4.02,-0.00267206,0.000181523,0.000916053,-0.00223368,0.00816333
4.021,-0.00267188,0.000188767,0.000913821,-0.00223022,0.00814074
4.022,-0.00267168,0.000195989,0.000911592,-0.00222676,0.00811819
4.023,-0.00267148,0.000203192,0.000909367,-0.0022233,0.00809568
4.024,-0.00267128,0.000210374,0.000907146,-0.00221984,0.00807321
4.025,-0.00267106,0.000217536,0.000904927,-0.00221639,0.00805078
4.026,-0.00267084,0.000224678,0.000902713,-0.00221294,0.00802838
4.027,-0.00267061,0.000231799,0.000900502,-0.00220949,0.00800602
4.028,-0.00267038,0.000238901,0.000898294,-0.00220605,0.00798371
4.029,-0.00267014,0.000245982,0.000896089,-0.00220261,0.00796142
4.03,-0.00266989,0.000253043,0.000893889,-0.00219917,0.00793918
4.031,-0.00266963,0.000260084,0.000891691,-0.00219574,0.00791697
4.032,-0.00266937,0.000267106,0.000889497,-0.00219231,0.00789481
4.033,-0.0026691,0.000274107,0.000887306,-0.00218888,0.00787268
4.034,-0.00266882,0.000281088,0.000885119,-0.00218545,0.00785058
4.035,-0.00266853,0.000288049,0.000882936,-0.00218203,0.00782853
4.036,-0.00266824,0.000294991,0.000880755,-0.00217861,0.00780651
4.037,-0.00266794,0.000301912,0.000878578,-0.0021752,0.00778453
4.038,-0.00266764,0.000308814,0.000876405,-0.00217179,0.00776259
4.039,-0.00266733,0.000315696,0.000874235,-0.00216838,0.00774069
4.04,-0.00266701,0.000322558,0.000872068,-0.00216497,0.00771882
4.041,-0.00266668,0.000329401,0.000869905,-0.00216157,0.00769699
4.042,-0.00266635,0.000336224,0.000867745,-0.00215816,0.0076752
4.043,-0.00266601,0.000343027,0.000865589,-0.00215477,0.00765344
4.044,-0.00266566,0.000349811,0.000863435,-0.00215137,0.00763173
4.045,-0.00266531,0.000356575,0.000861286,-0.00214798,0.00761005
4.046,-0.00266495,0.000363319,0.00085914,-0.00214459,0.0075884
4.047,-0.00266458,0.000370044,0.000856997,-0.00214121,0.0075668
4.048,-0.00266421,0.00037675,0.000854857,-0.00213783,0.00754523
4.049,-0.00266383,0.000383436,0.000852721,-0.00213445,0.0075237
4.05,-0.00266344,0.000390103,0.000850588,-0.00213107,0.00750221
4.051,-0.00266305,0.00039675,0.000848459,-0.0021277,0.00748075
4.052,-0.00266265,0.000403378,0.000846333,-0.00212433,0.00745933
4.053,-0.00266224,0.000409987,0.00084421,-0.00212096,0.00743795
4.054,-0.00266183,0.000416576,0.000842091,-0.0021176,0.0074166
4.055,-0.00266141,0.000423147,0.000839975,-0.00211424,0.00739529
4.056,-0.00266098,0.000429698,0.000837862,-0.00211088,0.00737402
4.057,-0.00266055,0.000436229,0.000835753,-0.00210752,0.00735279
4.058,-0.00266011,0.000442742,0.000833647,-0.00210417,0.00733159
4.059,-0.00265966,0.000449236,0.000831545,-0.00210083,0.00731043
4.06,-0.00265921,0.00045571,0.000829446,-0.00209748,0.0072893
4.061,-0.00265875,0.000462166,0.00082735,-0.00209414,0.00726821
4.062,-0.00265829,0.000468603,0.000825257,-0.0020908,0.00724716
4.063,-0.00265781,0.00047502,0.000823168,-0.00208746,0.00722615
4.064,-0.00265734,0.000481419,0.000821083,-0.00208413,0.00720517
4.065,-0.00265685,0.000487799,0.000819,-0.0020808,0.00718423
4.066,-0.00265636,0.000494159,0.000816921,-0.00207747,0.00716332
4.067,-0.00265586,0.000500502,0.000814845,-0.00207415,0.00714245
4.068,-0.00265536,0.000506825,0.000812773,-0.00207083,0.00712162
4.069,-0.00265485,0.000513129,0.000810704,-0.00206751,0.00710082
4.07,-0.00265433,0.000519415,0.000808638,-0.0020642,0.00708006
4.071,-0.00265381,0.000525682,0.000806575,-0.00206089,0.00705934
4.072,-0.00265328,0.000531931,0.000804516,-0.00205758,0.00703865
4.073,-0.00265275,0.00053816,0.00080246,-0.00205427,0.007018
4.074,-0.00265221,0.000544372,0.000800407,-0.00205097,0.00699739
4.075,-0.00265166,0.000550564,0.000798358,-0.00204767,0.00697681
4.076,-0.00265111,0.000556738,0.000796312,-0.00204438,0.00695627
4.077,-0.00265055,0.000562894,0.000794269,-0.00204109,0.00693576
4.078,-0.00264998,0.000569031,0.00079223,-0.0020378,0.00691529
4.079,-0.00264941,0.00057515,0.000790194,-0.00203451,0.00689486
4.08,-0.00264883,0.00058125,0.000788161,-0.00203123,0.00687446
4.081,-0.00264824,0.000587332,0.000786131,-0.00202795,0.00685409
4.082,-0.00264765,0.000593395,0.000784105,-0.00202467,0.00683377
4.083,-0.00264706,0.000599441,0.000782082,-0.0020214,0.00681348
4.084,-0.00264646,0.000605468,0.000780062,-0.00201813,0.00679322
4.085,-0.00264585,0.000611476,0.000778046,-0.00201486,0.006773
4.086,-0.00264523,0.000617467,0.000776032,-0.00201159,0.00675282
4.087,-0.00264461,0.000623439,0.000774022,-0.00200833,0.00673267
4.088,-0.00264399,0.000629393,0.000772016,-0.00200508,0.00671256
4.089,-0.00264335,0.00063533,0.000770012,-0.00200182,0.00669248
4.09,-0.00264272,0.000641248,0.000768012,-0.00199857,0.00667244
4.091,-0.00264207,0.000647148,0.000766015,-0.00199532,0.00665243
4.092,-0.00264142,0.00065303,0.000764022,-0.00199207,0.00663246
4.093,-0.00264076,0.000658894,0.000762031,-0.00198883,0.00661253
4.094,-0.0026401,0.00066474,0.000760044,-0.00198559,0.00659263
4.095,-0.00263944,0.000670568,0.00075806,-0.00198236,0.00657276
4.096,-0.00263876,0.000676378,0.000756079,-0.00197912,0.00655294
4.097,-0.00263808,0.00068217,0.000754102,-0.00197589,0.00653314
4.098,-0.0026374,0.000687945,0.000752127,-0.00197267,0.00651338
4.099,-0.00263671,0.000693702,0.000750156,-0.00196944,0.00649366
4.1,-0.00263601,0.000699441,0.000748188,-0.00196622,0.00647397
4.101,-0.00263531,0.000705162,0.000746224,-0.001963,0.00645432
4.102,-0.0026346,0.000710866,0.000744262,-0.00195979,0.0064347
4.103,-0.00263389,0.000716552,0.000742304,-0.00195658,0.00641512
4.104,-0.00263317,0.00072222,0.000740349,-0.00195337,0.00639557
4.105,-0.00263244,0.000727871,0.000738398,-0.00195016,0.00637606
4.106,-0.00263171,0.000733504,0.000736449,-0.00194696,0.00635658
4.107,-0.00263097,0.00073912,0.000734504,-0.00194376,0.00633714
4.108,-0.00263023,0.000744718,0.000732561,-0.00194057,0.00631773
4.109,-0.00262949,0.000750298,0.000730623,-0.00193738,0.00629836
4.11,-0.00262873,0.000755862,0.000728687,-0.00193419,0.00627902
4.111,-0.00262797,0.000761407,0.000726754,-0.001931,0.00625971
4.112,-0.00262721,0.000766936,0.000724825,-0.00192782,0.00624044
4.113,-0.00262644,0.000772447,0.000722899,-0.00192464,0.00622121
4.114,-0.00262566,0.000777941,0.000720975,-0.00192146,0.00620201
4.115,-0.00262488,0.000783417,0.000719056,-0.00191829,0.00618284
4.116,-0.0026241,0.000788877,0.000717139,-0.00191512,0.00616371
4.117,-0.00262331,0.000794319,0.000715225,-0.00191195,0.00614462
4.118,-0.00262251,0.000799743,0.000713315,-0.00190878,0.00612555
4.119,-0.00262171,0.000805151,0.000711408,-0.00190562,0.00610653
4.12,-0.0026209,0.000810542,0.000709504,-0.00190246,0.00608753
4.121,-0.00262009,0.000815915,0.000707603,-0.00189931,0.00606857
4.122,-0.00261927,0.000821272,0.000705705,-0.00189616,0.00604965
4.123,-0.00261844,0.000826611,0.000703811,-0.00189301,0.00603076
4.124,-0.00261761,0.000831933,0.000701919,-0.00188986,0.0060119
4.125,-0.00261678,0.000837239,0.000700031,-0.00188672,0.00599308
4.126,-0.00261594,0.000842527,0.000698146,-0.00188358,0.00597429
4.127,-0.00261509,0.000847799,0.000696264,-0.00188045,0.00595554
4.128,-0.00261424,0.000853054,0.000694385,-0.00187731,0.00593682
4.129,-0.00261339,0.000858291,0.000692509,-0.00187418,0.00591814
4.13,-0.00261253,0.000863513,0.000690636,-0.00187106,0.00589948
4.131,-0.00261166,0.000868717,0.000688767,-0.00186793,0.00588087
4.132,-0.00261079,0.000873904,0.000686901,-0.00186481,0.00586228
4.133,-0.00260991,0.000879075,0.000685037,-0.0018617,0.00584373
4.134,-0.00260903,0.000884229,0.000683177,-0.00185858,0.00582522
4.135,-0.00260814,0.000889367,0.00068132,-0.00185547,0.00580673
4.136,-0.00260725,0.000894487,0.000679466,-0.00185236,0.00578829
4.137,-0.00260636,0.000899592,0.000677615,-0.00184926,0.00576987
4.138,-0.00260545,0.000904679,0.000675768,-0.00184616,0.00575149
4.139,-0.00260455,0.00090975,0.000673923,-0.00184306,0.00573314
4.14,-0.00260363,0.000914805,0.000672082,-0.00183997,0.00571483
4.141,-0.00260272,0.000919843,0.000670243,-0.00183687,0.00569655
4.142,-0.00260179,0.000924865,0.000668408,-0.00183378,0.0056783
4.143,-0.00260087,0.00092987,0.000666576,-0.0018307,0.00566009
4.144,-0.00259993,0.000934859,0.000664747,-0.00182762,0.00564191
4.145,-0.002599,0.000939832,0.00066292,-0.00182454,0.00562376
4.146,-0.00259806,0.000944788,0.000661097,-0.00182146,0.00560565
4.147,-0.00259711,0.000949728,0.000659278,-0.00181839,0.00558757
4.148,-0.00259616,0.000954651,0.000657461,-0.00181532,0.00556952
4.149,-0.0025952,0.000959559,0.000655647,-0.00181225,0.00555151
4.15,-0.00259424,0.00096445,0.000653836,-0.00180919,0.00553353
4.151,-0.00259327,0.000969325,0.000652029,-0.00180613,0.00551558
4.152,-0.0025923,0.000974184,0.000650224,-0.00180307,0.00549767
4.153,-0.00259132,0.000979027,0.000648422,-0.00180002,0.00547979
4.154,-0.00259034,0.000983854,0.000646624,-0.00179697,0.00546194
4.155,-0.00258935,0.000988664,0.000644828,-0.00179392,0.00544412
4.156,-0.00258836,0.000993459,0.000643036,-0.00179087,0.00542634
4.157,-0.00258737,0.000998238,0.000641247,-0.00178783,0.00540859
4.158,-0.00258637,0.001003,0.00063946,-0.00178479,0.00539088
4.159,-0.00258536,0.00100775,0.000637677,-0.00178176,0.00537319
4.16,-0.00258435,0.00101248,0.000635897,-0.00177873,0.00535554
4.161,-0.00258334,0.00101719,0.00063412,-0.0017757,0.00533793
4.162,-0.00258232,0.00102189,0.000632346,-0.00177267,0.00532034
4.163,-0.00258129,0.00102658,0.000630574,-0.00176965,0.00530279
4.164,-0.00258026,0.00103124,0.000628806,-0.00176663,0.00528527
4.165,-0.00257923,0.00103589,0.000627041,-0.00176361,0.00526778
4.166,-0.00257819,0.00104053,0.000625279,-0.0017606,0.00525033
4.167,-0.00257715,0.00104515,0.00062352,-0.00175759,0.00523291
4.168,-0.0025761,0.00104976,0.000621764,-0.00175458,0.00521552
4.169,-0.00257505,0.00105434,0.000620011,-0.00175158,0.00519816
4.17,-0.00257399,0.00105892,0.000618261,-0.00174858,0.00518084
4.171,-0.00257293,0.00106348,0.000616514,-0.00174558,0.00516354
4.172,-0.00257187,0.00106802,0.00061477,-0.00174259,0.00514629
4.173,-0.0025708,0.00107255,0.000613028,-0.0017396,0.00512906
4.174,-0.00256972,0.00107706,0.00061129,-0.00173661,0.00511186
4.175,-0.00256864,0.00108155,0.000609555,-0.00173362,0.0050947
4.176,-0.00256756,0.00108603,0.000607823,-0.00173064,0.00507757
4.177,-0.00256647,0.0010905,0.000606094,-0.00172766,0.00506047
4.178,-0.00256538,0.00109495,0.000604368,-0.00172469,0.00504341
4.179,-0.00256428,0.00109938,0.000602645,-0.00172172,0.00502637
4.18,-0.00256318,0.0011038,0.000600924,-0.00171875,0.00500937
4.181,-0.00256207,0.0011082,0.000599207,-0.00171578,0.0049924
4.182,-0.00256096,0.00111259,0.000597493,-0.00171282,0.00497546
4.183,-0.00255985,0.00111697,0.000595781,-0.00170986,0.00495855
4.184,-0.00255873,0.00112132,0.000594073,-0.0017069,0.00494168
4.185,-0.0025576,0.00112567,0.000592368,-0.00170395,0.00492484
4.186,-0.00255648,0.00113,0.000590665,-0.001701,0.00490803
4.187,-0.00255534,0.00113431,0.000588966,-0.00169805,0.00489125
4.188,-0.00255421,0.00113861,0.000587269,-0.00169511,0.0048745
4.189,-0.00255307,0.00114289,0.000585575,-0.00169217,0.00485779
4.19,-0.00255192,0.00114716,0.000583885,-0.00168923,0.0048411
4.191,-0.00255077,0.00115141,0.000582197,-0.0016863,0.00482445
4.192,-0.00254962,0.00115565,0.000580512,-0.00168337,0.00480783
4.193,-0.00254846,0.00115987,0.00057883,-0.00168044,0.00479124
4.194,-0.0025473,0.00116408,0.000577151,-0.00167751,0.00477468
4.195,-0.00254613,0.00116827,0.000575475,-0.00167459,0.00475816
4.196,-0.00254496,0.00117245,0.000573802,-0.00167167,0.00474166
4.197,-0.00254379,0.00117661,0.000572132,-0.00166876,0.0047252
4.198,-0.00254261,0.00118076,0.000570465,-0.00166584,0.00470877
4.199,-0.00254143,0.00118489,0.0005688,-0.00166294,0.00469237
4.2,-0.00254024,0.00118901,0.000567139,-0.00166003,0.004676
4.201,-0.00253905,0.00119311,0.00056548,-0.00165713,0.00465966
4.202,-0.00253785,0.0011972,0.000563824,-0.00165423,0.00464335
4.203,-0.00253665,0.00120128,0.000562172,-0.00165133,0.00462708
4.204,-0.00253545,0.00120534,0.000560522,-0.00164844,0.00461083
4.205,-0.00253424,0.00120938,0.000558875,-0.00164555,0.00459462
4.206,-0.00253303,0.00121342,0.000557231,-0.00164266,0.00457844
4.207,-0.00253182,0.00121743,0.00055559,-0.00163978,0.00456228
4.208,-0.0025306,0.00122143,0.000553951,-0.0016369,0.00454616
4.209,-0.00252937,0.00122542,0.000552316,-0.00163402,0.00453007
4.21,-0.00252815,0.00122939,0.000550683,-0.00163114,0.00451402
4.211,-0.00252691,0.00123335,0.000549053,-0.00162827,0.00449799
4.212,-0.00252568,0.0012373,0.000547427,-0.0016254,0.00448199
4.213,-0.00252444,0.00124123,0.000545803,-0.00162254,0.00446602
4.214,-0.0025232,0.00124514,0.000544182,-0.00161968,0.00445009
4.215,-0.00252195,0.00124904,0.000542563,-0.00161682,0.00443418
4.216,-0.0025207,0.00125293,0.000540948,-0.00161396,0.00441831
4.217,-0.00251944,0.0012568,0.000539335,-0.00161111,0.00440247
4.218,-0.00251819,0.00126066,0.000537726,-0.00160826,0.00438665
4.219,-0.00251692,0.00126451,0.000536119,-0.00160542,0.00437087
4.22,-0.00251566,0.00126834,0.000534515,-0.00160257,0.00435512
4.221,-0.00251439,0.00127215,0.000532914,-0.00159973,0.0043394
4.222,-0.00251311,0.00127595,0.000531315,-0.0015969,0.00432371
4.223,-0.00251183,0.00127974,0.00052972,-0.00159406,0.00430805
4.224,-0.00251055,0.00128351,0.000528127,-0.00159123,0.00429242
4.225,-0.00250927,0.00128727,0.000526537,-0.0015884,0.00427682
4.226,-0.00250798,0.00129102,0.00052495,-0.00158558,0.00426125
4.227,-0.00250669,0.00129475,0.000523366,-0.00158276,0.00424571
4.228,-0.00250539,0.00129847,0.000521785,-0.00157994,0.0042302
4.229,-0.00250409,0.00130217,0.000520206,-0.00157713,0.00421472
4.23,-0.00250278,0.00130586,0.000518631,-0.00157432,0.00419927
4.231,-0.00250148,0.00130954,0.000517058,-0.00157151,0.00418385
4.232,-0.00250017,0.0013132,0.000515488,-0.0015687,0.00416847
4.233,-0.00249885,0.00131685,0.00051392,-0.0015659,0.00415311
4.234,-0.00249753,0.00132048,0.000512356,-0.0015631,0.00413778
4.235,-0.00249621,0.0013241,0.000510794,-0.00156031,0.00412248
4.236,-0.00249488,0.00132771,0.000509235,-0.00155751,0.00410721
4.237,-0.00249355,0.0013313,0.000507679,-0.00155472,0.00409197
4.238,-0.00249222,0.00133488,0.000506126,-0.00155194,0.00407676
4.239,-0.00249088,0.00133845,0.000504575,-0.00154915,0.00406158
4.24,-0.00248954,0.001342,0.000503028,-0.00154637,0.00404644
4.241,-0.0024882,0.00134554,0.000501483,-0.0015436,0.00403132
4.242,-0.00248685,0.00134906,0.00049994,-0.00154082,0.00401623
4.243,-0.0024855,0.00135257,0.000498401,-0.00153805,0.00400117
4.244,-0.00248415,0.00135607,0.000496864,-0.00153528,0.00398613
4.245,-0.00248279,0.00135956,0.00049533,-0.00153252,0.00397113
4.246,-0.00248143,0.00136303,0.000493799,-0.00152976,0.00395616
4.247,-0.00248006,0.00136649,0.000492271,-0.001527,0.00394122
4.248,-0.0024787,0.00136993,0.000490745,-0.00152424,0.00392631
4.249,-0.00247732,0.00137336,0.000489222,-0.00152149,0.00391142
4.25,-0.00247595,0.00137678,0.000487702,-0.00151874,0.00389657
4.251,-0.00247457,0.00138018,0.000486185,-0.001516,0.00388175
4.252,-0.00247319,0.00138357,0.00048467,-0.00151326,0.00386695
4.253,-0.0024718,0.00138695,0.000483158,-0.00151052,0.00385218
4.254,-0.00247041,0.00139031,0.000481649,-0.00150778,0.00383745
4.255,-0.00246902,0.00139367,0.000480143,-0.00150505,0.00382274
4.256,-0.00246763,0.001397,0.000478639,-0.00150232,0.00380806
4.257,-0.00246623,0.00140033,0.000477138,-0.00149959,0.00379341
4.258,-0.00246483,0.00140364,0.00047564,-0.00149687,0.00377879
4.259,-0.00246342,0.00140694,0.000474144,-0.00149414,0.0037642
4.26,-0.00246201,0.00141022,0.000472652,-0.00149143,0.00374964
4.261,-0.0024606,0.0014135,0.000471162,-0.00148871,0.00373511
4.262,-0.00245919,0.00141675,0.000469674,-0.001486,0.0037206
4.263,-0.00245777,0.00142,0.00046819,-0.00148329,0.00370613
4.264,-0.00245635,0.00142323,0.000466708,-0.00148059,0.00369168
4.265,-0.00245492,0.00142645,0.000465228,-0.00147789,0.00367726
4.266,-0.00245349,0.00142966,0.000463752,-0.00147519,0.00366287
4.267,-0.00245206,0.00143286,0.000462278,-0.00147249,0.00364851
4.268,-0.00245063,0.00143604,0.000460807,-0.0014698,0.00363418
4.269,-0.00244919,0.00143921,0.000459338,-0.00146711,0.00361988
4.27,-0.00244775,0.00144236,0.000457873,-0.00146442,0.00360561
4.271,-0.0024463,0.0014455,0.00045641,-0.00146174,0.00359136
4.272,-0.00244486,0.00144863,0.000454949,-0.00145906,0.00357714
4.273,-0.00244341,0.00145175,0.000453492,-0.00145638,0.00356296
4.274,-0.00244195,0.00145486,0.000452036,-0.00145371,0.0035488
4.275,-0.0024405,0.00145795,0.000450584,-0.00145104,0.00353466
4.276,-0.00243904,0.00146103,0.000449134,-0.00144837,0.00352056
4.277,-0.00243758,0.00146409,0.000447687,-0.0014457,0.00350649
4.278,-0.00243611,0.00146715,0.000446243,-0.00144304,0.00349244
4.279,-0.00243464,0.00147019,0.000444801,-0.00144038,0.00347842
4.28,-0.00243317,0.00147322,0.000443362,-0.00143773,0.00346443
4.281,-0.00243169,0.00147623,0.000441926,-0.00143508,0.00345047
4.282,-0.00243022,0.00147924,0.000440492,-0.00143243,0.00343654
4.283,-0.00242874,0.00148223,0.000439061,-0.00142978,0.00342263
4.284,-0.00242725,0.00148521,0.000437633,-0.00142714,0.00340876
4.285,-0.00242577,0.00148817,0.000436207,-0.0014245,0.00339491
4.286,-0.00242428,0.00149113,0.000434784,-0.00142186,0.00338109
4.287,-0.00242278,0.00149407,0.000433363,-0.00141923,0.0033673
4.288,-0.00242129,0.001497,0.000431945,-0.0014166,0.00335353
4.289,-0.00241979,0.00149992,0.00043053,-0.00141397,0.00333979
4.29,-0.00241829,0.00150282,0.000429117,-0.00141135,0.00332608
4.291,-0.00241678,0.00150571,0.000427707,-0.00140873,0.0033124
4.292,-0.00241528,0.00150859,0.0004263,-0.00140611,0.00329875
4.293,-0.00241377,0.00151146,0.000424895,-0.00140349,0.00328513
4.294,-0.00241225,0.00151431,0.000423493,-0.00140088,0.00327153
4.295,-0.00241074,0.00151716,0.000422093,-0.00139827,0.00325796
4.296,-0.00240922,0.00151999,0.000420696,-0.00139567,0.00324442
4.297,-0.0024077,0.00152281,0.000419302,-0.00139306,0.0032309
4.298,-0.00240617,0.00152561,0.00041791,-0.00139046,0.00321741
4.299,-0.00240465,0.00152841,0.000416521,-0.00138787,0.00320395
4.3,-0.00240312,0.00153119,0.000415134,-0.00138527,0.00319052
4.301,-0.00240158,0.00153396,0.00041375,-0.00138268,0.00317712
4.302,-0.00240005,0.00153672,0.000412369,-0.0013801,0.00316374
4.303,-0.00239851,0.00153947,0.00041099,-0.00137751,0.00315039
4.304,-0.00239697,0.0015422,0.000409614,-0.00137493,0.00313707
4.305,-0.00239543,0.00154492,0.00040824,-0.00137235,0.00312378
4.306,-0.00239388,0.00154764,0.000406869,-0.00136978,0.00311051
4.307,-0.00239233,0.00155033,0.000405501,-0.00136721,0.00309727
4.308,-0.00239078,0.00155302,0.000404135,-0.00136464,0.00308405
4.309,-0.00238923,0.0015557,0.000402771,-0.00136207,0.00307087
4.31,-0.00238767,0.00155836,0.000401411,-0.00135951,0.00305771
4.311,-0.00238611,0.00156101,0.000400052,-0.00135695,0.00304458
4.312,-0.00238455,0.00156365,0.000398697,-0.0013544,0.00303148
4.313,-0.00238298,0.00156628,0.000397344,-0.00135184,0.0030184
4.314,-0.00238141,0.00156889,0.000395993,-0.00134929,0.00300535
4.315,-0.00237984,0.0015715,0.000394645,-0.00134674,0.00299232
4.316,-0.00237827,0.00157409,0.0003933,-0.0013442,0.00297933
4.317,-0.0023767,0.00157667,0.000391957,-0.00134166,0.00296636
4.318,-0.00237512,0.00157924,0.000390616,-0.00133912,0.00295342
4.319,-0.00237354,0.0015818,0.000389278,-0.00133659,0.0029405
4.32,-0.00237195,0.00158435,0.000387943,-0.00133406,0.00292761
4.321,-0.00237037,0.00158688,0.00038661,-0.00133153,0.00291475
4.322,-0.00236878,0.00158941,0.00038528,-0.001329,0.00290192
4.323,-0.00236719,0.00159192,0.000383952,-0.00132648,0.00288911
4.324,-0.0023656,0.00159442,0.000382627,-0.00132396,0.00287633
4.325,-0.002364,0.00159691,0.000381304,-0.00132144,0.00286357
4.326,-0.0023624,0.00159938,0.000379984,-0.00131893,0.00285084
4.327,-0.0023608,0.00160185,0.000378667,-0.00131642,0.00283814
4.328,-0.0023592,0.0016043,0.000377351,-0.00131391,0.00282546
4.329,-0.00235759,0.00160675,0.000376039,-0.00131141,0.00281282
4.33,-0.00235599,0.00160918,0.000374729,-0.00130891,0.00280019
4.331,-0.00235438,0.0016116,0.000373421,-0.00130641,0.0027876
4.332,-0.00235276,0.00161401,0.000372116,-0.00130391,0.00277503
4.333,-0.00235115,0.00161641,0.000370813,-0.00130142,0.00276248
4.334,-0.00234953,0.00161879,0.000369513,-0.00129893,0.00274997
4.335,-0.00234791,0.00162117,0.000368215,-0.00129645,0.00273748
4.336,-0.00234629,0.00162353,0.00036692,-0.00129396,0.00272501
4.337,-0.00234466,0.00162589,0.000365627,-0.00129148,0.00271257
4.338,-0.00234304,0.00162823,0.000364337,-0.00128901,0.00270016
4.339,-0.00234141,0.00163056,0.000363049,-0.00128653,0.00268777
4.34,-0.00233977,0.00163288,0.000361764,-0.00128406,0.00267541
4.341,-0.00233814,0.00163519,0.000360481,-0.00128159,0.00266308
4.342,-0.0023365,0.00163749,0.000359201,-0.00127913,0.00265077
4.343,-0.00233487,0.00163977,0.000357923,-0.00127667,0.00263849
4.344,-0.00233322,0.00164205,0.000356647,-0.00127421,0.00262623
4.345,-0.00233158,0.00164431,0.000355375,-0.00127176,0.002614
4.346,-0.00232994,0.00164657,0.000354104,-0.0012693,0.0026018
4.347,-0.00232829,0.00164881,0.000352836,-0.00126685,0.00258962
4.348,-0.00232664,0.00165104,0.00035157,-0.00126441,0.00257747
4.349,-0.00232499,0.00165326,0.000350307,-0.00126196,0.00256534
4.35,-0.00232333,0.00165547,0.000349046,-0.00125952,0.00255324
4.351,-0.00232168,0.00165767,0.000347788,-0.00125709,0.00254117
4.352,-0.00232002,0.00165986,0.000346532,-0.00125465,0.00252912
4.353,-0.00231836,0.00166204,0.000345279,-0.00125222,0.00251709
4.354,-0.00231669,0.00166421,0.000344028,-0.00124979,0.00250509
4.355,-0.00231503,0.00166636,0.000342779,-0.00124737,0.00249312
4.356,-0.00231336,0.00166851,0.000341533,-0.00124495,0.00248117
4.357,-0.00231169,0.00167064,0.000340289,-0.00124253,0.00246925
4.358,-0.00231002,0.00167277,0.000339048,-0.00124011,0.00245736
4.359,-0.00230834,0.00167488,0.000337809,-0.0012377,0.00244549
4.36,-0.00230667,0.00167698,0.000336573,-0.00123529,0.00243364
4.361,-0.00230499,0.00167908,0.000335338,-0.00123288,0.00242182
4.362,-0.00230331,0.00168116,0.000334107,-0.00123048,0.00241003
4.363,-0.00230163,0.00168323,0.000332878,-0.00122808,0.00239826
4.364,-0.00229994,0.00168529,0.000331651,-0.00122568,0.00238651
4.365,-0.00229826,0.00168734,0.000330426,-0.00122328,0.00237479
4.366,-0.00229657,0.00168938,0.000329204,-0.00122089,0.0023631
4.367,-0.00229488,0.00169141,0.000327984,-0.0012185,0.00235143
4.368,-0.00229319,0.00169343,0.000326767,-0.00121612,0.00233979
4.369,-0.00229149,0.00169544,0.000325552,-0.00121373,0.00232817
4.37,-0.0022898,0.00169743,0.00032434,-0.00121135,0.00231657
4.371,-0.0022881,0.00169942,0.000323129,-0.00120898,0.00230501
4.372,-0.0022864,0.0017014,0.000321922,-0.0012066,0.00229346
4.373,-0.00228469,0.00170336,0.000320716,-0.00120423,0.00228194
4.374,-0.00228299,0.00170532,0.000319513,-0.00120186,0.00227045
4.375,-0.00228128,0.00170727,0.000318313,-0.0011995,0.00225898
4.376,-0.00227958,0.0017092,0.000317114,-0.00119714,0.00224754
4.377,-0.00227787,0.00171113,0.000315918,-0.00119478,0.00223612
4.378,-0.00227615,0.00171304,0.000314725,-0.00119242,0.00222472
4.379,-0.00227444,0.00171495,0.000313533,-0.00119007,0.00221335
4.38,-0.00227272,0.00171684,0.000312345,-0.00118772,0.00220201
4.381,-0.00227101,0.00171873,0.000311158,-0.00118537,0.00219069
4.382,-0.00226929,0.0017206,0.000309974,-0.00118303,0.00217939
4.383,-0.00226756,0.00172247,0.000308792,-0.00118069,0.00216812
4.384,-0.00226584,0.00172432,0.000307612,-0.00117835,0.00215687
4.385,-0.00226412,0.00172617,0.000306435,-0.00117602,0.00214565
4.386,-0.00226239,0.001728,0.00030526,-0.00117368,0.00213445
4.387,-0.00226066,0.00172983,0.000304088,-0.00117136,0.00212328
4.388,-0.00225893,0.00173164,0.000302918,-0.00116903,0.00211213
4.389,-0.0022572,0.00173344,0.00030175,-0.00116671,0.00210101
4.39,-0.00225546,0.00173524,0.000300584,-0.00116439,0.00208991
4.391,-0.00225373,0.00173702,0.000299421,-0.00116207,0.00207883
4.392,-0.00225199,0.0017388,0.00029826,-0.00115976,0.00206778
4.393,-0.00225025,0.00174056,0.000297102,-0.00115744,0.00205675
4.394,-0.00224851,0.00174232,0.000295945,-0.00115514,0.00204575
4.395,-0.00224676,0.00174406,0.000294791,-0.00115283,0.00203477
4.396,-0.00224502,0.0017458,0.00029364,-0.00115053,0.00202382
4.397,-0.00224327,0.00174752,0.00029249,-0.00114823,0.00201289
4.398,-0.00224152,0.00174924,0.000291343,-0.00114593,0.00200198
4.399,-0.00223977,0.00175095,0.000290198,-0.00114364,0.0019911
4.4,-0.00223802,0.00175264,0.000289056,-0.00114135,0.00198024
4.401,-0.00223627,0.00175433,0.000287916,-0.00113906,0.0019694
4.402,-0.00223451,0.001756,0.000286778,-0.00113678,0.00195859
4.403,-0.00223276,0.00175767,0.000285642,-0.0011345,0.00194781
4.404,-0.002231,0.00175933,0.000284509,-0.00113222,0.00193704
4.405,-0.00222924,0.00176098,0.000283378,-0.00112994,0.0019263
4.406,-0.00222748,0.00176261,0.000282249,-0.00112767,0.00191559
4.407,-0.00222571,0.00176424,0.000281122,-0.0011254,0.0019049
4.408,-0.00222395,0.00176586,0.000279998,-0.00112314,0.00189423
4.409,-0.00222218,0.00176747,0.000278876,-0.00112087,0.00188359
4.41,-0.00222041,0.00176907,0.000277756,-0.00111861,0.00187297
4.411,-0.00221864,0.00177066,0.000276639,-0.00111635,0.00186237
4.412,-0.00221687,0.00177224,0.000275524,-0.0011141,0.0018518
4.413,-0.0022151,0.00177381,0.000274411,-0.00111185,0.00184125
4.414,-0.00221332,0.00177538,0.0002733,-0.0011096,0.00183072
4.415,-0.00221155,0.00177693,0.000272191,-0.00110735,0.00182022
4.416,-0.00220977,0.00177847,0.000271085,-0.00110511,0.00180974
4.417,-0.00220799,0.00178001,0.000269981,-0.00110287,0.00179928
4.418,-0.00220621,0.00178153,0.000268879,-0.00110063,0.00178885
4.419,-0.00220443,0.00178305,0.00026778,-0.0010984,0.00177844
4.42,-0.00220264,0.00178455,0.000266683,-0.00109617,0.00176806
4.421,-0.00220086,0.00178605,0.000265588,-0.00109394,0.00175769
4.422,-0.00219907,0.00178754,0.000264495,-0.00109171,0.00174735
4.423,-0.00219728,0.00178901,0.000263404,-0.00108949,0.00173704
4.424,-0.00219549,0.00179048,0.000262316,-0.00108727,0.00172674
4.425,-0.0021937,0.00179194,0.00026123,-0.00108505,0.00171648
4.426,-0.00219191,0.00179339,0.000260146,-0.00108284,0.00170623
4.427,-0.00219012,0.00179483,0.000259064,-0.00108063,0.00169601
4.428,-0.00218832,0.00179627,0.000257984,-0.00107842,0.00168581
4.429,-0.00218652,0.00179769,0.000256907,-0.00107622,0.00167563
4.43,-0.00218472,0.0017991,0.000255832,-0.00107401,0.00166547
4.431,-0.00218292,0.00180051,0.000254759,-0.00107182,0.00165534
4.432,-0.00218112,0.0018019,0.000253688,-0.00106962,0.00164523
4.433,-0.00217932,0.00180329,0.00025262,-0.00106743,0.00163515
4.434,-0.00217752,0.00180467,0.000251554,-0.00106524,0.00162509
4.435,-0.00217571,0.00180604,0.000250489,-0.00106305,0.00161505
4.436,-0.0021739,0.0018074,0.000249427,-0.00106086,0.00160503
4.437,-0.0021721,0.00180875,0.000248368,-0.00105868,0.00159503
4.438,-0.00217029,0.00181009,0.00024731,-0.0010565,0.00158506
4.439,-0.00216848,0.00181142,0.000246255,-0.00105433,0.00157511
4.44,-0.00216666,0.00181275,0.000245201,-0.00105215,0.00156519
4.441,-0.00216485,0.00181406,0.00024415,-0.00104998,0.00155528
4.442,-0.00216304,0.00181537,0.000243101,-0.00104782,0.0015454
4.443,-0.00216122,0.00181667,0.000242055,-0.00104565,0.00153554
4.444,-0.0021594,0.00181796,0.00024101,-0.00104349,0.00152571
4.445,-0.00215758,0.00181924,0.000239968,-0.00104133,0.00151589
4.446,-0.00215576,0.00182051,0.000238928,-0.00103918,0.0015061
4.447,-0.00215394,0.00182177,0.000237889,-0.00103702,0.00149633
4.448,-0.00215212,0.00182302,0.000236853,-0.00103488,0.00148659
4.449,-0.0021503,0.00182427,0.00023582,-0.00103273,0.00147686
4.45,-0.00214847,0.0018255,0.000234788,-0.00103058,0.00146716
4.451,-0.00214665,0.00182673,0.000233759,-0.00102844,0.00145748
4.452,-0.00214482,0.00182795,0.000232731,-0.0010263,0.00144783
4.453,-0.00214299,0.00182916,0.000231706,-0.00102417,0.00143819
4.454,-0.00214116,0.00183036,0.000230683,-0.00102204,0.00142858
4.455,-0.00213933,0.00183156,0.000229662,-0.00101991,0.00141899
4.456,-0.0021375,0.00183274,0.000228643,-0.00101778,0.00140942
4.457,-0.00213566,0.00183392,0.000227626,-0.00101566,0.00139987
4.458,-0.00213383,0.00183508,0.000226612,-0.00101354,0.00139035
4.459,-0.00213199,0.00183624,0.000225599,-0.00101142,0.00138085
4.46,-0.00213016,0.00183739,0.000224589,-0.0010093,0.00137137
4.461,-0.00212832,0.00183854,0.000223581,-0.00100719,0.00136191
4.462,-0.00212648,0.00183967,0.000222574,-0.00100508,0.00135247
4.463,-0.00212464,0.0018408,0.00022157,-0.00100297,0.00134306
4.464,-0.0021228,0.00184191,0.000220569,-0.00100087,0.00133367
4.465,-0.00212096,0.00184302,0.000219569,-0.000998769,0.00132429
4.466,-0.00211911,0.00184412,0.000218571,-0.000996671,0.00131495
4.467,-0.00211727,0.00184521,0.000217575,-0.000994576,0.00130562
4.468,-0.00211542,0.0018463,0.000216582,-0.000992484,0.00129631
4.469,-0.00211358,0.00184737,0.00021559,-0.000990394,0.00128703
4.47,-0.00211173,0.00184844,0.000214601,-0.000988307,0.00127777
4.471,-0.00210988,0.0018495,0.000213614,-0.000986224,0.00126853
4.472,-0.00210803,0.00185055,0.000212629,-0.000984143,0.00125931
4.473,-0.00210618,0.00185159,0.000211645,-0.000982065,0.00125011
4.474,-0.00210433,0.00185262,0.000210664,-0.000979989,0.00124093
4.475,-0.00210247,0.00185365,0.000209686,-0.000977917,0.00123178
4.476,-0.00210062,0.00185466,0.000208709,-0.000975847,0.00122265
4.477,-0.00209876,0.00185567,0.000207734,-0.000973781,0.00121354
4.478,-0.00209691,0.00185668,0.000206761,-0.000971717,0.00120445
4.479,-0.00209505,0.00185767,0.00020579,-0.000969656,0.00119538
4.48,-0.00209319,0.00185865,0.000204822,-0.000967597,0.00118633
4.481,-0.00209133,0.00185963,0.000203855,-0.000965542,0.0011773
4.482,-0.00208947,0.0018606,0.000202891,-0.000963489,0.0011683
4.483,-0.00208761,0.00186156,0.000201928,-0.00096144,0.00115932
4.484,-0.00208575,0.00186251,0.000200968,-0.000959393,0.00115035
4.485,-0.00208389,0.00186346,0.000200009,-0.000957348,0.00114141
4.486,-0.00208202,0.00186439,0.000199053,-0.000955307,0.00113249
4.487,-0.00208016,0.00186532,0.000198099,-0.000953269,0.00112359
4.488,-0.00207829,0.00186624,0.000197147,-0.000951233,0.00111472
4.489,-0.00207642,0.00186716,0.000196196,-0.0009492,0.00110586
4.49,-0.00207456,0.00186806,0.000195248,-0.00094717,0.00109703
4.491,-0.00207269,0.00186896,0.000194302,-0.000945143,0.00108821
4.492,-0.00207082,0.00186985,0.000193358,-0.000943119,0.00107942
4.493,-0.00206895,0.00187073,0.000192416,-0.000941097,0.00107064
4.494,-0.00206708,0.0018716,0.000191476,-0.000939078,0.00106189
4.495,-0.00206521,0.00187247,0.000190538,-0.000937062,0.00105316
4.496,-0.00206333,0.00187333,0.000189602,-0.000935049,0.00104445
4.497,-0.00206146,0.00187418,0.000188668,-0.000933039,0.00103576
4.498,-0.00205958,0.00187502,0.000187736,-0.000931031,0.00102709
4.499,-0.00205771,0.00187585,0.000186805,-0.000929026,0.00101845
4.5,-0.00205583,0.00187668,0.000185877,-0.000927024,0.00100982
4.501,-0.00205396,0.0018775,0.000184951,-0.000925025,0.00100121
4.502,-0.00205208,0.00187831,0.000184027,-0.000923029,0.000992626
4.503,-0.0020502,0.00187912,0.000183105,-0.000921035,0.000984061
4.504,-0.00204832,0.00187991,0.000182185,-0.000919044,0.000975517
4.505,-0.00204644,0.0018807,0.000181267,-0.000917056,0.000966992
4.506,-0.00204456,0.00188148,0.000180351,-0.000915071,0.000958489
4.507,-0.00204268,0.00188226,0.000179437,-0.000913089,0.000950006
4.508,-0.00204079,0.00188302,0.000178525,-0.000911109,0.000941543
4.509,-0.00203891,0.00188378,0.000177615,-0.000909132,0.000933101
4.51,-0.00203703,0.00188453,0.000176707,-0.000907158,0.000924679
4.511,-0.00203514,0.00188527,0.000175801,-0.000905187,0.000916278
4.512,-0.00203326,0.00188601,0.000174896,-0.000903218,0.000907897
4.513,-0.00203137,0.00188674,0.000173994,-0.000901252,0.000899536
4.514,-0.00202948,0.00188746,0.000173094,-0.000899289,0.000891195
4.515,-0.00202759,0.00188817,0.000172196,-0.000897329,0.000882875
4.516,-0.00202571,0.00188888,0.000171299,-0.000895371,0.000874575
4.517,-0.00202382,0.00188958,0.000170405,-0.000893417,0.000866295
4.518,-0.00202193,0.00189027,0.000169512,-0.000891465,0.000858035
4.519,-0.00202004,0.00189095,0.000168622,-0.000889515,0.000849795
4.52,-0.00201814,0.00189163,0.000167733,-0.000887569,0.000841576
4.521,-0.00201625,0.0018923,0.000166847,-0.000885625,0.000833376
4.522,-0.00201436,0.00189296,0.000165962,-0.000883684,0.000825196
4.523,-0.00201247,0.00189362,0.000165079,-0.000881746,0.000817037
4.524,-0.00201057,0.00189426,0.000164199,-0.000879811,0.000808897
4.525,-0.00200868,0.0018949,0.00016332,-0.000877878,0.000800777
4.526,-0.00200678,0.00189554,0.000162443,-0.000875948,0.000792678
4.527,-0.00200489,0.00189616,0.000161568,-0.000874021,0.000784598
4.528,-0.00200299,0.00189678,0.000160695,-0.000872096,0.000776538
4.529,-0.00200109,0.00189739,0.000159824,-0.000870175,0.000768497
4.53,-0.0019992,0.001898,0.000158955,-0.000868256,0.000760477
4.531,-0.0019973,0.00189859,0.000158087,-0.000866339,0.000752476
4.532,-0.0019954,0.00189918,0.000157222,-0.000864426,0.000744495
4.533,-0.0019935,0.00189976,0.000156358,-0.000862515,0.000736533
4.534,-0.0019916,0.00190034,0.000155497,-0.000860607,0.000728591
4.535,-0.0019897,0.00190091,0.000154637,-0.000858702,0.000720669
4.536,-0.0019878,0.00190147,0.000153779,-0.000856799,0.000712766
4.537,-0.0019859,0.00190202,0.000152924,-0.000854899,0.000704883
4.538,-0.00198399,0.00190257,0.00015207,-0.000853002,0.00069702
4.539,-0.00198209,0.00190311,0.000151218,-0.000851108,0.000689176
4.54,-0.00198019,0.00190365,0.000150367,-0.000849216,0.000681351
4.541,-0.00197828,0.00190417,0.000149519,-0.000847327,0.000673546
4.542,-0.00197638,0.00190469,0.000148673,-0.000845441,0.00066576
4.543,-0.00197447,0.0019052,0.000147828,-0.000843557,0.000657994
4.544,-0.00197257,0.00190571,0.000146986,-0.000841676,0.000650246
4.545,-0.00197066,0.00190621,0.000146145,-0.000839798,0.000642519
4.546,-0.00196876,0.0019067,0.000145306,-0.000837923,0.00063481
4.547,-0.00196685,0.00190719,0.000144469,-0.00083605,0.000627121
4.548,-0.00196494,0.00190766,0.000143634,-0.00083418,0.000619451
4.549,-0.00196303,0.00190814,0.000142801,-0.000832313,0.0006118
4.55,-0.00196113,0.0019086,0.000141969,-0.000830448,0.000604168
4.551,-0.00195922,0.00190906,0.00014114,-0.000828586,0.000596556
4.552,-0.00195731,0.00190951,0.000140312,-0.000826727,0.000588962
4.553,-0.0019554,0.00190995,0.000139486,-0.000824871,0.000581388
4.554,-0.00195349,0.00191039,0.000138662,-0.000823017,0.000573832
4.555,-0.00195158,0.00191082,0.00013784,-0.000821166,0.000566296
4.556,-0.00194967,0.00191124,0.00013702,-0.000819317,0.000558778
4.557,-0.00194775,0.00191166,0.000136202,-0.000817471,0.00055128
4.558,-0.00194584,0.00191207,0.000135385,-0.000815628,0.0005438
4.559,-0.00194393,0.00191248,0.00013457,-0.000813788,0.00053634
4.56,-0.00194202,0.00191287,0.000133758,-0.00081195,0.000528898
4.561,-0.0019401,0.00191326,0.000132947,-0.000810115,0.000521475
4.562,-0.00193819,0.00191365,0.000132137,-0.000808283,0.000514071
4.563,-0.00193628,0.00191403,0.00013133,-0.000806453,0.000506685
4.564,-0.00193436,0.0019144,0.000130524,-0.000804626,0.000499318
4.565,-0.00193245,0.00191476,0.000129721,-0.000802802,0.00049197
4.566,-0.00193053,0.00191512,0.000128919,-0.00080098,0.000484641
4.567,-0.00192862,0.00191547,0.000128119,-0.000799161,0.00047733
4.568,-0.0019267,0.00191581,0.000127321,-0.000797345,0.000470038
4.569,-0.00192479,0.00191615,0.000126524,-0.000795531,0.000462765
4.57,-0.00192287,0.00191648,0.000125729,-0.00079372,0.00045551
4.571,-0.00192095,0.00191681,0.000124937,-0.000791911,0.000448273
4.572,-0.00191904,0.00191713,0.000124146,-0.000790106,0.000441055
4.573,-0.00191712,0.00191744,0.000123356,-0.000788303,0.000433856
4.574,-0.0019152,0.00191775,0.000122569,-0.000786502,0.000426675
4.575,-0.00191328,0.00191805,0.000121783,-0.000784704,0.000419512
4.576,-0.00191137,0.00191834,0.000121,-0.000782909,0.000412368
4.577,-0.00190945,0.00191863,0.000120218,-0.000781117,0.000405242
4.578,-0.00190753,0.00191891,0.000119437,-0.000779327,0.000398134
4.579,-0.00190561,0.00191918,0.000118659,-0.00077754,0.000391045
4.58,-0.00190369,0.00191945,0.000117882,-0.000775755,0.000383974
4.581,-0.00190177,0.00191971,0.000117107,-0.000773973,0.000376921
4.582,-0.00189985,0.00191997,0.000116334,-0.000772194,0.000369887
4.583,-0.00189793,0.00192022,0.000115563,-0.000770417,0.00036287
4.584,-0.00189601,0.00192046,0.000114794,-0.000768643,0.000355872
4.585,-0.00189409,0.0019207,0.000114026,-0.000766872,0.000348891
4.586,-0.00189217,0.00192093,0.00011326,-0.000765103,0.000341929
4.587,-0.00189025,0.00192115,0.000112496,-0.000763337,0.000334985
4.588,-0.00188833,0.00192137,0.000111733,-0.000761573,0.000328059
4.589,-0.00188641,0.00192158,0.000110972,-0.000759812,0.000321151
4.59,-0.00188448,0.00192179,0.000110213,-0.000758054,0.000314261
4.591,-0.00188256,0.00192199,0.000109456,-0.000756298,0.000307389
4.592,-0.00188064,0.00192218,0.000108701,-0.000754545,0.000300535
4.593,-0.00187872,0.00192237,0.000107947,-0.000752795,0.000293698
4.594,-0.00187679,0.00192255,0.000107195,-0.000751047,0.00028688
4.595,-0.00187487,0.00192272,0.000106445,-0.000749302,0.000280079
4.596,-0.00187295,0.00192289,0.000105697,-0.000747559,0.000273296
4.597,-0.00187103,0.00192306,0.00010495,-0.000745819,0.000266531
4.598,-0.0018691,0.00192321,0.000104205,-0.000744082,0.000259783
4.599,-0.00186718,0.00192336,0.000103462,-0.000742347,0.000253054
4.6,-0.00186526,0.00192351,0.00010272,-0.000740615,0.000246342
4.601,-0.00186333,0.00192365,0.000101981,-0.000738885,0.000239647
4.602,-0.00186141,0.00192378,0.000101243,-0.000737158,0.00023297
4.603,-0.00185949,0.00192391,0.000100506,-0.000735434,0.000226311
4.604,-0.00185756,0.00192403,9.97717e-05,-0.000733712,0.000219669
4.605,-0.00185564,0.00192415,9.90389e-05,-0.000731993,0.000213045
4.606,-0.00185371,0.00192426,9.83078e-05,-0.000730276,0.000206439
4.607,-0.00185179,0.00192436,9.75783e-05,-0.000728562,0.00019985
4.608,-0.00184986,0.00192446,9.68506e-05,-0.00072685,0.000193278
4.609,-0.00184794,0.00192455,9.61246e-05,-0.000725141,0.000186724
4.61,-0.00184602,0.00192464,9.54004e-05,-0.000723435,0.000180187
4.611,-0.00184409,0.00192472,9.46778e-05,-0.000721731,0.000173667
4.612,-0.00184217,0.00192479,9.39569e-05,-0.00072003,0.000167165
4.613,-0.00184024,0.00192486,9.32377e-05,-0.000718331,0.00016068
4.614,-0.00183832,0.00192492,9.25202e-05,-0.000716635,0.000154212
4.615,-0.00183639,0.00192498,9.18045e-05,-0.000714942,0.000147762
4.616,-0.00183447,0.00192503,9.10904e-05,-0.000713251,0.000141329
4.617,-0.00183254,0.00192508,9.0378e-05,-0.000711562,0.000134913
4.618,-0.00183062,0.00192512,8.96672e-05,-0.000709876,0.000128514
4.619,-0.00182869,0.00192515,8.89582e-05,-0.000708193,0.000122132
4.62,-0.00182677,0.00192518,8.82508e-05,-0.000706512,0.000115767
4.621,-0.00182484,0.0019252,8.75452e-05,-0.000704834,0.00010942
4.622,-0.00182292,0.00192522,8.68412e-05,-0.000703159,0.000103089
4.623,-0.00182099,0.00192523,8.61389e-05,-0.000701486,9.67758e-05
4.624,-0.00181906,0.00192524,8.54382e-05,-0.000699815,9.04793e-05
4.625,-0.00181714,0.00192524,8.47392e-05,-0.000698147,8.41997e-05
4.626,-0.00181521,0.00192524,8.40419e-05,-0.000696482,7.79371e-05
4.627,-0.00181329,0.00192523,8.33463e-05,-0.000694819,7.16913e-05
4.628,-0.00181136,0.00192521,8.26523e-05,-0.000693158,6.54625e-05
4.629,-0.00180944,0.00192519,8.196e-05,-0.0006915,5.92505e-05
4.63,-0.00180751,0.00192516,8.12693e-05,-0.000689845,5.30553e-05
4.631,-0.00180559,0.00192513,8.05803e-05,-0.000688192,4.68769e-05
4.632,-0.00180366,0.00192509,7.98929e-05,-0.000686542,4.07153e-05
4.633,-0.00180174,0.00192505,7.92072e-05,-0.000684895,3.45704e-05
4.634,-0.00179981,0.001925,7.85231e-05,-0.000683249,2.84422e-05
4.635,-0.00179789,0.00192494,7.78407e-05,-0.000681607,2.23307e-05
4.636,-0.00179596,0.00192488,7.71599e-05,-0.000679967,1.62358e-05
4.637,-0.00179404,0.00192482,7.64808e-05,-0.000678329,1.01576e-05
4.638,-0.00179211,0.00192475,7.58032e-05,-0.000676694,4.09593e-06
4.639,-0.00179019,0.00192467,7.51274e-05,-0.000675061,-1.94915e-06
4.64,-0.00178826,0.00192459,7.44531e-05,-0.000673431,-7.97769e-06
4.641,-0.00178634,0.0019245,7.37805e-05,-0.000671804,-1.39897e-05
4.642,-0.00178442,0.00192441,7.31095e-05,-0.000670179,-1.99853e-05
4.643,-0.00178249,0.00192432,7.24401e-05,-0.000668556,-2.59644e-05
4.644,-0.00178057,0.00192421,7.17724e-05,-0.000666936,-3.1927e-05
4.645,-0.00177864,0.0019241,7.11063e-05,-0.000665318,-3.78733e-05
4.646,-0.00177672,0.00192399,7.04418e-05,-0.000663703,-4.38032e-05
4.647,-0.00177479,0.00192387,6.97789e-05,-0.000662091,-4.97167e-05
4.648,-0.00177287,0.00192375,6.91176e-05,-0.000660481,-5.56139e-05
4.649,-0.00177095,0.00192362,6.84579e-05,-0.000658873,-6.14949e-05
4.65,-0.00176902,0.00192349,6.77998e-05,-0.000657268,-6.73595e-05
4.651,-0.0017671,0.00192335,6.71434e-05,-0.000655665,-7.3208e-05
4.652,-0.00176518,0.0019232,6.64885e-05,-0.000654065,-7.90402e-05
4.653,-0.00176325,0.00192305,6.58352e-05,-0.000652468,-8.48563e-05
4.654,-0.00176133,0.0019229,6.51836e-05,-0.000650873,-9.06562e-05
4.655,-0.00175941,0.00192274,6.45335e-05,-0.00064928,-9.64399e-05
4.656,-0.00175749,0.00192257,6.3885e-05,-0.00064769,-0.000102208
4.657,-0.00175556,0.0019224,6.32381e-05,-0.000646102,-0.000107959
4.658,-0.00175364,0.00192223,6.25928e-05,-0.000644517,-0.000113695
4.659,-0.00175172,0.00192205,6.19491e-05,-0.000642934,-0.000119414
4.66,-0.0017498,0.00192186,6.13069e-05,-0.000641354,-0.000125118
4.661,-0.00174787,0.00192167,6.06664e-05,-0.000639776,-0.000130805
4.662,-0.00174595,0.00192147,6.00274e-05,-0.000638201,-0.000136477
4.663,-0.00174403,0.00192127,5.939e-05,-0.000636628,-0.000142133
4.664,-0.00174211,0.00192107,5.87541e-05,-0.000635057,-0.000147773
4.665,-0.00174019,0.00192086,5.81199e-05,-0.000633489,-0.000153397
4.666,-0.00173827,0.00192064,5.74872e-05,-0.000631924,-0.000159005
4.667,-0.00173635,0.00192042,5.6856e-05,-0.000630361,-0.000164597
4.668,-0.00173443,0.00192019,5.62264e-05,-0.0006288,-0.000170174
4.669,-0.00173251,0.00191996,5.55984e-05,-0.000627242,-0.000175735
4.67,-0.00173059,0.00191973,5.4972e-05,-0.000625686,-0.00018128
4.671,-0.00172867,0.00191949,5.43471e-05,-0.000624133,-0.00018681
4.672,-0.00172675,0.00191924,5.37237e-05,-0.000622582,-0.000192323
4.673,-0.00172483,0.00191899,5.31019e-05,-0.000621034,-0.000197822
4.674,-0.00172291,0.00191874,5.24816e-05,-0.000619488,-0.000203304
4.675,-0.00172099,0.00191848,5.18629e-05,-0.000617944,-0.000208771
4.676,-0.00171907,0.00191821,5.12457e-05,-0.000616403,-0.000214223
4.677,-0.00171716,0.00191794,5.06301e-05,-0.000614865,-0.000219658
4.678,-0.00171524,0.00191767,5.0016e-05,-0.000613328,-0.000225079
4.679,-0.00171332,0.00191739,4.94035e-05,-0.000611794,-0.000230484
4.68,-0.0017114,0.00191711,4.87924e-05,-0.000610263,-0.000235873
4.681,-0.00170949,0.00191682,4.81829e-05,-0.000608734,-0.000241247
4.682,-0.00170757,0.00191652,4.7575e-05,-0.000607208,-0.000246606
4.683,-0.00170565,0.00191622,4.69685e-05,-0.000605684,-0.000251949
4.684,-0.00170374,0.00191592,4.63636e-05,-0.000604162,-0.000257277
4.685,-0.00170182,0.00191561,4.57602e-05,-0.000602643,-0.00026259
4.686,-0.00169991,0.0019153,4.51583e-05,-0.000601126,-0.000267887
4.687,-0.00169799,0.00191498,4.45579e-05,-0.000599611,-0.000273169
4.688,-0.00169608,0.00191466,4.39591e-05,-0.000598099,-0.000278436
4.689,-0.00169416,0.00191434,4.33617e-05,-0.000596589,-0.000283687
4.69,-0.00169225,0.001914,4.27659e-05,-0.000595082,-0.000288924
4.691,-0.00169033,0.00191367,4.21716e-05,-0.000593577,-0.000294145
4.692,-0.00168842,0.00191333,4.15788e-05,-0.000592075,-0.000299351
4.693,-0.00168651,0.00191298,4.09874e-05,-0.000590575,-0.000304542
4.694,-0.00168459,0.00191263,4.03976e-05,-0.000589077,-0.000309718
4.695,-0.00168268,0.00191228,3.98093e-05,-0.000587582,-0.000314879
4.696,-0.00168077,0.00191192,3.92224e-05,-0.000586089,-0.000320025
4.697,-0.00167886,0.00191156,3.86371e-05,-0.000584599,-0.000325156
4.698,-0.00167695,0.00191119,3.80532e-05,-0.00058311,-0.000330272
4.699,-0.00167504,0.00191082,3.74709e-05,-0.000581625,-0.000335373
4.7,-0.00167312,0.00191044,3.689e-05,-0.000580141,-0.000340459
4.701,-0.00167121,0.00191006,3.63106e-05,-0.00057866,-0.00034553
4.702,-0.0016693,0.00190967,3.57327e-05,-0.000577182,-0.000350586
4.703,-0.0016674,0.00190928,3.51562e-05,-0.000575706,-0.000355628
4.704,-0.00166549,0.00190889,3.45813e-05,-0.000574232,-0.000360654
4.705,-0.00166358,0.00190849,3.40078e-05,-0.00057276,-0.000365666
4.706,-0.00166167,0.00190808,3.34358e-05,-0.000571291,-0.000370663
4.707,-0.00165976,0.00190768,3.28652e-05,-0.000569824,-0.000375645
4.708,-0.00165785,0.00190726,3.22961e-05,-0.00056836,-0.000380613
4.709,-0.00165595,0.00190685,3.17285e-05,-0.000566898,-0.000385566
4.71,-0.00165404,0.00190643,3.11623e-05,-0.000565438,-0.000390504
4.711,-0.00165213,0.001906,3.05976e-05,-0.000563981,-0.000395428
4.712,-0.00165023,0.00190557,3.00343e-05,-0.000562526,-0.000400337
4.713,-0.00164832,0.00190514,2.94725e-05,-0.000561074,-0.000405231
4.714,-0.00164642,0.0019047,2.89122e-05,-0.000559623,-0.000410111
4.715,-0.00164451,0.00190425,2.83533e-05,-0.000558175,-0.000414976
4.716,-0.00164261,0.00190381,2.77958e-05,-0.00055673,-0.000419827
4.717,-0.00164071,0.00190335,2.72398e-05,-0.000555287,-0.000424663
4.718,-0.0016388,0.0019029,2.66853e-05,-0.000553846,-0.000429485
4.719,-0.0016369,0.00190244,2.61322e-05,-0.000552407,-0.000434293
4.72,-0.001635,0.00190197,2.55805e-05,-0.000550971,-0.000439086
4.721,-0.0016331,0.00190151,2.50302e-05,-0.000549537,-0.000443864
4.722,-0.00163119,0.00190103,2.44814e-05,-0.000548106,-0.000448629
4.723,-0.00162929,0.00190056,2.3934e-05,-0.000546676,-0.000453379
4.724,-0.00162739,0.00190007,2.3388e-05,-0.00054525,-0.000458114
4.725,-0.00162549,0.00189959,2.28435e-05,-0.000543825,-0.000462836
4.726,-0.00162359,0.0018991,2.23004e-05,-0.000542403,-0.000467543
4.727,-0.0016217,0.0018986,2.17587e-05,-0.000540983,-0.000472236
4.728,-0.0016198,0.00189811,2.12184e-05,-0.000539565,-0.000476914
4.729,-0.0016179,0.0018976,2.06796e-05,-0.00053815,-0.000481579
4.73,-0.001616,0.0018971,2.01421e-05,-0.000536737,-0.000486229
4.731,-0.00161411,0.00189659,1.96061e-05,-0.000535326,-0.000490866
4.732,-0.00161221,0.00189607,1.90715e-05,-0.000533918,-0.000495488
4.733,-0.00161031,0.00189556,1.85383e-05,-0.000532512,-0.000500096
4.734,-0.00160842,0.00189503,1.80064e-05,-0.000531108,-0.00050469
4.735,-0.00160652,0.00189451,1.7476e-05,-0.000529707,-0.00050927
4.736,-0.00160463,0.00189398,1.6947e-05,-0.000528308,-0.000513836
4.737,-0.00160273,0.00189344,1.64194e-05,-0.000526911,-0.000518388
4.738,-0.00160084,0.0018929,1.58932e-05,-0.000525516,-0.000522926
4.739,-0.00159895,0.00189236,1.53684e-05,-0.000524124,-0.00052745
4.74,-0.00159706,0.00189181,1.4845e-05,-0.000522734,-0.00053196
4.741,-0.00159517,0.00189126,1.43229e-05,-0.000521346,-0.000536457
4.742,-0.00159327,0.00189071,1.38023e-05,-0.000519961,-0.000540939
4.743,-0.00159138,0.00189015,1.3283e-05,-0.000518578,-0.000545408
4.744,-0.00158949,0.00188959,1.27651e-05,-0.000517197,-0.000549863
4.745,-0.0015876,0.00188902,1.22486e-05,-0.000515819,-0.000554304
4.746,-0.00158572,0.00188845,1.17335e-05,-0.000514442,-0.000558731
4.747,-0.00158383,0.00188787,1.12197e-05,-0.000513068,-0.000563145
4.748,-0.00158194,0.0018873,1.07073e-05,-0.000511697,-0.000567545
4.749,-0.00158005,0.00188671,1.01963e-05,-0.000510327,-0.000571931
4.75,-0.00157817,0.00188613,9.68669e-06,-0.00050896,-0.000576304
4.751,-0.00157628,0.00188554,9.17842e-06,-0.000507595,-0.000580663
4.752,-0.0015744,0.00188494,8.6715e-06,-0.000506233,-0.000585008
4.753,-0.00157251,0.00188435,8.16595e-06,-0.000504872,-0.00058934
4.754,-0.00157063,0.00188374,7.66176e-06,-0.000503514,-0.000593658
4.755,-0.00156874,0.00188314,7.15892e-06,-0.000502158,-0.000597963
4.756,-0.00156686,0.00188253,6.65744e-06,-0.000500805,-0.000602254
4.757,-0.00156498,0.00188192,6.15732e-06,-0.000499453,-0.000606532
4.758,-0.0015631,0.0018813,5.65854e-06,-0.000498104,-0.000610796
4.759,-0.00156122,0.00188068,5.16111e-06,-0.000496757,-0.000615047
4.76,-0.00155934,0.00188006,4.66502e-06,-0.000495413,-0.000619284
4.761,-0.00155746,0.00187943,4.17028e-06,-0.00049407,-0.000623508
4.762,-0.00155558,0.0018788,3.67688e-06,-0.00049273,-0.000627719
4.763,-0.0015537,0.00187816,3.18482e-06,-0.000491392,-0.000631916
4.764,-0.00155182,0.00187752,2.6941e-06,-0.000490057,-0.0006361
4.765,-0.00154994,0.00187688,2.20471e-06,-0.000488723,-0.000640271
4.766,-0.00154807,0.00187623,1.71665e-06,-0.000487392,-0.000644429
4.767,-0.00154619,0.00187558,1.22993e-06,-0.000486063,-0.000648573
4.768,-0.00154432,0.00187493,7.44526e-07,-0.000484737,-0.000652704
4.769,-0.00154244,0.00187427,2.60453e-07,-0.000483412,-0.000656822
4.77,-0.00154057,0.00187361,-2.22298e-07,-0.00048209,-0.000660926
4.771,-0.00153869,0.00187295,-7.03726e-07,-0.00048077,-0.000665018
4.772,-0.00153682,0.00187228,-1.18384e-06,-0.000479452,-0.000669096
4.773,-0.00153495,0.00187161,-1.66263e-06,-0.000478136,-0.000673162
4.774,-0.00153308,0.00187093,-2.14011e-06,-0.000476823,-0.000677214
4.775,-0.00153121,0.00187025,-2.61628e-06,-0.000475512,-0.000681253
4.776,-0.00152934,0.00186957,-3.09113e-06,-0.000474203,-0.00068528
4.777,-0.00152747,0.00186888,-3.56468e-06,-0.000472896,-0.000689293
4.778,-0.0015256,0.00186819,-4.03692e-06,-0.000471592,-0.000693293
4.779,-0.00152373,0.0018675,-4.50786e-06,-0.000470289,-0.00069728
4.78,-0.00152186,0.00186681,-4.9775e-06,-0.000468989,-0.000701255
4.781,-0.00152,0.00186611,-5.44584e-06,-0.000467691,-0.000705216
4.782,-0.00151813,0.0018654,-5.91288e-06,-0.000466395,-0.000709165
4.783,-0.00151627,0.00186469,-6.37863e-06,-0.000465102,-0.000713101
4.784,-0.0015144,0.00186398,-6.84309e-06,-0.00046381,-0.000717024
4.785,-0.00151254,0.00186327,-7.30625e-06,-0.000462521,-0.000720934
4.786,-0.00151068,0.00186255,-7.76813e-06,-0.000461234,-0.000724831
4.787,-0.00150881,0.00186183,-8.22872e-06,-0.000459949,-0.000728716
4.788,-0.00150695,0.00186111,-8.68803e-06,-0.000458667,-0.000732587
4.789,-0.00150509,0.00186038,-9.14605e-06,-0.000457386,-0.000736447
4.79,-0.00150323,0.00185965,-9.6028e-06,-0.000456108,-0.000740293
4.791,-0.00150137,0.00185891,-1.00583e-05,-0.000454832,-0.000744127
4.792,-0.00149951,0.00185818,-1.05125e-05,-0.000453558,-0.000747948
4.793,-0.00149766,0.00185743,-1.09654e-05,-0.000452286,-0.000751756
4.794,-0.0014958,0.00185669,-1.1417e-05,-0.000451017,-0.000755552
4.795,-0.00149394,0.00185594,-1.18674e-05,-0.000449749,-0.000759336
4.796,-0.00149209,0.00185519,-1.23165e-05,-0.000448484,-0.000763107
4.797,-0.00149023,0.00185444,-1.27644e-05,-0.000447221,-0.000766865
4.798,-0.00148838,0.00185368,-1.3211e-05,-0.00044596,-0.000770611
4.799,-0.00148653,0.00185292,-1.36563e-05,-0.000444701,-0.000774344
4.8,-0.00148467,0.00185215,-1.41004e-05,-0.000443445,-0.000778065
4.801,-0.00148282,0.00185139,-1.45432e-05,-0.00044219,-0.000781773
4.802,-0.00148097,0.00185061,-1.49848e-05,-0.000440938,-0.000785469
4.803,-0.00147912,0.00184984,-1.54251e-05,-0.000439688,-0.000789153
4.804,-0.00147727,0.00184906,-1.58641e-05,-0.00043844,-0.000792824
4.805,-0.00147542,0.00184828,-1.63019e-05,-0.000437194,-0.000796483
4.806,-0.00147357,0.0018475,-1.67385e-05,-0.00043595,-0.00080013
4.807,-0.00147173,0.00184671,-1.71738e-05,-0.000434709,-0.000803764
4.808,-0.00146988,0.00184592,-1.76079e-05,-0.000433469,-0.000807386
4.809,-0.00146804,0.00184513,-1.80408e-05,-0.000432232,-0.000810996
4.81,-0.00146619,0.00184433,-1.84724e-05,-0.000430997,-0.000814594
4.811,-0.00146435,0.00184353,-1.89028e-05,-0.000429764,-0.000818179
4.812,-0.0014625,0.00184273,-1.93319e-05,-0.000428533,-0.000821752
4.813,-0.00146066,0.00184192,-1.97598e-05,-0.000427304,-0.000825314
4.814,-0.00145882,0.00184111,-2.01865e-05,-0.000426077,-0.000828863
4.815,-0.00145698,0.0018403,-2.0612e-05,-0.000424853,-0.000832399
4.816,-0.00145514,0.00183948,-2.10362e-05,-0.00042363,-0.000835924
4.817,-0.0014533,0.00183867,-2.14593e-05,-0.00042241,-0.000839437
4.818,-0.00145146,0.00183784,-2.18811e-05,-0.000421192,-0.000842938
4.819,-0.00144962,0.00183702,-2.23016e-05,-0.000419976,-0.000846426
4.82,-0.00144779,0.00183619,-2.2721e-05,-0.000418762,-0.000849903
4.821,-0.00144595,0.00183536,-2.31392e-05,-0.00041755,-0.000853368
4.822,-0.00144412,0.00183453,-2.35561e-05,-0.00041634,-0.00085682
4.823,-0.00144228,0.00183369,-2.39718e-05,-0.000415133,-0.000860261
4.824,-0.00144045,0.00183285,-2.43864e-05,-0.000413927,-0.00086369
4.825,-0.00143862,0.00183201,-2.47997e-05,-0.000412724,-0.000867107
4.826,-0.00143679,0.00183116,-2.52118e-05,-0.000411522,-0.000870512
4.827,-0.00143495,0.00183031,-2.56227e-05,-0.000410323,-0.000873906
4.828,-0.00143312,0.00182946,-2.60325e-05,-0.000409126,-0.000877287
4.829,-0.0014313,0.0018286,-2.6441e-05,-0.000407931,-0.000880657
4.83,-0.00142947,0.00182775,-2.68483e-05,-0.000406738,-0.000884015
4.831,-0.00142764,0.00182689,-2.72545e-05,-0.000405547,-0.000887361
4.832,-0.00142581,0.00182602,-2.76594e-05,-0.000404358,-0.000890696
4.833,-0.00142399,0.00182516,-2.80632e-05,-0.000403171,-0.000894019
4.834,-0.00142216,0.00182429,-2.84658e-05,-0.000401987,-0.00089733
4.835,-0.00142034,0.00182341,-2.88672e-05,-0.000400804,-0.000900629
4.836,-0.00141852,0.00182254,-2.92674e-05,-0.000399624,-0.000903917
4.837,-0.00141669,0.00182166,-2.96664e-05,-0.000398445,-0.000907194
4.838,-0.00141487,0.00182078,-3.00643e-05,-0.000397269,-0.000910458
4.839,-0.00141305,0.00181989,-3.04609e-05,-0.000396095,-0.000913711
4.84,-0.00141123,0.00181901,-3.08565e-05,-0.000394922,-0.000916953
4.841,-0.00140941,0.00181812,-3.12508e-05,-0.000393752,-0.000920183
4.842,-0.0014076,0.00181723,-3.1644e-05,-0.000392584,-0.000923401
4.843,-0.00140578,0.00181633,-3.2036e-05,-0.000391418,-0.000926609
4.844,-0.00140396,0.00181543,-3.24268e-05,-0.000390254,-0.000929804
4.845,-0.00140215,0.00181453,-3.28165e-05,-0.000389092,-0.000932988
4.846,-0.00140034,0.00181363,-3.3205e-05,-0.000387932,-0.000936161
4.847,-0.00139852,0.00181272,-3.35923e-05,-0.000386774,-0.000939323
4.848,-0.00139671,0.00181181,-3.39785e-05,-0.000385619,-0.000942473
4.849,-0.0013949,0.0018109,-3.43636e-05,-0.000384465,-0.000945611
4.85,-0.00139309,0.00180998,-3.47475e-05,-0.000383313,-0.000948739
4.851,-0.00139128,0.00180907,-3.51302e-05,-0.000382164,-0.000951855
4.852,-0.00138947,0.00180815,-3.55118e-05,-0.000381016,-0.000954959
4.853,-0.00138766,0.00180722,-3.58922e-05,-0.00037987,-0.000958053
4.854,-0.00138586,0.0018063,-3.62715e-05,-0.000378727,-0.000961135
4.855,-0.00138405,0.00180537,-3.66497e-05,-0.000377585,-0.000964206
4.856,-0.00138224,0.00180444,-3.70267e-05,-0.000376446,-0.000967266
4.857,-0.00138044,0.0018035,-3.74026e-05,-0.000375308,-0.000970315
4.858,-0.00137864,0.00180257,-3.77773e-05,-0.000374173,-0.000973352
4.859,-0.00137684,0.00180163,-3.81509e-05,-0.000373039,-0.000976379
4.86,-0.00137503,0.00180069,-3.85234e-05,-0.000371908,-0.000979394
4.861,-0.00137323,0.00179974,-3.88947e-05,-0.000370779,-0.000982398
4.862,-0.00137144,0.0017988,-3.92649e-05,-0.000369651,-0.000985392
4.863,-0.00136964,0.00179785,-3.9634e-05,-0.000368526,-0.000988374
4.864,-0.00136784,0.00179689,-4.0002e-05,-0.000367403,-0.000991345
4.865,-0.00136604,0.00179594,-4.03688e-05,-0.000366281,-0.000994305
4.866,-0.00136425,0.00179498,-4.07346e-05,-0.000365162,-0.000997254
4.867,-0.00136245,0.00179402,-4.10992e-05,-0.000364045,-0.00100019
4.868,-0.00136066,0.00179306,-4.14626e-05,-0.000362929,-0.00100312
4.869,-0.00135887,0.00179209,-4.1825e-05,-0.000361816,-0.00100604
4.87,-0.00135708,0.00179113,-4.21863e-05,-0.000360705,-0.00100894
4.871,-0.00135528,0.00179016,-4.25464e-05,-0.000359595,-0.00101184
4.872,-0.0013535,0.00178918,-4.29055e-05,-0.000358488,-0.00101472
4.873,-0.00135171,0.00178821,-4.32634e-05,-0.000357383,-0.00101759
4.874,-0.00134992,0.00178723,-4.36202e-05,-0.000356279,-0.00102046
4.875,-0.00134813,0.00178625,-4.3976e-05,-0.000355178,-0.00102331
4.876,-0.00134635,0.00178527,-4.43306e-05,-0.000354079,-0.00102615
4.877,-0.00134456,0.00178428,-4.46841e-05,-0.000352981,-0.00102898
4.878,-0.00134278,0.00178329,-4.50365e-05,-0.000351886,-0.0010318
4.879,-0.00134099,0.0017823,-4.53879e-05,-0.000350792,-0.0010346
4.88,-0.00133921,0.00178131,-4.57381e-05,-0.000349701,-0.0010374
4.881,-0.00133743,0.00178032,-4.60873e-05,-0.000348611,-0.00104019
4.882,-0.00133565,0.00177932,-4.64354e-05,-0.000347524,-0.00104297
4.883,-0.00133387,0.00177832,-4.67823e-05,-0.000346438,-0.00104573
4.884,-0.0013321,0.00177732,-4.71282e-05,-0.000345355,-0.00104849
4.885,-0.00133032,0.00177631,-4.7473e-05,-0.000344273,-0.00105123
4.886,-0.00132854,0.0017753,-4.78168e-05,-0.000343194,-0.00105397
4.887,-0.00132677,0.00177429,-4.81594e-05,-0.000342116,-0.00105669
4.888,-0.00132499,0.00177328,-4.8501e-05,-0.00034104,-0.0010594
4.889,-0.00132322,0.00177227,-4.88415e-05,-0.000339966,-0.0010621
4.89,-0.00132145,0.00177125,-4.91809e-05,-0.000338894,-0.0010648
4.891,-0.00131968,0.00177023,-4.95193e-05,-0.000337825,-0.00106748
4.892,-0.00131791,0.00176921,-4.98566e-05,-0.000336757,-0.00107015
4.893,-0.00131614,0.00176819,-5.01928e-05,-0.000335691,-0.00107281
4.894,-0.00131437,0.00176716,-5.0528e-05,-0.000334627,-0.00107546
4.895,-0.00131261,0.00176613,-5.08621e-05,-0.000333565,-0.0010781
4.896,-0.00131084,0.0017651,-5.11951e-05,-0.000332504,-0.00108073
4.897,-0.00130908,0.00176407,-5.15271e-05,-0.000331446,-0.00108335
4.898,-0.00130731,0.00176303,-5.1858e-05,-0.00033039,-0.00108596
4.899,-0.00130555,0.001762,-5.21879e-05,-0.000329336,-0.00108856
4.9,-0.00130379,0.00176096,-5.25167e-05,-0.000328283,-0.00109115
4.901,-0.00130203,0.00175991,-5.28444e-05,-0.000327233,-0.00109373
4.902,-0.00130027,0.00175887,-5.31711e-05,-0.000326184,-0.00109629
4.903,-0.00129851,0.00175782,-5.34968e-05,-0.000325137,-0.00109885
4.904,-0.00129675,0.00175677,-5.38214e-05,-0.000324093,-0.0011014
4.905,-0.001295,0.00175572,-5.4145e-05,-0.00032305,-0.00110394
4.906,-0.00129324,0.00175467,-5.44675e-05,-0.000322009,-0.00110646
4.907,-0.00129149,0.00175361,-5.4789e-05,-0.00032097,-0.00110898
4.908,-0.00128973,0.00175256,-5.51094e-05,-0.000319933,-0.00111149
4.909,-0.00128798,0.0017515,-5.54289e-05,-0.000318898,-0.00111399
4.91,-0.00128623,0.00175044,-5.57472e-05,-0.000317864,-0.00111647
4.911,-0.00128448,0.00174937,-5.60646e-05,-0.000316833,-0.00111895
4.912,-0.00128273,0.0017483,-5.63809e-05,-0.000315804,-0.00112142
4.913,-0.00128099,0.00174724,-5.66962e-05,-0.000314776,-0.00112388
4.914,-0.00127924,0.00174617,-5.70105e-05,-0.000313751,-0.00112632
4.915,-0.00127749,0.00174509,-5.73237e-05,-0.000312727,-0.00112876
4.916,-0.00127575,0.00174402,-5.76359e-05,-0.000311705,-0.00113119
4.917,-0.001274,0.00174294,-5.79471e-05,-0.000310685,-0.0011336
4.918,-0.00127226,0.00174186,-5.82573e-05,-0.000309667,-0.00113601
4.919,-0.00127052,0.00174078,-5.85664e-05,-0.000308651,-0.00113841
4.92,-0.00126878,0.0017397,-5.88746e-05,-0.000307637,-0.0011408
4.921,-0.00126704,0.00173861,-5.91817e-05,-0.000306624,-0.00114317
4.922,-0.0012653,0.00173753,-5.94878e-05,-0.000305614,-0.00114554
4.923,-0.00126357,0.00173644,-5.97929e-05,-0.000304605,-0.0011479
4.924,-0.00126183,0.00173534,-6.0097e-05,-0.000303598,-0.00115025
4.925,-0.0012601,0.00173425,-6.04001e-05,-0.000302593,-0.00115259
4.926,-0.00125836,0.00173316,-6.07022e-05,-0.00030159,-0.00115492
4.927,-0.00125663,0.00173206,-6.10033e-05,-0.000300589,-0.00115724
4.928,-0.0012549,0.00173096,-6.13034e-05,-0.00029959,-0.00115955
4.929,-0.00125317,0.00172986,-6.16025e-05,-0.000298592,-0.00116185
4.93,-0.00125144,0.00172875,-6.19006e-05,-0.000297597,-0.00116414
4.931,-0.00124971,0.00172765,-6.21977e-05,-0.000296603,-0.00116642
4.932,-0.00124798,0.00172654,-6.24938e-05,-0.000295611,-0.00116869
4.933,-0.00124626,0.00172543,-6.27889e-05,-0.000294621,-0.00117095
4.934,-0.00124453,0.00172432,-6.3083e-05,-0.000293633,-0.0011732
4.935,-0.00124281,0.00172321,-6.33762e-05,-0.000292647,-0.00117544
4.936,-0.00124109,0.00172209,-6.36683e-05,-0.000291663,-0.00117768
4.937,-0.00123936,0.00172097,-6.39595e-05,-0.00029068,-0.0011799
4.938,-0.00123764,0.00171985,-6.42497e-05,-0.000289699,-0.00118211
4.939,-0.00123592,0.00171873,-6.45389e-05,-0.00028872,-0.00118432
4.94,-0.00123421,0.00171761,-6.48271e-05,-0.000287743,-0.00118651
4.941,-0.00123249,0.00171648,-6.51144e-05,-0.000286768,-0.0011887
4.942,-0.00123077,0.00171536,-6.54007e-05,-0.000285795,-0.00119087
4.943,-0.00122906,0.00171423,-6.5686e-05,-0.000284823,-0.00119304
4.944,-0.00122735,0.0017131,-6.59703e-05,-0.000283854,-0.0011952
4.945,-0.00122563,0.00171197,-6.62537e-05,-0.000282886,-0.00119735
4.946,-0.00122392,0.00171083,-6.65361e-05,-0.00028192,-0.00119948
4.947,-0.00122221,0.0017097,-6.68175e-05,-0.000280956,-0.00120161
4.948,-0.0012205,0.00170856,-6.7098e-05,-0.000279993,-0.00120373
4.949,-0.00121879,0.00170742,-6.73775e-05,-0.000279033,-0.00120584
4.95,-0.00121709,0.00170628,-6.76561e-05,-0.000278074,-0.00120794
4.951,-0.00121538,0.00170513,-6.79337e-05,-0.000277117,-0.00121004
4.952,-0.00121368,0.00170399,-6.82103e-05,-0.000276162,-0.00121212
4.953,-0.00121197,0.00170284,-6.8486e-05,-0.000275209,-0.00121419
4.954,-0.00121027,0.00170169,-6.87607e-05,-0.000274257,-0.00121626
4.955,-0.00120857,0.00170054,-6.90345e-05,-0.000273307,-0.00121831
4.956,-0.00120687,0.00169939,-6.93073e-05,-0.00027236,-0.00122036
4.957,-0.00120517,0.00169823,-6.95792e-05,-0.000271413,-0.0012224
4.958,-0.00120347,0.00169708,-6.98502e-05,-0.000270469,-0.00122442
4.959,-0.00120178,0.00169592,-7.01202e-05,-0.000269527,-0.00122644
4.96,-0.00120008,0.00169476,-7.03892e-05,-0.000268586,-0.00122845
4.961,-0.00119839,0.0016936,-7.06573e-05,-0.000267647,-0.00123045
4.962,-0.00119669,0.00169244,-7.09245e-05,-0.00026671,-0.00123244
4.963,-0.001195,0.00169127,-7.11907e-05,-0.000265775,-0.00123443
4.964,-0.00119331,0.0016901,-7.14561e-05,-0.000264841,-0.0012364
4.965,-0.00119162,0.00168894,-7.17204e-05,-0.00026391,-0.00123837
4.966,-0.00118993,0.00168777,-7.19839e-05,-0.00026298,-0.00124032
4.967,-0.00118825,0.0016866,-7.22464e-05,-0.000262052,-0.00124227
4.968,-0.00118656,0.00168542,-7.2508e-05,-0.000261125,-0.00124421
4.969,-0.00118488,0.00168425,-7.27686e-05,-0.000260201,-0.00124613
4.97,-0.00118319,0.00168307,-7.30284e-05,-0.000259278,-0.00124805
4.971,-0.00118151,0.00168189,-7.32872e-05,-0.000258357,-0.00124997
4.972,-0.00117983,0.00168071,-7.35451e-05,-0.000257437,-0.00125187
4.973,-0.00117815,0.00167953,-7.38021e-05,-0.00025652,-0.00125376
4.974,-0.00117647,0.00167835,-7.40581e-05,-0.000255604,-0.00125565
4.975,-0.00117479,0.00167716,-7.43133e-05,-0.00025469,-0.00125752
4.976,-0.00117312,0.00167598,-7.45675e-05,-0.000253778,-0.00125939
4.977,-0.00117144,0.00167479,-7.48208e-05,-0.000252868,-0.00126125
4.978,-0.00116977,0.0016736,-7.50732e-05,-0.000251959,-0.0012631
4.979,-0.00116809,0.00167241,-7.53247e-05,-0.000251052,-0.00126494
4.98,-0.00116642,0.00167122,-7.55753e-05,-0.000250147,-0.00126677
4.981,-0.00116475,0.00167002,-7.5825e-05,-0.000249243,-0.00126859
4.982,-0.00116308,0.00166883,-7.60738e-05,-0.000248342,-0.00127041
4.983,-0.00116141,0.00166763,-7.63217e-05,-0.000247442,-0.00127222
4.984,-0.00115975,0.00166643,-7.65687e-05,-0.000246544,-0.00127401
4.985,-0.00115808,0.00166523,-7.68148e-05,-0.000245647,-0.0012758
4.986,-0.00115641,0.00166403,-7.706e-05,-0.000244752,-0.00127758
4.987,-0.00115475,0.00166282,-7.73043e-05,-0.00024386,-0.00127935
4.988,-0.00115309,0.00166162,-7.75477e-05,-0.000242968,-0.00128112
4.989,-0.00115143,0.00166041,-7.77903e-05,-0.000242079,-0.00128287
4.99,-0.00114977,0.0016592,-7.80319e-05,-0.000241191,-0.00128462
4.991,-0.00114811,0.00165799,-7.82726e-05,-0.000240305,-0.00128636
4.992,-0.00114645,0.00165678,-7.85125e-05,-0.000239421,-0.00128809
4.993,-0.0011448,0.00165557,-7.87515e-05,-0.000238538,-0.00128981
4.994,-0.00114314,0.00165435,-7.89896e-05,-0.000237657,-0.00129152
4.995,-0.00114149,0.00165314,-7.92268e-05,-0.000236778,-0.00129322
4.996,-0.00113984,0.00165192,-7.94631e-05,-0.000235901,-0.00129492
4.997,-0.00113818,0.0016507,-7.96986e-05,-0.000235025,-0.00129661
4.998,-0.00113653,0.00164948,-7.99332e-05,-0.000234151,-0.00129828
4.999,-0.00113488,0.00164826,-8.01669e-05,-0.000233279,-0.00129995
5,-0.00113324,0.00164704,-8.03997e-05,-0.000232408,-0.00130162
5.001,-0.00113159,0.00164581,-8.06317e-05,-0.000231539,-0.00130327
5.002,-0.00112995,0.00164459,-8.08628e-05,-0.000230672,-0.00130492
5.003,-0.0011283,0.00164336,-8.10931e-05,-0.000229807,-0.00130655
5.004,-0.00112666,0.00164213,-8.13224e-05,-0.000228943,-0.00130818
5.005,-0.00112502,0.0016409,-8.15509e-05,-0.000228081,-0.0013098
5.006,-0.00112338,0.00163967,-8.17786e-05,-0.000227221,-0.00131142
5.007,-0.00112174,0.00163844,-8.20054e-05,-0.000226362,-0.00131302
5.008,-0.0011201,0.00163721,-8.22313e-05,-0.000225505,-0.00131462
5.009,-0.00111846,0.00163597,-8.24564e-05,-0.00022465,-0.0013162
5.01,-0.00111683,0.00163473,-8.26806e-05,-0.000223796,-0.00131778
5.011,-0.00111519,0.0016335,-8.2904e-05,-0.000222944,-0.00131936
5.012,-0.00111356,0.00163226,-8.31265e-05,-0.000222094,-0.00132092
5.013,-0.00111193,0.00163101,-8.33482e-05,-0.000221246,-0.00132247
5.014,-0.0011103,0.00162977,-8.3569e-05,-0.000220399,-0.00132402
5.015,-0.00110867,0.00162853,-8.3789e-05,-0.000219554,-0.00132556
5.016,-0.00110704,0.00162728,-8.40081e-05,-0.00021871,-0.00132709
5.017,-0.00110542,0.00162604,-8.42264e-05,-0.000217868,-0.00132862
5.018,-0.00110379,0.00162479,-8.44438e-05,-0.000217028,-0.00133013
5.019,-0.00110217,0.00162354,-8.46605e-05,-0.00021619,-0.00133164
5.02,-0.00110054,0.00162229,-8.48762e-05,-0.000215353,-0.00133314
5.021,-0.00109892,0.00162104,-8.50912e-05,-0.000214518,-0.00133463
5.022,-0.0010973,0.00161979,-8.53053e-05,-0.000213684,-0.00133611
5.023,-0.00109568,0.00161853,-8.55185e-05,-0.000212853,-0.00133759
5.024,-0.00109406,0.00161728,-8.5731e-05,-0.000212022,-0.00133905
5.025,-0.00109245,0.00161602,-8.59426e-05,-0.000211194,-0.00134051
5.026,-0.00109083,0.00161477,-8.61534e-05,-0.000210367,-0.00134197
5.027,-0.00108922,0.00161351,-8.63633e-05,-0.000209542,-0.00134341
5.028,-0.0010876,0.00161225,-8.65724e-05,-0.000208718,-0.00134485
5.029,-0.00108599,0.00161099,-8.67807e-05,-0.000207896,-0.00134627
5.03,-0.00108438,0.00160972,-8.69882e-05,-0.000207076,-0.00134769
5.031,-0.00108277,0.00160846,-8.71949e-05,-0.000206258,-0.00134911
5.032,-0.00108117,0.00160719,-8.74007e-05,-0.000205441,-0.00135051
5.033,-0.00107956,0.00160593,-8.76058e-05,-0.000204625,-0.00135191
5.034,-0.00107795,0.00160466,-8.781e-05,-0.000203812,-0.0013533
5.035,-0.00107635,0.00160339,-8.80134e-05,-0.000203,-0.00135468
5.036,-0.00107475,0.00160212,-8.8216e-05,-0.000202189,-0.00135605
5.037,-0.00107315,0.00160085,-8.84178e-05,-0.00020138,-0.00135742
5.038,-0.00107155,0.00159958,-8.86188e-05,-0.000200573,-0.00135878
5.039,-0.00106995,0.00159831,-8.88189e-05,-0.000199768,-0.00136013
5.04,-0.00106835,0.00159703,-8.90183e-05,-0.000198964,-0.00136147
5.041,-0.00106675,0.00159576,-8.92169e-05,-0.000198162,-0.00136281
5.042,-0.00106516,0.00159448,-8.94146e-05,-0.000197361,-0.00136414
5.043,-0.00106356,0.0015932,-8.96116e-05,-0.000196562,-0.00136546
5.044,-0.00106197,0.00159193,-8.98077e-05,-0.000195764,-0.00136677
5.045,-0.00106038,0.00159065,-9.00031e-05,-0.000194969,-0.00136807
5.046,-0.00105879,0.00158936,-9.01977e-05,-0.000194174,-0.00136937
5.047,-0.0010572,0.00158808,-9.03915e-05,-0.000193382,-0.00137066
5.048,-0.00105561,0.0015868,-9.05844e-05,-0.000192591,-0.00137195
5.049,-0.00105403,0.00158551,-9.07766e-05,-0.000191801,-0.00137322
5.05,-0.00105244,0.00158423,-9.0968e-05,-0.000191014,-0.00137449
5.051,-0.00105086,0.00158294,-9.11587e-05,-0.000190228,-0.00137575
5.052,-0.00104928,0.00158166,-9.13485e-05,-0.000189443,-0.001377
5.053,-0.0010477,0.00158037,-9.15375e-05,-0.00018866,-0.00137825
5.054,-0.00104612,0.00157908,-9.17258e-05,-0.000187879,-0.00137949
5.055,-0.00104454,0.00157779,-9.19133e-05,-0.000187099,-0.00138072
5.056,-0.00104296,0.00157649,-9.21e-05,-0.000186321,-0.00138194
5.057,-0.00104138,0.0015752,-9.22859e-05,-0.000185544,-0.00138316
5.058,-0.00103981,0.00157391,-9.24711e-05,-0.000184769,-0.00138437
5.059,-0.00103824,0.00157261,-9.26555e-05,-0.000183996,-0.00138557
5.06,-0.00103666,0.00157132,-9.28391e-05,-0.000183224,-0.00138676
5.061,-0.00103509,0.00157002,-9.30219e-05,-0.000182453,-0.00138795
5.062,-0.00103352,0.00156872,-9.3204e-05,-0.000181685,-0.00138913
5.063,-0.00103196,0.00156742,-9.33853e-05,-0.000180918,-0.0013903
5.064,-0.00103039,0.00156612,-9.35658e-05,-0.000180152,-0.00139146
5.065,-0.00102882,0.00156482,-9.37456e-05,-0.000179388,-0.00139262
5.066,-0.00102726,0.00156352,-9.39246e-05,-0.000178626,-0.00139377
5.067,-0.0010257,0.00156222,-9.41029e-05,-0.000177865,-0.00139492
5.068,-0.00102414,0.00156092,-9.42803e-05,-0.000177106,-0.00139605
5.069,-0.00102258,0.00155961,-9.44571e-05,-0.000176348,-0.00139718
5.07,-0.00102102,0.00155831,-9.4633e-05,-0.000175592,-0.0013983
5.071,-0.00101946,0.001557,-9.48083e-05,-0.000174837,-0.00139942
5.072,-0.0010179,0.00155569,-9.49827e-05,-0.000174084,-0.00140053
5.073,-0.00101635,0.00155438,-9.51564e-05,-0.000173333,-0.00140163
5.074,-0.00101479,0.00155307,-9.53294e-05,-0.000172583,-0.00140272
5.075,-0.00101324,0.00155176,-9.55016e-05,-0.000171835,-0.00140381
5.076,-0.00101169,0.00155045,-9.5673e-05,-0.000171088,-0.00140489
5.077,-0.00101014,0.00154914,-9.58438e-05,-0.000170342,-0.00140596
5.078,-0.00100859,0.00154783,-9.60137e-05,-0.000169599,-0.00140703
5.079,-0.00100704,0.00154651,-9.6183e-05,-0.000168857,-0.00140808
5.08,-0.0010055,0.0015452,-9.63514e-05,-0.000168116,-0.00140914
5.081,-0.00100395,0.00154388,-9.65192e-05,-0.000167377,-0.00141018
5.082,-0.00100241,0.00154257,-9.66862e-05,-0.000166639,-0.00141122
5.083,-0.00100087,0.00154125,-9.68525e-05,-0.000165903,-0.00141225
5.084,-0.000999329,0.00153993,-9.7018e-05,-0.000165169,-0.00141327
5.085,-0.000997789,0.00153861,-9.71828e-05,-0.000164436,-0.00141429
5.086,-0.000996251,0.00153729,-9.73469e-05,-0.000163704,-0.0014153
5.087,-0.000994715,0.00153597,-9.75102e-05,-0.000162974,-0.0014163
5.088,-0.000993179,0.00153465,-9.76728e-05,-0.000162246,-0.0014173
5.089,-0.000991645,0.00153333,-9.78347e-05,-0.000161519,-0.00141829
5.09,-0.000990113,0.00153201,-9.79959e-05,-0.000160794,-0.00141927
5.091,-0.000988581,0.00153068,-9.81563e-05,-0.00016007,-0.00142025
5.092,-0.000987051,0.00152936,-9.8316e-05,-0.000159348,-0.00142122
5.093,-0.000985523,0.00152803,-9.8475e-05,-0.000158627,-0.00142218
5.094,-0.000983995,0.0015267,-9.86333e-05,-0.000157908,-0.00142314
5.095,-0.000982469,0.00152538,-9.87908e-05,-0.00015719,-0.00142408
5.096,-0.000980945,0.00152405,-9.89476e-05,-0.000156474,-0.00142503
5.097,-0.000979421,0.00152272,-9.91038e-05,-0.000155759,-0.00142596
5.098,-0.000977899,0.00152139,-9.92592e-05,-0.000155046,-0.00142689
5.099,-0.000976378,0.00152006,-9.94138e-05,-0.000154334,-0.00142781
5.1,-0.000974859,0.00151873,-9.95678e-05,-0.000153624,-0.00142873
5.101,-0.000973341,0.0015174,-9.97211e-05,-0.000152915,-0.00142964
5.102,-0.000971824,0.00151606,-9.98737e-05,-0.000152208,-0.00143054
5.103,-0.000970309,0.00151473,-0.000100026,-0.000151502,-0.00143144
5.104,-0.000968795,0.0015134,-0.000100177,-0.000150798,-0.00143232
5.105,-0.000967282,0.00151206,-0.000100327,-0.000150095,-0.00143321
5.106,-0.000965771,0.00151073,-0.000100477,-0.000149394,-0.00143408
5.107,-0.000964261,0.00150939,-0.000100626,-0.000148694,-0.00143495
5.108,-0.000962752,0.00150805,-0.000100774,-0.000147995,-0.00143582
5.109,-0.000961244,0.00150672,-0.000100922,-0.000147299,-0.00143667
5.11,-0.000959738,0.00150538,-0.000101069,-0.000146603,-0.00143752
5.111,-0.000958234,0.00150404,-0.000101215,-0.000145909,-0.00143836
5.112,-0.00095673,0.0015027,-0.000101361,-0.000145217,-0.0014392
5.113,-0.000955228,0.00150136,-0.000101506,-0.000144526,-0.00144003
5.114,-0.000953728,0.00150002,-0.00010165,-0.000143837,-0.00144086
5.115,-0.000952228,0.00149867,-0.000101793,-0.000143149,-0.00144167
5.116,-0.00095073,0.00149733,-0.000101936,-0.000142462,-0.00144248
5.117,-0.000949234,0.00149599,-0.000102078,-0.000141777,-0.00144329
5.118,-0.000947738,0.00149464,-0.00010222,-0.000141093,-0.00144409
5.119,-0.000946244,0.0014933,-0.00010236,-0.000140411,-0.00144488
5.12,-0.000944752,0.00149195,-0.0001025,-0.000139731,-0.00144567
5.121,-0.00094326,0.00149061,-0.00010264,-0.000139051,-0.00144644
5.122,-0.000941771,0.00148926,-0.000102778,-0.000138374,-0.00144722
5.123,-0.000940282,0.00148792,-0.000102917,-0.000137697,-0.00144798
5.124,-0.000938795,0.00148657,-0.000103054,-0.000137022,-0.00144874
5.125,-0.000937309,0.00148522,-0.000103191,-0.000136349,-0.0014495
5.126,-0.000935824,0.00148387,-0.000103327,-0.000135677,-0.00145025
5.127,-0.000934341,0.00148252,-0.000103462,-0.000135007,-0.00145099
5.128,-0.000932859,0.00148117,-0.000103597,-0.000134337,-0.00145172
5.129,-0.000931379,0.00147982,-0.000103731,-0.00013367,-0.00145245
5.13,-0.0009299,0.00147847,-0.000103864,-0.000133004,-0.00145318
5.131,-0.000928422,0.00147712,-0.000103997,-0.000132339,-0.00145389
5.132,-0.000926945,0.00147576,-0.000104129,-0.000131676,-0.0014546
5.133,-0.00092547,0.00147441,-0.00010426,-0.000131014,-0.00145531
5.134,-0.000923996,0.00147306,-0.000104391,-0.000130353,-0.00145601
5.135,-0.000922524,0.0014717,-0.000104521,-0.000129694,-0.0014567
5.136,-0.000921053,0.00147035,-0.00010465,-0.000129037,-0.00145738
5.137,-0.000919583,0.00146899,-0.000104779,-0.00012838,-0.00145806
5.138,-0.000918115,0.00146764,-0.000104907,-0.000127726,-0.00145874
5.139,-0.000916648,0.00146628,-0.000105034,-0.000127072,-0.00145941
5.14,-0.000915183,0.00146492,-0.000105161,-0.00012642,-0.00146007
5.141,-0.000913718,0.00146357,-0.000105287,-0.00012577,-0.00146072
5.142,-0.000912255,0.00146221,-0.000105412,-0.000125121,-0.00146137
5.143,-0.000910794,0.00146085,-0.000105537,-0.000124473,-0.00146202
5.144,-0.000909334,0.00145949,-0.000105661,-0.000123827,-0.00146265
5.145,-0.000907875,0.00145813,-0.000105785,-0.000123182,-0.00146329
5.146,-0.000906417,0.00145677,-0.000105908,-0.000122539,-0.00146391
5.147,-0.000904961,0.00145541,-0.00010603,-0.000121897,-0.00146453
5.148,-0.000903507,0.00145405,-0.000106152,-0.000121256,-0.00146514
5.149,-0.000902053,0.00145269,-0.000106273,-0.000120617,-0.00146575
5.15,-0.000900601,0.00145133,-0.000106393,-0.000119979,-0.00146635
5.151,-0.000899151,0.00144996,-0.000106512,-0.000119342,-0.00146695
5.152,-0.000897701,0.0014486,-0.000106631,-0.000118707,-0.00146754
5.153,-0.000896253,0.00144724,-0.00010675,-0.000118074,-0.00146813
5.154,-0.000894807,0.00144587,-0.000106868,-0.000117441,-0.0014687
5.155,-0.000893362,0.00144451,-0.000106985,-0.000116811,-0.00146928
5.156,-0.000891918,0.00144314,-0.000107101,-0.000116181,-0.00146984
5.157,-0.000890475,0.00144178,-0.000107217,-0.000115553,-0.0014704
5.158,-0.000889034,0.00144041,-0.000107332,-0.000114926,-0.00147096
5.159,-0.000887595,0.00143905,-0.000107447,-0.000114301,-0.00147151
5.16,-0.000886156,0.00143768,-0.000107561,-0.000113677,-0.00147205
5.161,-0.000884719,0.00143631,-0.000107674,-0.000113054,-0.00147259
5.162,-0.000883284,0.00143495,-0.000107787,-0.000112433,-0.00147312
5.163,-0.000881849,0.00143358,-0.000107899,-0.000111813,-0.00147365
5.164,-0.000880416,0.00143221,-0.000108011,-0.000111195,-0.00147417
5.165,-0.000878985,0.00143084,-0.000108122,-0.000110578,-0.00147469
5.166,-0.000877555,0.00142947,-0.000108232,-0.000109962,-0.0014752
5.167,-0.000876126,0.0014281,-0.000108342,-0.000109348,-0.0014757
5.168,-0.000874699,0.00142673,-0.000108451,-0.000108735,-0.0014762
5.169,-0.000873272,0.00142536,-0.000108559,-0.000108123,-0.00147669
5.17,-0.000871848,0.00142399,-0.000108667,-0.000107513,-0.00147718
5.171,-0.000870424,0.00142262,-0.000108774,-0.000106904,-0.00147766
5.172,-0.000869003,0.00142125,-0.000108881,-0.000106296,-0.00147813
5.173,-0.000867582,0.00141988,-0.000108987,-0.00010569,-0.0014786
5.174,-0.000866163,0.00141851,-0.000109092,-0.000105085,-0.00147907
5.175,-0.000864745,0.00141713,-0.000109197,-0.000104482,-0.00147953
5.176,-0.000863329,0.00141576,-0.000109301,-0.00010388,-0.00147998
5.177,-0.000861913,0.00141439,-0.000109405,-0.000103279,-0.00148043
5.178,-0.0008605,0.00141301,-0.000109508,-0.000102679,-0.00148087
5.179,-0.000859087,0.00141164,-0.00010961,-0.000102081,-0.00148131
5.18,-0.000857676,0.00141027,-0.000109712,-0.000101485,-0.00148174
5.181,-0.000856267,0.00140889,-0.000109813,-0.000100889,-0.00148217
5.182,-0.000854859,0.00140752,-0.000109913,-0.000100295,-0.00148259
5.183,-0.000853452,0.00140614,-0.000110013,-9.97022e-05,-0.001483
5.184,-0.000852046,0.00140477,-0.000110113,-9.91108e-05,-0.00148341
5.185,-0.000850642,0.00140339,-0.000110212,-9.85206e-05,-0.00148381
5.186,-0.00084924,0.00140201,-0.00011031,-9.79319e-05,-0.00148421
5.187,-0.000847838,0.00140064,-0.000110408,-9.73444e-05,-0.00148461
5.188,-0.000846438,0.00139926,-0.000110505,-9.67583e-05,-0.00148499
5.189,-0.00084504,0.00139788,-0.000110601,-9.61735e-05,-0.00148538
5.19,-0.000843643,0.00139651,-0.000110697,-9.559e-05,-0.00148575
5.191,-0.000842247,0.00139513,-0.000110792,-9.50078e-05,-0.00148613
5.192,-0.000840852,0.00139375,-0.000110887,-9.4427e-05,-0.00148649
5.193,-0.000839459,0.00139237,-0.000110981,-9.38475e-05,-0.00148685
5.194,-0.000838068,0.001391,-0.000111075,-9.32692e-05,-0.00148721
5.195,-0.000836677,0.00138962,-0.000111168,-9.26923e-05,-0.00148756
5.196,-0.000835288,0.00138824,-0.00011126,-9.21167e-05,-0.00148791
5.197,-0.000833901,0.00138686,-0.000111352,-9.15425e-05,-0.00148825
5.198,-0.000832515,0.00138548,-0.000111443,-9.09695e-05,-0.00148858
5.199,-0.00083113,0.0013841,-0.000111534,-9.03978e-05,-0.00148891
5.2,-0.000829746,0.00138272,-0.000111624,-8.98274e-05,-0.00148924
5.201,-0.000828364,0.00138134,-0.000111713,-8.92583e-05,-0.00148956
5.202,-0.000826984,0.00137996,-0.000111802,-8.86906e-05,-0.00148987
5.203,-0.000825604,0.00137858,-0.000111891,-8.81241e-05,-0.00149018
5.204,-0.000824227,0.0013772,-0.000111979,-8.75589e-05,-0.00149048
5.205,-0.00082285,0.00137582,-0.000112066,-8.6995e-05,-0.00149078
5.206,-0.000821475,0.00137444,-0.000112153,-8.64324e-05,-0.00149108
5.207,-0.000820101,0.00137306,-0.000112239,-8.58711e-05,-0.00149136
5.208,-0.000818729,0.00137167,-0.000112324,-8.5311e-05,-0.00149165
5.209,-0.000817358,0.00137029,-0.000112409,-8.47523e-05,-0.00149193
5.21,-0.000815988,0.00136891,-0.000112494,-8.41948e-05,-0.0014922
5.211,-0.00081462,0.00136753,-0.000112578,-8.36386e-05,-0.00149247
5.212,-0.000813253,0.00136615,-0.000112661,-8.30837e-05,-0.00149273
5.213,-0.000811888,0.00136476,-0.000112744,-8.25301e-05,-0.00149299
5.214,-0.000810524,0.00136338,-0.000112826,-8.19777e-05,-0.00149324
5.215,-0.000809161,0.001362,-0.000112908,-8.14267e-05,-0.00149349
5.216,-0.0008078,0.00136062,-0.000112989,-8.08769e-05,-0.00149373
5.217,-0.00080644,0.00135923,-0.00011307,-8.03283e-05,-0.00149397
5.218,-0.000805081,0.00135785,-0.00011315,-7.97811e-05,-0.0014942
5.219,-0.000803724,0.00135647,-0.000113229,-7.9235e-05,-0.00149443
5.22,-0.000802368,0.00135508,-0.000113308,-7.86903e-05,-0.00149465
5.221,-0.000801014,0.0013537,-0.000113387,-7.81468e-05,-0.00149487
5.222,-0.000799661,0.00135231,-0.000113465,-7.76046e-05,-0.00149509
5.223,-0.000798309,0.00135093,-0.000113542,-7.70636e-05,-0.00149529
5.224,-0.000796959,0.00134955,-0.000113619,-7.65239e-05,-0.0014955
5.225,-0.00079561,0.00134816,-0.000113695,-7.59855e-05,-0.0014957
5.226,-0.000794263,0.00134678,-0.000113771,-7.54483e-05,-0.00149589
5.227,-0.000792917,0.00134539,-0.000113846,-7.49123e-05,-0.00149608
5.228,-0.000791572,0.00134401,-0.00011392,-7.43777e-05,-0.00149626
5.229,-0.000790229,0.00134262,-0.000113995,-7.38442e-05,-0.00149644
5.23,-0.000788887,0.00134124,-0.000114068,-7.3312e-05,-0.00149662
5.231,-0.000787546,0.00133985,-0.000114141,-7.2781e-05,-0.00149678
5.232,-0.000786207,0.00133847,-0.000114214,-7.22513e-05,-0.00149695
5.233,-0.000784869,0.00133708,-0.000114286,-7.17228e-05,-0.00149711
5.234,-0.000783533,0.0013357,-0.000114357,-7.11956e-05,-0.00149726
5.235,-0.000782198,0.00133431,-0.000114428,-7.06696e-05,-0.00149741
5.236,-0.000780864,0.00133293,-0.000114498,-7.01448e-05,-0.00149756
5.237,-0.000779532,0.00133154,-0.000114568,-6.96213e-05,-0.0014977
5.238,-0.000778201,0.00133016,-0.000114638,-6.9099e-05,-0.00149784
5.239,-0.000776872,0.00132877,-0.000114707,-6.85779e-05,-0.00149797
5.24,-0.000775544,0.00132739,-0.000114775,-6.8058e-05,-0.0014981
5.241,-0.000774217,0.001326,-0.000114843,-6.75394e-05,-0.00149822
5.242,-0.000772892,0.00132462,-0.00011491,-6.7022e-05,-0.00149834
5.243,-0.000771568,0.00132323,-0.000114977,-6.65058e-05,-0.00149845
5.244,-0.000770245,0.00132184,-0.000115043,-6.59908e-05,-0.00149856
5.245,-0.000768924,0.00132046,-0.000115109,-6.54771e-05,-0.00149866
5.246,-0.000767604,0.00131907,-0.000115174,-6.49645e-05,-0.00149876
5.247,-0.000766286,0.00131769,-0.000115239,-6.44532e-05,-0.00149885
5.248,-0.000764969,0.0013163,-0.000115303,-6.39431e-05,-0.00149894
5.249,-0.000763653,0.00131492,-0.000115367,-6.34342e-05,-0.00149903
5.25,-0.000762339,0.00131353,-0.00011543,-6.29265e-05,-0.00149911
5.251,-0.000761026,0.00131214,-0.000115492,-6.242e-05,-0.00149918
5.252,-0.000759715,0.00131076,-0.000115555,-6.19147e-05,-0.00149925
5.253,-0.000758405,0.00130937,-0.000115616,-6.14107e-05,-0.00149932
5.254,-0.000757096,0.00130799,-0.000115677,-6.09078e-05,-0.00149938
5.255,-0.000755789,0.0013066,-0.000115738,-6.04061e-05,-0.00149944
5.256,-0.000754483,0.00130521,-0.000115798,-5.99056e-05,-0.00149949
5.257,-0.000753178,0.00130383,-0.000115858,-5.94063e-05,-0.00149954
5.258,-0.000751875,0.00130244,-0.000115917,-5.89083e-05,-0.00149959
5.259,-0.000750573,0.00130106,-0.000115976,-5.84114e-05,-0.00149963
5.26,-0.000749273,0.00129967,-0.000116034,-5.79156e-05,-0.00149966
5.261,-0.000747974,0.00129828,-0.000116091,-5.74211e-05,-0.00149969
5.262,-0.000746676,0.0012969,-0.000116149,-5.69278e-05,-0.00149972
5.263,-0.00074538,0.00129551,-0.000116205,-5.64356e-05,-0.00149974
5.264,-0.000744085,0.00129413,-0.000116262,-5.59447e-05,-0.00149976
5.265,-0.000742792,0.00129274,-0.000116317,-5.54549e-05,-0.00149977
5.266,-0.0007415,0.00129136,-0.000116372,-5.49663e-05,-0.00149978
5.267,-0.000740209,0.00128997,-0.000116427,-5.44788e-05,-0.00149979
5.268,-0.00073892,0.00128858,-0.000116481,-5.39926e-05,-0.00149979
5.269,-0.000737632,0.0012872,-0.000116535,-5.35075e-05,-0.00149978
5.27,-0.000736346,0.00128581,-0.000116588,-5.30236e-05,-0.00149977
5.271,-0.00073506,0.00128443,-0.000116641,-5.25408e-05,-0.00149976
5.272,-0.000733777,0.00128304,-0.000116694,-5.20593e-05,-0.00149974
5.273,-0.000732494,0.00128166,-0.000116745,-5.15789e-05,-0.00149972
5.274,-0.000731213,0.00128027,-0.000116797,-5.10996e-05,-0.0014997
5.275,-0.000729934,0.00127889,-0.000116848,-5.06215e-05,-0.00149967
5.276,-0.000728656,0.0012775,-0.000116898,-5.01446e-05,-0.00149963
5.277,-0.000727379,0.00127612,-0.000116948,-4.96689e-05,-0.0014996
5.278,-0.000726103,0.00127473,-0.000116997,-4.91942e-05,-0.00149955
5.279,-0.000724829,0.00127335,-0.000117046,-4.87208e-05,-0.00149951
5.28,-0.000723557,0.00127196,-0.000117095,-4.82485e-05,-0.00149945
5.281,-0.000722285,0.00127058,-0.000117143,-4.77774e-05,-0.0014994
5.282,-0.000721015,0.0012692,-0.00011719,-4.73074e-05,-0.00149934
5.283,-0.000719747,0.00126781,-0.000117237,-4.68385e-05,-0.00149928
5.284,-0.00071848,0.00126643,-0.000117284,-4.63708e-05,-0.00149921
5.285,-0.000717214,0.00126504,-0.00011733,-4.59043e-05,-0.00149914
5.286,-0.00071595,0.00126366,-0.000117376,-4.54389e-05,-0.00149906
5.287,-0.000714687,0.00126227,-0.000117421,-4.49746e-05,-0.00149898
5.288,-0.000713425,0.00126089,-0.000117466,-4.45115e-05,-0.00149889
5.289,-0.000712165,0.00125951,-0.00011751,-4.40495e-05,-0.00149881
5.29,-0.000710906,0.00125812,-0.000117554,-4.35886e-05,-0.00149871
5.291,-0.000709649,0.00125674,-0.000117597,-4.31289e-05,-0.00149862
5.292,-0.000708393,0.00125536,-0.00011764,-4.26703e-05,-0.00149852
5.293,-0.000707138,0.00125397,-0.000117682,-4.22129e-05,-0.00149841
5.294,-0.000705885,0.00125259,-0.000117724,-4.17565e-05,-0.0014983
5.295,-0.000704633,0.00125121,-0.000117766,-4.13013e-05,-0.00149819
5.296,-0.000703382,0.00124983,-0.000117807,-4.08473e-05,-0.00149807
5.297,-0.000702133,0.00124844,-0.000117848,-4.03943e-05,-0.00149795
5.298,-0.000700885,0.00124706,-0.000117888,-3.99425e-05,-0.00149783
5.299,-0.000699639,0.00124568,-0.000117928,-3.94918e-05,-0.0014977
5.3,-0.000698394,0.0012443,-0.000117967,-3.90422e-05,-0.00149756
5.301,-0.000697151,0.00124292,-0.000118006,-3.85937e-05,-0.00149743
5.302,-0.000695908,0.00124154,-0.000118044,-3.81464e-05,-0.00149729
5.303,-0.000694667,0.00124015,-0.000118082,-3.77001e-05,-0.00149714
5.304,-0.000693428,0.00123877,-0.000118119,-3.7255e-05,-0.00149699
5.305,-0.00069219,0.00123739,-0.000118156,-3.68109e-05,-0.00149684
5.306,-0.000690953,0.00123601,-0.000118193,-3.6368e-05,-0.00149668
5.307,-0.000689718,0.00123463,-0.000118229,-3.59262e-05,-0.00149652
5.308,-0.000688484,0.00123325,-0.000118265,-3.54855e-05,-0.00149636
5.309,-0.000687251,0.00123187,-0.0001183,-3.50459e-05,-0.00149619
5.31,-0.00068602,0.00123049,-0.000118335,-3.46074e-05,-0.00149602
5.311,-0.00068479,0.00122911,-0.000118369,-3.417e-05,-0.00149584
5.312,-0.000683562,0.00122773,-0.000118403,-3.37337e-05,-0.00149566
5.313,-0.000682335,0.00122635,-0.000118437,-3.32985e-05,-0.00149548
5.314,-0.000681109,0.00122497,-0.00011847,-3.28644e-05,-0.00149529
5.315,-0.000679885,0.00122359,-0.000118503,-3.24313e-05,-0.0014951
5.316,-0.000678662,0.00122221,-0.000118535,-3.19994e-05,-0.0014949
5.317,-0.000677441,0.00122084,-0.000118567,-3.15685e-05,-0.0014947
5.318,-0.00067622,0.00121946,-0.000118598,-3.11388e-05,-0.0014945
5.319,-0.000675002,0.00121808,-0.000118629,-3.07101e-05,-0.0014943
5.32,-0.000673784,0.0012167,-0.000118659,-3.02825e-05,-0.00149408
5.321,-0.000672568,0.00121533,-0.000118689,-2.9856e-05,-0.00149387
5.322,-0.000671354,0.00121395,-0.000118719,-2.94306e-05,-0.00149365
5.323,-0.00067014,0.00121257,-0.000118748,-2.90062e-05,-0.00149343
5.324,-0.000668928,0.00121119,-0.000118777,-2.85829e-05,-0.00149321
5.325,-0.000667718,0.00120982,-0.000118805,-2.81607e-05,-0.00149298
5.326,-0.000666509,0.00120844,-0.000118833,-2.77396e-05,-0.00149274
5.327,-0.000665301,0.00120707,-0.000118861,-2.73196e-05,-0.00149251
5.328,-0.000664095,0.00120569,-0.000118888,-2.69006e-05,-0.00149227
5.329,-0.00066289,0.00120431,-0.000118915,-2.64827e-05,-0.00149202
5.33,-0.000661686,0.00120294,-0.000118941,-2.60658e-05,-0.00149178
5.331,-0.000660484,0.00120156,-0.000118967,-2.565e-05,-0.00149153
5.332,-0.000659283,0.00120019,-0.000118992,-2.52353e-05,-0.00149127
5.333,-0.000658083,0.00119882,-0.000119017,-2.48216e-05,-0.00149101
5.334,-0.000656885,0.00119744,-0.000119042,-2.4409e-05,-0.00149075
5.335,-0.000655689,0.00119607,-0.000119066,-2.39975e-05,-0.00149049
5.336,-0.000654493,0.00119469,-0.00011909,-2.3587e-05,-0.00149022
5.337,-0.000653299,0.00119332,-0.000119113,-2.31776e-05,-0.00148994
5.338,-0.000652107,0.00119195,-0.000119136,-2.27692e-05,-0.00148967
5.339,-0.000650915,0.00119058,-0.000119159,-2.23618e-05,-0.00148939
5.34,-0.000649725,0.0011892,-0.000119181,-2.19556e-05,-0.0014891
5.341,-0.000648537,0.00118783,-0.000119203,-2.15503e-05,-0.00148882
5.342,-0.00064735,0.00118646,-0.000119224,-2.11461e-05,-0.00148853
5.343,-0.000646164,0.00118509,-0.000119245,-2.0743e-05,-0.00148823
5.344,-0.00064498,0.00118372,-0.000119266,-2.03409e-05,-0.00148794
5.345,-0.000643796,0.00118235,-0.000119286,-1.99398e-05,-0.00148764
5.346,-0.000642615,0.00118098,-0.000119305,-1.95398e-05,-0.00148733
5.347,-0.000641435,0.00117961,-0.000119325,-1.91408e-05,-0.00148702
5.348,-0.000640256,0.00117824,-0.000119344,-1.87429e-05,-0.00148671
5.349,-0.000639078,0.00117687,-0.000119362,-1.83459e-05,-0.0014864
5.35,-0.000637902,0.0011755,-0.00011938,-1.79501e-05,-0.00148608
5.351,-0.000636727,0.00117413,-0.000119398,-1.75552e-05,-0.00148576
5.352,-0.000635554,0.00117276,-0.000119416,-1.71614e-05,-0.00148543
5.353,-0.000634382,0.00117139,-0.000119433,-1.67686e-05,-0.0014851
5.354,-0.000633211,0.00117003,-0.000119449,-1.63768e-05,-0.00148477
5.355,-0.000632041,0.00116866,-0.000119465,-1.59861e-05,-0.00148444
5.356,-0.000630874,0.00116729,-0.000119481,-1.55964e-05,-0.0014841
5.357,-0.000629707,0.00116593,-0.000119496,-1.52077e-05,-0.00148376
5.358,-0.000628542,0.00116456,-0.000119512,-1.482e-05,-0.00148341
5.359,-0.000627378,0.00116319,-0.000119526,-1.44333e-05,-0.00148306
5.36,-0.000626215,0.00116183,-0.00011954,-1.40476e-05,-0.00148271
5.361,-0.000625054,0.00116046,-0.000119554,-1.3663e-05,-0.00148235
5.362,-0.000623894,0.0011591,-0.000119568,-1.32794e-05,-0.00148199
5.363,-0.000622736,0.00115773,-0.000119581,-1.28968e-05,-0.00148163
5.364,-0.000621579,0.00115637,-0.000119593,-1.25152e-05,-0.00148127
5.365,-0.000620423,0.00115501,-0.000119606,-1.21346e-05,-0.0014809
5.366,-0.000619269,0.00115364,-0.000119618,-1.1755e-05,-0.00148053
5.367,-0.000618116,0.00115228,-0.000119629,-1.13764e-05,-0.00148015
5.368,-0.000616964,0.00115092,-0.000119641,-1.09988e-05,-0.00147977
5.369,-0.000615814,0.00114956,-0.000119651,-1.06222e-05,-0.00147939
5.37,-0.000614665,0.0011482,-0.000119662,-1.02466e-05,-0.00147901
5.371,-0.000613518,0.00114683,-0.000119672,-9.87205e-06,-0.00147862
5.372,-0.000612372,0.00114547,-0.000119682,-9.49846e-06,-0.00147823
5.373,-0.000611227,0.00114411,-0.000119691,-9.12586e-06,-0.00147783
5.374,-0.000610083,0.00114275,-0.0001197,-8.75426e-06,-0.00147743
5.375,-0.000608941,0.00114139,-0.000119708,-8.38364e-06,-0.00147703
5.376,-0.0006078,0.00114003,-0.000119717,-8.01402e-06,-0.00147663
5.377,-0.000606661,0.00113868,-0.000119724,-7.64538e-06,-0.00147622
5.378,-0.000605523,0.00113732,-0.000119732,-7.27773e-06,-0.00147581
5.379,-0.000604387,0.00113596,-0.000119739,-6.91106e-06,-0.0014754
5.38,-0.000603251,0.0011346,-0.000119746,-6.54538e-06,-0.00147498
5.381,-0.000602117,0.00113324,-0.000119752,-6.18068e-06,-0.00147456
5.382,-0.000600985,0.00113189,-0.000119758,-5.81695e-06,-0.00147414
5.383,-0.000599854,0.00113053,-0.000119764,-5.45421e-06,-0.00147371
5.384,-0.000598724,0.00112918,-0.000119769,-5.09244e-06,-0.00147328
5.385,-0.000597595,0.00112782,-0.000119774,-4.73165e-06,-0.00147285
5.386,-0.000596468,0.00112647,-0.000119778,-4.37182e-06,-0.00147241
5.387,-0.000595342,0.00112511,-0.000119783,-4.01297e-06,-0.00147198
5.388,-0.000594218,0.00112376,-0.000119786,-3.65509e-06,-0.00147153
5.389,-0.000593095,0.0011224,-0.00011979,-3.29818e-06,-0.00147109
5.39,-0.000591973,0.00112105,-0.000119793,-2.94224e-06,-0.00147064
5.391,-0.000590853,0.0011197,-0.000119796,-2.58726e-06,-0.00147019
5.392,-0.000589734,0.00111835,-0.000119798,-2.23324e-06,-0.00146974
5.393,-0.000588616,0.00111699,-0.0001198,-1.88018e-06,-0.00146928
5.394,-0.0005875,0.00111564,-0.000119802,-1.52809e-06,-0.00146882
5.395,-0.000586385,0.00111429,-0.000119803,-1.17695e-06,-0.00146836
5.396,-0.000585271,0.00111294,-0.000119804,-8.26772e-07,-0.00146789
5.397,-0.000584159,0.00111159,-0.000119805,-4.77548e-07,-0.00146742
5.398,-0.000583048,0.00111024,-0.000119805,-1.29277e-07,-0.00146695
5.399,-0.000581938,0.00110889,-0.000119805,2.18042e-07,-0.00146648
5.4,-0.00058083,0.00110754,-0.000119805,5.6441e-07,-0.001466
5.401,-0.000579723,0.0011062,-0.000119804,9.09829e-07,-0.00146552
5.402,-0.000578618,0.00110485,-0.000119803,1.2543e-06,-0.00146504
5.403,-0.000577514,0.0011035,-0.000119802,1.59783e-06,-0.00146455
5.404,-0.000576411,0.00110216,-0.0001198,1.94041e-06,-0.00146406
5.405,-0.000575309,0.00110081,-0.000119798,2.28205e-06,-0.00146357
5.406,-0.000574209,0.00109946,-0.000119795,2.62275e-06,-0.00146307
5.407,-0.00057311,0.00109812,-0.000119792,2.96251e-06,-0.00146258
5.408,-0.000572013,0.00109677,-0.000119789,3.30133e-06,-0.00146207
5.409,-0.000570917,0.00109543,-0.000119786,3.63921e-06,-0.00146157
5.41,-0.000569822,0.00109409,-0.000119782,3.97616e-06,-0.00146106
5.411,-0.000568729,0.00109274,-0.000119778,4.31218e-06,-0.00146055
5.412,-0.000567636,0.0010914,-0.000119773,4.64727e-06,-0.00146004
5.413,-0.000566546,0.00109006,-0.000119769,4.98143e-06,-0.00145953
5.414,-0.000565456,0.00108872,-0.000119763,5.31465e-06,-0.00145901
5.415,-0.000564368,0.00108738,-0.000119758,5.64695e-06,-0.00145849
5.416,-0.000563282,0.00108604,-0.000119752,5.97833e-06,-0.00145797
5.417,-0.000562196,0.0010847,-0.000119746,6.30878e-06,-0.00145744
5.418,-0.000561112,0.00108336,-0.00011974,6.63831e-06,-0.00145691
5.419,-0.00056003,0.00108202,-0.000119733,6.96692e-06,-0.00145638
5.42,-0.000558948,0.00108068,-0.000119726,7.29462e-06,-0.00145584
5.421,-0.000557868,0.00107934,-0.000119718,7.62139e-06,-0.00145531
5.422,-0.000556789,0.001078,-0.00011971,7.94725e-06,-0.00145477
5.423,-0.000555712,0.00107667,-0.000119702,8.27219e-06,-0.00145422
5.424,-0.000554636,0.00107533,-0.000119694,8.59622e-06,-0.00145368
5.425,-0.000553561,0.001074,-0.000119685,8.91934e-06,-0.00145313
5.426,-0.000552488,0.00107266,-0.000119676,9.24155e-06,-0.00145258
5.427,-0.000551416,0.00107133,-0.000119667,9.56286e-06,-0.00145202
5.428,-0.000550346,0.00106999,-0.000119657,9.88325e-06,-0.00145147
5.429,-0.000549276,0.00106866,-0.000119647,1.02027e-05,-0.00145091
5.43,-0.000548208,0.00106732,-0.000119636,1.05213e-05,-0.00145035
5.431,-0.000547142,0.00106599,-0.000119626,1.0839e-05,-0.00144978
5.432,-0.000546076,0.00106466,-0.000119615,1.11558e-05,-0.00144922
5.433,-0.000545012,0.00106333,-0.000119603,1.14717e-05,-0.00144865
5.434,-0.00054395,0.001062,-0.000119592,1.17867e-05,-0.00144807
5.435,-0.000542888,0.00106067,-0.00011958,1.21008e-05,-0.0014475
5.436,-0.000541828,0.00105934,-0.000119568,1.2414e-05,-0.00144692
5.437,-0.00054077,0.00105801,-0.000119555,1.27263e-05,-0.00144634
5.438,-0.000539712,0.00105668,-0.000119542,1.30377e-05,-0.00144576
5.439,-0.000538656,0.00105535,-0.000119529,1.33482e-05,-0.00144517
5.44,-0.000537601,0.00105403,-0.000119515,1.36579e-05,-0.00144458
5.441,-0.000536548,0.0010527,-0.000119502,1.39666e-05,-0.00144399
5.442,-0.000535496,0.00105137,-0.000119488,1.42745e-05,-0.0014434
5.443,-0.000534445,0.00105005,-0.000119473,1.45815e-05,-0.00144281
5.444,-0.000533396,0.00104872,-0.000119458,1.48876e-05,-0.00144221
5.445,-0.000532348,0.0010474,-0.000119443,1.51928e-05,-0.00144161
5.446,-0.000531301,0.00104607,-0.000119428,1.54972e-05,-0.001441
5.447,-0.000530256,0.00104475,-0.000119412,1.58006e-05,-0.0014404
5.448,-0.000529212,0.00104343,-0.000119396,1.61032e-05,-0.00143979
5.449,-0.000528169,0.00104211,-0.00011938,1.64049e-05,-0.00143918
5.45,-0.000527127,0.00104078,-0.000119364,1.67058e-05,-0.00143856
5.451,-0.000526087,0.00103946,-0.000119347,1.70058e-05,-0.00143795
5.452,-0.000525049,0.00103814,-0.00011933,1.73049e-05,-0.00143733
5.453,-0.000524011,0.00103682,-0.000119312,1.76031e-05,-0.00143671
5.454,-0.000522975,0.0010355,-0.000119294,1.79005e-05,-0.00143609
5.455,-0.00052194,0.00103419,-0.000119276,1.8197e-05,-0.00143546
5.456,-0.000520907,0.00103287,-0.000119258,1.84926e-05,-0.00143483
5.457,-0.000519874,0.00103155,-0.000119239,1.87874e-05,-0.0014342
5.458,-0.000518843,0.00103023,-0.00011922,1.90813e-05,-0.00143357
5.459,-0.000517814,0.00102892,-0.000119201,1.93744e-05,-0.00143293
5.46,-0.000516786,0.0010276,-0.000119182,1.96666e-05,-0.0014323
5.461,-0.000515759,0.00102629,-0.000119162,1.99579e-05,-0.00143166
5.462,-0.000514733,0.00102497,-0.000119142,2.02484e-05,-0.00143101
5.463,-0.000513709,0.00102366,-0.000119121,2.0538e-05,-0.00143037
5.464,-0.000512686,0.00102235,-0.000119101,2.08268e-05,-0.00142972
5.465,-0.000511664,0.00102104,-0.00011908,2.11148e-05,-0.00142907
5.466,-0.000510644,0.00101972,-0.000119058,2.14018e-05,-0.00142842
5.467,-0.000509625,0.00101841,-0.000119037,2.16881e-05,-0.00142776
5.468,-0.000508607,0.0010171,-0.000119015,2.19735e-05,-0.00142711
5.469,-0.00050759,0.00101579,-0.000118993,2.2258e-05,-0.00142645
5.47,-0.000506575,0.00101448,-0.000118971,2.25417e-05,-0.00142579
5.471,-0.000505561,0.00101318,-0.000118948,2.28246e-05,-0.00142512
5.472,-0.000504549,0.00101187,-0.000118925,2.31066e-05,-0.00142446
5.473,-0.000503538,0.00101056,-0.000118902,2.33878e-05,-0.00142379
5.474,-0.000502528,0.00100925,-0.000118878,2.36682e-05,-0.00142312
5.475,-0.000501519,0.00100795,-0.000118854,2.39477e-05,-0.00142244
5.476,-0.000500512,0.00100664,-0.00011883,2.42264e-05,-0.00142177
5.477,-0.000499506,0.00100534,-0.000118806,2.45042e-05,-0.00142109
5.478,-0.000498501,0.00100403,-0.000118781,2.47813e-05,-0.00142041
5.479,-0.000497498,0.00100273,-0.000118756,2.50574e-05,-0.00141973
5.48,-0.000496496,0.00100143,-0.000118731,2.53328e-05,-0.00141904
5.481,-0.000495495,0.00100013,-0.000118706,2.56073e-05,-0.00141836
5.482,-0.000494495,0.000998826,-0.00011868,2.58811e-05,-0.00141767
5.483,-0.000493497,0.000997525,-0.000118654,2.61539e-05,-0.00141698
5.484,-0.0004925,0.000996226,-0.000118628,2.6426e-05,-0.00141629
5.485,-0.000491505,0.000994926,-0.000118601,2.66973e-05,-0.00141559
5.486,-0.000490511,0.000993628,-0.000118574,2.69677e-05,-0.00141489
5.487,-0.000489518,0.00099233,-0.000118547,2.72373e-05,-0.00141419
5.488,-0.000488526,0.000991033,-0.00011852,2.75061e-05,-0.00141349
5.489,-0.000487535,0.000989736,-0.000118492,2.77741e-05,-0.00141279
5.49,-0.000486546,0.00098844,-0.000118464,2.80412e-05,-0.00141208
5.491,-0.000485559,0.000987145,-0.000118436,2.83076e-05,-0.00141137
5.492,-0.000484572,0.000985851,-0.000118408,2.85731e-05,-0.00141066
5.493,-0.000483587,0.000984557,-0.000118379,2.88379e-05,-0.00140995
5.494,-0.000482603,0.000983264,-0.00011835,2.91018e-05,-0.00140923
5.495,-0.00048162,0.000981971,-0.000118321,2.93649e-05,-0.00140852
5.496,-0.000480639,0.00098068,-0.000118291,2.96272e-05,-0.0014078
5.497,-0.000479659,0.000979389,-0.000118261,2.98887e-05,-0.00140708
5.498,-0.00047868,0.000978098,-0.000118231,3.01494e-05,-0.00140635
5.499,-0.000477703,0.000976809,-0.000118201,3.04093e-05,-0.00140563
5.5,-0.000476727,0.00097552,-0.000118171,3.06685e-05,-0.0014049
5.501,-0.000475752,0.000974231,-0.00011814,3.09268e-05,-0.00140417
5.502,-0.000474778,0.000972944,-0.000118109,3.11843e-05,-0.00140344
5.503,-0.000473806,0.000971657,-0.000118077,3.1441e-05,-0.0014027
5.504,-0.000472835,0.000970371,-0.000118046,3.16969e-05,-0.00140197
5.505,-0.000471865,0.000969085,-0.000118014,3.19521e-05,-0.00140123
5.506,-0.000470897,0.000967801,-0.000117982,3.22064e-05,-0.00140049
5.507,-0.00046993,0.000966517,-0.00011795,3.246e-05,-0.00139975
5.508,-0.000468964,0.000965233,-0.000117917,3.27128e-05,-0.001399
5.509,-0.000467999,0.000963951,-0.000117884,3.29647e-05,-0.00139826
5.51,-0.000467036,0.000962669,-0.000117851,3.32159e-05,-0.00139751
5.511,-0.000466074,0.000961388,-0.000117818,3.34664e-05,-0.00139676
5.512,-0.000465113,0.000960107,-0.000117784,3.3716e-05,-0.00139601
5.513,-0.000464154,0.000958827,-0.00011775,3.39649e-05,-0.00139525
5.514,-0.000463195,0.000957548,-0.000117716,3.42129e-05,-0.0013945
5.515,-0.000462238,0.00095627,-0.000117682,3.44602e-05,-0.00139374
5.516,-0.000461283,0.000954993,-0.000117647,3.47068e-05,-0.00139298
5.517,-0.000460328,0.000953716,-0.000117612,3.49525e-05,-0.00139222
5.518,-0.000459375,0.00095244,-0.000117577,3.51975e-05,-0.00139145
5.519,-0.000458424,0.000951164,-0.000117542,3.54417e-05,-0.00139069
5.52,-0.000457473,0.00094989,-0.000117506,3.56851e-05,-0.00138992
5.521,-0.000456524,0.000948616,-0.000117471,3.59278e-05,-0.00138915
5.522,-0.000455576,0.000947343,-0.000117435,3.61697e-05,-0.00138838
5.523,-0.000454629,0.00094607,-0.000117398,3.64108e-05,-0.00138761
5.524,-0.000453684,0.000944799,-0.000117362,3.66512e-05,-0.00138683
5.525,-0.00045274,0.000943528,-0.000117325,3.68908e-05,-0.00138605
5.526,-0.000451797,0.000942257,-0.000117288,3.71296e-05,-0.00138527
5.527,-0.000450855,0.000940988,-0.000117251,3.73677e-05,-0.00138449
5.528,-0.000449915,0.000939719,-0.000117213,3.7605e-05,-0.00138371
5.529,-0.000448976,0.000938451,-0.000117176,3.78416e-05,-0.00138293
5.53,-0.000448038,0.000937184,-0.000117138,3.80774e-05,-0.00138214
5.531,-0.000447101,0.000935918,-0.000117099,3.83124e-05,-0.00138135
5.532,-0.000446166,0.000934652,-0.000117061,3.85467e-05,-0.00138056
5.533,-0.000445232,0.000933387,-0.000117022,3.87803e-05,-0.00137977
5.534,-0.000444299,0.000932123,-0.000116983,3.90131e-05,-0.00137897
5.535,-0.000443368,0.000930859,-0.000116944,3.92451e-05,-0.00137818
5.536,-0.000442437,0.000929597,-0.000116905,3.94764e-05,-0.00137738
5.537,-0.000441508,0.000928335,-0.000116865,3.97069e-05,-0.00137658
5.538,-0.000440581,0.000927074,-0.000116826,3.99367e-05,-0.00137578
5.539,-0.000439654,0.000925813,-0.000116785,4.01658e-05,-0.00137498
5.54,-0.000438729,0.000924554,-0.000116745,4.03941e-05,-0.00137417
5.541,-0.000437805,0.000923295,-0.000116705,4.06217e-05,-0.00137337
5.542,-0.000436883,0.000922037,-0.000116664,4.08485e-05,-0.00137256
5.543,-0.000435961,0.000920779,-0.000116623,4.10746e-05,-0.00137175
5.544,-0.000435041,0.000919523,-0.000116582,4.13e-05,-0.00137094
5.545,-0.000434122,0.000918267,-0.00011654,4.15246e-05,-0.00137012
5.546,-0.000433204,0.000917012,-0.000116499,4.17485e-05,-0.00136931
5.547,-0.000432288,0.000915758,-0.000116457,4.19716e-05,-0.00136849
5.548,-0.000431373,0.000914504,-0.000116415,4.21941e-05,-0.00136767
5.549,-0.000430459,0.000913252,-0.000116373,4.24158e-05,-0.00136685
5.55,-0.000429546,0.000912,-0.00011633,4.26367e-05,-0.00136603
5.551,-0.000428635,0.000910749,-0.000116287,4.2857e-05,-0.0013652
5.552,-0.000427725,0.000909498,-0.000116244,4.30765e-05,-0.00136438
5.553,-0.000426816,0.000908249,-0.000116201,4.32953e-05,-0.00136355
5.554,-0.000425908,0.000907,-0.000116158,4.35133e-05,-0.00136272
5.555,-0.000425002,0.000905752,-0.000116114,4.37307e-05,-0.00136189
5.556,-0.000424097,0.000904505,-0.00011607,4.39473e-05,-0.00136106
5.557,-0.000423193,0.000903258,-0.000116026,4.41632e-05,-0.00136022
5.558,-0.00042229,0.000902013,-0.000115982,4.43783e-05,-0.00135939
5.559,-0.000421389,0.000900768,-0.000115937,4.45928e-05,-0.00135855
5.56,-0.000420489,0.000899524,-0.000115893,4.48066e-05,-0.00135771
5.561,-0.00041959,0.000898281,-0.000115848,4.50196e-05,-0.00135687
5.562,-0.000418692,0.000897038,-0.000115803,4.52319e-05,-0.00135603
5.563,-0.000417796,0.000895797,-0.000115757,4.54435e-05,-0.00135519
5.564,-0.000416901,0.000894556,-0.000115712,4.56544e-05,-0.00135434
5.565,-0.000416007,0.000893316,-0.000115666,4.58646e-05,-0.00135349
5.566,-0.000415114,0.000892077,-0.00011562,4.60741e-05,-0.00135264
5.567,-0.000414223,0.000890838,-0.000115574,4.62829e-05,-0.00135179
5.568,-0.000413332,0.000889601,-0.000115527,4.64909e-05,-0.00135094
5.569,-0.000412443,0.000888364,-0.000115481,4.66983e-05,-0.00135009
5.57,-0.000411556,0.000887128,-0.000115434,4.6905e-05,-0.00134923
5.571,-0.000410669,0.000885893,-0.000115387,4.71109e-05,-0.00134838
5.572,-0.000409784,0.000884659,-0.00011534,4.73162e-05,-0.00134752
5.573,-0.0004089,0.000883425,-0.000115292,4.75207e-05,-0.00134666
5.574,-0.000408017,0.000882192,-0.000115245,4.77246e-05,-0.0013458
5.575,-0.000407135,0.00088096,-0.000115197,4.79278e-05,-0.00134493
5.576,-0.000406255,0.000879729,-0.000115149,4.81303e-05,-0.00134407
5.577,-0.000405376,0.000878499,-0.000115101,4.8332e-05,-0.0013432
5.578,-0.000404498,0.00087727,-0.000115052,4.85331e-05,-0.00134234
5.579,-0.000403621,0.000876041,-0.000115004,4.87335e-05,-0.00134147
5.58,-0.000402746,0.000874813,-0.000114955,4.89333e-05,-0.0013406
5.581,-0.000401872,0.000873586,-0.000114906,4.91323e-05,-0.00133973
5.582,-0.000400999,0.00087236,-0.000114857,4.93306e-05,-0.00133885
5.583,-0.000400127,0.000871135,-0.000114807,4.95283e-05,-0.00133798
5.584,-0.000399257,0.00086991,-0.000114758,4.97252e-05,-0.0013371
5.585,-0.000398387,0.000868687,-0.000114708,4.99215e-05,-0.00133622
5.586,-0.000397519,0.000867464,-0.000114658,5.01171e-05,-0.00133534
5.587,-0.000396652,0.000866242,-0.000114607,5.03121e-05,-0.00133446
5.588,-0.000395787,0.000865021,-0.000114557,5.05063e-05,-0.00133358
5.589,-0.000394922,0.0008638,-0.000114506,5.06999e-05,-0.0013327
5.59,-0.000394059,0.000862581,-0.000114456,5.08928e-05,-0.00133181
5.591,-0.000393197,0.000861362,-0.000114405,5.1085e-05,-0.00133092
5.592,-0.000392336,0.000860144,-0.000114353,5.12765e-05,-0.00133004
5.593,-0.000391477,0.000858927,-0.000114302,5.14674e-05,-0.00132915
5.594,-0.000390619,0.000857711,-0.000114251,5.16576e-05,-0.00132826
5.595,-0.000389761,0.000856496,-0.000114199,5.18471e-05,-0.00132736
5.596,-0.000388906,0.000855281,-0.000114147,5.2036e-05,-0.00132647
5.597,-0.000388051,0.000854068,-0.000114095,5.22242e-05,-0.00132558
5.598,-0.000387197,0.000852855,-0.000114042,5.24117e-05,-0.00132468
5.599,-0.000386345,0.000851643,-0.00011399,5.25986e-05,-0.00132378
5.6,-0.000385494,0.000850432,-0.000113937,5.27848e-05,-0.00132288
5.601,-0.000384644,0.000849222,-0.000113884,5.29703e-05,-0.00132198
5.602,-0.000383796,0.000848012,-0.000113831,5.31552e-05,-0.00132108
5.603,-0.000382948,0.000846804,-0.000113778,5.33394e-05,-0.00132018
5.604,-0.000382102,0.000845596,-0.000113725,5.3523e-05,-0.00131927
5.605,-0.000381257,0.000844389,-0.000113671,5.37059e-05,-0.00131837
5.606,-0.000380413,0.000843183,-0.000113617,5.38881e-05,-0.00131746
5.607,-0.000379571,0.000841978,-0.000113563,5.40697e-05,-0.00131655
5.608,-0.000378729,0.000840774,-0.000113509,5.42507e-05,-0.00131564
5.609,-0.000377889,0.000839571,-0.000113455,5.4431e-05,-0.00131473
5.61,-0.00037705,0.000838368,-0.0001134,5.46106e-05,-0.00131381
5.611,-0.000376212,0.000837166,-0.000113345,5.47896e-05,-0.0013129
5.612,-0.000375376,0.000835965,-0.000113291,5.49679e-05,-0.00131199
5.613,-0.00037454,0.000834765,-0.000113236,5.51456e-05,-0.00131107
5.614,-0.000373706,0.000833566,-0.00011318,5.53227e-05,-0.00131015
5.615,-0.000372873,0.000832368,-0.000113125,5.54991e-05,-0.00130923
5.616,-0.000372042,0.000831171,-0.000113069,5.56748e-05,-0.00130831
5.617,-0.000371211,0.000829974,-0.000113014,5.585e-05,-0.00130739
5.618,-0.000370382,0.000828779,-0.000112958,5.60244e-05,-0.00130647
5.619,-0.000369553,0.000827584,-0.000112902,5.61983e-05,-0.00130554
5.62,-0.000368726,0.00082639,-0.000112845,5.63715e-05,-0.00130462
5.621,-0.000367901,0.000825197,-0.000112789,5.6544e-05,-0.00130369
5.622,-0.000367076,0.000824005,-0.000112732,5.6716e-05,-0.00130276
5.623,-0.000366253,0.000822814,-0.000112675,5.68873e-05,-0.00130183
5.624,-0.00036543,0.000821623,-0.000112618,5.70579e-05,-0.0013009
5.625,-0.000364609,0.000820434,-0.000112561,5.72279e-05,-0.00129997
5.626,-0.00036379,0.000819245,-0.000112504,5.73973e-05,-0.00129904
5.627,-0.000362971,0.000818057,-0.000112446,5.75661e-05,-0.0012981
5.628,-0.000362153,0.00081687,-0.000112389,5.77342e-05,-0.00129717
5.629,-0.000361337,0.000815684,-0.000112331,5.79018e-05,-0.00129623
5.63,-0.000360522,0.000814499,-0.000112273,5.80686e-05,-0.00129529
5.631,-0.000359708,0.000813315,-0.000112215,5.82349e-05,-0.00129436
5.632,-0.000358895,0.000812132,-0.000112157,5.84006e-05,-0.00129342
5.633,-0.000358084,0.000810949,-0.000112098,5.85656e-05,-0.00129247
5.634,-0.000357274,0.000809768,-0.000112039,5.873e-05,-0.00129153
5.635,-0.000356464,0.000808587,-0.000111981,5.88937e-05,-0.00129059
5.636,-0.000355656,0.000807407,-0.000111922,5.90569e-05,-0.00128964
5.637,-0.00035485,0.000806228,-0.000111862,5.92194e-05,-0.0012887
5.638,-0.000354044,0.00080505,-0.000111803,5.93814e-05,-0.00128775
5.639,-0.000353239,0.000803873,-0.000111744,5.95427e-05,-0.0012868
5.64,-0.000352436,0.000802697,-0.000111684,5.97034e-05,-0.00128585
5.641,-0.000351634,0.000801521,-0.000111624,5.98635e-05,-0.0012849
5.642,-0.000350833,0.000800347,-0.000111564,6.00229e-05,-0.00128395
5.643,-0.000350033,0.000799173,-0.000111504,6.01818e-05,-0.001283
5.644,-0.000349235,0.000798001,-0.000111444,6.034e-05,-0.00128204
5.645,-0.000348437,0.000796829,-0.000111384,6.04977e-05,-0.00128109
5.646,-0.000347641,0.000795658,-0.000111323,6.06547e-05,-0.00128013
5.647,-0.000346846,0.000794488,-0.000111262,6.08112e-05,-0.00127918
5.648,-0.000346052,0.000793319,-0.000111201,6.0967e-05,-0.00127822
5.649,-0.000345259,0.000792151,-0.00011114,6.11222e-05,-0.00127726
5.65,-0.000344468,0.000790983,-0.000111079,6.12769e-05,-0.0012763
5.651,-0.000343677,0.000789817,-0.000111018,6.14309e-05,-0.00127534
5.652,-0.000342888,0.000788651,-0.000110956,6.15843e-05,-0.00127437
5.653,-0.0003421,0.000787487,-0.000110895,6.17371e-05,-0.00127341
5.654,-0.000341313,0.000786323,-0.000110833,6.18894e-05,-0.00127245
5.655,-0.000340528,0.00078516,-0.000110771,6.2041e-05,-0.00127148
5.656,-0.000339743,0.000783998,-0.000110709,6.21921e-05,-0.00127051
5.657,-0.00033896,0.000782837,-0.000110646,6.23425e-05,-0.00126955
5.658,-0.000338177,0.000781677,-0.000110584,6.24924e-05,-0.00126858
5.659,-0.000337396,0.000780518,-0.000110521,6.26416e-05,-0.00126761
5.66,-0.000336616,0.00077936,-0.000110459,6.27903e-05,-0.00126664
5.661,-0.000335837,0.000778203,-0.000110396,6.29384e-05,-0.00126567
5.662,-0.00033506,0.000777046,-0.000110333,6.30859e-05,-0.00126469
5.663,-0.000334283,0.000775891,-0.00011027,6.32328e-05,-0.00126372
5.664,-0.000333508,0.000774736,-0.000110206,6.33792e-05,-0.00126274
5.665,-0.000332734,0.000773582,-0.000110143,6.35249e-05,-0.00126177
5.666,-0.000331961,0.00077243,-0.000110079,6.36701e-05,-0.00126079
5.667,-0.000331189,0.000771278,-0.000110016,6.38147e-05,-0.00125981
5.668,-0.000330418,0.000770127,-0.000109952,6.39587e-05,-0.00125884
5.669,-0.000329649,0.000768977,-0.000109888,6.41021e-05,-0.00125786
5.67,-0.00032888,0.000767828,-0.000109824,6.42449e-05,-0.00125688
5.671,-0.000328113,0.00076668,-0.000109759,6.43872e-05,-0.00125589
5.672,-0.000327347,0.000765532,-0.000109695,6.45289e-05,-0.00125491
5.673,-0.000326582,0.000764386,-0.00010963,6.467e-05,-0.00125393
5.674,-0.000325818,0.00076324,-0.000109565,6.48106e-05,-0.00125294
5.675,-0.000325056,0.000762096,-0.000109501,6.49505e-05,-0.00125196
5.676,-0.000324294,0.000760952,-0.000109435,6.50899e-05,-0.00125097
5.677,-0.000323534,0.00075981,-0.00010937,6.52288e-05,-0.00124998
5.678,-0.000322774,0.000758668,-0.000109305,6.5367e-05,-0.001249
5.679,-0.000322016,0.000757527,-0.00010924,6.55047e-05,-0.00124801
5.68,-0.000321259,0.000756387,-0.000109174,6.56419e-05,-0.00124702
5.681,-0.000320504,0.000755248,-0.000109108,6.57784e-05,-0.00124603
5.682,-0.000319749,0.00075411,-0.000109042,6.59144e-05,-0.00124503
5.683,-0.000318995,0.000752973,-0.000108976,6.60499e-05,-0.00124404
5.684,-0.000318243,0.000751837,-0.00010891,6.61848e-05,-0.00124305
5.685,-0.000317492,0.000750702,-0.000108844,6.63191e-05,-0.00124205
5.686,-0.000316742,0.000749567,-0.000108778,6.64528e-05,-0.00124106
5.687,-0.000315993,0.000748434,-0.000108711,6.6586e-05,-0.00124006
5.688,-0.000315245,0.000747302,-0.000108645,6.67187e-05,-0.00123906
5.689,-0.000314498,0.00074617,-0.000108578,6.68508e-05,-0.00123807
5.69,-0.000313752,0.00074504,-0.000108511,6.69823e-05,-0.00123707
5.691,-0.000313008,0.00074391,-0.000108444,6.71133e-05,-0.00123607
5.692,-0.000312264,0.000742781,-0.000108377,6.72437e-05,-0.00123507
5.693,-0.000311522,0.000741653,-0.000108309,6.73736e-05,-0.00123407
5.694,-0.000310781,0.000740527,-0.000108242,6.75029e-05,-0.00123306
5.695,-0.000310041,0.000739401,-0.000108174,6.76317e-05,-0.00123206
5.696,-0.000309302,0.000738276,-0.000108107,6.77599e-05,-0.00123106
5.697,-0.000308565,0.000737152,-0.000108039,6.78876e-05,-0.00123005
5.698,-0.000307828,0.000736029,-0.000107971,6.80147e-05,-0.00122905
5.699,-0.000307093,0.000734906,-0.000107903,6.81413e-05,-0.00122804
5.7,-0.000306358,0.000733785,-0.000107835,6.82674e-05,-0.00122703
5.701,-0.000305625,0.000732665,-0.000107766,6.83929e-05,-0.00122603
5.702,-0.000304893,0.000731546,-0.000107698,6.85178e-05,-0.00122502
5.703,-0.000304162,0.000730427,-0.000107629,6.86423e-05,-0.00122401
5.704,-0.000303432,0.00072931,-0.00010756,6.87661e-05,-0.001223
5.705,-0.000302703,0.000728193,-0.000107492,6.88895e-05,-0.00122199
5.706,-0.000301976,0.000727078,-0.000107423,6.90123e-05,-0.00122098
5.707,-0.000301249,0.000725963,-0.000107354,6.91346e-05,-0.00121996
5.708,-0.000300524,0.000724849,-0.000107284,6.92563e-05,-0.00121895
5.709,-0.000299799,0.000723737,-0.000107215,6.93775e-05,-0.00121794
5.71,-0.000299076,0.000722625,-0.000107146,6.94982e-05,-0.00121692
5.711,-0.000298354,0.000721514,-0.000107076,6.96183e-05,-0.00121591
5.712,-0.000297633,0.000720404,-0.000107006,6.97379e-05,-0.00121489
5.713,-0.000296913,0.000719295,-0.000106937,6.9857e-05,-0.00121387
5.714,-0.000296195,0.000718187,-0.000106867,6.99756e-05,-0.00121285
5.715,-0.000295477,0.00071708,-0.000106797,7.00936e-05,-0.00121184
5.716,-0.000294761,0.000715974,-0.000106727,7.02111e-05,-0.00121082
5.717,-0.000294045,0.000714869,-0.000106656,7.03281e-05,-0.0012098
5.718,-0.000293331,0.000713765,-0.000106586,7.04445e-05,-0.00120878
5.719,-0.000292618,0.000712662,-0.000106515,7.05605e-05,-0.00120775
5.72,-0.000291905,0.000711559,-0.000106445,7.06759e-05,-0.00120673
5.721,-0.000291194,0.000710458,-0.000106374,7.07908e-05,-0.00120571
5.722,-0.000290485,0.000709358,-0.000106303,7.09051e-05,-0.00120469
5.723,-0.000289776,0.000708258,-0.000106232,7.1019e-05,-0.00120366
5.724,-0.000289068,0.00070716,-0.000106161,7.11323e-05,-0.00120264
5.725,-0.000288361,0.000706062,-0.00010609,7.12452e-05,-0.00120161
5.726,-0.000287656,0.000704966,-0.000106019,7.13575e-05,-0.00120058
5.727,-0.000286951,0.00070387,-0.000105947,7.14693e-05,-0.00119956
5.728,-0.000286248,0.000702775,-0.000105876,7.15805e-05,-0.00119853
5.729,-0.000285546,0.000701682,-0.000105804,7.16913e-05,-0.0011975
5.73,-0.000284845,0.000700589,-0.000105732,7.18016e-05,-0.00119647
5.731,-0.000284145,0.000699497,-0.00010566,7.19113e-05,-0.00119544
5.732,-0.000283446,0.000698407,-0.000105589,7.20205e-05,-0.00119441
5.733,-0.000282748,0.000697317,-0.000105516,7.21293e-05,-0.00119338
5.734,-0.000282051,0.000696228,-0.000105444,7.22375e-05,-0.00119235
5.735,-0.000281355,0.00069514,-0.000105372,7.23452e-05,-0.00119132
5.736,-0.000280661,0.000694053,-0.0001053,7.24524e-05,-0.00119029
5.737,-0.000279967,0.000692967,-0.000105227,7.25591e-05,-0.00118925
5.738,-0.000279275,0.000691882,-0.000105154,7.26654e-05,-0.00118822
5.739,-0.000278584,0.000690798,-0.000105082,7.27711e-05,-0.00118718
5.74,-0.000277893,0.000689715,-0.000105009,7.28763e-05,-0.00118615
5.741,-0.000277204,0.000688633,-0.000104936,7.2981e-05,-0.00118511
5.742,-0.000276516,0.000687551,-0.000104863,7.30852e-05,-0.00118408
5.743,-0.000275829,0.000686471,-0.00010479,7.31889e-05,-0.00118304
5.744,-0.000275143,0.000685392,-0.000104717,7.32921e-05,-0.001182
5.745,-0.000274458,0.000684314,-0.000104643,7.33949e-05,-0.00118096
5.746,-0.000273775,0.000683236,-0.00010457,7.34971e-05,-0.00117993
5.747,-0.000273092,0.00068216,-0.000104496,7.35988e-05,-0.00117889
5.748,-0.00027241,0.000681085,-0.000104423,7.37001e-05,-0.00117785
5.749,-0.00027173,0.00068001,-0.000104349,7.38009e-05,-0.00117681
5.75,-0.00027105,0.000678937,-0.000104275,7.39011e-05,-0.00117577
5.751,-0.000270372,0.000677864,-0.000104201,7.40009e-05,-0.00117472
5.752,-0.000269694,0.000676793,-0.000104127,7.41002e-05,-0.00117368
5.753,-0.000269018,0.000675722,-0.000104053,7.4199e-05,-0.00117264
5.754,-0.000268343,0.000674653,-0.000103979,7.42973e-05,-0.0011716
5.755,-0.000267669,0.000673584,-0.000103904,7.43952e-05,-0.00117055
5.756,-0.000266996,0.000672517,-0.00010383,7.44925e-05,-0.00116951
5.757,-0.000266324,0.00067145,-0.000103755,7.45894e-05,-0.00116846
5.758,-0.000265653,0.000670384,-0.000103681,7.46858e-05,-0.00116742
5.759,-0.000264983,0.00066932,-0.000103606,7.47817e-05,-0.00116637
5.76,-0.000264314,0.000668256,-0.000103531,7.48772e-05,-0.00116533
5.761,-0.000263647,0.000667193,-0.000103456,7.49721e-05,-0.00116428
5.762,-0.00026298,0.000666131,-0.000103381,7.50666e-05,-0.00116323
5.763,-0.000262314,0.000665071,-0.000103306,7.51606e-05,-0.00116218
5.764,-0.00026165,0.000664011,-0.000103231,7.52541e-05,-0.00116113
5.765,-0.000260986,0.000662952,-0.000103156,7.53472e-05,-0.00116009
5.766,-0.000260324,0.000661894,-0.00010308,7.54398e-05,-0.00115904
5.767,-0.000259662,0.000660837,-0.000103005,7.55319e-05,-0.00115799
5.768,-0.000259002,0.000659781,-0.000102929,7.56235e-05,-0.00115694
5.769,-0.000258343,0.000658726,-0.000102853,7.57147e-05,-0.00115589
5.77,-0.000257685,0.000657672,-0.000102778,7.58054e-05,-0.00115483
5.771,-0.000257028,0.000656619,-0.000102702,7.58956e-05,-0.00115378
5.772,-0.000256371,0.000655567,-0.000102626,7.59854e-05,-0.00115273
5.773,-0.000255716,0.000654516,-0.00010255,7.60747e-05,-0.00115168
5.774,-0.000255062,0.000653466,-0.000102474,7.61635e-05,-0.00115062
5.775,-0.00025441,0.000652417,-0.000102397,7.62519e-05,-0.00114957
5.776,-0.000253758,0.000651369,-0.000102321,7.63398e-05,-0.00114852
5.777,-0.000253107,0.000650322,-0.000102245,7.64273e-05,-0.00114746
5.778,-0.000252457,0.000649276,-0.000102168,7.65143e-05,-0.00114641
5.779,-0.000251808,0.000648231,-0.000102092,7.66008e-05,-0.00114535
5.78,-0.000251161,0.000647186,-0.000102015,7.66869e-05,-0.0011443
5.781,-0.000250514,0.000646143,-0.000101938,7.67725e-05,-0.00114324
5.782,-0.000249868,0.000645101,-0.000101862,7.68577e-05,-0.00114218
5.783,-0.000249224,0.00064406,-0.000101785,7.69424e-05,-0.00114113
5.784,-0.00024858,0.000643019,-0.000101708,7.70266e-05,-0.00114007
5.785,-0.000247938,0.00064198,-0.000101631,7.71104e-05,-0.00113901
5.786,-0.000247296,0.000640942,-0.000101553,7.71937e-05,-0.00113795
5.787,-0.000246656,0.000639905,-0.000101476,7.72766e-05,-0.00113689
5.788,-0.000246016,0.000638868,-0.000101399,7.73591e-05,-0.00113583
5.789,-0.000245378,0.000637833,-0.000101322,7.74411e-05,-0.00113477
5.79,-0.000244741,0.000636799,-0.000101244,7.75226e-05,-0.00113371
5.791,-0.000244104,0.000635765,-0.000101166,7.76037e-05,-0.00113265
5.792,-0.000243469,0.000634733,-0.000101089,7.76844e-05,-0.00113159
5.793,-0.000242835,0.000633701,-0.000101011,7.77646e-05,-0.00113053
5.794,-0.000242202,0.000632671,-0.000100933,7.78443e-05,-0.00112947
5.795,-0.00024157,0.000631642,-0.000100855,7.79236e-05,-0.00112841
5.796,-0.000240938,0.000630613,-0.000100777,7.80025e-05,-0.00112735
5.797,-0.000240308,0.000629586,-0.000100699,7.80809e-05,-0.00112628
5.798,-0.000239679,0.000628559,-0.000100621,7.81589e-05,-0.00112522
5.799,-0.000239051,0.000627534,-0.000100543,7.82365e-05,-0.00112416
5.8,-0.000238424,0.000626509,-0.000100465,7.83136e-05,-0.00112309
5.801,-0.000237798,0.000625486,-0.000100386,7.83903e-05,-0.00112203
5.802,-0.000237173,0.000624463,-0.000100308,7.84665e-05,-0.00112097
5.803,-0.000236549,0.000623442,-0.00010023,7.85423e-05,-0.0011199
5.804,-0.000235926,0.000622421,-0.000100151,7.86177e-05,-0.00111884
5.805,-0.000235304,0.000621402,-0.000100072,7.86926e-05,-0.00111777
5.806,-0.000234684,0.000620383,-9.99936e-05,7.87671e-05,-0.00111671
5.807,-0.000234064,0.000619365,-9.99148e-05,7.88412e-05,-0.00111564
5.808,-0.000233445,0.000618349,-9.98359e-05,7.89148e-05,-0.00111457
5.809,-0.000232827,0.000617333,-9.97569e-05,7.8988e-05,-0.00111351
5.81,-0.00023221,0.000616319,-9.96779e-05,7.90608e-05,-0.00111244
5.811,-0.000231594,0.000615305,-9.95988e-05,7.91332e-05,-0.00111137
5.812,-0.00023098,0.000614292,-9.95196e-05,7.92051e-05,-0.00111031
5.813,-0.000230366,0.000613281,-9.94404e-05,7.92766e-05,-0.00110924
5.814,-0.000229753,0.00061227,-9.93611e-05,7.93477e-05,-0.00110817
5.815,-0.000229141,0.00061126,-9.92817e-05,7.94183e-05,-0.0011071
5.816,-0.00022853,0.000610252,-9.92023e-05,7.94886e-05,-0.00110603
5.817,-0.000227921,0.000609244,-9.91227e-05,7.95584e-05,-0.00110496
5.818,-0.000227312,0.000608237,-9.90431e-05,7.96277e-05,-0.0011039
5.819,-0.000226704,0.000607232,-9.89635e-05,7.96967e-05,-0.00110283
5.82,-0.000226098,0.000606227,-9.88837e-05,7.97653e-05,-0.00110176
5.821,-0.000225492,0.000605223,-9.8804e-05,7.98334e-05,-0.00110069
5.822,-0.000224887,0.00060422,-9.87241e-05,7.99011e-05,-0.00109962
5.823,-0.000224283,0.000603219,-9.86441e-05,7.99684e-05,-0.00109855
5.824,-0.000223681,0.000602218,-9.85641e-05,8.00353e-05,-0.00109748
5.825,-0.000223079,0.000601218,-9.84841e-05,8.01017e-05,-0.0010964
5.826,-0.000222478,0.000600219,-9.84039e-05,8.01678e-05,-0.00109533
5.827,-0.000221878,0.000599222,-9.83237e-05,8.02334e-05,-0.00109426
5.828,-0.00022128,0.000598225,-9.82435e-05,8.02986e-05,-0.00109319
5.829,-0.000220682,0.000597229,-9.81631e-05,8.03634e-05,-0.00109212
5.83,-0.000220085,0.000596234,-9.80828e-05,8.04278e-05,-0.00109105
5.831,-0.00021949,0.00059524,-9.80023e-05,8.04918e-05,-0.00108997
5.832,-0.000218895,0.000594248,-9.79218e-05,8.05554e-05,-0.0010889
5.833,-0.000218301,0.000593256,-9.78412e-05,8.06186e-05,-0.00108783
5.834,-0.000217708,0.000592265,-9.77605e-05,8.06814e-05,-0.00108675
5.835,-0.000217117,0.000591275,-9.76798e-05,8.07437e-05,-0.00108568
5.836,-0.000216526,0.000590286,-9.7599e-05,8.08057e-05,-0.00108461
5.837,-0.000215936,0.000589299,-9.75182e-05,8.08672e-05,-0.00108353
5.838,-0.000215347,0.000588312,-9.74373e-05,8.09284e-05,-0.00108246
5.839,-0.000214759,0.000587326,-9.73564e-05,8.09892e-05,-0.00108139
5.84,-0.000214172,0.000586341,-9.72753e-05,8.10495e-05,-0.00108031
5.841,-0.000213587,0.000585357,-9.71943e-05,8.11095e-05,-0.00107924
5.842,-0.000213002,0.000584374,-9.71131e-05,8.1169e-05,-0.00107816
5.843,-0.000212418,0.000583392,-9.70319e-05,8.12282e-05,-0.00107709
5.844,-0.000211835,0.000582412,-9.69507e-05,8.12869e-05,-0.00107601
5.845,-0.000211253,0.000581432,-9.68693e-05,8.13453e-05,-0.00107494
5.846,-0.000210672,0.000580453,-9.6788e-05,8.14033e-05,-0.00107386
5.847,-0.000210092,0.000579475,-9.67065e-05,8.14608e-05,-0.00107279
5.848,-0.000209513,0.000578498,-9.6625e-05,8.1518e-05,-0.00107171
5.849,-0.000208935,0.000577522,-9.65435e-05,8.15748e-05,-0.00107064
5.85,-0.000208358,0.000576547,-9.64619e-05,8.16312e-05,-0.00106956
5.851,-0.000207782,0.000575573,-9.63802e-05,8.16872e-05,-0.00106848
5.852,-0.000207207,0.000574601,-9.62985e-05,8.17428e-05,-0.00106741
5.853,-0.000206633,0.000573629,-9.62168e-05,8.17981e-05,-0.00106633
5.854,-0.00020606,0.000572658,-9.61349e-05,8.18529e-05,-0.00106525
5.855,-0.000205488,0.000571688,-9.6053e-05,8.19074e-05,-0.00106418
5.856,-0.000204916,0.000570719,-9.59711e-05,8.19614e-05,-0.0010631
5.857,-0.000204346,0.000569751,-9.58891e-05,8.20151e-05,-0.00106202
5.858,-0.000203777,0.000568784,-9.58071e-05,8.20684e-05,-0.00106095
5.859,-0.000203209,0.000567818,-9.5725e-05,8.21213e-05,-0.00105987
5.86,-0.000202641,0.000566853,-9.56428e-05,8.21739e-05,-0.00105879
5.861,-0.000202075,0.000565889,-9.55606e-05,8.2226e-05,-0.00105771
5.862,-0.000201509,0.000564926,-9.54784e-05,8.22778e-05,-0.00105664
5.863,-0.000200945,0.000563964,-9.53961e-05,8.23292e-05,-0.00105556
5.864,-0.000200382,0.000563004,-9.53137e-05,8.23802e-05,-0.00105448
5.865,-0.000199819,0.000562044,-9.52313e-05,8.24308e-05,-0.0010534
5.866,-0.000199257,0.000561085,-9.51489e-05,8.24811e-05,-0.00105232
5.867,-0.000198697,0.000560127,-9.50664e-05,8.25309e-05,-0.00105125
5.868,-0.000198137,0.00055917,-9.49838e-05,8.25804e-05,-0.00105017
5.869,-0.000197578,0.000558214,-9.49012e-05,8.26296e-05,-0.00104909
5.87,-0.000197021,0.000557259,-9.48186e-05,8.26783e-05,-0.00104801
5.871,-0.000196464,0.000556305,-9.47358e-05,8.27267e-05,-0.00104693
5.872,-0.000195908,0.000555352,-9.46531e-05,8.27747e-05,-0.00104585
5.873,-0.000195353,0.0005544,-9.45703e-05,8.28224e-05,-0.00104477
5.874,-0.000194799,0.000553449,-9.44875e-05,8.28696e-05,-0.0010437
5.875,-0.000194246,0.000552499,-9.44046e-05,8.29165e-05,-0.00104262
5.876,-0.000193694,0.00055155,-9.43216e-05,8.29631e-05,-0.00104154
5.877,-0.000193143,0.000550602,-9.42386e-05,8.30092e-05,-0.00104046
5.878,-0.000192593,0.000549655,-9.41556e-05,8.3055e-05,-0.00103938
5.879,-0.000192044,0.000548709,-9.40725e-05,8.31005e-05,-0.0010383
5.88,-0.000191496,0.000547764,-9.39894e-05,8.31455e-05,-0.00103722
5.881,-0.000190948,0.00054682,-9.39062e-05,8.31902e-05,-0.00103614
5.882,-0.000190402,0.000545877,-9.3823e-05,8.32346e-05,-0.00103506
5.883,-0.000189857,0.000544935,-9.37398e-05,8.32786e-05,-0.00103398
5.884,-0.000189312,0.000543994,-9.36565e-05,8.33222e-05,-0.0010329
5.885,-0.000188769,0.000543054,-9.35731e-05,8.33654e-05,-0.00103183
5.886,-0.000188226,0.000542115,-9.34897e-05,8.34083e-05,-0.00103075
5.887,-0.000187684,0.000541177,-9.34063e-05,8.34509e-05,-0.00102967
5.888,-0.000187144,0.00054024,-9.33228e-05,8.3493e-05,-0.00102859
5.889,-0.000186604,0.000539304,-9.32393e-05,8.35349e-05,-0.00102751
5.89,-0.000186065,0.000538369,-9.31558e-05,8.35763e-05,-0.00102643
5.891,-0.000185527,0.000537435,-9.30722e-05,8.36174e-05,-0.00102535
5.892,-0.00018499,0.000536502,-9.29885e-05,8.36582e-05,-0.00102427
5.893,-0.000184454,0.00053557,-9.29049e-05,8.36986e-05,-0.00102319
5.894,-0.000183919,0.000534639,-9.28211e-05,8.37387e-05,-0.00102211
5.895,-0.000183385,0.000533709,-9.27374e-05,8.37783e-05,-0.00102103
5.896,-0.000182852,0.00053278,-9.26536e-05,8.38177e-05,-0.00101995
5.897,-0.000182319,0.000531852,-9.25697e-05,8.38567e-05,-0.00101887
5.898,-0.000181788,0.000530925,-9.24859e-05,8.38953e-05,-0.00101779
5.899,-0.000181258,0.000529999,-9.2402e-05,8.39336e-05,-0.00101671
5.9,-0.000180728,0.000529074,-9.2318e-05,8.39716e-05,-0.00101563
5.901,-0.000180199,0.00052815,-9.2234e-05,8.40092e-05,-0.00101455
5.902,-0.000179672,0.000527227,-9.215e-05,8.40464e-05,-0.00101347
5.903,-0.000179145,0.000526305,-9.20659e-05,8.40834e-05,-0.00101239
5.904,-0.000178619,0.000525384,-9.19818e-05,8.41199e-05,-0.00101131
5.905,-0.000178094,0.000524464,-9.18977e-05,8.41562e-05,-0.00101023
5.906,-0.00017757,0.000523545,-9.18135e-05,8.4192e-05,-0.00100915
5.907,-0.000177047,0.000522627,-9.17293e-05,8.42276e-05,-0.00100807
5.908,-0.000176525,0.00052171,-9.1645e-05,8.42628e-05,-0.001007
5.909,-0.000176004,0.000520794,-9.15608e-05,8.42976e-05,-0.00100592
5.91,-0.000175483,0.000519879,-9.14765e-05,8.43321e-05,-0.00100484
5.911,-0.000174964,0.000518965,-9.13921e-05,8.43663e-05,-0.00100376
5.912,-0.000174445,0.000518052,-9.13077e-05,8.44002e-05,-0.00100268
5.913,-0.000173928,0.000517139,-9.12233e-05,8.44337e-05,-0.0010016
5.914,-0.000173411,0.000516228,-9.11389e-05,8.44668e-05,-0.00100052
5.915,-0.000172895,0.000515318,-9.10544e-05,8.44997e-05,-0.000999441
5.916,-0.00017238,0.000514409,-9.09699e-05,8.45322e-05,-0.000998361
5.917,-0.000171866,0.000513501,-9.08853e-05,8.45643e-05,-0.000997282
5.918,-0.000171353,0.000512594,-9.08007e-05,8.45962e-05,-0.000996203
5.919,-0.000170841,0.000511688,-9.07161e-05,8.46277e-05,-0.000995125
5.92,-0.00017033,0.000510783,-9.06315e-05,8.46588e-05,-0.000994046
5.921,-0.00016982,0.000509879,-9.05468e-05,8.46897e-05,-0.000992967
5.922,-0.00016931,0.000508976,-9.04621e-05,8.47202e-05,-0.000991888
5.923,-0.000168802,0.000508074,-9.03774e-05,8.47504e-05,-0.00099081
5.924,-0.000168294,0.000507172,-9.02926e-05,8.47802e-05,-0.000989731
5.925,-0.000167787,0.000506272,-9.02078e-05,8.48098e-05,-0.000988653
5.926,-0.000167282,0.000505373,-9.0123e-05,8.4839e-05,-0.000987574
5.927,-0.000166777,0.000504475,-9.00381e-05,8.48678e-05,-0.000986496
5.928,-0.000166273,0.000503578,-8.99532e-05,8.48964e-05,-0.000985418
5.929,-0.00016577,0.000502682,-8.98683e-05,8.49246e-05,-0.00098434
5.93,-0.000165267,0.000501787,-8.97834e-05,8.49525e-05,-0.000983262
5.931,-0.000164766,0.000500893,-8.96984e-05,8.49801e-05,-0.000982184
5.932,-0.000164266,0.000499999,-8.96134e-05,8.50073e-05,-0.000981106
5.933,-0.000163766,0.000499107,-8.95284e-05,8.50343e-05,-0.000980029
5.934,-0.000163267,0.000498216,-8.94434e-05,8.50609e-05,-0.000978951
5.935,-0.00016277,0.000497326,-8.93583e-05,8.50872e-05,-0.000977874
5.936,-0.000162273,0.000496437,-8.92732e-05,8.51132e-05,-0.000976796
5.937,-0.000161777,0.000495549,-8.91881e-05,8.51388e-05,-0.000975719
5.938,-0.000161282,0.000494661,-8.91029e-05,8.51642e-05,-0.000974642
5.939,-0.000160787,0.000493775,-8.90177e-05,8.51892e-05,-0.000973565
5.94,-0.000160294,0.00049289,-8.89325e-05,8.52139e-05,-0.000972488
5.941,-0.000159802,0.000492006,-8.88473e-05,8.52383e-05,-0.000971412
5.942,-0.00015931,0.000491123,-8.87621e-05,8.52624e-05,-0.000970335
5.943,-0.000158819,0.00049024,-8.86768e-05,8.52862e-05,-0.000969259
5.944,-0.00015833,0.000489359,-8.85915e-05,8.53097e-05,-0.000968182
5.945,-0.000157841,0.000488479,-8.85062e-05,8.53328e-05,-0.000967106
5.946,-0.000157353,0.0004876,-8.84208e-05,8.53557e-05,-0.00096603
5.947,-0.000156865,0.000486721,-8.83355e-05,8.53782e-05,-0.000964954
5.948,-0.000156379,0.000485844,-8.82501e-05,8.54004e-05,-0.000963878
5.949,-0.000155894,0.000484968,-8.81647e-05,8.54223e-05,-0.000962803
5.95,-0.000155409,0.000484093,-8.80792e-05,8.54439e-05,-0.000961727
5.951,-0.000154926,0.000483218,-8.79938e-05,8.54652e-05,-0.000960652
5.952,-0.000154443,0.000482345,-8.79083e-05,8.54862e-05,-0.000959577
5.953,-0.000153961,0.000481473,-8.78228e-05,8.55069e-05,-0.000958502
5.954,-0.00015348,0.000480601,-8.77373e-05,8.55273e-05,-0.000957427
5.955,-0.000153,0.000479731,-8.76517e-05,8.55474e-05,-0.000956353
5.956,-0.00015252,0.000478862,-8.75662e-05,8.55672e-05,-0.000955278
5.957,-0.000152042,0.000477993,-8.74806e-05,8.55866e-05,-0.000954204
5.958,-0.000151564,0.000477126,-8.7395e-05,8.56058e-05,-0.00095313
5.959,-0.000151088,0.00047626,-8.73094e-05,8.56247e-05,-0.000952056
5.96,-0.000150612,0.000475394,-8.72238e-05,8.56433e-05,-0.000950982
5.961,-0.000150137,0.00047453,-8.71381e-05,8.56615e-05,-0.000949908
5.962,-0.000149663,0.000473666,-8.70524e-05,8.56795e-05,-0.000948835
5.963,-0.00014919,0.000472804,-8.69668e-05,8.56972e-05,-0.000947762
5.964,-0.000148717,0.000471943,-8.6881e-05,8.57146e-05,-0.000946689
5.965,-0.000148246,0.000471082,-8.67953e-05,8.57317e-05,-0.000945616
5.966,-0.000147775,0.000470223,-8.67096e-05,8.57485e-05,-0.000944543
5.967,-0.000147305,0.000469364,-8.66238e-05,8.5765e-05,-0.000943471
5.968,-0.000146836,0.000468507,-8.65381e-05,8.57812e-05,-0.000942399
5.969,-0.000146368,0.00046765,-8.64523e-05,8.57971e-05,-0.000941327
5.97,-0.000145901,0.000466795,-8.63665e-05,8.58127e-05,-0.000940255
5.971,-0.000145435,0.00046594,-8.62806e-05,8.58281e-05,-0.000939183
5.972,-0.000144969,0.000465087,-8.61948e-05,8.58431e-05,-0.000938112
5.973,-0.000144504,0.000464234,-8.6109e-05,8.58578e-05,-0.000937041
5.974,-0.000144041,0.000463383,-8.60231e-05,8.58723e-05,-0.00093597
5.975,-0.000143578,0.000462532,-8.59372e-05,8.58865e-05,-0.000934899
5.976,-0.000143116,0.000461683,-8.58513e-05,8.59004e-05,-0.000933828
5.977,-0.000142654,0.000460834,-8.57654e-05,8.5914e-05,-0.000932758
5.978,-0.000142194,0.000459987,-8.56795e-05,8.59273e-05,-0.000931688
5.979,-0.000141734,0.00045914,-8.55936e-05,8.59403e-05,-0.000930618
5.98,-0.000141276,0.000458294,-8.55076e-05,8.59531e-05,-0.000929549
5.981,-0.000140818,0.00045745,-8.54216e-05,8.59655e-05,-0.000928479
5.982,-0.000140361,0.000456606,-8.53357e-05,8.59777e-05,-0.00092741
5.983,-0.000139905,0.000455763,-8.52497e-05,8.59896e-05,-0.000926341
5.984,-0.000139449,0.000454922,-8.51637e-05,8.60012e-05,-0.000925272
5.985,-0.000138995,0.000454081,-8.50777e-05,8.60125e-05,-0.000924204
5.986,-0.000138541,0.000453241,-8.49917e-05,8.60236e-05,-0.000923136
5.987,-0.000138088,0.000452402,-8.49056e-05,8.60344e-05,-0.000922068
5.988,-0.000137636,0.000451565,-8.48196e-05,8.60449e-05,-0.000921
5.989,-0.000137185,0.000450728,-8.47336e-05,8.60551e-05,-0.000919933
5.99,-0.000136735,0.000449892,-8.46475e-05,8.6065e-05,-0.000918865
5.991,-0.000136285,0.000449057,-8.45614e-05,8.60747e-05,-0.000917799
5.992,-0.000135837,0.000448224,-8.44753e-05,8.60841e-05,-0.000916732
5.993,-0.000135389,0.000447391,-8.43893e-05,8.60932e-05,-0.000915665
5.994,-0.000134942,0.000446559,-8.43032e-05,8.6102e-05,-0.000914599
5.995,-0.000134496,0.000445728,-8.42171e-05,8.61106e-05,-0.000913533
5.996,-0.00013405,0.000444898,-8.41309e-05,8.61189e-05,-0.000912468
5.997,-0.000133606,0.000444069,-8.40448e-05,8.61269e-05,-0.000911402
5.998,-0.000133162,0.000443241,-8.39587e-05,8.61346e-05,-0.000910337
5.999,-0.000132719,0.000442414,-8.38725e-05,8.61421e-05,-0.000909273
6,-0.000132277,0.000441588,-8.37864e-05,8.61493e-05,-0.000908208
6.001,-0.000131836,0.000440763,-8.37003e-05,8.61563e-05,-0.000907144
6.002,-0.000131396,0.000439939,-8.36141e-05,8.61629e-05,-0.00090608
6.003,-0.000130956,0.000439116,-8.35279e-05,8.61693e-05,-0.000905016
6.004,-0.000130518,0.000438294,-8.34418e-05,8.61755e-05,-0.000903953
6.005,-0.00013008,0.000437473,-8.33556e-05,8.61814e-05,-0.00090289
6.006,-0.000129643,0.000436653,-8.32694e-05,8.6187e-05,-0.000901827
6.007,-0.000129206,0.000435834,-8.31832e-05,8.61923e-05,-0.000900765
6.008,-0.000128771,0.000435016,-8.3097e-05,8.61974e-05,-0.000899702
6.009,-0.000128336,0.000434199,-8.30108e-05,8.62022e-05,-0.00089864
6.01,-0.000127903,0.000433382,-8.29246e-05,8.62067e-05,-0.000897579
6.011,-0.00012747,0.000432567,-8.28384e-05,8.6211e-05,-0.000896518
6.012,-0.000127038,0.000431753,-8.27522e-05,8.6215e-05,-0.000895457
6.013,-0.000126606,0.00043094,-8.2666e-05,8.62188e-05,-0.000894396
6.014,-0.000126176,0.000430127,-8.25797e-05,8.62223e-05,-0.000893336
6.015,-0.000125746,0.000429316,-8.24935e-05,8.62256e-05,-0.000892276
6.016,-0.000125317,0.000428506,-8.24073e-05,8.62285e-05,-0.000891216
6.017,-0.000124889,0.000427696,-8.23211e-05,8.62313e-05,-0.000890156
6.018,-0.000124462,0.000426888,-8.22348e-05,8.62337e-05,-0.000889097
6.019,-0.000124035,0.000426081,-8.21486e-05,8.6236e-05,-0.000888038
6.02,-0.000123609,0.000425274,-8.20624e-05,8.62379e-05,-0.00088698
6.021,-0.000123185,0.000424469,-8.19761e-05,8.62396e-05,-0.000885922
6.022,-0.000122761,0.000423664,-8.18899e-05,8.62411e-05,-0.000884864
6.023,-0.000122337,0.000422861,-8.18036e-05,8.62423e-05,-0.000883807
6.024,-0.000121915,0.000422058,-8.17174e-05,8.62432e-05,-0.000882749
6.025,-0.000121493,0.000421257,-8.16312e-05,8.62439e-05,-0.000881693
6.026,-0.000121072,0.000420456,-8.15449e-05,8.62443e-05,-0.000880636
6.027,-0.000120652,0.000419656,-8.14587e-05,8.62445e-05,-0.00087958
6.028,-0.000120233,0.000418858,-8.13724e-05,8.62445e-05,-0.000878524
6.029,-0.000119814,0.00041806,-8.12862e-05,8.62442e-05,-0.000877469
6.03,-0.000119397,0.000417263,-8.11999e-05,8.62436e-05,-0.000876414
6.031,-0.00011898,0.000416468,-8.11137e-05,8.62428e-05,-0.000875359
6.032,-0.000118564,0.000415673,-8.10274e-05,8.62417e-05,-0.000874304
6.033,-0.000118149,0.000414879,-8.09412e-05,8.62404e-05,-0.00087325
6.034,-0.000117734,0.000414086,-8.0855e-05,8.62389e-05,-0.000872197
6.035,-0.00011732,0.000413294,-8.07687e-05,8.62371e-05,-0.000871143
6.036,-0.000116908,0.000412503,-8.06825e-05,8.6235e-05,-0.00087009
6.037,-0.000116495,0.000411714,-8.05963e-05,8.62328e-05,-0.000869038
6.038,-0.000116084,0.000410925,-8.051e-05,8.62302e-05,-0.000867985
6.039,-0.000115674,0.000410137,-8.04238e-05,8.62275e-05,-0.000866934
6.04,-0.000115264,0.00040935,-8.03376e-05,8.62245e-05,-0.000865882
6.041,-0.000114855,0.000408563,-8.02514e-05,8.62212e-05,-0.000864831
6.042,-0.000114447,0.000407778,-8.01651e-05,8.62177e-05,-0.00086378
6.043,-0.000114039,0.000406994,-8.00789e-05,8.6214e-05,-0.00086273
6.044,-0.000113633,0.000406211,-7.99927e-05,8.621e-05,-0.00086168
6.045,-0.000113227,0.000405429,-7.99065e-05,8.62058e-05,-0.00086063
6.046,-0.000112822,0.000404648,-7.98203e-05,8.62013e-05,-0.000859581
6.047,-0.000112418,0.000403867,-7.97341e-05,8.61967e-05,-0.000858532
6.048,-0.000112014,0.000403088,-7.96479e-05,8.61917e-05,-0.000857483
6.049,-0.000111611,0.00040231,-7.95617e-05,8.61866e-05,-0.000856435
6.05,-0.00011121,0.000401532,-7.94755e-05,8.61812e-05,-0.000855387
6.051,-0.000110808,0.000400756,-7.93893e-05,8.61755e-05,-0.00085434
6.052,-0.000110408,0.00039998,-7.93032e-05,8.61697e-05,-0.000853293
6.053,-0.000110008,0.000399206,-7.9217e-05,8.61636e-05,-0.000852246
6.054,-0.00010961,0.000398432,-7.91308e-05,8.61572e-05,-0.0008512
6.055,-0.000109212,0.00039766,-7.90447e-05,8.61507e-05,-0.000850154
6.056,-0.000108814,0.000396888,-7.89585e-05,8.61439e-05,-0.000849109
6.057,-0.000108418,0.000396118,-7.88724e-05,8.61369e-05,-0.000848064
6.058,-0.000108022,0.000395348,-7.87863e-05,8.61296e-05,-0.000847019
6.059,-0.000107627,0.000394579,-7.87001e-05,8.61221e-05,-0.000845975
6.06,-0.000107233,0.000393811,-7.8614e-05,8.61144e-05,-0.000844931
6.061,-0.000106839,0.000393045,-7.85279e-05,8.61065e-05,-0.000843888
6.062,-0.000106447,0.000392279,-7.84418e-05,8.60983e-05,-0.000842845
6.063,-0.000106055,0.000391514,-7.83557e-05,8.60899e-05,-0.000841802
6.064,-0.000105664,0.00039075,-7.82696e-05,8.60813e-05,-0.00084076
6.065,-0.000105273,0.000389987,-7.81836e-05,8.60724e-05,-0.000839718
6.066,-0.000104884,0.000389225,-7.80975e-05,8.60633e-05,-0.000838677
6.067,-0.000104495,0.000388464,-7.80114e-05,8.6054e-05,-0.000837636
6.068,-0.000104107,0.000387704,-7.79254e-05,8.60445e-05,-0.000836596
6.069,-0.00010372,0.000386945,-7.78393e-05,8.60348e-05,-0.000835556
6.07,-0.000103333,0.000386186,-7.77533e-05,8.60248e-05,-0.000834516
6.071,-0.000102947,0.000385429,-7.76673e-05,8.60146e-05,-0.000833477
6.072,-0.000102562,0.000384673,-7.75813e-05,8.60042e-05,-0.000832438
6.073,-0.000102178,0.000383918,-7.74953e-05,8.59936e-05,-0.0008314
6.074,-0.000101794,0.000383163,-7.74093e-05,8.59827e-05,-0.000830362
6.075,-0.000101411,0.00038241,-7.73233e-05,8.59716e-05,-0.000829324
6.076,-0.000101029,0.000381657,-7.72374e-05,8.59604e-05,-0.000828287
6.077,-0.000100648,0.000380906,-7.71514e-05,8.59488e-05,-0.00082725
6.078,-0.000100268,0.000380155,-7.70655e-05,8.59371e-05,-0.000826214
6.079,-9.98879e-05,0.000379406,-7.69795e-05,8.59252e-05,-0.000825178
6.08,-9.95088e-05,0.000378657,-7.68936e-05,8.5913e-05,-0.000824143
6.081,-9.91305e-05,0.000377909,-7.68077e-05,8.59006e-05,-0.000823108
6.082,-9.8753e-05,0.000377162,-7.67218e-05,8.58881e-05,-0.000822074
6.083,-9.83762e-05,0.000376417,-7.66359e-05,8.58753e-05,-0.00082104
6.084,-9.80002e-05,0.000375672,-7.65501e-05,8.58622e-05,-0.000820006
6.085,-9.76249e-05,0.000374928,-7.64642e-05,8.5849e-05,-0.000818973
6.086,-9.72503e-05,0.000374185,-7.63784e-05,8.58356e-05,-0.000817941
6.087,-9.68765e-05,0.000373443,-7.62925e-05,8.58219e-05,-0.000816909
6.088,-9.65034e-05,0.000372702,-7.62067e-05,8.5808e-05,-0.000815877
6.089,-9.61311e-05,0.000371962,-7.61209e-05,8.5794e-05,-0.000814846
6.09,-9.57595e-05,0.000371222,-7.60351e-05,8.57797e-05,-0.000813815
6.091,-9.53887e-05,0.000370484,-7.59494e-05,8.57652e-05,-0.000812785
6.092,-9.50185e-05,0.000369747,-7.58636e-05,8.57505e-05,-0.000811755
6.093,-9.46492e-05,0.000369011,-7.57779e-05,8.57356e-05,-0.000810725
6.094,-9.42805e-05,0.000368275,-7.56921e-05,8.57204e-05,-0.000809696
6.095,-9.39126e-05,0.000367541,-7.56064e-05,8.57051e-05,-0.000808668
6.096,-9.35454e-05,0.000366807,-7.55207e-05,8.56896e-05,-0.00080764
6.097,-9.3179e-05,0.000366075,-7.5435e-05,8.56738e-05,-0.000806613
6.098,-9.28133e-05,0.000365343,-7.53494e-05,8.56579e-05,-0.000805586
6.099,-9.24483e-05,0.000364612,-7.52637e-05,8.56418e-05,-0.000804559
6.1,-9.20841e-05,0.000363883,-7.51781e-05,8.56254e-05,-0.000803533
6.101,-9.17205e-05,0.000363154,-7.50925e-05,8.56089e-05,-0.000802507
6.102,-9.13578e-05,0.000362426,-7.50069e-05,8.55921e-05,-0.000801482
6.103,-9.09957e-05,0.000361699,-7.49213e-05,8.55751e-05,-0.000800458
6.104,-9.06344e-05,0.000360973,-7.48357e-05,8.5558e-05,-0.000799433
6.105,-9.02737e-05,0.000360248,-7.47502e-05,8.55406e-05,-0.00079841
6.106,-8.99139e-05,0.000359524,-7.46646e-05,8.5523e-05,-0.000797387
6.107,-8.95547e-05,0.000358801,-7.45791e-05,8.55053e-05,-0.000796364
6.108,-8.91963e-05,0.000358079,-7.44936e-05,8.54873e-05,-0.000795342
6.109,-8.88385e-05,0.000357357,-7.44082e-05,8.54692e-05,-0.00079432
6.11,-8.84815e-05,0.000356637,-7.43227e-05,8.54508e-05,-0.000793299
6.111,-8.81253e-05,0.000355917,-7.42373e-05,8.54323e-05,-0.000792278
6.112,-8.77697e-05,0.000355199,-7.41518e-05,8.54135e-05,-0.000791258
6.113,-8.74149e-05,0.000354481,-7.40664e-05,8.53946e-05,-0.000790238
6.114,-8.70607e-05,0.000353765,-7.3981e-05,8.53754e-05,-0.000789219
6.115,-8.67073e-05,0.000353049,-7.38957e-05,8.53561e-05,-0.0007882
6.116,-8.63546e-05,0.000352334,-7.38103e-05,8.53365e-05,-0.000787182
6.117,-8.60027e-05,0.000351621,-7.3725e-05,8.53168e-05,-0.000786164
6.118,-8.56514e-05,0.000350908,-7.36397e-05,8.52969e-05,-0.000785147
6.119,-8.53009e-05,0.000350196,-7.35544e-05,8.52768e-05,-0.00078413
6.12,-8.4951e-05,0.000349485,-7.34691e-05,8.52565e-05,-0.000783114
6.121,-8.46019e-05,0.000348775,-7.33839e-05,8.5236e-05,-0.000782098
6.122,-8.42535e-05,0.000348066,-7.32987e-05,8.52153e-05,-0.000781083
6.123,-8.39058e-05,0.000347357,-7.32135e-05,8.51944e-05,-0.000780069
6.124,-8.35587e-05,0.00034665,-7.31283e-05,8.51734e-05,-0.000779054
6.125,-8.32125e-05,0.000345944,-7.30431e-05,8.51521e-05,-0.000778041
6.126,-8.28669e-05,0.000345238,-7.2958e-05,8.51307e-05,-0.000777028
6.127,-8.2522e-05,0.000344534,-7.28729e-05,8.5109e-05,-0.000776015
6.128,-8.21778e-05,0.00034383,-7.27878e-05,8.50872e-05,-0.000775003
6.129,-8.18343e-05,0.000343128,-7.27027e-05,8.50652e-05,-0.000773991
6.13,-8.14915e-05,0.000342426,-7.26176e-05,8.5043e-05,-0.00077298
6.131,-8.11495e-05,0.000341725,-7.25326e-05,8.50206e-05,-0.00077197
6.132,-8.08081e-05,0.000341025,-7.24476e-05,8.49981e-05,-0.00077096
6.133,-8.04674e-05,0.000340327,-7.23626e-05,8.49753e-05,-0.000769951
6.134,-8.01274e-05,0.000339629,-7.22776e-05,8.49524e-05,-0.000768942
6.135,-7.97882e-05,0.000338931,-7.21927e-05,8.49293e-05,-0.000767933
6.136,-7.94496e-05,0.000338235,-7.21078e-05,8.4906e-05,-0.000766925
6.137,-7.91117e-05,0.00033754,-7.20229e-05,8.48825e-05,-0.000765918
6.138,-7.87745e-05,0.000336846,-7.1938e-05,8.48589e-05,-0.000764911
6.139,-7.8438e-05,0.000336152,-7.18532e-05,8.4835e-05,-0.000763905
6.14,-7.81022e-05,0.00033546,-7.17684e-05,8.4811e-05,-0.000762899
6.141,-7.77671e-05,0.000334768,-7.16836e-05,8.47868e-05,-0.000761894
6.142,-7.74326e-05,0.000334078,-7.15988e-05,8.47624e-05,-0.00076089
6.143,-7.70989e-05,0.000333388,-7.1514e-05,8.47379e-05,-0.000759886
6.144,-7.67659e-05,0.000332699,-7.14293e-05,8.47131e-05,-0.000758882
6.145,-7.64335e-05,0.000332012,-7.13446e-05,8.46882e-05,-0.000757879
6.146,-7.61018e-05,0.000331325,-7.12599e-05,8.46631e-05,-0.000756877
6.147,-7.57709e-05,0.000330639,-7.11753e-05,8.46379e-05,-0.000755875
6.148,-7.54406e-05,0.000329953,-7.10907e-05,8.46124e-05,-0.000754874
6.149,-7.5111e-05,0.000329269,-7.10061e-05,8.45868e-05,-0.000753873
6.15,-7.4782e-05,0.000328586,-7.09215e-05,8.4561e-05,-0.000752873
6.151,-7.44538e-05,0.000327904,-7.08369e-05,8.4535e-05,-0.000751873
6.152,-7.41262e-05,0.000327222,-7.07524e-05,8.45089e-05,-0.000750874
6.153,-7.37993e-05,0.000326542,-7.06679e-05,8.44826e-05,-0.000749875
6.154,-7.34731e-05,0.000325862,-7.05834e-05,8.44561e-05,-0.000748877
6.155,-7.31476e-05,0.000325183,-7.0499e-05,8.44294e-05,-0.00074788
6.156,-7.28228e-05,0.000324506,-7.04146e-05,8.44026e-05,-0.000746883
6.157,-7.24986e-05,0.000323829,-7.03302e-05,8.43756e-05,-0.000745887
6.158,-7.21751e-05,0.000323153,-7.02458e-05,8.43484e-05,-0.000744891
6.159,-7.18523e-05,0.000322478,-7.01615e-05,8.43211e-05,-0.000743896
6.16,-7.15302e-05,0.000321804,-7.00772e-05,8.42935e-05,-0.000742901
6.161,-7.12087e-05,0.000321131,-6.99929e-05,8.42659e-05,-0.000741907
6.162,-7.08879e-05,0.000320458,-6.99087e-05,8.4238e-05,-0.000740914
6.163,-7.05678e-05,0.000319787,-6.98244e-05,8.421e-05,-0.000739921
6.164,-7.02483e-05,0.000319116,-6.97402e-05,8.41818e-05,-0.000738928
6.165,-6.99295e-05,0.000318447,-6.96561e-05,8.41535e-05,-0.000737937
6.166,-6.96114e-05,0.000317778,-6.95719e-05,8.41249e-05,-0.000736945
6.167,-6.9294e-05,0.00031711,-6.94878e-05,8.40963e-05,-0.000735955
6.168,-6.89772e-05,0.000316444,-6.94037e-05,8.40674e-05,-0.000734965
6.169,-6.86611e-05,0.000315778,-6.93197e-05,8.40384e-05,-0.000733975
6.17,-6.83456e-05,0.000315113,-6.92357e-05,8.40092e-05,-0.000732986
6.171,-6.80309e-05,0.000314449,-6.91517e-05,8.39799e-05,-0.000731998
6.172,-6.77167e-05,0.000313785,-6.90677e-05,8.39504e-05,-0.000731011
6.173,-6.74033e-05,0.000313123,-6.89838e-05,8.39207e-05,-0.000730023
6.174,-6.70905e-05,0.000312462,-6.88999e-05,8.38909e-05,-0.000729037
6.175,-6.67784e-05,0.000311801,-6.8816e-05,8.38609e-05,-0.000728051
6.176,-6.64669e-05,0.000311142,-6.87321e-05,8.38307e-05,-0.000727066
6.177,-6.61561e-05,0.000310483,-6.86483e-05,8.38004e-05,-0.000726081
6.178,-6.58459e-05,0.000309825,-6.85645e-05,8.37699e-05,-0.000725097
6.179,-6.55364e-05,0.000309168,-6.84808e-05,8.37393e-05,-0.000724113
6.18,-6.52276e-05,0.000308512,-6.83971e-05,8.37085e-05,-0.00072313
6.181,-6.49194e-05,0.000307857,-6.83134e-05,8.36776e-05,-0.000722148
6.182,-6.46119e-05,0.000307203,-6.82297e-05,8.36465e-05,-0.000721166
6.183,-6.4305e-05,0.00030655,-6.81461e-05,8.36152e-05,-0.000720185
6.184,-6.39988e-05,0.000305897,-6.80625e-05,8.35838e-05,-0.000719204
6.185,-6.36932e-05,0.000305246,-6.79789e-05,8.35522e-05,-0.000718224
6.186,-6.33883e-05,0.000304595,-6.78954e-05,8.35205e-05,-0.000717245
6.187,-6.3084e-05,0.000303945,-6.78119e-05,8.34886e-05,-0.000716266
6.188,-6.27804e-05,0.000303297,-6.77284e-05,8.34566e-05,-0.000715288
6.189,-6.24774e-05,0.000302649,-6.7645e-05,8.34244e-05,-0.00071431
6.19,-6.21751e-05,0.000302002,-6.75616e-05,8.3392e-05,-0.000713333
6.191,-6.18734e-05,0.000301356,-6.74782e-05,8.33595e-05,-0.000712357
6.192,-6.15724e-05,0.00030071,-6.73948e-05,8.33269e-05,-0.000711381
6.193,-6.1272e-05,0.000300066,-6.73115e-05,8.32941e-05,-0.000710406
6.194,-6.09723e-05,0.000299423,-6.72282e-05,8.32611e-05,-0.000709431
6.195,-6.06732e-05,0.00029878,-6.7145e-05,8.3228e-05,-0.000708457
6.196,-6.03747e-05,0.000298138,-6.70618e-05,8.31947e-05,-0.000707484
6.197,-6.00769e-05,0.000297498,-6.69786e-05,8.31613e-05,-0.000706511
6.198,-5.97797e-05,0.000296858,-6.68955e-05,8.31278e-05,-0.000705539
6.199,-5.94832e-05,0.000296219,-6.68124e-05,8.30941e-05,-0.000704567
6.2,-5.91873e-05,0.000295581,-6.67293e-05,8.30602e-05,-0.000703596
6.201,-5.8892e-05,0.000294943,-6.66462e-05,8.30262e-05,-0.000702626
6.202,-5.85974e-05,0.000294307,-6.65632e-05,8.29921e-05,-0.000701656
6.203,-5.83034e-05,0.000293672,-6.64803e-05,8.29578e-05,-0.000700687
6.204,-5.801e-05,0.000293037,-6.63973e-05,8.29233e-05,-0.000699719
6.205,-5.77173e-05,0.000292404,-6.63144e-05,8.28887e-05,-0.000698751
6.206,-5.74252e-05,0.000291771,-6.62315e-05,8.2854e-05,-0.000697784
6.207,-5.71338e-05,0.000291139,-6.61487e-05,8.28191e-05,-0.000696818
6.208,-5.68429e-05,0.000290508,-6.60659e-05,8.27841e-05,-0.000695852
6.209,-5.65528e-05,0.000289878,-6.59831e-05,8.27489e-05,-0.000694886
6.21,-5.62632e-05,0.000289248,-6.59004e-05,8.27136e-05,-0.000693922
6.211,-5.59743e-05,0.00028862,-6.58177e-05,8.26782e-05,-0.000692958
6.212,-5.56859e-05,0.000287993,-6.5735e-05,8.26426e-05,-0.000691994
6.213,-5.53983e-05,0.000287366,-6.56524e-05,8.26068e-05,-0.000691031
6.214,-5.51112e-05,0.00028674,-6.55698e-05,8.25709e-05,-0.000690069
6.215,-5.48248e-05,0.000286116,-6.54873e-05,8.25349e-05,-0.000689108
6.216,-5.4539e-05,0.000285492,-6.54048e-05,8.24988e-05,-0.000688147
6.217,-5.42538e-05,0.000284869,-6.53223e-05,8.24625e-05,-0.000687187
6.218,-5.39692e-05,0.000284246,-6.52398e-05,8.2426e-05,-0.000686227
6.219,-5.36853e-05,0.000283625,-6.51574e-05,8.23894e-05,-0.000685268
6.22,-5.3402e-05,0.000283005,-6.50751e-05,8.23527e-05,-0.00068431
6.221,-5.31193e-05,0.000282385,-6.49927e-05,8.23159e-05,-0.000683352
6.222,-5.28372e-05,0.000281766,-6.49104e-05,8.22789e-05,-0.000682395
6.223,-5.25558e-05,0.000281149,-6.48282e-05,8.22417e-05,-0.000681438
6.224,-5.22749e-05,0.000280532,-6.47459e-05,8.22045e-05,-0.000680483
6.225,-5.19947e-05,0.000279916,-6.46638e-05,8.21671e-05,-0.000679528
6.226,-5.17151e-05,0.0002793,-6.45816e-05,8.21295e-05,-0.000678573
6.227,-5.14361e-05,0.000278686,-6.44995e-05,8.20918e-05,-0.000677619
6.228,-5.11577e-05,0.000278073,-6.44174e-05,8.2054e-05,-0.000676666
6.229,-5.088e-05,0.00027746,-6.43354e-05,8.20161e-05,-0.000675713
6.23,-5.06028e-05,0.000276848,-6.42534e-05,8.1978e-05,-0.000674762
6.231,-5.03263e-05,0.000276238,-6.41714e-05,8.19398e-05,-0.00067381
6.232,-5.00503e-05,0.000275628,-6.40895e-05,8.19015e-05,-0.00067286
6.233,-4.9775e-05,0.000275019,-6.40076e-05,8.1863e-05,-0.00067191
6.234,-4.95003e-05,0.00027441,-6.39258e-05,8.18244e-05,-0.00067096
6.235,-4.92262e-05,0.000273803,-6.3844e-05,8.17856e-05,-0.000670012
6.236,-4.89527e-05,0.000273197,-6.37622e-05,8.17468e-05,-0.000669064
6.237,-4.86798e-05,0.000272591,-6.36805e-05,8.17078e-05,-0.000668116
6.238,-4.84075e-05,0.000271986,-6.35988e-05,8.16686e-05,-0.00066717
6.239,-4.81358e-05,0.000271382,-6.35172e-05,8.16294e-05,-0.000666224
6.24,-4.78647e-05,0.000270779,-6.34355e-05,8.159e-05,-0.000665278
6.241,-4.75943e-05,0.000270177,-6.3354e-05,8.15505e-05,-0.000664334
6.242,-4.73244e-05,0.000269576,-6.32724e-05,8.15108e-05,-0.00066339
6.243,-4.70551e-05,0.000268976,-6.3191e-05,8.1471e-05,-0.000662446
6.244,-4.67864e-05,0.000268376,-6.31095e-05,8.14311e-05,-0.000661503
6.245,-4.65184e-05,0.000267777,-6.30281e-05,8.13911e-05,-0.000660561
6.246,-4.62509e-05,0.000267179,-6.29467e-05,8.13509e-05,-0.00065962
6.247,-4.5984e-05,0.000266582,-6.28654e-05,8.13107e-05,-0.000658679
6.248,-4.57177e-05,0.000265986,-6.27841e-05,8.12703e-05,-0.000657739
6.249,-4.5452e-05,0.000265391,-6.27029e-05,8.12297e-05,-0.0006568
6.25,-4.51869e-05,0.000264797,-6.26216e-05,8.11891e-05,-0.000655861
6.251,-4.49224e-05,0.000264203,-6.25405e-05,8.11483e-05,-0.000654923
6.252,-4.46585e-05,0.000263611,-6.24593e-05,8.11074e-05,-0.000653986
6.253,-4.43952e-05,0.000263019,-6.23783e-05,8.10664e-05,-0.000653049
6.254,-4.41325e-05,0.000262428,-6.22972e-05,8.10252e-05,-0.000652113
6.255,-4.38703e-05,0.000261838,-6.22162e-05,8.0984e-05,-0.000651177
6.256,-4.36088e-05,0.000261248,-6.21352e-05,8.09426e-05,-0.000650243
6.257,-4.33479e-05,0.00026066,-6.20543e-05,8.09011e-05,-0.000649309
6.258,-4.30875e-05,0.000260072,-6.19734e-05,8.08594e-05,-0.000648375
6.259,-4.28277e-05,0.000259486,-6.18926e-05,8.08177e-05,-0.000647442
6.26,-4.25685e-05,0.0002589,-6.18118e-05,8.07758e-05,-0.00064651
6.261,-4.23099e-05,0.000258315,-6.17311e-05,8.07338e-05,-0.000645579
6.262,-4.20519e-05,0.000257731,-6.16503e-05,8.06917e-05,-0.000644648
6.263,-4.17944e-05,0.000257148,-6.15697e-05,8.06495e-05,-0.000643718
6.264,-4.15376e-05,0.000256565,-6.1489e-05,8.06071e-05,-0.000642789
6.265,-4.12813e-05,0.000255984,-6.14085e-05,8.05646e-05,-0.00064186
6.266,-4.10256e-05,0.000255403,-6.13279e-05,8.05221e-05,-0.000640932
6.267,-4.07705e-05,0.000254823,-6.12474e-05,8.04794e-05,-0.000640005
6.268,-4.0516e-05,0.000254244,-6.1167e-05,8.04365e-05,-0.000639079
6.269,-4.0262e-05,0.000253666,-6.10865e-05,8.03936e-05,-0.000638153
6.27,-4.00086e-05,0.000253088,-6.10062e-05,8.03506e-05,-0.000637227
6.271,-3.97558e-05,0.000252512,-6.09258e-05,8.03074e-05,-0.000636303
6.272,-3.95036e-05,0.000251936,-6.08456e-05,8.02641e-05,-0.000635379
6.273,-3.9252e-05,0.000251361,-6.07653e-05,8.02207e-05,-0.000634456
6.274,-3.90009e-05,0.000250787,-6.06851e-05,8.01772e-05,-0.000633533
6.275,-3.87504e-05,0.000250214,-6.0605e-05,8.01336e-05,-0.000632612
6.276,-3.85005e-05,0.000249642,-6.05248e-05,8.00899e-05,-0.000631691
6.277,-3.82511e-05,0.000249071,-6.04448e-05,8.0046e-05,-0.00063077
6.278,-3.80023e-05,0.0002485,-6.03648e-05,8.00021e-05,-0.00062985
6.279,-3.77541e-05,0.00024793,-6.02848e-05,7.9958e-05,-0.000628931
6.28,-3.75065e-05,0.000247361,-6.02048e-05,7.99138e-05,-0.000628013
6.281,-3.72594e-05,0.000246793,-6.01249e-05,7.98696e-05,-0.000627095
6.282,-3.70129e-05,0.000246226,-6.00451e-05,7.98252e-05,-0.000626178
6.283,-3.67669e-05,0.00024566,-5.99653e-05,7.97806e-05,-0.000625262
6.284,-3.65216e-05,0.000245094,-5.98855e-05,7.9736e-05,-0.000624347
6.285,-3.62767e-05,0.000244529,-5.98058e-05,7.96913e-05,-0.000623432
6.286,-3.60325e-05,0.000243966,-5.97262e-05,7.96465e-05,-0.000622517
6.287,-3.57888e-05,0.000243402,-5.96465e-05,7.96015e-05,-0.000621604
6.288,-3.55457e-05,0.00024284,-5.9567e-05,7.95565e-05,-0.000620691
6.289,-3.53031e-05,0.000242279,-5.94874e-05,7.95113e-05,-0.000619779
6.29,-3.50611e-05,0.000241718,-5.94079e-05,7.94661e-05,-0.000618868
6.291,-3.48197e-05,0.000241159,-5.93285e-05,7.94207e-05,-0.000617957
6.292,-3.45788e-05,0.0002406,-5.92491e-05,7.93752e-05,-0.000617047
6.293,-3.43385e-05,0.000240042,-5.91697e-05,7.93296e-05,-0.000616138
6.294,-3.40987e-05,0.000239484,-5.90904e-05,7.92839e-05,-0.000615229
6.295,-3.38595e-05,0.000238928,-5.90112e-05,7.92381e-05,-0.000614321
6.296,-3.36209e-05,0.000238372,-5.8932e-05,7.91923e-05,-0.000613414
6.297,-3.33828e-05,0.000237818,-5.88528e-05,7.91463e-05,-0.000612508
6.298,-3.31452e-05,0.000237264,-5.87737e-05,7.91001e-05,-0.000611602
6.299,-3.29083e-05,0.000236711,-5.86946e-05,7.90539e-05,-0.000610697
6.3,-3.26718e-05,0.000236158,-5.86156e-05,7.90076e-05,-0.000609792
6.301,-3.24359e-05,0.000235607,-5.85366e-05,7.89612e-05,-0.000608889
6.302,-3.22006e-05,0.000235056,-5.84576e-05,7.89147e-05,-0.000607986
6.303,-3.19658e-05,0.000234507,-5.83787e-05,7.88681e-05,-0.000607084
6.304,-3.17316e-05,0.000233958,-5.82999e-05,7.88214e-05,-0.000606182
6.305,-3.14979e-05,0.00023341,-5.82211e-05,7.87746e-05,-0.000605281
6.306,-3.12648e-05,0.000232862,-5.81423e-05,7.87277e-05,-0.000604381
6.307,-3.10322e-05,0.000232316,-5.80636e-05,7.86806e-05,-0.000603482
6.308,-3.08001e-05,0.00023177,-5.7985e-05,7.86335e-05,-0.000602583
6.309,-3.05686e-05,0.000231225,-5.79064e-05,7.85863e-05,-0.000601685
6.31,-3.03377e-05,0.000230681,-5.78278e-05,7.8539e-05,-0.000600788
6.311,-3.01073e-05,0.000230138,-5.77493e-05,7.84916e-05,-0.000599891
6.312,-2.98774e-05,0.000229596,-5.76708e-05,7.84441e-05,-0.000598996
6.313,-2.96481e-05,0.000229054,-5.75924e-05,7.83965e-05,-0.0005981
6.314,-2.94193e-05,0.000228513,-5.7514e-05,7.83488e-05,-0.000597206
6.315,-2.91911e-05,0.000227973,-5.74357e-05,7.8301e-05,-0.000596312
6.316,-2.89634e-05,0.000227434,-5.73574e-05,7.82531e-05,-0.000595419
6.317,-2.87362e-05,0.000226896,-5.72792e-05,7.82051e-05,-0.000594527
6.318,-2.85096e-05,0.000226359,-5.7201e-05,7.8157e-05,-0.000593636
6.319,-2.82835e-05,0.000225822,-5.71229e-05,7.81088e-05,-0.000592745
6.32,-2.80579e-05,0.000225286,-5.70448e-05,7.80606e-05,-0.000591855
6.321,-2.78329e-05,0.000224751,-5.69668e-05,7.80122e-05,-0.000590965
6.322,-2.76084e-05,0.000224217,-5.68888e-05,7.79637e-05,-0.000590077
6.323,-2.73845e-05,0.000223683,-5.68108e-05,7.79152e-05,-0.000589189
6.324,-2.7161e-05,0.000223151,-5.6733e-05,7.78665e-05,-0.000588302
6.325,-2.69382e-05,0.000222619,-5.66551e-05,7.78178e-05,-0.000587415
6.326,-2.67158e-05,0.000222088,-5.65773e-05,7.77689e-05,-0.000586529
6.327,-2.6494e-05,0.000221558,-5.64996e-05,7.772e-05,-0.000585644
6.328,-2.62727e-05,0.000221028,-5.64219e-05,7.7671e-05,-0.00058476
6.329,-2.60519e-05,0.0002205,-5.63442e-05,7.76219e-05,-0.000583876
6.33,-2.58317e-05,0.000219972,-5.62666e-05,7.75727e-05,-0.000582993
6.331,-2.5612e-05,0.000219445,-5.61891e-05,7.75234e-05,-0.000582111
6.332,-2.53928e-05,0.000218919,-5.61116e-05,7.7474e-05,-0.00058123
6.333,-2.51741e-05,0.000218394,-5.60341e-05,7.74246e-05,-0.000580349
6.334,-2.4956e-05,0.000217869,-5.59567e-05,7.7375e-05,-0.000579469
6.335,-2.47384e-05,0.000217345,-5.58794e-05,7.73254e-05,-0.00057859
6.336,-2.45213e-05,0.000216822,-5.58021e-05,7.72756e-05,-0.000577712
6.337,-2.43048e-05,0.0002163,-5.57248e-05,7.72258e-05,-0.000576834
6.338,-2.40887e-05,0.000215779,-5.56476e-05,7.71759e-05,-0.000575957
6.339,-2.38732e-05,0.000215258,-5.55705e-05,7.71259e-05,-0.00057508
6.34,-2.36582e-05,0.000214739,-5.54934e-05,7.70758e-05,-0.000574205
6.341,-2.34437e-05,0.00021422,-5.54163e-05,7.70257e-05,-0.00057333
6.342,-2.32298e-05,0.000213702,-5.53393e-05,7.69754e-05,-0.000572456
6.343,-2.30163e-05,0.000213184,-5.52624e-05,7.69251e-05,-0.000571583
6.344,-2.28034e-05,0.000212668,-5.51855e-05,7.68747e-05,-0.00057071
6.345,-2.2591e-05,0.000212152,-5.51086e-05,7.68242e-05,-0.000569838
6.346,-2.23791e-05,0.000211637,-5.50318e-05,7.67736e-05,-0.000568967
6.347,-2.21677e-05,0.000211123,-5.49551e-05,7.67229e-05,-0.000568096
6.348,-2.19568e-05,0.00021061,-5.48784e-05,7.66721e-05,-0.000567227
6.349,-2.17465e-05,0.000210097,-5.48017e-05,7.66213e-05,-0.000566358
6.35,-2.15366e-05,0.000209585,-5.47252e-05,7.65704e-05,-0.000565489
6.351,-2.13273e-05,0.000209074,-5.46486e-05,7.65193e-05,-0.000564622
6.352,-2.11185e-05,0.000208564,-5.45721e-05,7.64683e-05,-0.000563755
6.353,-2.09102e-05,0.000208055,-5.44957e-05,7.64171e-05,-0.000562889
6.354,-2.07024e-05,0.000207546,-5.44193e-05,7.63658e-05,-0.000562024
6.355,-2.04951e-05,0.000207038,-5.43429e-05,7.63145e-05,-0.000561159
6.356,-2.02883e-05,0.000206531,-5.42667e-05,7.62631e-05,-0.000560295
6.357,-2.0082e-05,0.000206025,-5.41904e-05,7.62116e-05,-0.000559432
6.358,-1.98763e-05,0.00020552,-5.41142e-05,7.616e-05,-0.00055857
6.359,-1.9671e-05,0.000205015,-5.40381e-05,7.61084e-05,-0.000557708
6.36,-1.94662e-05,0.000204511,-5.3962e-05,7.60566e-05,-0.000556848
6.361,-1.9262e-05,0.000204008,-5.3886e-05,7.60048e-05,-0.000555987
6.362,-1.90582e-05,0.000203506,-5.381e-05,7.59529e-05,-0.000555128
6.363,-1.8855e-05,0.000203004,-5.37341e-05,7.59009e-05,-0.000554269
6.364,-1.86522e-05,0.000202503,-5.36582e-05,7.58489e-05,-0.000553412
6.365,-1.845e-05,0.000202004,-5.35824e-05,7.57968e-05,-0.000552554
6.366,-1.82482e-05,0.000201504,-5.35066e-05,7.57446e-05,-0.000551698
6.367,-1.80469e-05,0.000201006,-5.34309e-05,7.56923e-05,-0.000550842
6.368,-1.78462e-05,0.000200508,-5.33552e-05,7.56399e-05,-0.000549987
6.369,-1.76459e-05,0.000200012,-5.32796e-05,7.55875e-05,-0.000549133
6.37,-1.74462e-05,0.000199515,-5.32041e-05,7.5535e-05,-0.00054828
6.371,-1.72469e-05,0.00019902,-5.31285e-05,7.54824e-05,-0.000547427
6.372,-1.70481e-05,0.000198526,-5.30531e-05,7.54298e-05,-0.000546575
6.373,-1.68498e-05,0.000198032,-5.29777e-05,7.5377e-05,-0.000545724
6.374,-1.66521e-05,0.000197539,-5.29023e-05,7.53242e-05,-0.000544874
6.375,-1.64548e-05,0.000197047,-5.2827e-05,7.52714e-05,-0.000544024
6.376,-1.6258e-05,0.000196555,-5.27518e-05,7.52184e-05,-0.000543175
6.377,-1.60617e-05,0.000196065,-5.26766e-05,7.51654e-05,-0.000542327
6.378,-1.58658e-05,0.000195575,-5.26015e-05,7.51123e-05,-0.000541479
6.379,-1.56705e-05,0.000195086,-5.25264e-05,7.50591e-05,-0.000540633
6.38,-1.54757e-05,0.000194598,-5.24513e-05,7.50059e-05,-0.000539787
6.381,-1.52813e-05,0.00019411,-5.23764e-05,7.49526e-05,-0.000538942
6.382,-1.50874e-05,0.000193623,-5.23014e-05,7.48992e-05,-0.000538097
6.383,-1.48941e-05,0.000193137,-5.22266e-05,7.48457e-05,-0.000537253
6.384,-1.47012e-05,0.000192652,-5.21517e-05,7.47922e-05,-0.00053641
6.385,-1.45088e-05,0.000192168,-5.2077e-05,7.47386e-05,-0.000535568
6.386,-1.43168e-05,0.000191684,-5.20023e-05,7.46849e-05,-0.000534727
6.387,-1.41254e-05,0.000191201,-5.19276e-05,7.46312e-05,-0.000533886
6.388,-1.39344e-05,0.000190719,-5.1853e-05,7.45774e-05,-0.000533046
6.389,-1.37439e-05,0.000190238,-5.17785e-05,7.45235e-05,-0.000532207
6.39,-1.3554e-05,0.000189757,-5.1704e-05,7.44696e-05,-0.000531369
6.391,-1.33644e-05,0.000189277,-5.16295e-05,7.44156e-05,-0.000530531
6.392,-1.31754e-05,0.000188798,-5.15551e-05,7.43615e-05,-0.000529694
6.393,-1.29868e-05,0.00018832,-5.14808e-05,7.43074e-05,-0.000528858
6.394,-1.27988e-05,0.000187842,-5.14065e-05,7.42531e-05,-0.000528022
6.395,-1.26112e-05,0.000187365,-5.13323e-05,7.41989e-05,-0.000527188
6.396,-1.2424e-05,0.000186889,-5.12581e-05,7.41445e-05,-0.000526354
6.397,-1.22374e-05,0.000186414,-5.1184e-05,7.40901e-05,-0.000525521
6.398,-1.20512e-05,0.00018594,-5.11099e-05,7.40356e-05,-0.000524688
6.399,-1.18655e-05,0.000185466,-5.10359e-05,7.39811e-05,-0.000523857
6.4,-1.16803e-05,0.000184993,-5.0962e-05,7.39265e-05,-0.000523026
6.401,-1.14955e-05,0.000184521,-5.08881e-05,7.38718e-05,-0.000522196
6.402,-1.13112e-05,0.000184049,-5.08142e-05,7.38171e-05,-0.000521366
6.403,-1.11274e-05,0.000183578,-5.07404e-05,7.37623e-05,-0.000520538
6.404,-1.09441e-05,0.000183108,-5.06667e-05,7.37074e-05,-0.00051971
6.405,-1.07612e-05,0.000182639,-5.0593e-05,7.36525e-05,-0.000518883
6.406,-1.05788e-05,0.000182171,-5.05194e-05,7.35975e-05,-0.000518056
6.407,-1.03969e-05,0.000181703,-5.04458e-05,7.35424e-05,-0.000517231
6.408,-1.02154e-05,0.000181236,-5.03723e-05,7.34873e-05,-0.000516406
6.409,-1.00344e-05,0.00018077,-5.02989e-05,7.34321e-05,-0.000515582
6.41,-9.85384e-06,0.000180304,-5.02255e-05,7.33769e-05,-0.000514759
6.411,-9.67377e-06,0.00017984,-5.01521e-05,7.33216e-05,-0.000513936
6.412,-9.49416e-06,0.000179376,-5.00788e-05,7.32662e-05,-0.000513115
6.413,-9.31502e-06,0.000178913,-5.00056e-05,7.32108e-05,-0.000512294
6.414,-9.13634e-06,0.00017845,-4.99324e-05,7.31553e-05,-0.000511473
6.415,-8.95812e-06,0.000177988,-4.98593e-05,7.30998e-05,-0.000510654
6.416,-8.78036e-06,0.000177528,-4.97862e-05,7.30442e-05,-0.000509835
6.417,-8.60306e-06,0.000177067,-4.97132e-05,7.29885e-05,-0.000509017
6.418,-8.42622e-06,0.000176608,-4.96402e-05,7.29328e-05,-0.0005082
6.419,-8.24984e-06,0.000176149,-4.95673e-05,7.2877e-05,-0.000507383
6.42,-8.07392e-06,0.000175691,-4.94945e-05,7.28212e-05,-0.000506568
6.421,-7.89846e-06,0.000175234,-4.94217e-05,7.27653e-05,-0.000505753
6.422,-7.72346e-06,0.000174777,-4.93489e-05,7.27093e-05,-0.000504939
6.423,-7.54891e-06,0.000174322,-4.92762e-05,7.26533e-05,-0.000504125
6.424,-7.37481e-06,0.000173867,-4.92036e-05,7.25972e-05,-0.000503313
6.425,-7.20117e-06,0.000173412,-4.91311e-05,7.25411e-05,-0.000502501
6.426,-7.02799e-06,0.000172959,-4.90585e-05,7.24849e-05,-0.00050169
6.427,-6.85525e-06,0.000172506,-4.89861e-05,7.24287e-05,-0.00050088
6.428,-6.68297e-06,0.000172054,-4.89137e-05,7.23724e-05,-0.00050007
6.429,-6.51115e-06,0.000171603,-4.88413e-05,7.2316e-05,-0.000499261
6.43,-6.33977e-06,0.000171152,-4.87691e-05,7.22596e-05,-0.000498453
6.431,-6.16884e-06,0.000170702,-4.86968e-05,7.22032e-05,-0.000497646
6.432,-5.99836e-06,0.000170253,-4.86246e-05,7.21466e-05,-0.000496839
6.433,-5.82834e-06,0.000169805,-4.85525e-05,7.20901e-05,-0.000496034
6.434,-5.65875e-06,0.000169357,-4.84805e-05,7.20334e-05,-0.000495229
6.435,-5.48962e-06,0.00016891,-4.84085e-05,7.19768e-05,-0.000494425
6.436,-5.32093e-06,0.000168464,-4.83365e-05,7.192e-05,-0.000493621
6.437,-5.15269e-06,0.000168019,-4.82646e-05,7.18633e-05,-0.000492819
6.438,-4.9849e-06,0.000167574,-4.81928e-05,7.18064e-05,-0.000492017
6.439,-4.81754e-06,0.00016713,-4.8121e-05,7.17495e-05,-0.000491216
6.44,-4.65064e-06,0.000166687,-4.80493e-05,7.16926e-05,-0.000490415
6.441,-4.48417e-06,0.000166244,-4.79776e-05,7.16356e-05,-0.000489616
6.442,-4.31815e-06,0.000165802,-4.7906e-05,7.15785e-05,-0.000488817
6.443,-4.15256e-06,0.000165361,-4.78345e-05,7.15214e-05,-0.000488019
6.444,-3.98742e-06,0.000164921,-4.7763e-05,7.14643e-05,-0.000487221
6.445,-3.82272e-06,0.000164481,-4.76915e-05,7.14071e-05,-0.000486425
6.446,-3.65846e-06,0.000164043,-4.76202e-05,7.13498e-05,-0.000485629
6.447,-3.49464e-06,0.000163604,-4.75488e-05,7.12925e-05,-0.000484834
6.448,-3.33125e-06,0.000163167,-4.74776e-05,7.12352e-05,-0.00048404
6.449,-3.1683e-06,0.00016273,-4.74064e-05,7.11778e-05,-0.000483247
6.45,-3.00579e-06,0.000162294,-4.73352e-05,7.11203e-05,-0.000482454
6.451,-2.84371e-06,0.000161859,-4.72641e-05,7.10628e-05,-0.000481662
6.452,-2.68207e-06,0.000161425,-4.71931e-05,7.10053e-05,-0.000480871
6.453,-2.52086e-06,0.000160991,-4.71221e-05,7.09477e-05,-0.000480081
6.454,-2.36009e-06,0.000160558,-4.70512e-05,7.08901e-05,-0.000479291
6.455,-2.19975e-06,0.000160125,-4.69803e-05,7.08324e-05,-0.000478502
6.456,-2.03984e-06,0.000159694,-4.69095e-05,7.07746e-05,-0.000477714
6.457,-1.88036e-06,0.000159263,-4.68388e-05,7.07169e-05,-0.000476927
6.458,-1.72131e-06,0.000158832,-4.67681e-05,7.0659e-05,-0.00047614
6.459,-1.5627e-06,0.000158403,-4.66975e-05,7.06011e-05,-0.000475355
6.46,-1.40451e-06,0.000157974,-4.66269e-05,7.05432e-05,-0.00047457
6.461,-1.24675e-06,0.000157546,-4.65564e-05,7.04852e-05,-0.000473786
6.462,-1.08941e-06,0.000157119,-4.64859e-05,7.04272e-05,-0.000473002
6.463,-9.32509e-07,0.000156692,-4.64155e-05,7.03692e-05,-0.00047222
6.464,-7.7603e-07,0.000156266,-4.63452e-05,7.03111e-05,-0.000471438
6.465,-6.19977e-07,0.000155841,-4.62749e-05,7.02529e-05,-0.000470657
6.466,-4.64348e-07,0.000155416,-4.62047e-05,7.01947e-05,-0.000469876
6.467,-3.09144e-07,0.000154992,-4.61345e-05,7.01365e-05,-0.000469097
6.468,-1.54363e-07,0.000154569,-4.60644e-05,7.00782e-05,-0.000468318
6.469,-4.90154e-12,0.000154147,-4.59944e-05,7.00199e-05,-0.00046754
6.47,1.53931e-07,0.000153725,-4.59244e-05,6.99615e-05,-0.000466763
6.471,3.07446e-07,0.000153304,-4.58544e-05,6.99031e-05,-0.000465986
6.472,4.6054e-07,0.000152884,-4.57846e-05,6.98446e-05,-0.000465211
6.473,6.13215e-07,0.000152465,-4.57148e-05,6.97861e-05,-0.000464436
6.474,7.6547e-07,0.000152046,-4.5645e-05,6.97276e-05,-0.000463662
6.475,9.17306e-07,0.000151628,-4.55753e-05,6.9669e-05,-0.000462888
6.476,1.06873e-06,0.00015121,-4.55057e-05,6.96104e-05,-0.000462116
6.477,1.21973e-06,0.000150793,-4.54361e-05,6.95517e-05,-0.000461344
6.478,1.37031e-06,0.000150377,-4.53666e-05,6.9493e-05,-0.000460573
6.479,1.52048e-06,0.000149962,-4.52971e-05,6.94343e-05,-0.000459803
6.48,1.67024e-06,0.000149547,-4.52277e-05,6.93755e-05,-0.000459033
6.481,1.81958e-06,0.000149133,-4.51583e-05,6.93167e-05,-0.000458264
6.482,1.9685e-06,0.00014872,-4.50891e-05,6.92578e-05,-0.000457497
6.483,2.11702e-06,0.000148308,-4.50198e-05,6.91989e-05,-0.000456729
6.484,2.26512e-06,0.000147896,-4.49507e-05,6.914e-05,-0.000455963
6.485,2.41281e-06,0.000147485,-4.48815e-05,6.9081e-05,-0.000455197
6.486,2.56009e-06,0.000147074,-4.48125e-05,6.90219e-05,-0.000454433
6.487,2.70696e-06,0.000146665,-4.47435e-05,6.89629e-05,-0.000453669
6.488,2.85342e-06,0.000146255,-4.46746e-05,6.89038e-05,-0.000452905
6.489,2.99947e-06,0.000145847,-4.46057e-05,6.88446e-05,-0.000452143
6.49,3.14511e-06,0.000145439,-4.45369e-05,6.87855e-05,-0.000451381
6.491,3.29035e-06,0.000145033,-4.44681e-05,6.87263e-05,-0.00045062
6.492,3.43518e-06,0.000144626,-4.43994e-05,6.8667e-05,-0.00044986
6.493,3.5796e-06,0.000144221,-4.43308e-05,6.86077e-05,-0.0004491
6.494,3.72362e-06,0.000143816,-4.42622e-05,6.85484e-05,-0.000448342
6.495,3.86723e-06,0.000143412,-4.41937e-05,6.8489e-05,-0.000447584
6.496,4.01044e-06,0.000143008,-4.41252e-05,6.84296e-05,-0.000446827
6.497,4.15325e-06,0.000142605,-4.40568e-05,6.83702e-05,-0.000446071
6.498,4.29566e-06,0.000142203,-4.39885e-05,6.83107e-05,-0.000445315
6.499,4.43766e-06,0.000141802,-4.39202e-05,6.82512e-05,-0.00044456
6.5,4.57926e-06,0.000141401,-4.3852e-05,6.81917e-05,-0.000443806
6.501,4.72046e-06,0.000141001,-4.37838e-05,6.81321e-05,-0.000443053
6.502,4.86126e-06,0.000140601,-4.37157e-05,6.80725e-05,-0.000442301
6.503,5.00166e-06,0.000140203,-4.36477e-05,6.80129e-05,-0.000441549
6.504,5.14167e-06,0.000139805,-4.35797e-05,6.79532e-05,-0.000440798
6.505,5.28127e-06,0.000139407,-4.35118e-05,6.78935e-05,-0.000440048
6.506,5.42048e-06,0.000139011,-4.34439e-05,6.78338e-05,-0.000439299
6.507,5.5593e-06,0.000138615,-4.33761e-05,6.7774e-05,-0.00043855
6.508,5.69771e-06,0.00013822,-4.33084e-05,6.77142e-05,-0.000437803
6.509,5.83573e-06,0.000137825,-4.32407e-05,6.76543e-05,-0.000437056
6.51,5.97336e-06,0.000137431,-4.31731e-05,6.75945e-05,-0.000436309
6.511,6.1106e-06,0.000137038,-4.31055e-05,6.75346e-05,-0.000435564
6.512,6.24744e-06,0.000136645,-4.3038e-05,6.74746e-05,-0.000434819
6.513,6.38389e-06,0.000136253,-4.29705e-05,6.74147e-05,-0.000434076
6.514,6.51995e-06,0.000135862,-4.29032e-05,6.73547e-05,-0.000433332
6.515,6.65561e-06,0.000135472,-4.28358e-05,6.72946e-05,-0.00043259
6.516,6.79089e-06,0.000135082,-4.27686e-05,6.72346e-05,-0.000431849
6.517,6.92578e-06,0.000134693,-4.27014e-05,6.71745e-05,-0.000431108
6.518,7.06027e-06,0.000134304,-4.26342e-05,6.71144e-05,-0.000430368
6.519,7.19438e-06,0.000133916,-4.25671e-05,6.70542e-05,-0.000429629
6.52,7.32811e-06,0.000133529,-4.25001e-05,6.6994e-05,-0.00042889
6.521,7.46144e-06,0.000133143,-4.24332e-05,6.69338e-05,-0.000428153
6.522,7.59439e-06,0.000132757,-4.23662e-05,6.68736e-05,-0.000427416
6.523,7.72696e-06,0.000132372,-4.22994e-05,6.68133e-05,-0.00042668
6.524,7.85914e-06,0.000131987,-4.22326e-05,6.6753e-05,-0.000425944
6.525,7.99093e-06,0.000131603,-4.21659e-05,6.66927e-05,-0.00042521
6.526,8.12234e-06,0.00013122,-4.20992e-05,6.66323e-05,-0.000424476
6.527,8.25337e-06,0.000130838,-4.20326e-05,6.6572e-05,-0.000423743
6.528,8.38402e-06,0.000130456,-4.19661e-05,6.65116e-05,-0.000423011
6.529,8.51428e-06,0.000130075,-4.18996e-05,6.64511e-05,-0.000422279
6.53,8.64417e-06,0.000129694,-4.18332e-05,6.63907e-05,-0.000421549
6.531,8.77367e-06,0.000129314,-4.17668e-05,6.63302e-05,-0.000420819
6.532,8.9028e-06,0.000128935,-4.17005e-05,6.62696e-05,-0.00042009
6.533,9.03154e-06,0.000128557,-4.16343e-05,6.62091e-05,-0.000419361
6.534,9.15991e-06,0.000128179,-4.15681e-05,6.61485e-05,-0.000418634
6.535,9.2879e-06,0.000127802,-4.1502e-05,6.60879e-05,-0.000417907
6.536,9.41552e-06,0.000127425,-4.14359e-05,6.60273e-05,-0.000417181
6.537,9.54275e-06,0.000127049,-4.13699e-05,6.59667e-05,-0.000416456
6.538,9.66961e-06,0.000126674,-4.1304e-05,6.5906e-05,-0.000415731
6.539,9.7961e-06,0.0001263,-4.12381e-05,6.58453e-05,-0.000415008
6.54,9.92221e-06,0.000125926,-4.11723e-05,6.57846e-05,-0.000414285
6.541,1.0048e-05,0.000125553,-4.11066e-05,6.57238e-05,-0.000413563
6.542,1.01733e-05,0.00012518,-4.10409e-05,6.56631e-05,-0.000412841
6.543,1.02983e-05,0.000124808,-4.09752e-05,6.56023e-05,-0.000412121
6.544,1.04229e-05,0.000124437,-4.09097e-05,6.55415e-05,-0.000411401
6.545,1.05472e-05,0.000124066,-4.08442e-05,6.54806e-05,-0.000410682
6.546,1.06711e-05,0.000123696,-4.07787e-05,6.54197e-05,-0.000409964
6.547,1.07946e-05,0.000123327,-4.07133e-05,6.53589e-05,-0.000409246
6.548,1.09177e-05,0.000122959,-4.0648e-05,6.5298e-05,-0.00040853
6.549,1.10405e-05,0.000122591,-4.05827e-05,6.5237e-05,-0.000407814
6.55,1.11629e-05,0.000122223,-4.05175e-05,6.51761e-05,-0.000407099
6.551,1.12849e-05,0.000121857,-4.04524e-05,6.51151e-05,-0.000406384
6.552,1.14066e-05,0.000121491,-4.03873e-05,6.50541e-05,-0.000405671
6.553,1.15279e-05,0.000121125,-4.03223e-05,6.49931e-05,-0.000404958
6.554,1.16489e-05,0.000120761,-4.02573e-05,6.4932e-05,-0.000404246
6.555,1.17694e-05,0.000120396,-4.01924e-05,6.4871e-05,-0.000403535
6.556,1.18897e-05,0.000120033,-4.01276e-05,6.48099e-05,-0.000402824
6.557,1.20095e-05,0.00011967,-4.00628e-05,6.47488e-05,-0.000402115
6.558,1.2129e-05,0.000119308,-3.99981e-05,6.46876e-05,-0.000401406
6.559,1.22481e-05,0.000118947,-3.99334e-05,6.46265e-05,-0.000400698
6.56,1.23669e-05,0.000118586,-3.98688e-05,6.45653e-05,-0.00039999
6.561,1.24853e-05,0.000118226,-3.98043e-05,6.45042e-05,-0.000399284
6.562,1.26033e-05,0.000117866,-3.97398e-05,6.44429e-05,-0.000398578
6.563,1.2721e-05,0.000117507,-3.96754e-05,6.43817e-05,-0.000397873
6.564,1.28384e-05,0.000117149,-3.9611e-05,6.43205e-05,-0.000397169
6.565,1.29553e-05,0.000116791,-3.95467e-05,6.42592e-05,-0.000396465
6.566,1.30719e-05,0.000116434,-3.94825e-05,6.41979e-05,-0.000395762
6.567,1.31882e-05,0.000116078,-3.94183e-05,6.41366e-05,-0.00039506
6.568,1.33041e-05,0.000115722,-3.93542e-05,6.40753e-05,-0.000394359
6.569,1.34196e-05,0.000115367,-3.92902e-05,6.4014e-05,-0.000393659
6.57,1.35348e-05,0.000115013,-3.92262e-05,6.39526e-05,-0.000392959
6.571,1.36497e-05,0.000114659,-3.91623e-05,6.38913e-05,-0.00039226
6.572,1.37642e-05,0.000114306,-3.90984e-05,6.38299e-05,-0.000391562
6.573,1.38783e-05,0.000113953,-3.90346e-05,6.37685e-05,-0.000390865
6.574,1.39921e-05,0.000113601,-3.89709e-05,6.37071e-05,-0.000390169
6.575,1.41055e-05,0.00011325,-3.89072e-05,6.36456e-05,-0.000389473
6.576,1.42186e-05,0.000112899,-3.88436e-05,6.35842e-05,-0.000388778
6.577,1.43313e-05,0.000112549,-3.87801e-05,6.35227e-05,-0.000388084
6.578,1.44437e-05,0.0001122,-3.87166e-05,6.34612e-05,-0.00038739
6.579,1.45557e-05,0.000111851,-3.86531e-05,6.33997e-05,-0.000386698
6.58,1.46674e-05,0.000111503,-3.85898e-05,6.33382e-05,-0.000386006
6.581,1.47787e-05,0.000111155,-3.85265e-05,6.32767e-05,-0.000385315
6.582,1.48897e-05,0.000110809,-3.84632e-05,6.32151e-05,-0.000384624
6.583,1.50003e-05,0.000110462,-3.84e-05,6.31536e-05,-0.000383935
6.584,1.51106e-05,0.000110117,-3.83369e-05,6.3092e-05,-0.000383246
6.585,1.52205e-05,0.000109772,-3.82738e-05,6.30304e-05,-0.000382558
6.586,1.53301e-05,0.000109427,-3.82108e-05,6.29688e-05,-0.000381871
6.587,1.54394e-05,0.000109084,-3.81479e-05,6.29072e-05,-0.000381185
6.588,1.55483e-05,0.000108741,-3.8085e-05,6.28455e-05,-0.000380499
6.589,1.56569e-05,0.000108398,-3.80222e-05,6.27839e-05,-0.000379814
6.59,1.57651e-05,0.000108056,-3.79595e-05,6.27222e-05,-0.00037913
6.591,1.5873e-05,0.000107715,-3.78968e-05,6.26606e-05,-0.000378447
6.592,1.59805e-05,0.000107374,-3.78341e-05,6.25989e-05,-0.000377764
6.593,1.60877e-05,0.000107034,-3.77716e-05,6.25372e-05,-0.000377082
6.594,1.61946e-05,0.000106695,-3.77091e-05,6.24755e-05,-0.000376401
6.595,1.63011e-05,0.000106356,-3.76466e-05,6.24138e-05,-0.000375721
6.596,1.64073e-05,0.000106018,-3.75842e-05,6.2352e-05,-0.000375041
6.597,1.65132e-05,0.000105681,-3.75219e-05,6.22903e-05,-0.000374363
6.598,1.66187e-05,0.000105344,-3.74597e-05,6.22285e-05,-0.000373685
6.599,1.67239e-05,0.000105007,-3.73975e-05,6.21668e-05,-0.000373008
6.6,1.68287e-05,0.000104672,-3.73353e-05,6.2105e-05,-0.000372331
6.601,1.69332e-05,0.000104337,-3.72732e-05,6.20432e-05,-0.000371655
6.602,1.70374e-05,0.000104002,-3.72112e-05,6.19814e-05,-0.000370981
6.603,1.71412e-05,0.000103668,-3.71493e-05,6.19196e-05,-0.000370307
6.604,1.72447e-05,0.000103335,-3.70874e-05,6.18578e-05,-0.000369633
6.605,1.73479e-05,0.000103003,-3.70256e-05,6.17959e-05,-0.000368961
6.606,1.74507e-05,0.000102671,-3.69638e-05,6.17341e-05,-0.000368289
6.607,1.75532e-05,0.000102339,-3.69021e-05,6.16722e-05,-0.000367618
6.608,1.76554e-05,0.000102008,-3.68405e-05,6.16104e-05,-0.000366948
6.609,1.77572e-05,0.000101678,-3.67789e-05,6.15485e-05,-0.000366278
6.61,1.78587e-05,0.000101349,-3.67174e-05,6.14866e-05,-0.00036561
6.611,1.79599e-05,0.00010102,-3.66559e-05,6.14247e-05,-0.000364942
6.612,1.80608e-05,0.000100691,-3.65945e-05,6.13628e-05,-0.000364274
6.613,1.81613e-05,0.000100364,-3.65332e-05,6.13009e-05,-0.000363608
6.614,1.82615e-05,0.000100036,-3.64719e-05,6.1239e-05,-0.000362942
6.615,1.83614e-05,9.971e-05,-3.64107e-05,6.11771e-05,-0.000362278
6.616,1.84609e-05,9.9384e-05,-3.63496e-05,6.11152e-05,-0.000361613
6.617,1.85602e-05,9.90587e-05,-3.62885e-05,6.10532e-05,-0.00036095
6.618,1.86591e-05,9.8734e-05,-3.62275e-05,6.09913e-05,-0.000360288
6.619,1.87576e-05,9.84099e-05,-3.61665e-05,6.09293e-05,-0.000359626
6.62,1.88559e-05,9.80864e-05,-3.61056e-05,6.08674e-05,-0.000358965
6.621,1.89538e-05,9.77635e-05,-3.60448e-05,6.08054e-05,-0.000358305
6.622,1.90514e-05,9.74411e-05,-3.5984e-05,6.07434e-05,-0.000357645
6.623,1.91487e-05,9.71194e-05,-3.59233e-05,6.06815e-05,-0.000356986
6.624,1.92456e-05,9.67983e-05,-3.58626e-05,6.06195e-05,-0.000356329
6.625,1.93423e-05,9.64778e-05,-3.5802e-05,6.05575e-05,-0.000355671
6.626,1.94386e-05,9.61579e-05,-3.57415e-05,6.04955e-05,-0.000355015
6.627,1.95346e-05,9.58385e-05,-3.5681e-05,6.04335e-05,-0.000354359
6.628,1.96303e-05,9.55198e-05,-3.56206e-05,6.03715e-05,-0.000353704
6.629,1.97256e-05,9.52017e-05,-3.55603e-05,6.03095e-05,-0.00035305
6.63,1.98207e-05,9.48841e-05,-3.55e-05,6.02475e-05,-0.000352397
6.631,1.99154e-05,9.45672e-05,-3.54398e-05,6.01854e-05,-0.000351744
6.632,2.00098e-05,9.42508e-05,-3.53796e-05,6.01234e-05,-0.000351093
6.633,2.01039e-05,9.39351e-05,-3.53196e-05,6.00614e-05,-0.000350442
6.634,2.01977e-05,9.36199e-05,-3.52595e-05,5.99993e-05,-0.000349791
6.635,2.02911e-05,9.33053e-05,-3.51996e-05,5.99373e-05,-0.000349142
6.636,2.03843e-05,9.29913e-05,-3.51397e-05,5.98752e-05,-0.000348493
6.637,2.04771e-05,9.26779e-05,-3.50798e-05,5.98132e-05,-0.000347845
6.638,2.05696e-05,9.23651e-05,-3.502e-05,5.97511e-05,-0.000347198
6.639,2.06619e-05,9.20529e-05,-3.49603e-05,5.96891e-05,-0.000346551
6.64,2.07538e-05,9.17412e-05,-3.49006e-05,5.9627e-05,-0.000345906
6.641,2.08453e-05,9.14302e-05,-3.48411e-05,5.9565e-05,-0.000345261
6.642,2.09366e-05,9.11197e-05,-3.47815e-05,5.95029e-05,-0.000344617
6.643,2.10276e-05,9.08098e-05,-3.4722e-05,5.94408e-05,-0.000343973
6.644,2.11182e-05,9.05005e-05,-3.46626e-05,5.93788e-05,-0.000343331
6.645,2.12086e-05,9.01918e-05,-3.46033e-05,5.93167e-05,-0.000342689
6.646,2.12986e-05,8.98837e-05,-3.4544e-05,5.92546e-05,-0.000342048
6.647,2.13883e-05,8.95761e-05,-3.44848e-05,5.91926e-05,-0.000341407
6.648,2.14778e-05,8.92692e-05,-3.44256e-05,5.91305e-05,-0.000340768
6.649,2.15669e-05,8.89628e-05,-3.43665e-05,5.90684e-05,-0.000340129
6.65,2.16557e-05,8.8657e-05,-3.43075e-05,5.90063e-05,-0.000339491
6.651,2.17442e-05,8.83518e-05,-3.42485e-05,5.89442e-05,-0.000338854
6.652,2.18324e-05,8.80471e-05,-3.41896e-05,5.88822e-05,-0.000338217
6.653,2.19203e-05,8.7743e-05,-3.41307e-05,5.88201e-05,-0.000337581
6.654,2.20079e-05,8.74395e-05,-3.4072e-05,5.8758e-05,-0.000336946
6.655,2.20952e-05,8.71366e-05,-3.40132e-05,5.86959e-05,-0.000336312
6.656,2.21822e-05,8.68343e-05,-3.39546e-05,5.86338e-05,-0.000335679
6.657,2.22688e-05,8.65325e-05,-3.3896e-05,5.85717e-05,-0.000335046
6.658,2.23552e-05,8.62313e-05,-3.38374e-05,5.85097e-05,-0.000334414
6.659,2.24413e-05,8.59307e-05,-3.37789e-05,5.84476e-05,-0.000333783
6.66,2.25271e-05,8.56307e-05,-3.37205e-05,5.83855e-05,-0.000333152
6.661,2.26126e-05,8.53312e-05,-3.36622e-05,5.83234e-05,-0.000332522
6.662,2.26978e-05,8.50323e-05,-3.36039e-05,5.82613e-05,-0.000331894
6.663,2.27826e-05,8.4734e-05,-3.35456e-05,5.81993e-05,-0.000331265
6.664,2.28672e-05,8.44362e-05,-3.34875e-05,5.81372e-05,-0.000330638
6.665,2.29515e-05,8.4139e-05,-3.34294e-05,5.80751e-05,-0.000330011
6.666,2.30355e-05,8.38424e-05,-3.33713e-05,5.8013e-05,-0.000329385
6.667,2.31192e-05,8.35464e-05,-3.33133e-05,5.7951e-05,-0.00032876
6.668,2.32026e-05,8.32509e-05,-3.32554e-05,5.78889e-05,-0.000328136
6.669,2.32857e-05,8.2956e-05,-3.31976e-05,5.78268e-05,-0.000327512
6.67,2.33685e-05,8.26616e-05,-3.31398e-05,5.77647e-05,-0.000326889
6.671,2.3451e-05,8.23678e-05,-3.3082e-05,5.77027e-05,-0.000326267
6.672,2.35332e-05,8.20746e-05,-3.30244e-05,5.76406e-05,-0.000325646
6.673,2.36152e-05,8.17819e-05,-3.29668e-05,5.75786e-05,-0.000325025
6.674,2.36968e-05,8.14898e-05,-3.29092e-05,5.75165e-05,-0.000324405
6.675,2.37781e-05,8.11983e-05,-3.28517e-05,5.74544e-05,-0.000323786
6.676,2.38592e-05,8.09073e-05,-3.27943e-05,5.73924e-05,-0.000323168
6.677,2.394e-05,8.06169e-05,-3.27369e-05,5.73303e-05,-0.00032255
6.678,2.40204e-05,8.03271e-05,-3.26796e-05,5.72683e-05,-0.000321934
6.679,2.41006e-05,8.00378e-05,-3.26224e-05,5.72063e-05,-0.000321317
6.68,2.41805e-05,7.97491e-05,-3.25652e-05,5.71442e-05,-0.000320702
6.681,2.42601e-05,7.94609e-05,-3.25081e-05,5.70822e-05,-0.000320088
6.682,2.43394e-05,7.91733e-05,-3.24511e-05,5.70202e-05,-0.000319474
6.683,2.44185e-05,7.88862e-05,-3.23941e-05,5.69582e-05,-0.000318861
6.684,2.44972e-05,7.85997e-05,-3.23372e-05,5.68961e-05,-0.000318248
6.685,2.45757e-05,7.83138e-05,-3.22803e-05,5.68341e-05,-0.000317637
6.686,2.46538e-05,7.80284e-05,-3.22235e-05,5.67721e-05,-0.000317026
6.687,2.47317e-05,7.77436e-05,-3.21667e-05,5.67101e-05,-0.000316416
6.688,2.48093e-05,7.74593e-05,-3.21101e-05,5.66481e-05,-0.000315807
6.689,2.48866e-05,7.71756e-05,-3.20534e-05,5.65861e-05,-0.000315198
6.69,2.49637e-05,7.68924e-05,-3.19969e-05,5.65241e-05,-0.00031459
6.691,2.50404e-05,7.66098e-05,-3.19404e-05,5.64622e-05,-0.000313983
6.692,2.51169e-05,7.63277e-05,-3.1884e-05,5.64002e-05,-0.000313377
6.693,2.51931e-05,7.60462e-05,-3.18276e-05,5.63382e-05,-0.000312772
6.694,2.5269e-05,7.57652e-05,-3.17713e-05,5.62762e-05,-0.000312167
6.695,2.53446e-05,7.54848e-05,-3.1715e-05,5.62143e-05,-0.000311563
6.696,2.542e-05,7.52049e-05,-3.16589e-05,5.61523e-05,-0.000310959
6.697,2.5495e-05,7.49256e-05,-3.16027e-05,5.60904e-05,-0.000310357
6.698,2.55698e-05,7.46468e-05,-3.15467e-05,5.60285e-05,-0.000309755
6.699,2.56443e-05,7.43686e-05,-3.14907e-05,5.59665e-05,-0.000309154
6.7,2.57185e-05,7.40909e-05,-3.14347e-05,5.59046e-05,-0.000308554
6.701,2.57925e-05,7.38137e-05,-3.13789e-05,5.58427e-05,-0.000307954
6.702,2.58662e-05,7.35371e-05,-3.13231e-05,5.57808e-05,-0.000307355
6.703,2.59396e-05,7.32611e-05,-3.12673e-05,5.57189e-05,-0.000306757
6.704,2.60127e-05,7.29856e-05,-3.12116e-05,5.5657e-05,-0.00030616
6.705,2.60855e-05,7.27106e-05,-3.1156e-05,5.55951e-05,-0.000305563
6.706,2.61581e-05,7.24362e-05,-3.11004e-05,5.55333e-05,-0.000304968
6.707,2.62304e-05,7.21623e-05,-3.10449e-05,5.54714e-05,-0.000304373
6.708,2.63024e-05,7.18889e-05,-3.09895e-05,5.54095e-05,-0.000303778
6.709,2.63742e-05,7.16161e-05,-3.09341e-05,5.53477e-05,-0.000303185
6.71,2.64457e-05,7.13439e-05,-3.08788e-05,5.52858e-05,-0.000302592
6.711,2.65169e-05,7.10721e-05,-3.08235e-05,5.5224e-05,-0.000302
6.712,2.65878e-05,7.08009e-05,-3.07683e-05,5.51622e-05,-0.000301408
6.713,2.66585e-05,7.05303e-05,-3.07132e-05,5.51004e-05,-0.000300818
6.714,2.67289e-05,7.02601e-05,-3.06581e-05,5.50386e-05,-0.000300228
6.715,2.6799e-05,6.99905e-05,-3.06031e-05,5.49768e-05,-0.000299639
6.716,2.68689e-05,6.97215e-05,-3.05482e-05,5.4915e-05,-0.00029905
6.717,2.69384e-05,6.9453e-05,-3.04933e-05,5.48532e-05,-0.000298463
6.718,2.70078e-05,6.9185e-05,-3.04385e-05,5.47915e-05,-0.000297876
6.719,2.70768e-05,6.89175e-05,-3.03837e-05,5.47297e-05,-0.00029729
6.72,2.71456e-05,6.86506e-05,-3.0329e-05,5.4668e-05,-0.000296704
6.721,2.72141e-05,6.83842e-05,-3.02744e-05,5.46062e-05,-0.00029612
6.722,2.72824e-05,6.81183e-05,-3.02198e-05,5.45445e-05,-0.000295536
6.723,2.73504e-05,6.7853e-05,-3.01653e-05,5.44828e-05,-0.000294953
6.724,2.74181e-05,6.75882e-05,-3.01109e-05,5.44211e-05,-0.00029437
6.725,2.74855e-05,6.73239e-05,-3.00565e-05,5.43594e-05,-0.000293788
6.726,2.75527e-05,6.70602e-05,-3.00021e-05,5.42977e-05,-0.000293208
6.727,2.76197e-05,6.6797e-05,-2.99479e-05,5.42361e-05,-0.000292627
6.728,2.76863e-05,6.65343e-05,-2.98937e-05,5.41744e-05,-0.000292048
6.729,2.77527e-05,6.62721e-05,-2.98395e-05,5.41128e-05,-0.000291469
6.73,2.78189e-05,6.60104e-05,-2.97854e-05,5.40511e-05,-0.000290891
6.731,2.78847e-05,6.57493e-05,-2.97314e-05,5.39895e-05,-0.000290314
6.732,2.79504e-05,6.54887e-05,-2.96775e-05,5.39279e-05,-0.000289737
6.733,2.80157e-05,6.52286e-05,-2.96236e-05,5.38663e-05,-0.000289161
6.734,2.80808e-05,6.49691e-05,-2.95697e-05,5.38047e-05,-0.000288586
6.735,2.81457e-05,6.47101e-05,-2.9516e-05,5.37432e-05,-0.000288012
6.736,2.82102e-05,6.44516e-05,-2.94622e-05,5.36816e-05,-0.000287439
6.737,2.82746e-05,6.41936e-05,-2.94086e-05,5.36201e-05,-0.000286866
6.738,2.83386e-05,6.39361e-05,-2.9355e-05,5.35585e-05,-0.000286294
6.739,2.84024e-05,6.36791e-05,-2.93015e-05,5.3497e-05,-0.000285722
6.74,2.8466e-05,6.34227e-05,-2.9248e-05,5.34355e-05,-0.000285152
6.741,2.85293e-05,6.31668e-05,-2.91946e-05,5.3374e-05,-0.000284582
6.742,2.85923e-05,6.29114e-05,-2.91413e-05,5.33126e-05,-0.000284013
6.743,2.86551e-05,6.26565e-05,-2.9088e-05,5.32511e-05,-0.000283444
6.744,2.87176e-05,6.24021e-05,-2.90348e-05,5.31896e-05,-0.000282876
6.745,2.87799e-05,6.21483e-05,-2.89816e-05,5.31282e-05,-0.000282309
6.746,2.88419e-05,6.1895e-05,-2.89285e-05,5.30668e-05,-0.000281743
6.747,2.89037e-05,6.16421e-05,-2.88755e-05,5.30054e-05,-0.000281178
6.748,2.89652e-05,6.13898e-05,-2.88225e-05,5.2944e-05,-0.000280613
6.749,2.90265e-05,6.1138e-05,-2.87696e-05,5.28826e-05,-0.000280049
6.75,2.90875e-05,6.08867e-05,-2.87167e-05,5.28212e-05,-0.000279486
6.751,2.91483e-05,6.0636e-05,-2.86639e-05,5.27599e-05,-0.000278923
6.752,2.92088e-05,6.03857e-05,-2.86112e-05,5.26986e-05,-0.000278361
6.753,2.9269e-05,6.01359e-05,-2.85585e-05,5.26372e-05,-0.0002778
6.754,2.9329e-05,5.98867e-05,-2.85059e-05,5.25759e-05,-0.00027724
6.755,2.93888e-05,5.96379e-05,-2.84534e-05,5.25147e-05,-0.00027668
6.756,2.94483e-05,5.93897e-05,-2.84009e-05,5.24534e-05,-0.000276121
6.757,2.95076e-05,5.9142e-05,-2.83485e-05,5.23921e-05,-0.000275563
6.758,2.95666e-05,5.88948e-05,-2.82961e-05,5.23309e-05,-0.000275005
6.759,2.96254e-05,5.8648e-05,-2.82438e-05,5.22697e-05,-0.000274449
6.76,2.96839e-05,5.84018e-05,-2.81916e-05,5.22084e-05,-0.000273893
6.761,2.97422e-05,5.81561e-05,-2.81394e-05,5.21473e-05,-0.000273337
6.762,2.98002e-05,5.79109e-05,-2.80873e-05,5.20861e-05,-0.000272783
6.763,2.9858e-05,5.76662e-05,-2.80352e-05,5.20249e-05,-0.000272229
6.764,2.99155e-05,5.7422e-05,-2.79832e-05,5.19638e-05,-0.000271676
6.765,2.99728e-05,5.71783e-05,-2.79313e-05,5.19027e-05,-0.000271123
6.766,3.00299e-05,5.69351e-05,-2.78794e-05,5.18415e-05,-0.000270572
6.767,3.00867e-05,5.66924e-05,-2.78276e-05,5.17804e-05,-0.000270021
6.768,3.01433e-05,5.64502e-05,-2.77759e-05,5.17194e-05,-0.000269471
6.769,3.01996e-05,5.62085e-05,-2.77242e-05,5.16583e-05,-0.000268921
6.77,3.02557e-05,5.59673e-05,-2.76726e-05,5.15973e-05,-0.000268372
6.771,3.03115e-05,5.57266e-05,-2.7621e-05,5.15362e-05,-0.000267824
6.772,3.03671e-05,5.54864e-05,-2.75695e-05,5.14752e-05,-0.000267277
6.773,3.04225e-05,5.52467e-05,-2.7518e-05,5.14143e-05,-0.00026673
6.774,3.04776e-05,5.50075e-05,-2.74667e-05,5.13533e-05,-0.000266185
6.775,3.05325e-05,5.47688e-05,-2.74153e-05,5.12923e-05,-0.000265639
6.776,3.05872e-05,5.45306e-05,-2.73641e-05,5.12314e-05,-0.000265095
6.777,3.06416e-05,5.42928e-05,-2.73129e-05,5.11705e-05,-0.000264551
6.778,3.06958e-05,5.40556e-05,-2.72617e-05,5.11096e-05,-0.000264008
6.779,3.07497e-05,5.38188e-05,-2.72106e-05,5.10487e-05,-0.000263466
6.78,3.08034e-05,5.35826e-05,-2.71596e-05,5.09878e-05,-0.000262925
6.781,3.08569e-05,5.33468e-05,-2.71087e-05,5.0927e-05,-0.000262384
6.782,3.09101e-05,5.31115e-05,-2.70578e-05,5.08662e-05,-0.000261844
6.783,3.09631e-05,5.28768e-05,-2.70069e-05,5.08054e-05,-0.000261304
6.784,3.10159e-05,5.26425e-05,-2.69562e-05,5.07446e-05,-0.000260766
6.785,3.10684e-05,5.24086e-05,-2.69054e-05,5.06838e-05,-0.000260228
6.786,3.11207e-05,5.21753e-05,-2.68548e-05,5.06231e-05,-0.00025969
6.787,3.11727e-05,5.19425e-05,-2.68042e-05,5.05624e-05,-0.000259154
6.788,3.12246e-05,5.17101e-05,-2.67537e-05,5.05016e-05,-0.000258618
6.789,3.12761e-05,5.14783e-05,-2.67032e-05,5.0441e-05,-0.000258083
6.79,3.13275e-05,5.12469e-05,-2.66528e-05,5.03803e-05,-0.000257549
6.791,3.13786e-05,5.1016e-05,-2.66024e-05,5.03196e-05,-0.000257015
6.792,3.14295e-05,5.07856e-05,-2.65522e-05,5.0259e-05,-0.000256482
6.793,3.14802e-05,5.05557e-05,-2.65019e-05,5.01984e-05,-0.00025595
6.794,3.15307e-05,5.03262e-05,-2.64518e-05,5.01378e-05,-0.000255418
6.795,3.15809e-05,5.00973e-05,-2.64016e-05,5.00773e-05,-0.000254887
6.796,3.16308e-05,4.98688e-05,-2.63516e-05,5.00167e-05,-0.000254357
6.797,3.16806e-05,4.96408e-05,-2.63016e-05,4.99562e-05,-0.000253828
6.798,3.17301e-05,4.94133e-05,-2.62517e-05,4.98957e-05,-0.000253299
6.799,3.17794e-05,4.91862e-05,-2.62018e-05,4.98352e-05,-0.000252771
6.8,3.18285e-05,4.89597e-05,-2.6152e-05,4.97747e-05,-0.000252244
6.801,3.18774e-05,4.87336e-05,-2.61023e-05,4.97143e-05,-0.000251718
6.802,3.1926e-05,4.8508e-05,-2.60526e-05,4.96539e-05,-0.000251192
6.803,3.19744e-05,4.82828e-05,-2.6003e-05,4.95935e-05,-0.000250667
6.804,3.20225e-05,4.80582e-05,-2.59534e-05,4.95331e-05,-0.000250142
6.805,3.20705e-05,4.7834e-05,-2.59039e-05,4.94727e-05,-0.000249619
6.806,3.21182e-05,4.76103e-05,-2.58545e-05,4.94124e-05,-0.000249096
6.807,3.21657e-05,4.7387e-05,-2.58051e-05,4.93521e-05,-0.000248573
6.808,3.2213e-05,4.71643e-05,-2.57558e-05,4.92918e-05,-0.000248052
6.809,3.226e-05,4.6942e-05,-2.57065e-05,4.92315e-05,-0.000247531
6.81,3.23069e-05,4.67202e-05,-2.56573e-05,4.91713e-05,-0.000247011
6.811,3.23535e-05,4.64988e-05,-2.56081e-05,4.91111e-05,-0.000246491
6.812,3.23999e-05,4.6278e-05,-2.55591e-05,4.90509e-05,-0.000245973
6.813,3.2446e-05,4.60575e-05,-2.551e-05,4.89907e-05,-0.000245455
6.814,3.2492e-05,4.58376e-05,-2.54611e-05,4.89306e-05,-0.000244937
6.815,3.25377e-05,4.56181e-05,-2.54122e-05,4.88704e-05,-0.000244421
6.816,3.25832e-05,4.53991e-05,-2.53633e-05,4.88103e-05,-0.000243905
6.817,3.26285e-05,4.51806e-05,-2.53146e-05,4.87502e-05,-0.00024339
6.818,3.26736e-05,4.49625e-05,-2.52658e-05,4.86902e-05,-0.000242875
6.819,3.27184e-05,4.47449e-05,-2.52172e-05,4.86301e-05,-0.000242361
6.82,3.27631e-05,4.45278e-05,-2.51686e-05,4.85701e-05,-0.000241848
6.821,3.28075e-05,4.43111e-05,-2.512e-05,4.85101e-05,-0.000241336
6.822,3.28517e-05,4.40949e-05,-2.50716e-05,4.84501e-05,-0.000240824
6.823,3.28957e-05,4.38792e-05,-2.50231e-05,4.83902e-05,-0.000240313
6.824,3.29394e-05,4.36639e-05,-2.49748e-05,4.83303e-05,-0.000239803
6.825,3.2983e-05,4.34491e-05,-2.49265e-05,4.82704e-05,-0.000239293
6.826,3.30263e-05,4.32347e-05,-2.48782e-05,4.82105e-05,-0.000238784
6.827,3.30695e-05,4.30209e-05,-2.48301e-05,4.81507e-05,-0.000238276
6.828,3.31124e-05,4.28074e-05,-2.47819e-05,4.80908e-05,-0.000237769
6.829,3.31551e-05,4.25944e-05,-2.47339e-05,4.8031e-05,-0.000237262
6.83,3.31976e-05,4.23819e-05,-2.46859e-05,4.79713e-05,-0.000236756
6.831,3.32399e-05,4.21699e-05,-2.46379e-05,4.79115e-05,-0.000236251
6.832,3.32819e-05,4.19583e-05,-2.45901e-05,4.78518e-05,-0.000235746
6.833,3.33238e-05,4.17471e-05,-2.45422e-05,4.77921e-05,-0.000235242
6.834,3.33654e-05,4.15364e-05,-2.44945e-05,4.77324e-05,-0.000234739
6.835,3.34068e-05,4.13262e-05,-2.44468e-05,4.76727e-05,-0.000234236
6.836,3.34481e-05,4.11164e-05,-2.43991e-05,4.76131e-05,-0.000233734
6.837,3.34891e-05,4.09071e-05,-2.43515e-05,4.75535e-05,-0.000233233
6.838,3.35299e-05,4.06982e-05,-2.4304e-05,4.74939e-05,-0.000232732
6.839,3.35705e-05,4.04898e-05,-2.42566e-05,4.74344e-05,-0.000232232
6.84,3.36109e-05,4.02819e-05,-2.42092e-05,4.73749e-05,-0.000231733
6.841,3.3651e-05,4.00744e-05,-2.41618e-05,4.73153e-05,-0.000231235
6.842,3.3691e-05,3.98673e-05,-2.41145e-05,4.72559e-05,-0.000230737
6.843,3.37308e-05,3.96607e-05,-2.40673e-05,4.71964e-05,-0.00023024
6.844,3.37703e-05,3.94545e-05,-2.40201e-05,4.7137e-05,-0.000229744
6.845,3.38097e-05,3.92488e-05,-2.3973e-05,4.70776e-05,-0.000229248
6.846,3.38488e-05,3.90436e-05,-2.3926e-05,4.70182e-05,-0.000228753
6.847,3.38878e-05,3.88388e-05,-2.3879e-05,4.69589e-05,-0.000228259
6.848,3.39265e-05,3.86344e-05,-2.38321e-05,4.68996e-05,-0.000227765
6.849,3.3965e-05,3.84305e-05,-2.37852e-05,4.68403e-05,-0.000227272
6.85,3.40034e-05,3.8227e-05,-2.37384e-05,4.6781e-05,-0.00022678
6.851,3.40415e-05,3.8024e-05,-2.36916e-05,4.67218e-05,-0.000226289
6.852,3.40794e-05,3.78214e-05,-2.36449e-05,4.66626e-05,-0.000225798
6.853,3.41171e-05,3.76193e-05,-2.35983e-05,4.66034e-05,-0.000225308
6.854,3.41547e-05,3.74176e-05,-2.35517e-05,4.65442e-05,-0.000224818
6.855,3.4192e-05,3.72163e-05,-2.35052e-05,4.64851e-05,-0.00022433
6.856,3.42291e-05,3.70155e-05,-2.34588e-05,4.6426e-05,-0.000223841
6.857,3.4266e-05,3.68152e-05,-2.34124e-05,4.63669e-05,-0.000223354
6.858,3.43027e-05,3.66152e-05,-2.3366e-05,4.63078e-05,-0.000222867
6.859,3.43392e-05,3.64158e-05,-2.33197e-05,4.62488e-05,-0.000222381
6.86,3.43755e-05,3.62167e-05,-2.32735e-05,4.61898e-05,-0.000221896
6.861,3.44117e-05,3.60181e-05,-2.32274e-05,4.61309e-05,-0.000221411
6.862,3.44476e-05,3.582e-05,-2.31813e-05,4.60719e-05,-0.000220927
6.863,3.44833e-05,3.56222e-05,-2.31352e-05,4.6013e-05,-0.000220444
6.864,3.45188e-05,3.54249e-05,-2.30892e-05,4.59541e-05,-0.000219961
6.865,3.45542e-05,3.52281e-05,-2.30433e-05,4.58953e-05,-0.00021948
6.866,3.45893e-05,3.50317e-05,-2.29974e-05,4.58364e-05,-0.000218998
6.867,3.46242e-05,3.48357e-05,-2.29516e-05,4.57776e-05,-0.000218518
6.868,3.4659e-05,3.46402e-05,-2.29059e-05,4.57189e-05,-0.000218038
6.869,3.46935e-05,3.4445e-05,-2.28602e-05,4.56601e-05,-0.000217559
6.87,3.47278e-05,3.42504e-05,-2.28146e-05,4.56014e-05,-0.00021708
6.871,3.4762e-05,3.40561e-05,-2.2769e-05,4.55427e-05,-0.000216602
6.872,3.4796e-05,3.38623e-05,-2.27235e-05,4.5484e-05,-0.000216125
6.873,3.48297e-05,3.36689e-05,-2.2678e-05,4.54254e-05,-0.000215649
6.874,3.48633e-05,3.3476e-05,-2.26326e-05,4.53668e-05,-0.000215173
6.875,3.48967e-05,3.32835e-05,-2.25873e-05,4.53082e-05,-0.000214698
6.876,3.49299e-05,3.30914e-05,-2.2542e-05,4.52497e-05,-0.000214223
6.877,3.49629e-05,3.28997e-05,-2.24968e-05,4.51912e-05,-0.00021375
6.878,3.49957e-05,3.27085e-05,-2.24516e-05,4.51327e-05,-0.000213276
6.879,3.50283e-05,3.25177e-05,-2.24065e-05,4.50742e-05,-0.000212804
6.88,3.50607e-05,3.23273e-05,-2.23615e-05,4.50158e-05,-0.000212332
6.881,3.50929e-05,3.21374e-05,-2.23165e-05,4.49574e-05,-0.000211861
6.882,3.5125e-05,3.19478e-05,-2.22716e-05,4.48991e-05,-0.000211391
6.883,3.51568e-05,3.17588e-05,-2.22267e-05,4.48407e-05,-0.000210921
6.884,3.51885e-05,3.15701e-05,-2.21819e-05,4.47824e-05,-0.000210452
6.885,3.522e-05,3.13818e-05,-2.21371e-05,4.47241e-05,-0.000209984
6.886,3.52513e-05,3.1194e-05,-2.20924e-05,4.46659e-05,-0.000209516
6.887,3.52824e-05,3.10066e-05,-2.20478e-05,4.46077e-05,-0.000209049
6.888,3.53133e-05,3.08196e-05,-2.20032e-05,4.45495e-05,-0.000208583
6.889,3.5344e-05,3.06331e-05,-2.19587e-05,4.44913e-05,-0.000208117
6.89,3.53745e-05,3.0447e-05,-2.19142e-05,4.44332e-05,-0.000207652
6.891,3.54049e-05,3.02612e-05,-2.18698e-05,4.43751e-05,-0.000207188
6.892,3.54351e-05,3.0076e-05,-2.18255e-05,4.4317e-05,-0.000206724
6.893,3.5465e-05,2.98911e-05,-2.17812e-05,4.4259e-05,-0.000206261
6.894,3.54948e-05,2.97066e-05,-2.1737e-05,4.4201e-05,-0.000205799
6.895,3.55245e-05,2.95226e-05,-2.16928e-05,4.4143e-05,-0.000205337
6.896,3.55539e-05,2.9339e-05,-2.16487e-05,4.4085e-05,-0.000204876
6.897,3.55831e-05,2.91558e-05,-2.16046e-05,4.40271e-05,-0.000204416
6.898,3.56122e-05,2.8973e-05,-2.15606e-05,4.39692e-05,-0.000203956
6.899,3.56411e-05,2.87906e-05,-2.15167e-05,4.39114e-05,-0.000203497
6.9,3.56698e-05,2.86087e-05,-2.14728e-05,4.38536e-05,-0.000203039
6.901,3.56983e-05,2.84271e-05,-2.1429e-05,4.37958e-05,-0.000202581
6.902,3.57266e-05,2.8246e-05,-2.13852e-05,4.3738e-05,-0.000202124
6.903,3.57548e-05,2.80653e-05,-2.13415e-05,4.36803e-05,-0.000201668
6.904,3.57828e-05,2.7885e-05,-2.12979e-05,4.36226e-05,-0.000201212
6.905,3.58106e-05,2.77051e-05,-2.12543e-05,4.35649e-05,-0.000200757
6.906,3.58382e-05,2.75256e-05,-2.12107e-05,4.35073e-05,-0.000200303
6.907,3.58656e-05,2.73466e-05,-2.11673e-05,4.34497e-05,-0.000199849
6.908,3.58929e-05,2.71679e-05,-2.11238e-05,4.33921e-05,-0.000199396
6.909,3.59199e-05,2.69897e-05,-2.10805e-05,4.33346e-05,-0.000198944
6.91,3.59468e-05,2.68119e-05,-2.10372e-05,4.32771e-05,-0.000198492
6.911,3.59736e-05,2.66344e-05,-2.09939e-05,4.32196e-05,-0.000198041
6.912,3.60001e-05,2.64574e-05,-2.09507e-05,4.31621e-05,-0.00019759
6.913,3.60265e-05,2.62808e-05,-2.09076e-05,4.31047e-05,-0.000197141
6.914,3.60527e-05,2.61046e-05,-2.08645e-05,4.30474e-05,-0.000196692
6.915,3.60787e-05,2.59288e-05,-2.08215e-05,4.299e-05,-0.000196243
6.916,3.61045e-05,2.57534e-05,-2.07785e-05,4.29327e-05,-0.000195796
6.917,3.61302e-05,2.55784e-05,-2.07356e-05,4.28754e-05,-0.000195348
6.918,3.61557e-05,2.54038e-05,-2.06928e-05,4.28182e-05,-0.000194902
6.919,3.6181e-05,2.52297e-05,-2.065e-05,4.27609e-05,-0.000194456
6.92,3.62062e-05,2.50559e-05,-2.06073e-05,4.27038e-05,-0.000194011
6.921,3.62311e-05,2.48825e-05,-2.05646e-05,4.26466e-05,-0.000193567
6.922,3.62559e-05,2.47096e-05,-2.0522e-05,4.25895e-05,-0.000193123
6.923,3.62805e-05,2.4537e-05,-2.04794e-05,4.25324e-05,-0.00019268
6.924,3.6305e-05,2.43648e-05,-2.04369e-05,4.24754e-05,-0.000192237
6.925,3.63293e-05,2.41931e-05,-2.03945e-05,4.24183e-05,-0.000191795
6.926,3.63534e-05,2.40217e-05,-2.03521e-05,4.23613e-05,-0.000191354
6.927,3.63773e-05,2.38507e-05,-2.03097e-05,4.23044e-05,-0.000190914
6.928,3.64011e-05,2.36801e-05,-2.02675e-05,4.22475e-05,-0.000190474
6.929,3.64247e-05,2.351e-05,-2.02252e-05,4.21906e-05,-0.000190035
6.93,3.64481e-05,2.33402e-05,-2.01831e-05,4.21337e-05,-0.000189596
6.931,3.64714e-05,2.31708e-05,-2.0141e-05,4.20769e-05,-0.000189158
6.932,3.64944e-05,2.30018e-05,-2.00989e-05,4.20201e-05,-0.000188721
6.933,3.65174e-05,2.28332e-05,-2.00569e-05,4.19634e-05,-0.000188284
6.934,3.65401e-05,2.26651e-05,-2.0015e-05,4.19066e-05,-0.000187848
6.935,3.65627e-05,2.24973e-05,-1.99731e-05,4.185e-05,-0.000187413
6.936,3.65851e-05,2.23298e-05,-1.99313e-05,4.17933e-05,-0.000186978
6.937,3.66074e-05,2.21628e-05,-1.98895e-05,4.17367e-05,-0.000186544
6.938,3.66294e-05,2.19962e-05,-1.98478e-05,4.16801e-05,-0.000186111
6.939,3.66513e-05,2.183e-05,-1.98062e-05,4.16236e-05,-0.000185678
6.94,3.66731e-05,2.16642e-05,-1.97646e-05,4.1567e-05,-0.000185246
6.941,3.66947e-05,2.14987e-05,-1.9723e-05,4.15106e-05,-0.000184814
6.942,3.67161e-05,2.13337e-05,-1.96816e-05,4.14541e-05,-0.000184383
6.943,3.67373e-05,2.1169e-05,-1.96401e-05,4.13977e-05,-0.000183953
6.944,3.67584e-05,2.10047e-05,-1.95988e-05,4.13413e-05,-0.000183524
6.945,3.67793e-05,2.08408e-05,-1.95575e-05,4.1285e-05,-0.000183095
6.946,3.68001e-05,2.06773e-05,-1.95162e-05,4.12287e-05,-0.000182667
6.947,3.68207e-05,2.05142e-05,-1.9475e-05,4.11724e-05,-0.000182239
6.948,3.68411e-05,2.03515e-05,-1.94339e-05,4.11161e-05,-0.000181812
6.949,3.68614e-05,2.01891e-05,-1.93928e-05,4.10599e-05,-0.000181386
6.95,3.68815e-05,2.00272e-05,-1.93517e-05,4.10038e-05,-0.00018096
6.951,3.69015e-05,1.98656e-05,-1.93108e-05,4.09476e-05,-0.000180535
6.952,3.69212e-05,1.97044e-05,-1.92698e-05,4.08915e-05,-0.000180111
6.953,3.69409e-05,1.95436e-05,-1.9229e-05,4.08355e-05,-0.000179687
6.954,3.69603e-05,1.93832e-05,-1.91882e-05,4.07794e-05,-0.000179264
6.955,3.69796e-05,1.92232e-05,-1.91474e-05,4.07234e-05,-0.000178841
6.956,3.69988e-05,1.90635e-05,-1.91067e-05,4.06675e-05,-0.000178419
6.957,3.70178e-05,1.89042e-05,-1.90661e-05,4.06115e-05,-0.000177998
6.958,3.70366e-05,1.87453e-05,-1.90255e-05,4.05556e-05,-0.000177578
6.959,3.70553e-05,1.85868e-05,-1.8985e-05,4.04998e-05,-0.000177158
6.96,3.70738e-05,1.84287e-05,-1.89445e-05,4.0444e-05,-0.000176738
6.961,3.70921e-05,1.82709e-05,-1.89041e-05,4.03882e-05,-0.00017632
6.962,3.71103e-05,1.81136e-05,-1.88637e-05,4.03324e-05,-0.000175902
6.963,3.71283e-05,1.79566e-05,-1.88234e-05,4.02767e-05,-0.000175484
6.964,3.71462e-05,1.77999e-05,-1.87832e-05,4.0221e-05,-0.000175067
6.965,3.71639e-05,1.76437e-05,-1.8743e-05,4.01654e-05,-0.000174651
6.966,3.71815e-05,1.74878e-05,-1.87028e-05,4.01098e-05,-0.000174236
6.967,3.71989e-05,1.73323e-05,-1.86628e-05,4.00542e-05,-0.000173821
6.968,3.72162e-05,1.71772e-05,-1.86227e-05,3.99987e-05,-0.000173407
6.969,3.72333e-05,1.70225e-05,-1.85828e-05,3.99432e-05,-0.000172993
6.97,3.72502e-05,1.68681e-05,-1.85428e-05,3.98877e-05,-0.00017258
6.971,3.7267e-05,1.67141e-05,-1.8503e-05,3.98323e-05,-0.000172168
6.972,3.72836e-05,1.65605e-05,-1.84632e-05,3.97769e-05,-0.000171756
6.973,3.73001e-05,1.64072e-05,-1.84234e-05,3.97216e-05,-0.000171345
6.974,3.73165e-05,1.62544e-05,-1.83837e-05,3.96662e-05,-0.000170934
6.975,3.73326e-05,1.61018e-05,-1.83441e-05,3.9611e-05,-0.000170525
6.976,3.73487e-05,1.59497e-05,-1.83045e-05,3.95557e-05,-0.000170115
6.977,3.73645e-05,1.57979e-05,-1.8265e-05,3.95005e-05,-0.000169707
6.978,3.73803e-05,1.56465e-05,-1.82255e-05,3.94453e-05,-0.000169299
6.979,3.73958e-05,1.54955e-05,-1.81861e-05,3.93902e-05,-0.000168891
6.98,3.74113e-05,1.53448e-05,-1.81467e-05,3.93351e-05,-0.000168485
6.981,3.74265e-05,1.51945e-05,-1.81074e-05,3.928e-05,-0.000168079
6.982,3.74416e-05,1.50446e-05,-1.80682e-05,3.9225e-05,-0.000167673
6.983,3.74566e-05,1.4895e-05,-1.8029e-05,3.917e-05,-0.000167268
6.984,3.74714e-05,1.47459e-05,-1.79898e-05,3.91151e-05,-0.000166864
6.985,3.74861e-05,1.4597e-05,-1.79507e-05,3.90602e-05,-0.000166461
6.986,3.75006e-05,1.44486e-05,-1.79117e-05,3.90053e-05,-0.000166058
6.987,3.7515e-05,1.43005e-05,-1.78727e-05,3.89505e-05,-0.000165655
6.988,3.75292e-05,1.41527e-05,-1.78338e-05,3.88957e-05,-0.000165253
6.989,3.75433e-05,1.40053e-05,-1.77949e-05,3.88409e-05,-0.000164852
6.99,3.75572e-05,1.38583e-05,-1.77561e-05,3.87862e-05,-0.000164452
6.991,3.7571e-05,1.37117e-05,-1.77174e-05,3.87315e-05,-0.000164052
6.992,3.75847e-05,1.35654e-05,-1.76787e-05,3.86768e-05,-0.000163653
6.993,3.75982e-05,1.34194e-05,-1.764e-05,3.86222e-05,-0.000163254
6.994,3.76115e-05,1.32739e-05,-1.76014e-05,3.85676e-05,-0.000162856
6.995,3.76247e-05,1.31287e-05,-1.75629e-05,3.85131e-05,-0.000162459
6.996,3.76378e-05,1.29838e-05,-1.75244e-05,3.84586e-05,-0.000162062
6.997,3.76507e-05,1.28393e-05,-1.7486e-05,3.84041e-05,-0.000161666
6.998,3.76634e-05,1.26952e-05,-1.74476e-05,3.83497e-05,-0.00016127
6.999,3.76761e-05,1.25514e-05,-1.74093e-05,3.82953e-05,-0.000160875
7,3.76885e-05,1.2408e-05,-1.7371e-05,3.82409e-05,-0.000160481
7.001,3.77009e-05,1.22649e-05,-1.73328e-05,3.81866e-05,-0.000160087
7.002,3.77131e-05,1.21222e-05,-1.72946e-05,3.81324e-05,-0.000159694
7.003,3.77251e-05,1.19799e-05,-1.72565e-05,3.80781e-05,-0.000159302
7.004,3.7737e-05,1.18379e-05,-1.72185e-05,3.80239e-05,-0.00015891
7.005,3.77488e-05,1.16962e-05,-1.71805e-05,3.79698e-05,-0.000158518
7.006,3.77604e-05,1.15549e-05,-1.71425e-05,3.79156e-05,-0.000158128
7.007,3.77719e-05,1.1414e-05,-1.71046e-05,3.78615e-05,-0.000157738
7.008,3.77832e-05,1.12734e-05,-1.70668e-05,3.78075e-05,-0.000157348
7.009,3.77945e-05,1.11332e-05,-1.7029e-05,3.77535e-05,-0.000156959
7.01,3.78055e-05,1.09933e-05,-1.69913e-05,3.76995e-05,-0.000156571
7.011,3.78164e-05,1.08537e-05,-1.69536e-05,3.76456e-05,-0.000156184
7.012,3.78272e-05,1.07146e-05,-1.6916e-05,3.75917e-05,-0.000155797
7.013,3.78379e-05,1.05757e-05,-1.68784e-05,3.75378e-05,-0.00015541
7.014,3.78484e-05,1.04372e-05,-1.68409e-05,3.7484e-05,-0.000155024
7.015,3.78587e-05,1.02991e-05,-1.68035e-05,3.74302e-05,-0.000154639
7.016,3.7869e-05,1.01613e-05,-1.67661e-05,3.73765e-05,-0.000154255
7.017,3.78791e-05,1.00239e-05,-1.67287e-05,3.73228e-05,-0.000153871
7.018,3.7889e-05,9.88678e-06,-1.66914e-05,3.72691e-05,-0.000153487
7.019,3.78988e-05,9.75003e-06,-1.66542e-05,3.72155e-05,-0.000153105
7.02,3.79085e-05,9.61363e-06,-1.6617e-05,3.71619e-05,-0.000152722
7.021,3.79181e-05,9.47757e-06,-1.65799e-05,3.71084e-05,-0.000152341
7.022,3.79275e-05,9.34185e-06,-1.65428e-05,3.70549e-05,-0.00015196
7.023,3.79368e-05,9.20649e-06,-1.65058e-05,3.70014e-05,-0.000151579
7.024,3.79459e-05,9.07146e-06,-1.64688e-05,3.6948e-05,-0.0001512
7.025,3.79549e-05,8.93678e-06,-1.64319e-05,3.68946e-05,-0.000150821
7.026,3.79638e-05,8.80244e-06,-1.6395e-05,3.68412e-05,-0.000150442
7.027,3.79725e-05,8.66844e-06,-1.63582e-05,3.67879e-05,-0.000150064
7.028,3.79811e-05,8.53478e-06,-1.63214e-05,3.67347e-05,-0.000149687
7.029,3.79896e-05,8.40146e-06,-1.62847e-05,3.66814e-05,-0.00014931
7.03,3.79979e-05,8.26849e-06,-1.62481e-05,3.66282e-05,-0.000148934
7.031,3.80061e-05,8.13585e-06,-1.62114e-05,3.65751e-05,-0.000148558
7.032,3.80142e-05,8.00355e-06,-1.61749e-05,3.6522e-05,-0.000148183
7.033,3.80221e-05,7.87159e-06,-1.61384e-05,3.64689e-05,-0.000147809
7.034,3.80299e-05,7.73997e-06,-1.6102e-05,3.64159e-05,-0.000147435
7.035,3.80376e-05,7.60869e-06,-1.60656e-05,3.63629e-05,-0.000147062
7.036,3.80451e-05,7.47774e-06,-1.60292e-05,3.63099e-05,-0.000146689
7.037,3.80525e-05,7.34713e-06,-1.5993e-05,3.6257e-05,-0.000146317
7.038,3.80598e-05,7.21686e-06,-1.59567e-05,3.62041e-05,-0.000145946
7.039,3.8067e-05,7.08692e-06,-1.59205e-05,3.61513e-05,-0.000145575
7.04,3.8074e-05,6.95731e-06,-1.58844e-05,3.60985e-05,-0.000145205
7.041,3.80809e-05,6.82804e-06,-1.58483e-05,3.60457e-05,-0.000144835
7.042,3.80877e-05,6.69911e-06,-1.58123e-05,3.5993e-05,-0.000144466
7.043,3.80943e-05,6.5705e-06,-1.57764e-05,3.59403e-05,-0.000144098
7.044,3.81008e-05,6.44223e-06,-1.57404e-05,3.58877e-05,-0.00014373
7.045,3.81072e-05,6.31429e-06,-1.57046e-05,3.58351e-05,-0.000143363
7.046,3.81134e-05,6.18668e-06,-1.56688e-05,3.57825e-05,-0.000142996
7.047,3.81196e-05,6.05941e-06,-1.5633e-05,3.573e-05,-0.00014263
7.048,3.81256e-05,5.93246e-06,-1.55973e-05,3.56775e-05,-0.000142265
7.049,3.81314e-05,5.80585e-06,-1.55617e-05,3.56251e-05,-0.0001419
7.05,3.81372e-05,5.67956e-06,-1.55261e-05,3.55727e-05,-0.000141535
7.051,3.81428e-05,5.5536e-06,-1.54905e-05,3.55203e-05,-0.000141172
7.052,3.81483e-05,5.42797e-06,-1.5455e-05,3.5468e-05,-0.000140808
7.053,3.81536e-05,5.30267e-06,-1.54196e-05,3.54157e-05,-0.000140446
7.054,3.81589e-05,5.17769e-06,-1.53842e-05,3.53635e-05,-0.000140084
7.055,3.8164e-05,5.05305e-06,-1.53489e-05,3.53113e-05,-0.000139722
7.056,3.8169e-05,4.92873e-06,-1.53136e-05,3.52592e-05,-0.000139362
7.057,3.81738e-05,4.80473e-06,-1.52783e-05,3.5207e-05,-0.000139001
7.058,3.81786e-05,4.68106e-06,-1.52432e-05,3.5155e-05,-0.000138642
7.059,3.81832e-05,4.55771e-06,-1.5208e-05,3.51029e-05,-0.000138283
7.06,3.81877e-05,4.43469e-06,-1.5173e-05,3.50509e-05,-0.000137924
7.061,3.81921e-05,4.31199e-06,-1.51379e-05,3.4999e-05,-0.000137566
7.062,3.81963e-05,4.18961e-06,-1.5103e-05,3.49471e-05,-0.000137209
7.063,3.82005e-05,4.06756e-06,-1.5068e-05,3.48952e-05,-0.000136852
7.064,3.82045e-05,3.94583e-06,-1.50332e-05,3.48434e-05,-0.000136496
7.065,3.82084e-05,3.82442e-06,-1.49983e-05,3.47916e-05,-0.000136141
7.066,3.82121e-05,3.70333e-06,-1.49636e-05,3.47398e-05,-0.000135786
7.067,3.82158e-05,3.58256e-06,-1.49289e-05,3.46881e-05,-0.000135431
7.068,3.82193e-05,3.46211e-06,-1.48942e-05,3.46365e-05,-0.000135077
7.069,3.82227e-05,3.34198e-06,-1.48596e-05,3.45848e-05,-0.000134724
7.07,3.8226e-05,3.22217e-06,-1.4825e-05,3.45333e-05,-0.000134371
7.071,3.82291e-05,3.10268e-06,-1.47905e-05,3.44817e-05,-0.000134019
7.072,3.82322e-05,2.9835e-06,-1.47561e-05,3.44302e-05,-0.000133668
7.073,3.82351e-05,2.86465e-06,-1.47217e-05,3.43788e-05,-0.000133317
7.074,3.82379e-05,2.74611e-06,-1.46873e-05,3.43273e-05,-0.000132966
7.075,3.82406e-05,2.62788e-06,-1.4653e-05,3.4276e-05,-0.000132616
7.076,3.82432e-05,2.50997e-06,-1.46188e-05,3.42246e-05,-0.000132267
7.077,3.82456e-05,2.39238e-06,-1.45846e-05,3.41733e-05,-0.000131918
7.078,3.82479e-05,2.2751e-06,-1.45504e-05,3.41221e-05,-0.00013157
7.079,3.82502e-05,2.15813e-06,-1.45163e-05,3.40709e-05,-0.000131223
7.08,3.82523e-05,2.04148e-06,-1.44823e-05,3.40197e-05,-0.000130876
7.081,3.82542e-05,1.92514e-06,-1.44483e-05,3.39686e-05,-0.000130529
7.082,3.82561e-05,1.80911e-06,-1.44143e-05,3.39175e-05,-0.000130184
7.083,3.82579e-05,1.6934e-06,-1.43804e-05,3.38664e-05,-0.000129838
7.084,3.82595e-05,1.578e-06,-1.43466e-05,3.38154e-05,-0.000129494
7.085,3.8261e-05,1.4629e-06,-1.43128e-05,3.37644e-05,-0.00012915
7.086,3.82624e-05,1.34812e-06,-1.42791e-05,3.37135e-05,-0.000128806
7.087,3.82637e-05,1.23365e-06,-1.42454e-05,3.36626e-05,-0.000128463
7.088,3.82649e-05,1.11949e-06,-1.42118e-05,3.36118e-05,-0.000128121
7.089,3.8266e-05,1.00564e-06,-1.41782e-05,3.3561e-05,-0.000127779
7.09,3.82669e-05,8.9209e-07,-1.41446e-05,3.35102e-05,-0.000127437
7.091,3.82677e-05,7.78853e-07,-1.41111e-05,3.34595e-05,-0.000127097
7.092,3.82685e-05,6.65923e-07,-1.40777e-05,3.34089e-05,-0.000126756
7.093,3.82691e-05,5.533e-07,-1.40443e-05,3.33582e-05,-0.000126417
7.094,3.82696e-05,4.40984e-07,-1.4011e-05,3.33076e-05,-0.000126078
7.095,3.82699e-05,3.28973e-07,-1.39777e-05,3.32571e-05,-0.000125739
7.096,3.82702e-05,2.17267e-07,-1.39445e-05,3.32066e-05,-0.000125401
7.097,3.82704e-05,1.05866e-07,-1.39113e-05,3.31561e-05,-0.000125064
7.098,3.82704e-05,-5.23008e-09,-1.38782e-05,3.31057e-05,-0.000124727
7.099,3.82704e-05,-1.16023e-07,-1.38451e-05,3.30553e-05,-0.000124391
7.1,3.82702e-05,-2.26512e-07,-1.38121e-05,3.3005e-05,-0.000124055
7.101,3.82699e-05,-3.36699e-07,-1.37791e-05,3.29547e-05,-0.00012372
7.102,3.82695e-05,-4.46584e-07,-1.37461e-05,3.29044e-05,-0.000123386
7.103,3.8269e-05,-5.56166e-07,-1.37133e-05,3.28542e-05,-0.000123052
7.104,3.82684e-05,-6.65448e-07,-1.36804e-05,3.28041e-05,-0.000122718
7.105,3.82677e-05,-7.74429e-07,-1.36477e-05,3.27539e-05,-0.000122385
7.106,3.82669e-05,-8.83109e-07,-1.36149e-05,3.27038e-05,-0.000122053
7.107,3.82659e-05,-9.9149e-07,-1.35823e-05,3.26538e-05,-0.000121721
7.108,3.82649e-05,-1.09957e-06,-1.35496e-05,3.26038e-05,-0.00012139
7.109,3.82637e-05,-1.20736e-06,-1.3517e-05,3.25538e-05,-0.000121059
7.11,3.82625e-05,-1.31484e-06,-1.34845e-05,3.25039e-05,-0.000120729
7.111,3.82611e-05,-1.42203e-06,-1.3452e-05,3.24541e-05,-0.0001204
7.112,3.82596e-05,-1.52892e-06,-1.34196e-05,3.24042e-05,-0.000120071
7.113,3.8258e-05,-1.63551e-06,-1.33872e-05,3.23544e-05,-0.000119742
7.114,3.82564e-05,-1.74181e-06,-1.33549e-05,3.23047e-05,-0.000119414
7.115,3.82546e-05,-1.84781e-06,-1.33226e-05,3.2255e-05,-0.000119087
7.116,3.82527e-05,-1.95352e-06,-1.32904e-05,3.22053e-05,-0.00011876
7.117,3.82507e-05,-2.05893e-06,-1.32582e-05,3.21557e-05,-0.000118434
7.118,3.82485e-05,-2.16404e-06,-1.32261e-05,3.21061e-05,-0.000118108
7.119,3.82463e-05,-2.26887e-06,-1.3194e-05,3.20566e-05,-0.000117783
7.12,3.8244e-05,-2.3734e-06,-1.3162e-05,3.20071e-05,-0.000117458
7.121,3.82416e-05,-2.47764e-06,-1.313e-05,3.19577e-05,-0.000117134
7.122,3.8239e-05,-2.58158e-06,-1.30981e-05,3.19083e-05,-0.000116811
7.123,3.82364e-05,-2.68524e-06,-1.30662e-05,3.18589e-05,-0.000116488
7.124,3.82337e-05,-2.7886e-06,-1.30343e-05,3.18096e-05,-0.000116165
7.125,3.82308e-05,-2.89167e-06,-1.30025e-05,3.17603e-05,-0.000115843
7.126,3.82279e-05,-2.99445e-06,-1.29708e-05,3.17111e-05,-0.000115522
7.127,3.82249e-05,-3.09695e-06,-1.29391e-05,3.16619e-05,-0.000115201
7.128,3.82217e-05,-3.19915e-06,-1.29075e-05,3.16127e-05,-0.000114881
7.129,3.82185e-05,-3.30106e-06,-1.28759e-05,3.15636e-05,-0.000114561
7.13,3.82151e-05,-3.40269e-06,-1.28444e-05,3.15145e-05,-0.000114242
7.131,3.82116e-05,-3.50403e-06,-1.28129e-05,3.14655e-05,-0.000113923
7.132,3.82081e-05,-3.60508e-06,-1.27814e-05,3.14166e-05,-0.000113605
7.133,3.82044e-05,-3.70585e-06,-1.275e-05,3.13676e-05,-0.000113288
7.134,3.82007e-05,-3.80632e-06,-1.27187e-05,3.13187e-05,-0.000112971
7.135,3.81968e-05,-3.90652e-06,-1.26874e-05,3.12699e-05,-0.000112654
7.136,3.81929e-05,-4.00642e-06,-1.26562e-05,3.12211e-05,-0.000112338
7.137,3.81888e-05,-4.10605e-06,-1.2625e-05,3.11723e-05,-0.000112023
7.138,3.81847e-05,-4.20539e-06,-1.25938e-05,3.11236e-05,-0.000111708
7.139,3.81804e-05,-4.30444e-06,-1.25627e-05,3.10749e-05,-0.000111394
7.14,3.8176e-05,-4.40321e-06,-1.25317e-05,3.10263e-05,-0.00011108
7.141,3.81716e-05,-4.5017e-06,-1.25007e-05,3.09777e-05,-0.000110767
7.142,3.8167e-05,-4.59991e-06,-1.24697e-05,3.09291e-05,-0.000110454
7.143,3.81624e-05,-4.69783e-06,-1.24388e-05,3.08806e-05,-0.000110142
7.144,3.81576e-05,-4.79547e-06,-1.24079e-05,3.08322e-05,-0.00010983
7.145,3.81528e-05,-4.89284e-06,-1.23771e-05,3.07838e-05,-0.000109519
7.146,3.81479e-05,-4.98992e-06,-1.23464e-05,3.07354e-05,-0.000109209
7.147,3.81428e-05,-5.08672e-06,-1.23157e-05,3.06871e-05,-0.000108899
7.148,3.81377e-05,-5.18324e-06,-1.2285e-05,3.06388e-05,-0.000108589
7.149,3.81325e-05,-5.27949e-06,-1.22544e-05,3.05905e-05,-0.00010828
7.15,3.81271e-05,-5.37545e-06,-1.22238e-05,3.05423e-05,-0.000107972
7.151,3.81217e-05,-5.47114e-06,-1.21933e-05,3.04942e-05,-0.000107664
7.152,3.81162e-05,-5.56655e-06,-1.21628e-05,3.04461e-05,-0.000107357
7.153,3.81106e-05,-5.66168e-06,-1.21324e-05,3.0398e-05,-0.00010705
7.154,3.81049e-05,-5.75654e-06,-1.2102e-05,3.035e-05,-0.000106743
7.155,3.80991e-05,-5.85112e-06,-1.20717e-05,3.0302e-05,-0.000106438
7.156,3.80932e-05,-5.94542e-06,-1.20414e-05,3.0254e-05,-0.000106132
7.157,3.80872e-05,-6.03945e-06,-1.20112e-05,3.02061e-05,-0.000105828
7.158,3.80811e-05,-6.13321e-06,-1.1981e-05,3.01583e-05,-0.000105523
7.159,3.80749e-05,-6.22669e-06,-1.19509e-05,3.01105e-05,-0.00010522
7.16,3.80686e-05,-6.3199e-06,-1.19208e-05,3.00627e-05,-0.000104917
7.161,3.80623e-05,-6.41283e-06,-1.18908e-05,3.0015e-05,-0.000104614
7.162,3.80558e-05,-6.50549e-06,-1.18608e-05,2.99673e-05,-0.000104312
7.163,3.80493e-05,-6.59788e-06,-1.18308e-05,2.99197e-05,-0.00010401
7.164,3.80426e-05,-6.69e-06,-1.18009e-05,2.98721e-05,-0.000103709
7.165,3.80359e-05,-6.78185e-06,-1.17711e-05,2.98245e-05,-0.000103409
7.166,3.8029e-05,-6.87342e-06,-1.17413e-05,2.9777e-05,-0.000103109
7.167,3.80221e-05,-6.96473e-06,-1.17115e-05,2.97296e-05,-0.000102809
7.168,3.80151e-05,-7.05576e-06,-1.16818e-05,2.96821e-05,-0.00010251
7.169,3.8008e-05,-7.14653e-06,-1.16522e-05,2.96348e-05,-0.000102212
7.17,3.80008e-05,-7.23703e-06,-1.16226e-05,2.95874e-05,-0.000101914
7.171,3.79935e-05,-7.32726e-06,-1.1593e-05,2.95402e-05,-0.000101616
7.172,3.79862e-05,-7.41722e-06,-1.15635e-05,2.94929e-05,-0.00010132
7.173,3.79787e-05,-7.50691e-06,-1.1534e-05,2.94457e-05,-0.000101023
7.174,3.79712e-05,-7.59634e-06,-1.15046e-05,2.93986e-05,-0.000100727
7.175,3.79635e-05,-7.6855e-06,-1.14752e-05,2.93514e-05,-0.000100432
7.176,3.79558e-05,-7.77439e-06,-1.14459e-05,2.93044e-05,-0.000100137
7.177,3.7948e-05,-7.86302e-06,-1.14166e-05,2.92574e-05,-9.98428e-05
7.178,3.79401e-05,-7.95139e-06,-1.13874e-05,2.92104e-05,-9.9549e-05
7.179,3.79321e-05,-8.03948e-06,-1.13582e-05,2.91634e-05,-9.92558e-05
7.18,3.7924e-05,-8.12732e-06,-1.1329e-05,2.91166e-05,-9.8963e-05
7.181,3.79158e-05,-8.21489e-06,-1.12999e-05,2.90697e-05,-9.86708e-05
7.182,3.79076e-05,-8.3022e-06,-1.12709e-05,2.90229e-05,-9.8379e-05
7.183,3.78992e-05,-8.38924e-06,-1.12419e-05,2.89761e-05,-9.80878e-05
7.184,3.78908e-05,-8.47603e-06,-1.12129e-05,2.89294e-05,-9.77971e-05
7.185,3.78823e-05,-8.56255e-06,-1.1184e-05,2.88828e-05,-9.75069e-05
7.186,3.78736e-05,-8.64881e-06,-1.11552e-05,2.88361e-05,-9.72172e-05
7.187,3.7865e-05,-8.73481e-06,-1.11264e-05,2.87895e-05,-9.6928e-05
7.188,3.78562e-05,-8.82055e-06,-1.10976e-05,2.8743e-05,-9.66394e-05
7.189,3.78473e-05,-8.90602e-06,-1.10689e-05,2.86965e-05,-9.63512e-05
7.19,3.78384e-05,-8.99124e-06,-1.10402e-05,2.86501e-05,-9.60636e-05
7.191,3.78293e-05,-9.0762e-06,-1.10116e-05,2.86036e-05,-9.57764e-05
7.192,3.78202e-05,-9.1609e-06,-1.0983e-05,2.85573e-05,-9.54898e-05
7.193,3.7811e-05,-9.24535e-06,-1.09545e-05,2.8511e-05,-9.52037e-05
7.194,3.78017e-05,-9.32953e-06,-1.0926e-05,2.84647e-05,-9.49181e-05
7.195,3.77924e-05,-9.41346e-06,-1.08975e-05,2.84185e-05,-9.4633e-05
7.196,3.77829e-05,-9.49713e-06,-1.08691e-05,2.83723e-05,-9.43484e-05
7.197,3.77734e-05,-9.58055e-06,-1.08408e-05,2.83261e-05,-9.40643e-05
7.198,3.77637e-05,-9.66371e-06,-1.08125e-05,2.828e-05,-9.37807e-05
7.199,3.7754e-05,-9.74661e-06,-1.07842e-05,2.8234e-05,-9.34976e-05
7.2,3.77442e-05,-9.82926e-06,-1.0756e-05,2.8188e-05,-9.3215e-05
7.201,3.77344e-05,-9.91166e-06,-1.07279e-05,2.8142e-05,-9.29329e-05
7.202,3.77244e-05,-9.9938e-06,-1.06997e-05,2.80961e-05,-9.26513e-05
7.203,3.77144e-05,-1.00757e-05,-1.06717e-05,2.80502e-05,-9.23703e-05
7.204,3.77043e-05,-1.01573e-05,-1.06436e-05,2.80044e-05,-9.20897e-05
7.205,3.76941e-05,-1.02387e-05,-1.06157e-05,2.79586e-05,-9.18096e-05
7.206,3.76838e-05,-1.03198e-05,-1.05877e-05,2.79128e-05,-9.153e-05
7.207,3.76734e-05,-1.04007e-05,-1.05598e-05,2.78671e-05,-9.12509e-05
7.208,3.7663e-05,-1.04813e-05,-1.0532e-05,2.78215e-05,-9.09724e-05
7.209,3.76525e-05,-1.05617e-05,-1.05042e-05,2.77758e-05,-9.06943e-05
7.21,3.76419e-05,-1.06418e-05,-1.04764e-05,2.77303e-05,-9.04167e-05
7.211,3.76312e-05,-1.07217e-05,-1.04487e-05,2.76848e-05,-9.01396e-05
7.212,3.76204e-05,-1.08013e-05,-1.04211e-05,2.76393e-05,-8.9863e-05
7.213,3.76096e-05,-1.08807e-05,-1.03935e-05,2.75938e-05,-8.95869e-05
7.214,3.75987e-05,-1.09598e-05,-1.03659e-05,2.75484e-05,-8.93113e-05
7.215,3.75877e-05,-1.10387e-05,-1.03384e-05,2.75031e-05,-8.90362e-05
7.216,3.75766e-05,-1.11174e-05,-1.03109e-05,2.74578e-05,-8.87616e-05
7.217,3.75654e-05,-1.11957e-05,-1.02834e-05,2.74125e-05,-8.84875e-05
7.218,3.75542e-05,-1.12739e-05,-1.02561e-05,2.73673e-05,-8.82139e-05
7.219,3.75429e-05,-1.13518e-05,-1.02287e-05,2.73222e-05,-8.79407e-05
7.22,3.75315e-05,-1.14294e-05,-1.02014e-05,2.7277e-05,-8.76681e-05
7.221,3.752e-05,-1.15068e-05,-1.01742e-05,2.7232e-05,-8.73959e-05
7.222,3.75085e-05,-1.1584e-05,-1.01469e-05,2.71869e-05,-8.71243e-05
7.223,3.74969e-05,-1.16609e-05,-1.01198e-05,2.71419e-05,-8.68531e-05
7.224,3.74852e-05,-1.17376e-05,-1.00927e-05,2.7097e-05,-8.65825e-05
7.225,3.74734e-05,-1.1814e-05,-1.00656e-05,2.70521e-05,-8.63123e-05
7.226,3.74615e-05,-1.18902e-05,-1.00386e-05,2.70072e-05,-8.60426e-05
7.227,3.74496e-05,-1.19661e-05,-1.00116e-05,2.69624e-05,-8.57734e-05
7.228,3.74376e-05,-1.20418e-05,-9.98463e-06,2.69176e-05,-8.55046e-05
7.229,3.74255e-05,-1.21173e-05,-9.95774e-06,2.68729e-05,-8.52364e-05
7.23,3.74134e-05,-1.21925e-05,-9.93088e-06,2.68282e-05,-8.49687e-05
7.231,3.74011e-05,-1.22674e-05,-9.90408e-06,2.67836e-05,-8.47014e-05
7.232,3.73888e-05,-1.23422e-05,-9.87732e-06,2.6739e-05,-8.44346e-05
7.233,3.73764e-05,-1.24167e-05,-9.8506e-06,2.66944e-05,-8.41683e-05
7.234,3.7364e-05,-1.24909e-05,-9.82393e-06,2.66499e-05,-8.39025e-05
7.235,3.73515e-05,-1.25649e-05,-9.7973e-06,2.66055e-05,-8.36372e-05
7.236,3.73389e-05,-1.26387e-05,-9.77072e-06,2.65611e-05,-8.33724e-05
7.237,3.73262e-05,-1.27122e-05,-9.74418e-06,2.65167e-05,-8.3108e-05
7.238,3.73134e-05,-1.27855e-05,-9.71768e-06,2.64724e-05,-8.28441e-05
7.239,3.73006e-05,-1.28586e-05,-9.69123e-06,2.64281e-05,-8.25807e-05
7.24,3.72877e-05,-1.29314e-05,-9.66483e-06,2.63839e-05,-8.23178e-05
7.241,3.72748e-05,-1.3004e-05,-9.63847e-06,2.63397e-05,-8.20554e-05
7.242,3.72617e-05,-1.30764e-05,-9.61215e-06,2.62955e-05,-8.17934e-05
7.243,3.72486e-05,-1.31485e-05,-9.58588e-06,2.62514e-05,-8.1532e-05
7.244,3.72354e-05,-1.32204e-05,-9.55965e-06,2.62074e-05,-8.1271e-05
7.245,3.72222e-05,-1.3292e-05,-9.53346e-06,2.61634e-05,-8.10105e-05
7.246,3.72088e-05,-1.33634e-05,-9.50732e-06,2.61194e-05,-8.07504e-05
7.247,3.71954e-05,-1.34346e-05,-9.48122e-06,2.60755e-05,-8.04909e-05
7.248,3.7182e-05,-1.35055e-05,-9.45517e-06,2.60316e-05,-8.02318e-05
7.249,3.71684e-05,-1.35763e-05,-9.42916e-06,2.59878e-05,-7.99732e-05
7.25,3.71548e-05,-1.36467e-05,-9.40319e-06,2.5944e-05,-7.9715e-05
7.251,3.71411e-05,-1.3717e-05,-9.37727e-06,2.59002e-05,-7.94574e-05
7.252,3.71274e-05,-1.3787e-05,-9.35139e-06,2.58565e-05,-7.92002e-05
7.253,3.71136e-05,-1.38568e-05,-9.32556e-06,2.58129e-05,-7.89435e-05
7.254,3.70997e-05,-1.39263e-05,-9.29977e-06,2.57692e-05,-7.86873e-05
7.255,3.70857e-05,-1.39956e-05,-9.27402e-06,2.57257e-05,-7.84315e-05
7.256,3.70717e-05,-1.40647e-05,-9.24832e-06,2.56822e-05,-7.81762e-05
7.257,3.70576e-05,-1.41336e-05,-9.22266e-06,2.56387e-05,-7.79214e-05
7.258,3.70434e-05,-1.42022e-05,-9.19704e-06,2.55953e-05,-7.7667e-05
7.259,3.70292e-05,-1.42706e-05,-9.17147e-06,2.55519e-05,-7.74132e-05
7.26,3.70149e-05,-1.43388e-05,-9.14594e-06,2.55085e-05,-7.71598e-05
7.261,3.70005e-05,-1.44068e-05,-9.12045e-06,2.54652e-05,-7.69068e-05
7.262,3.69861e-05,-1.44745e-05,-9.095e-06,2.5422e-05,-7.66543e-05
7.263,3.69715e-05,-1.4542e-05,-9.0696e-06,2.53788e-05,-7.64023e-05
7.264,3.6957e-05,-1.46092e-05,-9.04425e-06,2.53356e-05,-7.61508e-05
7.265,3.69423e-05,-1.46763e-05,-9.01893e-06,2.52925e-05,-7.58997e-05
7.266,3.69276e-05,-1.47431e-05,-8.99366e-06,2.52494e-05,-7.56491e-05
7.267,3.69128e-05,-1.48097e-05,-8.96843e-06,2.52064e-05,-7.5399e-05
7.268,3.6898e-05,-1.4876e-05,-8.94325e-06,2.51634e-05,-7.51493e-05
7.269,3.68831e-05,-1.49422e-05,-8.91811e-06,2.51204e-05,-7.49001e-05
7.27,3.68681e-05,-1.50081e-05,-8.89301e-06,2.50775e-05,-7.46514e-05
7.271,3.68531e-05,-1.50738e-05,-8.86795e-06,2.50347e-05,-7.44031e-05
7.272,3.6838e-05,-1.51393e-05,-8.84294e-06,2.49919e-05,-7.41553e-05
7.273,3.68228e-05,-1.52045e-05,-8.81797e-06,2.49491e-05,-7.3908e-05
7.274,3.68076e-05,-1.52695e-05,-8.79304e-06,2.49064e-05,-7.36611e-05
7.275,3.67923e-05,-1.53343e-05,-8.76816e-06,2.48637e-05,-7.34147e-05
7.276,3.67769e-05,-1.53989e-05,-8.74331e-06,2.48211e-05,-7.31687e-05
7.277,3.67615e-05,-1.54633e-05,-8.71851e-06,2.47785e-05,-7.29232e-05
7.278,3.6746e-05,-1.55274e-05,-8.69376e-06,2.4736e-05,-7.26782e-05
7.279,3.67304e-05,-1.55913e-05,-8.66904e-06,2.46935e-05,-7.24336e-05
7.28,3.67148e-05,-1.5655e-05,-8.64437e-06,2.4651e-05,-7.21895e-05
7.281,3.66991e-05,-1.57185e-05,-8.61974e-06,2.46086e-05,-7.19458e-05
7.282,3.66833e-05,-1.57817e-05,-8.59515e-06,2.45663e-05,-7.17026e-05
7.283,3.66675e-05,-1.58448e-05,-8.57061e-06,2.45239e-05,-7.14598e-05
7.284,3.66517e-05,-1.59076e-05,-8.54611e-06,2.44817e-05,-7.12175e-05
7.285,3.66357e-05,-1.59702e-05,-8.52164e-06,2.44394e-05,-7.09757e-05
7.286,3.66197e-05,-1.60326e-05,-8.49723e-06,2.43973e-05,-7.07343e-05
7.287,3.66036e-05,-1.60948e-05,-8.47285e-06,2.43551e-05,-7.04934e-05
7.288,3.65875e-05,-1.61567e-05,-8.44852e-06,2.4313e-05,-7.02529e-05
7.289,3.65713e-05,-1.62185e-05,-8.42422e-06,2.4271e-05,-7.00129e-05
7.29,3.65551e-05,-1.628e-05,-8.39997e-06,2.4229e-05,-6.97734e-05
7.291,3.65388e-05,-1.63413e-05,-8.37577e-06,2.4187e-05,-6.95342e-05
7.292,3.65224e-05,-1.64024e-05,-8.3516e-06,2.41451e-05,-6.92956e-05
7.293,3.6506e-05,-1.64633e-05,-8.32748e-06,2.41032e-05,-6.90574e-05
7.294,3.64895e-05,-1.65239e-05,-8.30339e-06,2.40614e-05,-6.88196e-05
7.295,3.64729e-05,-1.65844e-05,-8.27935e-06,2.40196e-05,-6.85823e-05
7.296,3.64563e-05,-1.66446e-05,-8.25535e-06,2.39779e-05,-6.83455e-05
7.297,3.64396e-05,-1.67046e-05,-8.2314e-06,2.39362e-05,-6.81091e-05
7.298,3.64229e-05,-1.67644e-05,-8.20748e-06,2.38946e-05,-6.78731e-05
7.299,3.64061e-05,-1.6824e-05,-8.18361e-06,2.3853e-05,-6.76376e-05
7.3,3.63892e-05,-1.68834e-05,-8.15978e-06,2.38114e-05,-6.74025e-05
7.301,3.63723e-05,-1.69426e-05,-8.13599e-06,2.37699e-05,-6.71679e-05
7.302,3.63554e-05,-1.70016e-05,-8.11224e-06,2.37284e-05,-6.69338e-05
7.303,3.63383e-05,-1.70603e-05,-8.08853e-06,2.3687e-05,-6.67001e-05
7.304,3.63212e-05,-1.71188e-05,-8.06486e-06,2.36456e-05,-6.64668e-05
7.305,3.63041e-05,-1.71772e-05,-8.04124e-06,2.36043e-05,-6.6234e-05
7.306,3.62869e-05,-1.72353e-05,-8.01765e-06,2.3563e-05,-6.60016e-05
7.307,3.62696e-05,-1.72932e-05,-7.99411e-06,2.35218e-05,-6.57696e-05
7.308,3.62523e-05,-1.73509e-05,-7.97061e-06,2.34806e-05,-6.55381e-05
7.309,3.62349e-05,-1.74084e-05,-7.94715e-06,2.34394e-05,-6.53071e-05
7.31,3.62175e-05,-1.74657e-05,-7.92373e-06,2.33983e-05,-6.50765e-05
7.311,3.62e-05,-1.75228e-05,-7.90035e-06,2.33572e-05,-6.48463e-05
7.312,3.61824e-05,-1.75797e-05,-7.87702e-06,2.33162e-05,-6.46166e-05
7.313,3.61648e-05,-1.76364e-05,-7.85372e-06,2.32752e-05,-6.43873e-05
7.314,3.61472e-05,-1.76928e-05,-7.83047e-06,2.32343e-05,-6.41585e-05
7.315,3.61294e-05,-1.77491e-05,-7.80725e-06,2.31934e-05,-6.39301e-05
7.316,3.61117e-05,-1.78051e-05,-7.78408e-06,2.31526e-05,-6.37021e-05
7.317,3.60938e-05,-1.7861e-05,-7.76095e-06,2.31118e-05,-6.34746e-05
7.318,3.60759e-05,-1.79166e-05,-7.73786e-06,2.3071e-05,-6.32475e-05
7.319,3.6058e-05,-1.79721e-05,-7.71481e-06,2.30303e-05,-6.30208e-05
7.32,3.604e-05,-1.80273e-05,-7.6918e-06,2.29897e-05,-6.27946e-05
7.321,3.6022e-05,-1.80823e-05,-7.66883e-06,2.2949e-05,-6.25689e-05
7.322,3.60038e-05,-1.81372e-05,-7.6459e-06,2.29085e-05,-6.23435e-05
7.323,3.59857e-05,-1.81918e-05,-7.62301e-06,2.28679e-05,-6.21186e-05
7.324,3.59675e-05,-1.82462e-05,-7.60016e-06,2.28275e-05,-6.18942e-05
7.325,3.59492e-05,-1.83005e-05,-7.57736e-06,2.2787e-05,-6.16701e-05
7.326,3.59309e-05,-1.83545e-05,-7.55459e-06,2.27466e-05,-6.14465e-05
7.327,3.59125e-05,-1.84083e-05,-7.53186e-06,2.27063e-05,-6.12234e-05
7.328,3.5894e-05,-1.84619e-05,-7.50918e-06,2.2666e-05,-6.10006e-05
7.329,3.58756e-05,-1.85154e-05,-7.48653e-06,2.26257e-05,-6.07783e-05
7.33,3.5857e-05,-1.85686e-05,-7.46392e-06,2.25855e-05,-6.05565e-05
7.331,3.58384e-05,-1.86216e-05,-7.44136e-06,2.25453e-05,-6.0335e-05
7.332,3.58198e-05,-1.86744e-05,-7.41883e-06,2.25052e-05,-6.0114e-05
7.333,3.58011e-05,-1.87271e-05,-7.39635e-06,2.24651e-05,-5.98934e-05
7.334,3.57823e-05,-1.87795e-05,-7.3739e-06,2.24251e-05,-5.96733e-05
7.335,3.57635e-05,-1.88317e-05,-7.3515e-06,2.23851e-05,-5.94536e-05
7.336,3.57446e-05,-1.88837e-05,-7.32913e-06,2.23451e-05,-5.92343e-05
7.337,3.57257e-05,-1.89356e-05,-7.30681e-06,2.23052e-05,-5.90154e-05
7.338,3.57068e-05,-1.89872e-05,-7.28452e-06,2.22653e-05,-5.8797e-05
7.339,3.56878e-05,-1.90387e-05,-7.26228e-06,2.22255e-05,-5.8579e-05
7.34,3.56687e-05,-1.90899e-05,-7.24007e-06,2.21858e-05,-5.83614e-05
7.341,3.56496e-05,-1.9141e-05,-7.21791e-06,2.2146e-05,-5.81442e-05
7.342,3.56304e-05,-1.91918e-05,-7.19578e-06,2.21064e-05,-5.79275e-05
7.343,3.56112e-05,-1.92425e-05,-7.17369e-06,2.20667e-05,-5.77112e-05
7.344,3.55919e-05,-1.9293e-05,-7.15165e-06,2.20271e-05,-5.74953e-05
7.345,3.55726e-05,-1.93432e-05,-7.12964e-06,2.19876e-05,-5.72799e-05
7.346,3.55532e-05,-1.93933e-05,-7.10767e-06,2.19481e-05,-5.70648e-05
7.347,3.55338e-05,-1.94432e-05,-7.08574e-06,2.19086e-05,-5.68502e-05
7.348,3.55144e-05,-1.94929e-05,-7.06385e-06,2.18692e-05,-5.6636e-05
7.349,3.54948e-05,-1.95424e-05,-7.04201e-06,2.18298e-05,-5.64223e-05
7.35,3.54753e-05,-1.95917e-05,-7.0202e-06,2.17905e-05,-5.62089e-05
7.351,3.54557e-05,-1.96408e-05,-6.99842e-06,2.17512e-05,-5.5996e-05
7.352,3.5436e-05,-1.96898e-05,-6.97669e-06,2.1712e-05,-5.57835e-05
7.353,3.54163e-05,-1.97385e-05,-6.955e-06,2.16728e-05,-5.55714e-05
7.354,3.53965e-05,-1.9787e-05,-6.93335e-06,2.16336e-05,-5.53598e-05
7.355,3.53767e-05,-1.98354e-05,-6.91173e-06,2.15945e-05,-5.51485e-05
7.356,3.53568e-05,-1.98836e-05,-6.89016e-06,2.15555e-05,-5.49377e-05
7.357,3.53369e-05,-1.99315e-05,-6.86862e-06,2.15164e-05,-5.47273e-05
7.358,3.5317e-05,-1.99793e-05,-6.84713e-06,2.14775e-05,-5.45173e-05
7.359,3.5297e-05,-2.00269e-05,-6.82567e-06,2.14385e-05,-5.43077e-05
7.36,3.52769e-05,-2.00744e-05,-6.80425e-06,2.13997e-05,-5.40985e-05
7.361,3.52568e-05,-2.01216e-05,-6.78287e-06,2.13608e-05,-5.38898e-05
7.362,3.52367e-05,-2.01686e-05,-6.76153e-06,2.1322e-05,-5.36814e-05
7.363,3.52165e-05,-2.02155e-05,-6.74022e-06,2.12833e-05,-5.34735e-05
7.364,3.51963e-05,-2.02621e-05,-6.71896e-06,2.12446e-05,-5.3266e-05
7.365,3.5176e-05,-2.03086e-05,-6.69774e-06,2.12059e-05,-5.30589e-05
7.366,3.51556e-05,-2.03549e-05,-6.67655e-06,2.11673e-05,-5.28523e-05
7.367,3.51353e-05,-2.0401e-05,-6.6554e-06,2.11287e-05,-5.2646e-05
7.368,3.51148e-05,-2.04469e-05,-6.63429e-06,2.10902e-05,-5.24401e-05
7.369,3.50944e-05,-2.04927e-05,-6.61322e-06,2.10517e-05,-5.22347e-05
7.37,3.50739e-05,-2.05382e-05,-6.59219e-06,2.10133e-05,-5.20296e-05
7.371,3.50533e-05,-2.05836e-05,-6.57119e-06,2.09749e-05,-5.1825e-05
7.372,3.50327e-05,-2.06288e-05,-6.55024e-06,2.09365e-05,-5.16208e-05
7.373,3.5012e-05,-2.06738e-05,-6.52932e-06,2.08982e-05,-5.1417e-05
7.374,3.49913e-05,-2.07186e-05,-6.50844e-06,2.08599e-05,-5.12136e-05
7.375,3.49706e-05,-2.07632e-05,-6.4876e-06,2.08217e-05,-5.10106e-05
7.376,3.49498e-05,-2.08077e-05,-6.4668e-06,2.07836e-05,-5.0808e-05
7.377,3.4929e-05,-2.0852e-05,-6.44603e-06,2.07454e-05,-5.06059e-05
7.378,3.49081e-05,-2.0896e-05,-6.42531e-06,2.07073e-05,-5.04041e-05
7.379,3.48872e-05,-2.094e-05,-6.40462e-06,2.06693e-05,-5.02027e-05
7.38,3.48662e-05,-2.09837e-05,-6.38397e-06,2.06313e-05,-5.00018e-05
7.381,3.48452e-05,-2.10272e-05,-6.36336e-06,2.05933e-05,-4.98012e-05
7.382,3.48242e-05,-2.10706e-05,-6.34278e-06,2.05554e-05,-4.96011e-05
7.383,3.48031e-05,-2.11138e-05,-6.32225e-06,2.05176e-05,-4.94013e-05
7.384,3.47819e-05,-2.11568e-05,-6.30175e-06,2.04797e-05,-4.9202e-05
7.385,3.47608e-05,-2.11996e-05,-6.28129e-06,2.0442e-05,-4.9003e-05
7.386,3.47395e-05,-2.12423e-05,-6.26086e-06,2.04042e-05,-4.88045e-05
7.387,3.47183e-05,-2.12848e-05,-6.24048e-06,2.03665e-05,-4.86063e-05
7.388,3.4697e-05,-2.13271e-05,-6.22013e-06,2.03289e-05,-4.84086e-05
7.389,3.46756e-05,-2.13692e-05,-6.19982e-06,2.02913e-05,-4.82113e-05
7.39,3.46542e-05,-2.14111e-05,-6.17955e-06,2.02537e-05,-4.80143e-05
7.391,3.46328e-05,-2.14529e-05,-6.15931e-06,2.02162e-05,-4.78178e-05
7.392,3.46113e-05,-2.14945e-05,-6.13912e-06,2.01788e-05,-4.76217e-05
7.393,3.45898e-05,-2.15359e-05,-6.11896e-06,2.01413e-05,-4.74259e-05
7.394,3.45683e-05,-2.15771e-05,-6.09883e-06,2.0104e-05,-4.72306e-05
7.395,3.45467e-05,-2.16182e-05,-6.07875e-06,2.00666e-05,-4.70356e-05
7.396,3.4525e-05,-2.16591e-05,-6.0587e-06,2.00293e-05,-4.68411e-05
7.397,3.45033e-05,-2.16998e-05,-6.03869e-06,1.99921e-05,-4.66469e-05
7.398,3.44816e-05,-2.17403e-05,-6.01872e-06,1.99549e-05,-4.64532e-05
7.399,3.44599e-05,-2.17807e-05,-5.99878e-06,1.99177e-05,-4.62598e-05
7.4,3.44381e-05,-2.18209e-05,-5.97888e-06,1.98806e-05,-4.60669e-05
7.401,3.44162e-05,-2.18609e-05,-5.95902e-06,1.98435e-05,-4.58743e-05
7.402,3.43943e-05,-2.19007e-05,-5.93919e-06,1.98065e-05,-4.56821e-05
7.403,3.43724e-05,-2.19404e-05,-5.91941e-06,1.97695e-05,-4.54903e-05
7.404,3.43505e-05,-2.19799e-05,-5.89965e-06,1.97326e-05,-4.52989e-05
7.405,3.43285e-05,-2.20193e-05,-5.87994e-06,1.96957e-05,-4.51079e-05
7.406,3.43064e-05,-2.20584e-05,-5.86026e-06,1.96588e-05,-4.49173e-05
7.407,3.42843e-05,-2.20974e-05,-5.84062e-06,1.9622e-05,-4.47271e-05
7.408,3.42622e-05,-2.21362e-05,-5.82102e-06,1.95852e-05,-4.45373e-05
7.409,3.42401e-05,-2.21749e-05,-5.80145e-06,1.95485e-05,-4.43479e-05
7.41,3.42179e-05,-2.22133e-05,-5.78192e-06,1.95118e-05,-4.41588e-05
7.411,3.41956e-05,-2.22516e-05,-5.76243e-06,1.94752e-05,-4.39701e-05
7.412,3.41734e-05,-2.22898e-05,-5.74297e-06,1.94386e-05,-4.37819e-05
7.413,3.41511e-05,-2.23278e-05,-5.72355e-06,1.94021e-05,-4.3594e-05
7.414,3.41287e-05,-2.23656e-05,-5.70417e-06,1.93656e-05,-4.34065e-05
7.415,3.41063e-05,-2.24032e-05,-5.68482e-06,1.93291e-05,-4.32194e-05
7.416,3.40839e-05,-2.24407e-05,-5.66551e-06,1.92927e-05,-4.30327e-05
7.417,3.40615e-05,-2.2478e-05,-5.64624e-06,1.92563e-05,-4.28463e-05
7.418,3.4039e-05,-2.25151e-05,-5.627e-06,1.922e-05,-4.26604e-05
7.419,3.40164e-05,-2.2552e-05,-5.6078e-06,1.91837e-05,-4.24748e-05
7.42,3.39939e-05,-2.25888e-05,-5.58863e-06,1.91475e-05,-4.22896e-05
7.421,3.39712e-05,-2.26255e-05,-5.5695e-06,1.91113e-05,-4.21049e-05
7.422,3.39486e-05,-2.26619e-05,-5.55041e-06,1.90751e-05,-4.19204e-05
7.423,3.39259e-05,-2.26982e-05,-5.53135e-06,1.9039e-05,-4.17364e-05
7.424,3.39032e-05,-2.27344e-05,-5.51233e-06,1.90029e-05,-4.15528e-05
7.425,3.38805e-05,-2.27704e-05,-5.49334e-06,1.89669e-05,-4.13695e-05
7.426,3.38577e-05,-2.28062e-05,-5.4744e-06,1.89309e-05,-4.11866e-05
7.427,3.38348e-05,-2.28418e-05,-5.45548e-06,1.8895e-05,-4.10041e-05
7.428,3.3812e-05,-2.28773e-05,-5.43661e-06,1.88591e-05,-4.0822e-05
7.429,3.37891e-05,-2.29126e-05,-5.41776e-06,1.88232e-05,-4.06402e-05
7.43,3.37662e-05,-2.29477e-05,-5.39896e-06,1.87874e-05,-4.04589e-05
7.431,3.37432e-05,-2.29827e-05,-5.38019e-06,1.87517e-05,-4.02779e-05
7.432,3.37202e-05,-2.30176e-05,-5.36146e-06,1.8716e-05,-4.00973e-05
7.433,3.36972e-05,-2.30522e-05,-5.34276e-06,1.86803e-05,-3.99171e-05
7.434,3.36741e-05,-2.30867e-05,-5.3241e-06,1.86447e-05,-3.97372e-05
7.435,3.3651e-05,-2.31211e-05,-5.30547e-06,1.86091e-05,-3.95577e-05
7.436,3.36278e-05,-2.31553e-05,-5.28688e-06,1.85735e-05,-3.93786e-05
7.437,3.36047e-05,-2.31893e-05,-5.26832e-06,1.8538e-05,-3.91999e-05
7.438,3.35815e-05,-2.32232e-05,-5.2498e-06,1.85026e-05,-3.90216e-05
7.439,3.35582e-05,-2.32569e-05,-5.23132e-06,1.84671e-05,-3.88436e-05
7.44,3.3535e-05,-2.32904e-05,-5.21287e-06,1.84318e-05,-3.8666e-05
7.441,3.35116e-05,-2.33238e-05,-5.19445e-06,1.83964e-05,-3.84888e-05
7.442,3.34883e-05,-2.3357e-05,-5.17607e-06,1.83612e-05,-3.83119e-05
7.443,3.34649e-05,-2.33901e-05,-5.15773e-06,1.83259e-05,-3.81354e-05
7.444,3.34415e-05,-2.3423e-05,-5.13942e-06,1.82907e-05,-3.79593e-05
7.445,3.34181e-05,-2.34557e-05,-5.12115e-06,1.82556e-05,-3.77836e-05
7.446,3.33946e-05,-2.34883e-05,-5.10291e-06,1.82205e-05,-3.76082e-05
7.447,3.33711e-05,-2.35208e-05,-5.08471e-06,1.81854e-05,-3.74332e-05
7.448,3.33476e-05,-2.3553e-05,-5.06654e-06,1.81504e-05,-3.72586e-05
7.449,3.3324e-05,-2.35852e-05,-5.04841e-06,1.81154e-05,-3.70843e-05
7.45,3.33004e-05,-2.36171e-05,-5.03031e-06,1.80804e-05,-3.69104e-05
7.451,3.32768e-05,-2.36489e-05,-5.01225e-06,1.80455e-05,-3.67369e-05
7.452,3.32531e-05,-2.36806e-05,-4.99422e-06,1.80107e-05,-3.65638e-05
7.453,3.32294e-05,-2.37121e-05,-4.97623e-06,1.79759e-05,-3.6391e-05
7.454,3.32057e-05,-2.37434e-05,-4.95827e-06,1.79411e-05,-3.62186e-05
7.455,3.31819e-05,-2.37746e-05,-4.94034e-06,1.79064e-05,-3.60465e-05
7.456,3.31581e-05,-2.38057e-05,-4.92245e-06,1.78717e-05,-3.58749e-05
7.457,3.31343e-05,-2.38366e-05,-4.9046e-06,1.78371e-05,-3.57035e-05
7.458,3.31105e-05,-2.38673e-05,-4.88678e-06,1.78025e-05,-3.55326e-05
7.459,3.30866e-05,-2.38979e-05,-4.869e-06,1.77679e-05,-3.5362e-05
7.46,3.30627e-05,-2.39283e-05,-4.85124e-06,1.77334e-05,-3.51918e-05
7.461,3.30387e-05,-2.39586e-05,-4.83353e-06,1.7699e-05,-3.50219e-05
7.462,3.30147e-05,-2.39887e-05,-4.81585e-06,1.76645e-05,-3.48524e-05
7.463,3.29907e-05,-2.40186e-05,-4.7982e-06,1.76302e-05,-3.46833e-05
7.464,3.29667e-05,-2.40485e-05,-4.78059e-06,1.75958e-05,-3.45145e-05
7.465,3.29426e-05,-2.40781e-05,-4.76301e-06,1.75615e-05,-3.43461e-05
7.466,3.29186e-05,-2.41076e-05,-4.74546e-06,1.75273e-05,-3.4178e-05
7.467,3.28944e-05,-2.4137e-05,-4.72795e-06,1.74931e-05,-3.40104e-05
7.468,3.28703e-05,-2.41662e-05,-4.71048e-06,1.74589e-05,-3.3843e-05
7.469,3.28461e-05,-2.41953e-05,-4.69304e-06,1.74248e-05,-3.36761e-05
7.47,3.28219e-05,-2.42242e-05,-4.67563e-06,1.73907e-05,-3.35094e-05
7.471,3.27977e-05,-2.4253e-05,-4.65825e-06,1.73567e-05,-3.33432e-05
7.472,3.27734e-05,-2.42816e-05,-4.64091e-06,1.73227e-05,-3.31773e-05
7.473,3.27491e-05,-2.431e-05,-4.62361e-06,1.72887e-05,-3.30118e-05
7.474,3.27248e-05,-2.43384e-05,-4.60634e-06,1.72548e-05,-3.28466e-05
7.475,3.27004e-05,-2.43665e-05,-4.5891e-06,1.7221e-05,-3.26818e-05
7.476,3.2676e-05,-2.43946e-05,-4.57189e-06,1.71871e-05,-3.25173e-05
7.477,3.26516e-05,-2.44224e-05,-4.55472e-06,1.71534e-05,-3.23532e-05
7.478,3.26272e-05,-2.44502e-05,-4.53759e-06,1.71196e-05,-3.21894e-05
7.479,3.26027e-05,-2.44777e-05,-4.52049e-06,1.70859e-05,-3.2026e-05
7.48,3.25782e-05,-2.45052e-05,-4.50342e-06,1.70523e-05,-3.1863e-05
7.481,3.25537e-05,-2.45325e-05,-4.48638e-06,1.70187e-05,-3.17003e-05
7.482,3.25292e-05,-2.45596e-05,-4.46938e-06,1.69851e-05,-3.15379e-05
7.483,3.25046e-05,-2.45866e-05,-4.45241e-06,1.69516e-05,-3.13759e-05
7.484,3.248e-05,-2.46135e-05,-4.43548e-06,1.69181e-05,-3.12143e-05
7.485,3.24554e-05,-2.46402e-05,-4.41857e-06,1.68847e-05,-3.1053e-05
7.486,3.24307e-05,-2.46668e-05,-4.40171e-06,1.68513e-05,-3.08921e-05
7.487,3.2406e-05,-2.46932e-05,-4.38487e-06,1.68179e-05,-3.07315e-05
7.488,3.23813e-05,-2.47195e-05,-4.36807e-06,1.67846e-05,-3.05713e-05
7.489,3.23566e-05,-2.47456e-05,-4.3513e-06,1.67513e-05,-3.04114e-05
7.49,3.23318e-05,-2.47716e-05,-4.33457e-06,1.67181e-05,-3.02518e-05
7.491,3.2307e-05,-2.47974e-05,-4.31787e-06,1.66849e-05,-3.00927e-05
7.492,3.22822e-05,-2.48231e-05,-4.3012e-06,1.66518e-05,-2.99338e-05
7.493,3.22574e-05,-2.48487e-05,-4.28456e-06,1.66187e-05,-2.97753e-05
7.494,3.22325e-05,-2.48741e-05,-4.26796e-06,1.65856e-05,-2.96172e-05
7.495,3.22077e-05,-2.48994e-05,-4.25139e-06,1.65526e-05,-2.94594e-05
7.496,3.21827e-05,-2.49245e-05,-4.23486e-06,1.65197e-05,-2.93019e-05
7.497,3.21578e-05,-2.49495e-05,-4.21835e-06,1.64867e-05,-2.91448e-05
7.498,3.21328e-05,-2.49744e-05,-4.20188e-06,1.64538e-05,-2.89881e-05
7.499,3.21079e-05,-2.49991e-05,-4.18545e-06,1.6421e-05,-2.88317e-05
7.5,3.20828e-05,-2.50237e-05,-4.16904e-06,1.63882e-05,-2.86756e-05
7.501,3.20578e-05,-2.50481e-05,-4.15267e-06,1.63554e-05,-2.85199e-05
7.502,3.20327e-05,-2.50724e-05,-4.13633e-06,1.63227e-05,-2.83645e-05
7.503,3.20077e-05,-2.50966e-05,-4.12002e-06,1.629e-05,-2.82094e-05
7.504,3.19826e-05,-2.51206e-05,-4.10375e-06,1.62574e-05,-2.80547e-05
7.505,3.19574e-05,-2.51445e-05,-4.08751e-06,1.62248e-05,-2.79004e-05
7.506,3.19323e-05,-2.51682e-05,-4.0713e-06,1.61923e-05,-2.77464e-05
7.507,3.19071e-05,-2.51918e-05,-4.05512e-06,1.61598e-05,-2.75927e-05
7.508,3.18819e-05,-2.52153e-05,-4.03898e-06,1.61273e-05,-2.74393e-05
7.509,3.18567e-05,-2.52386e-05,-4.02287e-06,1.60949e-05,-2.72864e-05
7.51,3.18314e-05,-2.52618e-05,-4.00679e-06,1.60625e-05,-2.71337e-05
7.511,3.18061e-05,-2.52849e-05,-3.99074e-06,1.60302e-05,-2.69814e-05
7.512,3.17808e-05,-2.53078e-05,-3.97473e-06,1.59979e-05,-2.68294e-05
7.513,3.17555e-05,-2.53306e-05,-3.95875e-06,1.59656e-05,-2.66778e-05
7.514,3.17302e-05,-2.53533e-05,-3.9428e-06,1.59334e-05,-2.65265e-05
7.515,3.17048e-05,-2.53758e-05,-3.92688e-06,1.59012e-05,-2.63755e-05
7.516,3.16794e-05,-2.53982e-05,-3.911e-06,1.58691e-05,-2.62249e-05
7.517,3.1654e-05,-2.54204e-05,-3.89514e-06,1.5837e-05,-2.60746e-05
7.518,3.16286e-05,-2.54425e-05,-3.87932e-06,1.5805e-05,-2.59246e-05
7.519,3.16031e-05,-2.54645e-05,-3.86353e-06,1.5773e-05,-2.5775e-05
7.52,3.15777e-05,-2.54863e-05,-3.84778e-06,1.5741e-05,-2.56257e-05
7.521,3.15522e-05,-2.5508e-05,-3.83205e-06,1.57091e-05,-2.54767e-05
7.522,3.15266e-05,-2.55296e-05,-3.81636e-06,1.56772e-05,-2.53281e-05
7.523,3.15011e-05,-2.55511e-05,-3.8007e-06,1.56454e-05,-2.51798e-05
7.524,3.14755e-05,-2.55724e-05,-3.78507e-06,1.56136e-05,-2.50319e-05
7.525,3.145e-05,-2.55935e-05,-3.76947e-06,1.55818e-05,-2.48842e-05
7.526,3.14244e-05,-2.56146e-05,-3.7539e-06,1.55501e-05,-2.47369e-05
7.527,3.13987e-05,-2.56355e-05,-3.73837e-06,1.55184e-05,-2.459e-05
7.528,3.13731e-05,-2.56563e-05,-3.72287e-06,1.54868e-05,-2.44433e-05
7.529,3.13474e-05,-2.56769e-05,-3.7074e-06,1.54552e-05,-2.4297e-05
7.53,3.13217e-05,-2.56975e-05,-3.69196e-06,1.54237e-05,-2.41511e-05
7.531,3.1296e-05,-2.57179e-05,-3.67655e-06,1.53922e-05,-2.40054e-05
7.532,3.12703e-05,-2.57381e-05,-3.66117e-06,1.53607e-05,-2.38601e-05
7.533,3.12445e-05,-2.57583e-05,-3.64583e-06,1.53293e-05,-2.37151e-05
7.534,3.12188e-05,-2.57783e-05,-3.63051e-06,1.52979e-05,-2.35705e-05
7.535,3.1193e-05,-2.57981e-05,-3.61523e-06,1.52666e-05,-2.34261e-05
7.536,3.11672e-05,-2.58179e-05,-3.59998e-06,1.52353e-05,-2.32821e-05
7.537,3.11413e-05,-2.58375e-05,-3.58476e-06,1.5204e-05,-2.31385e-05
7.538,3.11155e-05,-2.5857e-05,-3.56957e-06,1.51728e-05,-2.29951e-05
7.539,3.10896e-05,-2.58763e-05,-3.55442e-06,1.51416e-05,-2.28521e-05
7.54,3.10637e-05,-2.58956e-05,-3.53929e-06,1.51105e-05,-2.27094e-05
7.541,3.10378e-05,-2.59147e-05,-3.5242e-06,1.50794e-05,-2.2567e-05
7.542,3.10119e-05,-2.59336e-05,-3.50913e-06,1.50484e-05,-2.24249e-05
7.543,3.0986e-05,-2.59525e-05,-3.4941e-06,1.50174e-05,-2.22832e-05
7.544,3.096e-05,-2.59712e-05,-3.4791e-06,1.49864e-05,-2.21418e-05
7.545,3.0934e-05,-2.59898e-05,-3.46413e-06,1.49555e-05,-2.20007e-05
7.546,3.0908e-05,-2.60083e-05,-3.44919e-06,1.49246e-05,-2.186e-05
7.547,3.0882e-05,-2.60266e-05,-3.43428e-06,1.48938e-05,-2.17195e-05
7.548,3.0856e-05,-2.60448e-05,-3.4194e-06,1.4863e-05,-2.15794e-05
7.549,3.08299e-05,-2.60629e-05,-3.40455e-06,1.48322e-05,-2.14396e-05
7.55,3.08039e-05,-2.60809e-05,-3.38973e-06,1.48015e-05,-2.13001e-05
7.551,3.07778e-05,-2.60987e-05,-3.37495e-06,1.47708e-05,-2.1161e-05
7.552,3.07517e-05,-2.61164e-05,-3.36019e-06,1.47402e-05,-2.10221e-05
7.553,3.07255e-05,-2.6134e-05,-3.34547e-06,1.47096e-05,-2.08836e-05
7.554,3.06994e-05,-2.61515e-05,-3.33077e-06,1.4679e-05,-2.07454e-05
7.555,3.06732e-05,-2.61689e-05,-3.31611e-06,1.46485e-05,-2.06075e-05
7.556,3.06471e-05,-2.61861e-05,-3.30148e-06,1.46181e-05,-2.047e-05
7.557,3.06209e-05,-2.62032e-05,-3.28687e-06,1.45876e-05,-2.03327e-05
7.558,3.05946e-05,-2.62202e-05,-3.2723e-06,1.45572e-05,-2.01958e-05
7.559,3.05684e-05,-2.6237e-05,-3.25776e-06,1.45269e-05,-2.00591e-05
7.56,3.05422e-05,-2.62538e-05,-3.24325e-06,1.44966e-05,-1.99228e-05
7.561,3.05159e-05,-2.62704e-05,-3.22877e-06,1.44663e-05,-1.97869e-05
7.562,3.04896e-05,-2.62869e-05,-3.21431e-06,1.44361e-05,-1.96512e-05
7.563,3.04633e-05,-2.63032e-05,-3.19989e-06,1.44059e-05,-1.95158e-05
7.564,3.0437e-05,-2.63195e-05,-3.1855e-06,1.43758e-05,-1.93808e-05
7.565,3.04107e-05,-2.63356e-05,-3.17114e-06,1.43457e-05,-1.9246e-05
7.566,3.03844e-05,-2.63516e-05,-3.15681e-06,1.43156e-05,-1.91116e-05
7.567,3.0358e-05,-2.63675e-05,-3.14251e-06,1.42856e-05,-1.89775e-05
7.568,3.03316e-05,-2.63833e-05,-3.12824e-06,1.42556e-05,-1.88437e-05
7.569,3.03052e-05,-2.63989e-05,-3.114e-06,1.42257e-05,-1.87102e-05
7.57,3.02788e-05,-2.64144e-05,-3.09979e-06,1.41958e-05,-1.85771e-05
7.571,3.02524e-05,-2.64299e-05,-3.08561e-06,1.41659e-05,-1.84442e-05
7.572,3.0226e-05,-2.64451e-05,-3.07146e-06,1.41361e-05,-1.83116e-05
7.573,3.01995e-05,-2.64603e-05,-3.05734e-06,1.41063e-05,-1.81794e-05
7.574,3.0173e-05,-2.64754e-05,-3.04324e-06,1.40766e-05,-1.80475e-05
7.575,3.01466e-05,-2.64903e-05,-3.02918e-06,1.40469e-05,-1.79158e-05
7.576,3.01201e-05,-2.65051e-05,-3.01515e-06,1.40172e-05,-1.77845e-05
7.577,3.00935e-05,-2.65198e-05,-3.00115e-06,1.39876e-05,-1.76535e-05
7.578,3.0067e-05,-2.65344e-05,-2.98718e-06,1.3958e-05,-1.75228e-05
7.579,3.00405e-05,-2.65489e-05,-2.97323e-06,1.39285e-05,-1.73924e-05
7.58,3.00139e-05,-2.65632e-05,-2.95932e-06,1.3899e-05,-1.72623e-05
7.581,2.99874e-05,-2.65775e-05,-2.94543e-06,1.38696e-05,-1.71325e-05
7.582,2.99608e-05,-2.65916e-05,-2.93158e-06,1.38401e-05,-1.7003e-05
7.583,2.99342e-05,-2.66056e-05,-2.91775e-06,1.38108e-05,-1.68739e-05
7.584,2.99076e-05,-2.66195e-05,-2.90396e-06,1.37814e-05,-1.6745e-05
7.585,2.98809e-05,-2.66333e-05,-2.89019e-06,1.37521e-05,-1.66164e-05
7.586,2.98543e-05,-2.66469e-05,-2.87645e-06,1.37229e-05,-1.64882e-05
7.587,2.98276e-05,-2.66605e-05,-2.86275e-06,1.36937e-05,-1.63602e-05
7.588,2.9801e-05,-2.66739e-05,-2.84907e-06,1.36645e-05,-1.62325e-05
7.589,2.97743e-05,-2.66872e-05,-2.83542e-06,1.36354e-05,-1.61052e-05
7.59,2.97476e-05,-2.67004e-05,-2.8218e-06,1.36063e-05,-1.59781e-05
7.591,2.97209e-05,-2.67135e-05,-2.8082e-06,1.35772e-05,-1.58514e-05
7.592,2.96942e-05,-2.67265e-05,-2.79464e-06,1.35482e-05,-1.57249e-05
7.593,2.96674e-05,-2.67394e-05,-2.78111e-06,1.35193e-05,-1.55988e-05
7.594,2.96407e-05,-2.67521e-05,-2.7676e-06,1.34903e-05,-1.54729e-05
7.595,2.96139e-05,-2.67647e-05,-2.75413e-06,1.34614e-05,-1.53474e-05
7.596,2.95872e-05,-2.67773e-05,-2.74068e-06,1.34326e-05,-1.52221e-05
7.597,2.95604e-05,-2.67897e-05,-2.72726e-06,1.34038e-05,-1.50971e-05
7.598,2.95336e-05,-2.6802e-05,-2.71387e-06,1.3375e-05,-1.49725e-05
7.599,2.95068e-05,-2.68142e-05,-2.70051e-06,1.33463e-05,-1.48481e-05
7.6,2.948e-05,-2.68263e-05,-2.68718e-06,1.33176e-05,-1.47241e-05
7.601,2.94531e-05,-2.68382e-05,-2.67388e-06,1.32889e-05,-1.46003e-05
7.602,2.94263e-05,-2.68501e-05,-2.6606e-06,1.32603e-05,-1.44768e-05
7.603,2.93994e-05,-2.68618e-05,-2.64736e-06,1.32318e-05,-1.43536e-05
7.604,2.93726e-05,-2.68735e-05,-2.63414e-06,1.32032e-05,-1.42308e-05
7.605,2.93457e-05,-2.6885e-05,-2.62095e-06,1.31747e-05,-1.41082e-05
7.606,2.93188e-05,-2.68964e-05,-2.60779e-06,1.31463e-05,-1.39859e-05
7.607,2.92919e-05,-2.69077e-05,-2.59466e-06,1.31179e-05,-1.38639e-05
7.608,2.9265e-05,-2.6919e-05,-2.58155e-06,1.30895e-05,-1.37422e-05
7.609,2.9238e-05,-2.693e-05,-2.56848e-06,1.30612e-05,-1.36208e-05
7.61,2.92111e-05,-2.6941e-05,-2.55543e-06,1.30329e-05,-1.34996e-05
7.611,2.91842e-05,-2.69519e-05,-2.54241e-06,1.30046e-05,-1.33788e-05
7.612,2.91572e-05,-2.69627e-05,-2.52942e-06,1.29764e-05,-1.32583e-05
7.613,2.91302e-05,-2.69733e-05,-2.51646e-06,1.29482e-05,-1.3138e-05
7.614,2.91033e-05,-2.69839e-05,-2.50353e-06,1.29201e-05,-1.30181e-05
7.615,2.90763e-05,-2.69943e-05,-2.49062e-06,1.2892e-05,-1.28984e-05
7.616,2.90493e-05,-2.70047e-05,-2.47774e-06,1.28639e-05,-1.2779e-05
7.617,2.90223e-05,-2.70149e-05,-2.46489e-06,1.28359e-05,-1.266e-05
7.618,2.89952e-05,-2.70251e-05,-2.45207e-06,1.2808e-05,-1.25412e-05
7.619,2.89682e-05,-2.70351e-05,-2.43928e-06,1.278e-05,-1.24227e-05
7.62,2.89412e-05,-2.7045e-05,-2.42651e-06,1.27521e-05,-1.23044e-05
7.621,2.89141e-05,-2.70548e-05,-2.41377e-06,1.27243e-05,-1.21865e-05
7.622,2.88871e-05,-2.70645e-05,-2.40106e-06,1.26964e-05,-1.20689e-05
7.623,2.886e-05,-2.70741e-05,-2.38838e-06,1.26687e-05,-1.19515e-05
7.624,2.88329e-05,-2.70836e-05,-2.37572e-06,1.26409e-05,-1.18344e-05
7.625,2.88058e-05,-2.7093e-05,-2.3631e-06,1.26132e-05,-1.17176e-05
7.626,2.87787e-05,-2.71023e-05,-2.3505e-06,1.25856e-05,-1.16011e-05
7.627,2.87516e-05,-2.71115e-05,-2.33793e-06,1.25579e-05,-1.14849e-05
7.628,2.87245e-05,-2.71206e-05,-2.32538e-06,1.25304e-05,-1.1369e-05
7.629,2.86974e-05,-2.71295e-05,-2.31286e-06,1.25028e-05,-1.12534e-05
7.63,2.86702e-05,-2.71384e-05,-2.30038e-06,1.24753e-05,-1.1138e-05
7.631,2.86431e-05,-2.71472e-05,-2.28791e-06,1.24478e-05,-1.10229e-05
7.632,2.86159e-05,-2.71559e-05,-2.27548e-06,1.24204e-05,-1.09081e-05
7.633,2.85888e-05,-2.71644e-05,-2.26307e-06,1.2393e-05,-1.07936e-05
7.634,2.85616e-05,-2.71729e-05,-2.25069e-06,1.23657e-05,-1.06794e-05
7.635,2.85344e-05,-2.71813e-05,-2.23834e-06,1.23384e-05,-1.05654e-05
7.636,2.85073e-05,-2.71895e-05,-2.22602e-06,1.23111e-05,-1.04517e-05
7.637,2.84801e-05,-2.71977e-05,-2.21372e-06,1.22839e-05,-1.03384e-05
7.638,2.84529e-05,-2.72057e-05,-2.20145e-06,1.22567e-05,-1.02252e-05
7.639,2.84257e-05,-2.72137e-05,-2.18921e-06,1.22295e-05,-1.01124e-05
7.64,2.83984e-05,-2.72216e-05,-2.17699e-06,1.22024e-05,-9.99986e-06
7.641,2.83712e-05,-2.72293e-05,-2.1648e-06,1.21753e-05,-9.88759e-06
7.642,2.8344e-05,-2.7237e-05,-2.15264e-06,1.21483e-05,-9.77559e-06
7.643,2.83167e-05,-2.72445e-05,-2.14051e-06,1.21213e-05,-9.66388e-06
7.644,2.82895e-05,-2.7252e-05,-2.1284e-06,1.20943e-05,-9.55244e-06
7.645,2.82622e-05,-2.72593e-05,-2.11632e-06,1.20674e-05,-9.44128e-06
7.646,2.8235e-05,-2.72666e-05,-2.10426e-06,1.20405e-05,-9.33039e-06
7.647,2.82077e-05,-2.72738e-05,-2.09224e-06,1.20137e-05,-9.21978e-06
7.648,2.81804e-05,-2.72808e-05,-2.08024e-06,1.19869e-05,-9.10945e-06
7.649,2.81531e-05,-2.72878e-05,-2.06826e-06,1.19601e-05,-8.99939e-06
7.65,2.81258e-05,-2.72947e-05,-2.05632e-06,1.19334e-05,-8.88961e-06
7.651,2.80985e-05,-2.73014e-05,-2.0444e-06,1.19067e-05,-8.7801e-06
7.652,2.80712e-05,-2.73081e-05,-2.0325e-06,1.188e-05,-8.67087e-06
7.653,2.80439e-05,-2.73147e-05,-2.02064e-06,1.18534e-05,-8.56191e-06
7.654,2.80166e-05,-2.73212e-05,-2.0088e-06,1.18268e-05,-8.45322e-06
7.655,2.79893e-05,-2.73275e-05,-1.99698e-06,1.18003e-05,-8.3448e-06
7.656,2.7962e-05,-2.73338e-05,-1.98519e-06,1.17738e-05,-8.23666e-06
7.657,2.79346e-05,-2.734e-05,-1.97343e-06,1.17473e-05,-8.12879e-06
7.658,2.79073e-05,-2.73461e-05,-1.9617e-06,1.17209e-05,-8.02119e-06
7.659,2.78799e-05,-2.73521e-05,-1.94999e-06,1.16945e-05,-7.91386e-06
7.66,2.78526e-05,-2.7358e-05,-1.93831e-06,1.16682e-05,-7.8068e-06
7.661,2.78252e-05,-2.73638e-05,-1.92666e-06,1.16419e-05,-7.70001e-06
7.662,2.77978e-05,-2.73695e-05,-1.91503e-06,1.16156e-05,-7.5935e-06
7.663,2.77705e-05,-2.73751e-05,-1.90342e-06,1.15894e-05,-7.48725e-06
7.664,2.77431e-05,-2.73806e-05,-1.89185e-06,1.15632e-05,-7.38127e-06
7.665,2.77157e-05,-2.73861e-05,-1.8803e-06,1.1537e-05,-7.27555e-06
7.666,2.76883e-05,-2.73914e-05,-1.86877e-06,1.15109e-05,-7.17011e-06
7.667,2.76609e-05,-2.73966e-05,-1.85728e-06,1.14848e-05,-7.06493e-06
7.668,2.76335e-05,-2.74018e-05,-1.8458e-06,1.14588e-05,-6.96002e-06
7.669,2.76061e-05,-2.74068e-05,-1.83436e-06,1.14328e-05,-6.85538e-06
7.67,2.75787e-05,-2.74118e-05,-1.82294e-06,1.14068e-05,-6.75101e-06
7.671,2.75513e-05,-2.74166e-05,-1.81155e-06,1.13809e-05,-6.64689e-06
7.672,2.75239e-05,-2.74214e-05,-1.80018e-06,1.1355e-05,-6.54305e-06
7.673,2.74965e-05,-2.74261e-05,-1.78884e-06,1.13292e-05,-6.43947e-06
7.674,2.7469e-05,-2.74307e-05,-1.77752e-06,1.13034e-05,-6.33615e-06
7.675,2.74416e-05,-2.74352e-05,-1.76623e-06,1.12776e-05,-6.2331e-06
7.676,2.74142e-05,-2.74396e-05,-1.75496e-06,1.12518e-05,-6.13031e-06
7.677,2.73867e-05,-2.74439e-05,-1.74373e-06,1.12262e-05,-6.02779e-06
7.678,2.73593e-05,-2.74481e-05,-1.73251e-06,1.12005e-05,-5.92553e-06
7.679,2.73318e-05,-2.74522e-05,-1.72132e-06,1.11749e-05,-5.82353e-06
7.68,2.73044e-05,-2.74563e-05,-1.71016e-06,1.11493e-05,-5.72179e-06
7.681,2.72769e-05,-2.74602e-05,-1.69903e-06,1.11237e-05,-5.62032e-06
7.682,2.72495e-05,-2.74641e-05,-1.68791e-06,1.10982e-05,-5.5191e-06
7.683,2.7222e-05,-2.74679e-05,-1.67683e-06,1.10727e-05,-5.41815e-06
7.684,2.71945e-05,-2.74715e-05,-1.66577e-06,1.10473e-05,-5.31745e-06
7.685,2.7167e-05,-2.74751e-05,-1.65473e-06,1.10219e-05,-5.21702e-06
7.686,2.71396e-05,-2.74786e-05,-1.64373e-06,1.09966e-05,-5.11685e-06
7.687,2.71121e-05,-2.7482e-05,-1.63274e-06,1.09712e-05,-5.01693e-06
7.688,2.70846e-05,-2.74854e-05,-1.62178e-06,1.0946e-05,-4.91728e-06
7.689,2.70571e-05,-2.74886e-05,-1.61085e-06,1.09207e-05,-4.81788e-06
7.69,2.70296e-05,-2.74917e-05,-1.59994e-06,1.08955e-05,-4.71874e-06
7.691,2.70021e-05,-2.74948e-05,-1.58906e-06,1.08703e-05,-4.61985e-06
7.692,2.69746e-05,-2.74978e-05,-1.5782e-06,1.08452e-05,-4.52123e-06
7.693,2.69471e-05,-2.75006e-05,-1.56737e-06,1.08201e-05,-4.42286e-06
7.694,2.69196e-05,-2.75034e-05,-1.55656e-06,1.0795e-05,-4.32475e-06
7.695,2.68921e-05,-2.75061e-05,-1.54578e-06,1.077e-05,-4.22689e-06
7.696,2.68646e-05,-2.75087e-05,-1.53502e-06,1.0745e-05,-4.12929e-06
7.697,2.68371e-05,-2.75113e-05,-1.52429e-06,1.07201e-05,-4.03194e-06
7.698,2.68096e-05,-2.75137e-05,-1.51358e-06,1.06952e-05,-3.93485e-06
7.699,2.67821e-05,-2.75161e-05,-1.5029e-06,1.06703e-05,-3.83801e-06
7.7,2.67546e-05,-2.75184e-05,-1.49224e-06,1.06454e-05,-3.74142e-06
7.701,2.6727e-05,-2.75205e-05,-1.48161e-06,1.06206e-05,-3.64509e-06
7.702,2.66995e-05,-2.75226e-05,-1.471e-06,1.05959e-05,-3.54901e-06
7.703,2.6672e-05,-2.75247e-05,-1.46042e-06,1.05712e-05,-3.45319e-06
7.704,2.66445e-05,-2.75266e-05,-1.44986e-06,1.05465e-05,-3.35761e-06
7.705,2.66169e-05,-2.75284e-05,-1.43932e-06,1.05218e-05,-3.26229e-06
7.706,2.65894e-05,-2.75302e-05,-1.42881e-06,1.04972e-05,-3.16722e-06
7.707,2.65619e-05,-2.75319e-05,-1.41833e-06,1.04726e-05,-3.0724e-06
7.708,2.65344e-05,-2.75335e-05,-1.40787e-06,1.04481e-05,-2.97782e-06
7.709,2.65068e-05,-2.7535e-05,-1.39743e-06,1.04236e-05,-2.8835e-06
7.71,2.64793e-05,-2.75364e-05,-1.38702e-06,1.03991e-05,-2.78943e-06
7.711,2.64517e-05,-2.75377e-05,-1.37663e-06,1.03747e-05,-2.69561e-06
7.712,2.64242e-05,-2.7539e-05,-1.36627e-06,1.03503e-05,-2.60204e-06
7.713,2.63967e-05,-2.75402e-05,-1.35593e-06,1.03259e-05,-2.50871e-06
7.714,2.63691e-05,-2.75413e-05,-1.34562e-06,1.03016e-05,-2.41564e-06
7.715,2.63416e-05,-2.75423e-05,-1.33533e-06,1.02773e-05,-2.32281e-06
7.716,2.6314e-05,-2.75432e-05,-1.32506e-06,1.02531e-05,-2.23022e-06
7.717,2.62865e-05,-2.7544e-05,-1.31482e-06,1.02289e-05,-2.13789e-06
7.718,2.6259e-05,-2.75448e-05,-1.30461e-06,1.02047e-05,-2.0458e-06
7.719,2.62314e-05,-2.75455e-05,-1.29441e-06,1.01805e-05,-1.95395e-06
7.72,2.62039e-05,-2.75461e-05,-1.28425e-06,1.01564e-05,-1.86236e-06
7.721,2.61763e-05,-2.75466e-05,-1.2741e-06,1.01324e-05,-1.771e-06
7.722,2.61488e-05,-2.7547e-05,-1.26398e-06,1.01083e-05,-1.67989e-06
7.723,2.61212e-05,-2.75474e-05,-1.25389e-06,1.00844e-05,-1.58903e-06
7.724,2.60937e-05,-2.75476e-05,-1.24381e-06,1.00604e-05,-1.49841e-06
7.725,2.60661e-05,-2.75478e-05,-1.23376e-06,1.00365e-05,-1.40803e-06
7.726,2.60386e-05,-2.7548e-05,-1.22374e-06,1.00126e-05,-1.3179e-06
7.727,2.6011e-05,-2.7548e-05,-1.21374e-06,9.98875e-06,-1.22801e-06
7.728,2.59835e-05,-2.75479e-05,-1.20376e-06,9.96494e-06,-1.13836e-06
7.729,2.59559e-05,-2.75478e-05,-1.19381e-06,9.94116e-06,-1.04895e-06
7.73,2.59284e-05,-2.75476e-05,-1.18388e-06,9.91742e-06,-9.59783e-07
7.731,2.59008e-05,-2.75473e-05,-1.17397e-06,9.89372e-06,-8.70858e-07
7.732,2.58733e-05,-2.7547e-05,-1.16409e-06,9.87006e-06,-7.82174e-07
7.733,2.58457e-05,-2.75465e-05,-1.15423e-06,9.84643e-06,-6.9373e-07
7.734,2.58182e-05,-2.7546e-05,-1.1444e-06,9.82283e-06,-6.05525e-07
7.735,2.57907e-05,-2.75454e-05,-1.13459e-06,9.79928e-06,-5.1756e-07
7.736,2.57631e-05,-2.75447e-05,-1.1248e-06,9.77575e-06,-4.29834e-07
7.737,2.57356e-05,-2.7544e-05,-1.11504e-06,9.75227e-06,-3.42347e-07
7.738,2.5708e-05,-2.75431e-05,-1.1053e-06,9.72882e-06,-2.55098e-07
7.739,2.56805e-05,-2.75422e-05,-1.09558e-06,9.70541e-06,-1.68087e-07
7.74,2.56529e-05,-2.75412e-05,-1.08589e-06,9.68203e-06,-8.13127e-08
7.741,2.56254e-05,-2.75402e-05,-1.07622e-06,9.65869e-06,5.22422e-09
7.742,2.55979e-05,-2.7539e-05,-1.06657e-06,9.63538e-06,9.15245e-08
7.743,2.55703e-05,-2.75378e-05,-1.05694e-06,9.61211e-06,1.77589e-07
7.744,2.55428e-05,-2.75365e-05,-1.04734e-06,9.58888e-06,2.63417e-07
7.745,2.55152e-05,-2.75351e-05,-1.03777e-06,9.56568e-06,3.4901e-07
7.746,2.54877e-05,-2.75337e-05,-1.02821e-06,9.54252e-06,4.34368e-07
7.747,2.54602e-05,-2.75322e-05,-1.01868e-06,9.51939e-06,5.19491e-07
7.748,2.54327e-05,-2.75306e-05,-1.00917e-06,9.4963e-06,6.0438e-07
7.749,2.54051e-05,-2.75289e-05,-9.99689e-07,9.47324e-06,6.89035e-07
7.75,2.53776e-05,-2.75271e-05,-9.90228e-07,9.45022e-06,7.73456e-07
7.751,2.53501e-05,-2.75253e-05,-9.80789e-07,9.42724e-06,8.57645e-07
7.752,2.53225e-05,-2.75234e-05,-9.71373e-07,9.40429e-06,9.41601e-07
7.753,2.5295e-05,-2.75214e-05,-9.6198e-07,9.38138e-06,1.02532e-06
7.754,2.52675e-05,-2.75194e-05,-9.52611e-07,9.3585e-06,1.10882e-06
7.755,2.524e-05,-2.75173e-05,-9.43264e-07,9.33565e-06,1.19208e-06
7.756,2.52125e-05,-2.75151e-05,-9.33939e-07,9.31285e-06,1.27511e-06
7.757,2.5185e-05,-2.75128e-05,-9.24638e-07,9.29008e-06,1.3579e-06
7.758,2.51574e-05,-2.75105e-05,-9.15359e-07,9.26734e-06,1.44047e-06
7.759,2.51299e-05,-2.7508e-05,-9.06103e-07,9.24464e-06,1.52281e-06
7.76,2.51024e-05,-2.75055e-05,-8.9687e-07,9.22197e-06,1.60492e-06
7.761,2.50749e-05,-2.7503e-05,-8.87659e-07,9.19934e-06,1.6868e-06
7.762,2.50474e-05,-2.75003e-05,-8.78471e-07,9.17675e-06,1.76845e-06
7.763,2.50199e-05,-2.74976e-05,-8.69306e-07,9.15419e-06,1.84987e-06
7.764,2.49924e-05,-2.74949e-05,-8.60163e-07,9.13166e-06,1.93107e-06
7.765,2.49649e-05,-2.7492e-05,-8.51042e-07,9.10917e-06,2.01203e-06
7.766,2.49374e-05,-2.74891e-05,-8.41945e-07,9.08672e-06,2.09277e-06
7.767,2.491e-05,-2.74861e-05,-8.32869e-07,9.0643e-06,2.17329e-06
7.768,2.48825e-05,-2.7483e-05,-8.23816e-07,9.04191e-06,2.25357e-06
7.769,2.4855e-05,-2.74799e-05,-8.14785e-07,9.01957e-06,2.33363e-06
7.77,2.48275e-05,-2.74767e-05,-8.05777e-07,8.99725e-06,2.41347e-06
7.771,2.48e-05,-2.74734e-05,-7.96791e-07,8.97497e-06,2.49308e-06
7.772,2.47726e-05,-2.74701e-05,-7.87827e-07,8.95273e-06,2.57246e-06
7.773,2.47451e-05,-2.74666e-05,-7.78885e-07,8.93052e-06,2.65162e-06
7.774,2.47176e-05,-2.74631e-05,-7.69966e-07,8.90834e-06,2.73056e-06
7.775,2.46902e-05,-2.74596e-05,-7.61069e-07,8.8862e-06,2.80927e-06
7.776,2.46627e-05,-2.7456e-05,-7.52193e-07,8.8641e-06,2.88776e-06
7.777,2.46353e-05,-2.74523e-05,-7.4334e-07,8.84203e-06,2.96603e-06
7.778,2.46078e-05,-2.74485e-05,-7.34509e-07,8.81999e-06,3.04407e-06
7.779,2.45804e-05,-2.74446e-05,-7.257e-07,8.79799e-06,3.12189e-06
7.78,2.45529e-05,-2.74407e-05,-7.16913e-07,8.77602e-06,3.19949e-06
7.781,2.45255e-05,-2.74368e-05,-7.08148e-07,8.75409e-06,3.27687e-06
7.782,2.4498e-05,-2.74327e-05,-6.99405e-07,8.7322e-06,3.35402e-06
7.783,2.44706e-05,-2.74286e-05,-6.90684e-07,8.71033e-06,3.43096e-06
7.784,2.44432e-05,-2.74244e-05,-6.81985e-07,8.68851e-06,3.50768e-06
7.785,2.44158e-05,-2.74202e-05,-6.73307e-07,8.66671e-06,3.58417e-06
7.786,2.43883e-05,-2.74159e-05,-6.64651e-07,8.64495e-06,3.66045e-06
7.787,2.43609e-05,-2.74115e-05,-6.56017e-07,8.62323e-06,3.73651e-06
7.788,2.43335e-05,-2.7407e-05,-6.47405e-07,8.60154e-06,3.81235e-06
7.789,2.43061e-05,-2.74025e-05,-6.38814e-07,8.57988e-06,3.88797e-06
7.79,2.42787e-05,-2.73979e-05,-6.30245e-07,8.55826e-06,3.96337e-06
7.791,2.42513e-05,-2.73933e-05,-6.21698e-07,8.53668e-06,4.03855e-06
7.792,2.42239e-05,-2.73885e-05,-6.13172e-07,8.51512e-06,4.11352e-06
7.793,2.41965e-05,-2.73838e-05,-6.04667e-07,8.49361e-06,4.18827e-06
7.794,2.41692e-05,-2.73789e-05,-5.96184e-07,8.47212e-06,4.2628e-06
7.795,2.41418e-05,-2.7374e-05,-5.87723e-07,8.45067e-06,4.33712e-06
7.796,2.41144e-05,-2.7369e-05,-5.79283e-07,8.42926e-06,4.41122e-06
7.797,2.4087e-05,-2.7364e-05,-5.70865e-07,8.40788e-06,4.48511e-06
7.798,2.40597e-05,-2.73588e-05,-5.62467e-07,8.38653e-06,4.55878e-06
7.799,2.40323e-05,-2.73537e-05,-5.54092e-07,8.36521e-06,4.63224e-06
7.8,2.4005e-05,-2.73484e-05,-5.45737e-07,8.34394e-06,4.70548e-06
7.801,2.39776e-05,-2.73431e-05,-5.37404e-07,8.32269e-06,4.77851e-06
7.802,2.39503e-05,-2.73377e-05,-5.29092e-07,8.30148e-06,4.85133e-06
7.803,2.3923e-05,-2.73323e-05,-5.20801e-07,8.2803e-06,4.92393e-06
7.804,2.38956e-05,-2.73268e-05,-5.12531e-07,8.25916e-06,4.99632e-06
7.805,2.38683e-05,-2.73212e-05,-5.04282e-07,8.23805e-06,5.0685e-06
7.806,2.3841e-05,-2.73156e-05,-4.96055e-07,8.21697e-06,5.14046e-06
7.807,2.38137e-05,-2.73099e-05,-4.87849e-07,8.19593e-06,5.21222e-06
7.808,2.37864e-05,-2.73041e-05,-4.79663e-07,8.17492e-06,5.28376e-06
7.809,2.37591e-05,-2.72983e-05,-4.71499e-07,8.15395e-06,5.35509e-06
7.81,2.37318e-05,-2.72924e-05,-4.63355e-07,8.13301e-06,5.42621e-06
7.811,2.37045e-05,-2.72865e-05,-4.55233e-07,8.1121e-06,5.49712e-06
7.812,2.36772e-05,-2.72805e-05,-4.47131e-07,8.09123e-06,5.56782e-06
7.813,2.36499e-05,-2.72744e-05,-4.3905e-07,8.07039e-06,5.63831e-06
7.814,2.36226e-05,-2.72683e-05,-4.3099e-07,8.04959e-06,5.7086e-06
7.815,2.35954e-05,-2.72621e-05,-4.22951e-07,8.02881e-06,5.77867e-06
7.816,2.35681e-05,-2.72558e-05,-4.14933e-07,8.00807e-06,5.84853e-06
7.817,2.35409e-05,-2.72495e-05,-4.06935e-07,7.98737e-06,5.91819e-06
7.818,2.35136e-05,-2.72431e-05,-3.98958e-07,7.9667e-06,5.98764e-06
7.819,2.34864e-05,-2.72367e-05,-3.91002e-07,7.94606e-06,6.05688e-06
7.82,2.34591e-05,-2.72302e-05,-3.83066e-07,7.92545e-06,6.12592e-06
7.821,2.34319e-05,-2.72236e-05,-3.75151e-07,7.90488e-06,6.19475e-06
7.822,2.34047e-05,-2.7217e-05,-3.67256e-07,7.88435e-06,6.26337e-06
7.823,2.33775e-05,-2.72103e-05,-3.59382e-07,7.86384e-06,6.33179e-06
7.824,2.33503e-05,-2.72035e-05,-3.51528e-07,7.84337e-06,6.4e-06
7.825,2.33231e-05,-2.71967e-05,-3.43695e-07,7.82293e-06,6.46801e-06
7.826,2.32959e-05,-2.71898e-05,-3.35883e-07,7.80253e-06,6.53581e-06
7.827,2.32687e-05,-2.71829e-05,-3.2809e-07,7.78215e-06,6.60341e-06
7.828,2.32415e-05,-2.71759e-05,-3.20318e-07,7.76182e-06,6.6708e-06
7.829,2.32144e-05,-2.71689e-05,-3.12567e-07,7.74151e-06,6.73799e-06
7.83,2.31872e-05,-2.71618e-05,-3.04835e-07,7.72124e-06,6.80498e-06
7.831,2.316e-05,-2.71546e-05,-2.97124e-07,7.701e-06,6.87177e-06
7.832,2.31329e-05,-2.71474e-05,-2.89433e-07,7.68079e-06,6.93835e-06
7.833,2.31057e-05,-2.71401e-05,-2.81763e-07,7.66062e-06,7.00473e-06
7.834,2.30786e-05,-2.71328e-05,-2.74112e-07,7.64048e-06,7.07091e-06
7.835,2.30515e-05,-2.71254e-05,-2.66482e-07,7.62037e-06,7.13688e-06
7.836,2.30243e-05,-2.71179e-05,-2.58871e-07,7.6003e-06,7.20266e-06
7.837,2.29972e-05,-2.71104e-05,-2.51281e-07,7.58026e-06,7.26823e-06
7.838,2.29701e-05,-2.71028e-05,-2.43711e-07,7.56025e-06,7.33361e-06
7.839,2.2943e-05,-2.70952e-05,-2.36161e-07,7.54027e-06,7.39878e-06
7.84,2.29159e-05,-2.70875e-05,-2.2863e-07,7.52033e-06,7.46376e-06
7.841,2.28889e-05,-2.70797e-05,-2.2112e-07,7.50042e-06,7.52853e-06
7.842,2.28618e-05,-2.70719e-05,-2.13629e-07,7.48054e-06,7.59311e-06
7.843,2.28347e-05,-2.70641e-05,-2.06159e-07,7.4607e-06,7.65749e-06
7.844,2.28076e-05,-2.70561e-05,-1.98708e-07,7.44088e-06,7.72167e-06
7.845,2.27806e-05,-2.70482e-05,-1.91277e-07,7.4211e-06,7.78565e-06
7.846,2.27536e-05,-2.70401e-05,-1.83866e-07,7.40136e-06,7.84943e-06
7.847,2.27265e-05,-2.7032e-05,-1.76474e-07,7.38164e-06,7.91302e-06
7.848,2.26995e-05,-2.70239e-05,-1.69103e-07,7.36196e-06,7.97641e-06
7.849,2.26725e-05,-2.70157e-05,-1.6175e-07,7.34231e-06,8.03961e-06
7.85,2.26455e-05,-2.70074e-05,-1.54418e-07,7.32269e-06,8.10261e-06
7.851,2.26185e-05,-2.69991e-05,-1.47105e-07,7.30311e-06,8.16541e-06
7.852,2.25915e-05,-2.69907e-05,-1.39812e-07,7.28356e-06,8.22802e-06
7.853,2.25645e-05,-2.69823e-05,-1.32538e-07,7.26404e-06,8.29043e-06
7.854,2.25375e-05,-2.69738e-05,-1.25284e-07,7.24455e-06,8.35265e-06
7.855,2.25105e-05,-2.69653e-05,-1.18049e-07,7.2251e-06,8.41467e-06
7.856,2.24836e-05,-2.69567e-05,-1.10834e-07,7.20567e-06,8.4765e-06
7.857,2.24566e-05,-2.69481e-05,-1.03638e-07,7.18628e-06,8.53813e-06
7.858,2.24297e-05,-2.69394e-05,-9.6461e-08,7.16692e-06,8.59958e-06
7.859,2.24027e-05,-2.69306e-05,-8.93037e-08,7.1476e-06,8.66083e-06
7.86,2.23758e-05,-2.69218e-05,-8.21658e-08,7.1283e-06,8.72188e-06
7.861,2.23489e-05,-2.6913e-05,-7.50471e-08,7.10904e-06,8.78275e-06
7.862,2.2322e-05,-2.6904e-05,-6.79477e-08,7.08981e-06,8.84342e-06
7.863,2.22951e-05,-2.68951e-05,-6.08675e-08,7.07061e-06,8.9039e-06
7.864,2.22682e-05,-2.68861e-05,-5.38065e-08,7.05145e-06,8.96419e-06
7.865,2.22413e-05,-2.6877e-05,-4.67646e-08,7.03231e-06,9.02429e-06
7.866,2.22144e-05,-2.68679e-05,-3.97419e-08,7.01321e-06,9.0842e-06
7.867,2.21876e-05,-2.68587e-05,-3.27382e-08,6.99414e-06,9.14392e-06
7.868,2.21607e-05,-2.68494e-05,-2.57536e-08,6.9751e-06,9.20345e-06
7.869,2.21339e-05,-2.68402e-05,-1.8788e-08,6.9561e-06,9.26279e-06
7.87,2.2107e-05,-2.68308e-05,-1.18414e-08,6.93712e-06,9.32194e-06
7.871,2.20802e-05,-2.68214e-05,-4.91375e-09,6.91818e-06,9.38091e-06
7.872,2.20534e-05,-2.6812e-05,1.99496e-09,6.89927e-06,9.43968e-06
7.873,2.20266e-05,-2.68025e-05,8.88478e-09,6.88039e-06,9.49826e-06
7.874,2.19998e-05,-2.6793e-05,1.57557e-08,6.86154e-06,9.55666e-06
7.875,2.1973e-05,-2.67834e-05,2.26079e-08,6.84273e-06,9.61487e-06
7.876,2.19462e-05,-2.67737e-05,2.94412e-08,6.82394e-06,9.6729e-06
7.877,2.19195e-05,-2.6764e-05,3.62557e-08,6.80519e-06,9.73073e-06
7.878,2.18927e-05,-2.67543e-05,4.30516e-08,6.78647e-06,9.78839e-06
7.879,2.18659e-05,-2.67445e-05,4.98287e-08,6.76778e-06,9.84585e-06
7.88,2.18392e-05,-2.67346e-05,5.65871e-08,6.74912e-06,9.90313e-06
7.881,2.18125e-05,-2.67247e-05,6.33269e-08,6.7305e-06,9.96022e-06
7.882,2.17858e-05,-2.67148e-05,7.00481e-08,6.7119e-06,1.00171e-05
7.883,2.1759e-05,-2.67048e-05,7.67507e-08,6.69334e-06,1.00739e-05
7.884,2.17323e-05,-2.66947e-05,8.34348e-08,6.67481e-06,1.01304e-05
7.885,2.17057e-05,-2.66846e-05,9.01003e-08,6.65631e-06,1.01868e-05
7.886,2.1679e-05,-2.66745e-05,9.67474e-08,6.63784e-06,1.02429e-05
7.887,2.16523e-05,-2.66643e-05,1.03376e-07,6.6194e-06,1.02989e-05
7.888,2.16256e-05,-2.6654e-05,1.09986e-07,6.60099e-06,1.03547e-05
7.889,2.1599e-05,-2.66437e-05,1.16578e-07,6.58261e-06,1.04103e-05
7.89,2.15724e-05,-2.66334e-05,1.23151e-07,6.56427e-06,1.04658e-05
7.891,2.15457e-05,-2.6623e-05,1.29706e-07,6.54596e-06,1.0521e-05
7.892,2.15191e-05,-2.66125e-05,1.36243e-07,6.52767e-06,1.05761e-05
7.893,2.14925e-05,-2.6602e-05,1.42762e-07,6.50942e-06,1.0631e-05
7.894,2.14659e-05,-2.65915e-05,1.49262e-07,6.4912e-06,1.06857e-05
7.895,2.14393e-05,-2.65809e-05,1.55744e-07,6.47301e-06,1.07403e-05
7.896,2.14127e-05,-2.65702e-05,1.62208e-07,6.45486e-06,1.07946e-05
7.897,2.13862e-05,-2.65596e-05,1.68654e-07,6.43673e-06,1.08488e-05
7.898,2.13596e-05,-2.65488e-05,1.75082e-07,6.41863e-06,1.09028e-05
7.899,2.13331e-05,-2.6538e-05,1.81491e-07,6.40057e-06,1.09566e-05
7.9,2.13066e-05,-2.65272e-05,1.87883e-07,6.38253e-06,1.10103e-05
7.901,2.128e-05,-2.65163e-05,1.94256e-07,6.36453e-06,1.10637e-05
7.902,2.12535e-05,-2.65054e-05,2.00612e-07,6.34655e-06,1.1117e-05
7.903,2.1227e-05,-2.64944e-05,2.06949e-07,6.32861e-06,1.11701e-05
7.904,2.12005e-05,-2.64834e-05,2.13269e-07,6.3107e-06,1.1223e-05
7.905,2.11741e-05,-2.64724e-05,2.19571e-07,6.29282e-06,1.12758e-05
7.906,2.11476e-05,-2.64613e-05,2.25855e-07,6.27497e-06,1.13283e-05
7.907,2.11211e-05,-2.64501e-05,2.32121e-07,6.25715e-06,1.13807e-05
7.908,2.10947e-05,-2.64389e-05,2.38369e-07,6.23936e-06,1.1433e-05
7.909,2.10683e-05,-2.64276e-05,2.44599e-07,6.2216e-06,1.1485e-05
7.91,2.10418e-05,-2.64164e-05,2.50812e-07,6.20388e-06,1.15369e-05
7.911,2.10154e-05,-2.6405e-05,2.57007e-07,6.18618e-06,1.15886e-05
7.912,2.0989e-05,-2.63936e-05,2.63184e-07,6.16851e-06,1.16401e-05
7.913,2.09626e-05,-2.63822e-05,2.69344e-07,6.15088e-06,1.16914e-05
7.914,2.09363e-05,-2.63707e-05,2.75486e-07,6.13327e-06,1.17426e-05
7.915,2.09099e-05,-2.63592e-05,2.81611e-07,6.11569e-06,1.17936e-05
7.916,2.08835e-05,-2.63476e-05,2.87718e-07,6.09815e-06,1.18444e-05
7.917,2.08572e-05,-2.6336e-05,2.93807e-07,6.08063e-06,1.18951e-05
7.918,2.08309e-05,-2.63244e-05,2.99879e-07,6.06315e-06,1.19455e-05
7.919,2.08045e-05,-2.63127e-05,3.05933e-07,6.0457e-06,1.19958e-05
7.92,2.07782e-05,-2.63009e-05,3.1197e-07,6.02827e-06,1.2046e-05
7.921,2.07519e-05,-2.62891e-05,3.1799e-07,6.01088e-06,1.20959e-05
7.922,2.07257e-05,-2.62773e-05,3.23992e-07,5.99351e-06,1.21457e-05
7.923,2.06994e-05,-2.62654e-05,3.29977e-07,5.97618e-06,1.21953e-05
7.924,2.06731e-05,-2.62535e-05,3.35944e-07,5.95888e-06,1.22448e-05
7.925,2.06469e-05,-2.62416e-05,3.41895e-07,5.9416e-06,1.2294e-05
7.926,2.06207e-05,-2.62296e-05,3.47828e-07,5.92436e-06,1.23432e-05
7.927,2.05944e-05,-2.62175e-05,3.53743e-07,5.90715e-06,1.23921e-05
7.928,2.05682e-05,-2.62054e-05,3.59642e-07,5.88996e-06,1.24408e-05
7.929,2.0542e-05,-2.61933e-05,3.65523e-07,5.87281e-06,1.24894e-05
7.93,2.05158e-05,-2.61811e-05,3.71387e-07,5.85569e-06,1.25379e-05
7.931,2.04897e-05,-2.61689e-05,3.77235e-07,5.83859e-06,1.25861e-05
7.932,2.04635e-05,-2.61566e-05,3.83065e-07,5.82153e-06,1.26342e-05
7.933,2.04373e-05,-2.61443e-05,3.88878e-07,5.80449e-06,1.26821e-05
7.934,2.04112e-05,-2.6132e-05,3.94674e-07,5.78749e-06,1.27299e-05
7.935,2.03851e-05,-2.61196e-05,4.00453e-07,5.77051e-06,1.27775e-05
7.936,2.0359e-05,-2.61072e-05,4.06215e-07,5.75357e-06,1.28249e-05
7.937,2.03329e-05,-2.60947e-05,4.1196e-07,5.73665e-06,1.28721e-05
7.938,2.03068e-05,-2.60822e-05,4.17688e-07,5.71977e-06,1.29192e-05
7.939,2.02807e-05,-2.60696e-05,4.23399e-07,5.70291e-06,1.29661e-05
7.94,2.02546e-05,-2.6057e-05,4.29094e-07,5.68609e-06,1.30129e-05
7.941,2.02286e-05,-2.60444e-05,4.34771e-07,5.66929e-06,1.30595e-05
7.942,2.02025e-05,-2.60317e-05,4.40432e-07,5.65252e-06,1.31059e-05
7.943,2.01765e-05,-2.6019e-05,4.46076e-07,5.63578e-06,1.31522e-05
7.944,2.01505e-05,-2.60062e-05,4.51704e-07,5.61907e-06,1.31983e-05
7.945,2.01245e-05,-2.59934e-05,4.57315e-07,5.6024e-06,1.32442e-05
7.946,2.00985e-05,-2.59806e-05,4.62909e-07,5.58575e-06,1.329e-05
7.947,2.00725e-05,-2.59677e-05,4.68486e-07,5.56913e-06,1.33356e-05
7.948,2.00466e-05,-2.59548e-05,4.74047e-07,5.55253e-06,1.3381e-05
7.949,2.00206e-05,-2.59418e-05,4.79591e-07,5.53597e-06,1.34263e-05
7.95,1.99947e-05,-2.59289e-05,4.85119e-07,5.51944e-06,1.34714e-05
7.951,1.99688e-05,-2.59158e-05,4.9063e-07,5.50294e-06,1.35163e-05
7.952,1.99429e-05,-2.59027e-05,4.96125e-07,5.48646e-06,1.35611e-05
7.953,1.9917e-05,-2.58896e-05,5.01603e-07,5.47002e-06,1.36057e-05
7.954,1.98911e-05,-2.58765e-05,5.07065e-07,5.4536e-06,1.36502e-05
7.955,1.98652e-05,-2.58633e-05,5.1251e-07,5.43721e-06,1.36945e-05
7.956,1.98394e-05,-2.585e-05,5.17939e-07,5.42086e-06,1.37387e-05
7.957,1.98135e-05,-2.58368e-05,5.23352e-07,5.40453e-06,1.37826e-05
7.958,1.97877e-05,-2.58235e-05,5.28748e-07,5.38823e-06,1.38265e-05
7.959,1.97619e-05,-2.58101e-05,5.34128e-07,5.37196e-06,1.38701e-05
7.96,1.97361e-05,-2.57967e-05,5.39492e-07,5.35572e-06,1.39136e-05
7.961,1.97103e-05,-2.57833e-05,5.4484e-07,5.3395e-06,1.3957e-05
7.962,1.96845e-05,-2.57698e-05,5.50171e-07,5.32332e-06,1.40002e-05
7.963,1.96587e-05,-2.57563e-05,5.55486e-07,5.30716e-06,1.40432e-05
7.964,1.9633e-05,-2.57428e-05,5.60785e-07,5.29104e-06,1.4086e-05
7.965,1.96073e-05,-2.57292e-05,5.66068e-07,5.27494e-06,1.41288e-05
7.966,1.95815e-05,-2.57156e-05,5.71335e-07,5.25887e-06,1.41713e-05
7.967,1.95558e-05,-2.5702e-05,5.76586e-07,5.24283e-06,1.42137e-05
7.968,1.95301e-05,-2.56883e-05,5.81821e-07,5.22682e-06,1.42559e-05
7.969,1.95044e-05,-2.56745e-05,5.8704e-07,5.21084e-06,1.4298e-05
7.97,1.94788e-05,-2.56608e-05,5.92243e-07,5.19488e-06,1.43399e-05
7.971,1.94531e-05,-2.5647e-05,5.9743e-07,5.17896e-06,1.43817e-05
7.972,1.94275e-05,-2.56331e-05,6.02601e-07,5.16306e-06,1.44233e-05
7.973,1.94019e-05,-2.56193e-05,6.07756e-07,5.14719e-06,1.44648e-05
7.974,1.93762e-05,-2.56054e-05,6.12895e-07,5.13135e-06,1.45061e-05
7.975,1.93506e-05,-2.55914e-05,6.18018e-07,5.11554e-06,1.45472e-05
7.976,1.93251e-05,-2.55774e-05,6.23126e-07,5.09976e-06,1.45882e-05
7.977,1.92995e-05,-2.55634e-05,6.28218e-07,5.084e-06,1.46291e-05
7.978,1.92739e-05,-2.55494e-05,6.33294e-07,5.06827e-06,1.46697e-05
7.979,1.92484e-05,-2.55353e-05,6.38354e-07,5.05258e-06,1.47103e-05
7.98,1.92229e-05,-2.55212e-05,6.43399e-07,5.03691e-06,1.47506e-05
7.981,1.91974e-05,-2.5507e-05,6.48428e-07,5.02127e-06,1.47909e-05
7.982,1.91719e-05,-2.54928e-05,6.53442e-07,5.00565e-06,1.48309e-05
7.983,1.91464e-05,-2.54786e-05,6.5844e-07,4.99007e-06,1.48709e-05
7.984,1.91209e-05,-2.54643e-05,6.63422e-07,4.97451e-06,1.49106e-05
7.985,1.90954e-05,-2.545e-05,6.68389e-07,4.95898e-06,1.49502e-05
7.986,1.907e-05,-2.54357e-05,6.7334e-07,4.94348e-06,1.49897e-05
7.987,1.90446e-05,-2.54213e-05,6.78275e-07,4.92801e-06,1.5029e-05
7.988,1.90192e-05,-2.54069e-05,6.83196e-07,4.91256e-06,1.50682e-05
7.989,1.89938e-05,-2.53925e-05,6.88101e-07,4.89715e-06,1.51072e-05
7.99,1.89684e-05,-2.5378e-05,6.9299e-07,4.88176e-06,1.5146e-05
7.991,1.8943e-05,-2.53635e-05,6.97864e-07,4.8664e-06,1.51848e-05
7.992,1.89176e-05,-2.5349e-05,7.02723e-07,4.85106e-06,1.52233e-05
7.993,1.88923e-05,-2.53344e-05,7.07566e-07,4.83576e-06,1.52617e-05
7.994,1.8867e-05,-2.53198e-05,7.12394e-07,4.82048e-06,1.53e-05
7.995,1.88417e-05,-2.53052e-05,7.17207e-07,4.80523e-06,1.53381e-05
7.996,1.88164e-05,-2.52905e-05,7.22005e-07,4.79001e-06,1.53761e-05
7.997,1.87911e-05,-2.52758e-05,7.26787e-07,4.77482e-06,1.54139e-05
7.998,1.87658e-05,-2.52611e-05,7.31554e-07,4.75965e-06,1.54515e-05
7.999,1.87406e-05,-2.52463e-05,7.36307e-07,4.74451e-06,1.54891e-05
