t,x,x_dot,theta,theta_dot,u
0,1.53495e-06,0.0030699,0.149998,-0.0031389,3.22171
0.001,6.13981e-06,0.00613981,0.149994,-0.00627787,3.22171
0.002,1.38146e-05,0.00920972,0.149986,-0.00941698,3.22171
0.003,2.45593e-05,0.0122796,0.149975,-0.0125563,3.22171
0.004,3.83739e-05,0.0153496,0.149961,-0.0156959,3.22171
0.005,5.52584e-05,0.0184195,0.149943,-0.0188359,3.22171
0.006,7.5213e-05,0.0214895,0.149923,-0.0219762,3.22171
0.007,9.82375e-05,0.0245595,0.1499,-0.0251171,3.22171
0.008,0.000124332,0.0276295,0.149873,-0.0282585,3.22171
0.009,0.000153497,0.0306996,0.149843,-0.0314006,3.22171
0.01,0.000185731,0.0337697,0.14981,-0.0345434,3.22171
0.011,0.000221036,0.0368398,0.149774,-0.0376869,3.22171
0.012,0.000259411,0.03991,0.149735,-0.0408313,3.22171
0.013,0.000300856,0.0429802,0.149692,-0.0439766,3.22171
0.014,0.000345371,0.0460504,0.149647,-0.0471229,3.22171
0.015,0.000392957,0.0491207,0.149598,-0.0502703,3.22171
0.016,0.000443613,0.0521911,0.149546,-0.0534188,3.22171
0.017,0.000497339,0.0552615,0.149491,-0.0565684,3.22171
0.018,0.000554136,0.058332,0.149433,-0.0597194,3.22171
0.019,0.000614003,0.0614025,0.149372,-0.0628717,3.22171
0.02,0.00067685,0.0642918,0.149307,-0.0656667,3.03995
0.021,0.000742587,0.0671811,0.14924,-0.0684632,3.03995
0.022,0.000811212,0.0700705,0.149171,-0.0712612,3.03995
0.023,0.000882728,0.07296,0.149098,-0.0740608,3.03995
0.024,0.000957132,0.0758495,0.149022,-0.076862,3.03995
0.025,0.00103443,0.0787391,0.148944,-0.079665,3.03995
0.026,0.00111461,0.0816289,0.148863,-0.0824698,3.03995
0.027,0.00119768,0.0845187,0.148779,-0.0852764,3.03995
0.028,0.00128365,0.0874086,0.148693,-0.0880849,3.03995
0.029,0.0013725,0.0902985,0.148603,-0.0908954,3.03995
0.03,0.00146425,0.0931886,0.148511,-0.0937079,3.03995
0.031,0.00155888,0.0960788,0.148416,-0.0965225,3.03995
0.032,0.0016564,0.0989691,0.148318,-0.0993393,3.03995
0.033,0.00175682,0.101859,0.148217,-0.102158,3.03995
0.034,0.00186012,0.10475,0.148113,-0.10498,3.03995
0.035,0.00196632,0.107641,0.148007,-0.107803,3.03995
0.036,0.0020754,0.110531,0.147898,-0.110629,3.03995
0.037,0.00218738,0.113422,0.147786,-0.113458,3.03995
0.038,0.00230225,0.116313,0.147671,-0.116289,3.03995
0.039,0.00242001,0.119204,0.147553,-0.119122,3.03995
0.04,0.00254056,0.121899,0.147433,-0.121569,2.84273
0.041,0.0026638,0.124593,0.14731,-0.124019,2.84273
0.042,0.00278974,0.127288,0.147185,-0.126472,2.84273
0.043,0.00291838,0.129983,0.147057,-0.128927,2.84273
0.044,0.00304971,0.132678,0.146927,-0.131385,2.84273
0.045,0.00318373,0.135373,0.146794,-0.133846,2.84273
0.046,0.00332045,0.138068,0.146659,-0.13631,2.84273
0.047,0.00345987,0.140763,0.146522,-0.138777,2.84273
0.048,0.00360198,0.143459,0.146382,-0.141247,2.84273
0.049,0.00374679,0.146154,0.146239,-0.143721,2.84273
0.05,0.00389429,0.14885,0.146094,-0.146197,2.84273
0.051,0.00404449,0.151546,0.145947,-0.148677,2.84273
0.052,0.00419738,0.154242,0.145797,-0.15116,2.84273
0.053,0.00435297,0.156939,0.145644,-0.153647,2.84273
0.054,0.00451126,0.159635,0.14549,-0.156136,2.84273
0.055,0.00467224,0.162332,0.145332,-0.15863,2.84273
0.056,0.00483592,0.165028,0.145172,-0.161127,2.84273
0.057,0.0050023,0.167725,0.14501,-0.163627,2.84273
0.058,0.00517137,0.170422,0.144845,-0.166131,2.84273
0.059,0.00534314,0.17312,0.144678,-0.168639,2.84273
0.06,0.00551751,0.175611,0.144508,-0.170742,2.6359
0.061,0.00569437,0.178102,0.144336,-0.172849,2.6359
0.062,0.00587371,0.180593,0.144162,-0.17496,2.6359
0.063,0.00605555,0.183085,0.143986,-0.177074,2.6359
0.064,0.00623988,0.185577,0.143808,-0.179193,2.6359
0.065,0.00642671,0.188069,0.143628,-0.181315,2.6359
0.066,0.00661602,0.190561,0.143446,-0.183442,2.6359
0.067,0.00680783,0.193053,0.143261,-0.185573,2.6359
0.068,0.00700213,0.195546,0.143074,-0.187707,2.6359
0.069,0.00719892,0.198039,0.142886,-0.189846,2.6359
0.07,0.0073982,0.200532,0.142695,-0.191989,2.6359
0.071,0.00759998,0.203025,0.142502,-0.194137,2.6359
0.072,0.00780425,0.205518,0.142306,-0.196288,2.6359
0.073,0.00801102,0.208012,0.142109,-0.198444,2.6359
0.074,0.00822028,0.210505,0.14191,-0.200605,2.6359
0.075,0.00843203,0.212999,0.141708,-0.20277,2.6359
0.076,0.00864628,0.215493,0.141504,-0.204939,2.6359
0.077,0.00886302,0.217988,0.141298,-0.207113,2.6359
0.078,0.00908225,0.220482,0.14109,-0.209291,2.6359
0.079,0.00930398,0.222977,0.140879,-0.211474,2.6359
0.08,0.0095281,0.225261,0.140667,-0.213244,2.42441
0.081,0.0097545,0.227545,0.140453,-0.215019,2.42441
0.082,0.00998319,0.22983,0.140237,-0.216798,2.42441
0.083,0.0102142,0.232114,0.140019,-0.218582,2.42441
0.084,0.0104474,0.234399,0.1398,-0.220371,2.42441
0.085,0.010683,0.236684,0.139579,-0.222165,2.42441
0.086,0.0109208,0.238969,0.139355,-0.223964,2.42441
0.087,0.0111609,0.241255,0.139131,-0.225767,2.42441
0.088,0.0114033,0.243541,0.138904,-0.227576,2.42441
0.089,0.011648,0.245827,0.138675,-0.22939,2.42441
0.09,0.011895,0.248113,0.138445,-0.231209,2.42441
0.091,0.0121442,0.250399,0.138213,-0.233032,2.42441
0.092,0.0123958,0.252686,0.137979,-0.234861,2.42441
0.093,0.0126496,0.254973,0.137743,-0.236696,2.42441
0.094,0.0129057,0.25726,0.137506,-0.238535,2.42441
0.095,0.0131641,0.259548,0.137266,-0.24038,2.42441
0.096,0.0134248,0.261835,0.137025,-0.24223,2.42441
0.097,0.0136878,0.264123,0.136782,-0.244085,2.42441
0.098,0.013953,0.266411,0.136537,-0.245946,2.42441
0.099,0.0142206,0.2687,0.13629,-0.247812,2.42441
0.1,0.0144903,0.270777,0.136041,-0.249264,2.21237
0.101,0.0147621,0.272854,0.135791,-0.250722,2.21237
0.102,0.015036,0.274932,0.13554,-0.252185,2.21237
0.103,0.015312,0.277009,0.135287,-0.253654,2.21237
0.104,0.0155901,0.279087,0.135033,-0.255129,2.21237
0.105,0.0158702,0.281166,0.134777,-0.256609,2.21237
0.106,0.0161524,0.283244,0.134519,-0.258094,2.21237
0.107,0.0164367,0.285323,0.134261,-0.259586,2.21237
0.108,0.016723,0.287402,0.134,-0.261083,2.21237
0.109,0.0170115,0.289482,0.133738,-0.262586,2.21237
0.11,0.017302,0.291561,0.133475,-0.264094,2.21237
0.111,0.0175946,0.293641,0.13321,-0.265609,2.21237
0.112,0.0178893,0.295721,0.132944,-0.267129,2.21237
0.113,0.018186,0.297802,0.132676,-0.268655,2.21237
0.114,0.0184849,0.299883,0.132406,-0.270187,2.21237
0.115,0.0187858,0.301963,0.132136,-0.271725,2.21237
0.116,0.0190888,0.304045,0.131863,-0.273269,2.21237
0.117,0.0193939,0.306126,0.131589,-0.274819,2.21237
0.118,0.0197011,0.308208,0.131313,-0.276375,2.21237
0.119,0.0200103,0.31029,0.131036,-0.277938,2.21237
0.12,0.0203215,0.312164,0.130758,-0.279092,2.00316
0.121,0.0206346,0.314038,0.130478,-0.280252,2.00316
0.122,0.0209496,0.315912,0.130197,-0.281418,2.00316
0.123,0.0212665,0.317786,0.129915,-0.282591,2.00316
0.124,0.0215852,0.319661,0.129632,-0.28377,2.00316
0.125,0.0219058,0.321536,0.129348,-0.284955,2.00316
0.126,0.0222283,0.323411,0.129062,-0.286146,2.00316
0.127,0.0225526,0.325286,0.128775,-0.287343,2.00316
0.128,0.0228788,0.327162,0.128487,-0.288547,2.00316
0.129,0.0232069,0.329038,0.128198,-0.289757,2.00316
0.13,0.0235369,0.330915,0.127908,-0.290974,2.00316
0.131,0.0238688,0.332791,0.127616,-0.292197,2.00316
0.132,0.0242025,0.334668,0.127324,-0.293426,2.00316
0.133,0.0245381,0.336546,0.127029,-0.294662,2.00316
0.134,0.0248756,0.338423,0.126734,-0.295904,2.00316
0.135,0.0252149,0.340301,0.126438,-0.297153,2.00316
0.136,0.0255562,0.342179,0.12614,-0.298408,2.00316
0.137,0.0258993,0.344058,0.125841,-0.299669,2.00316
0.138,0.0262443,0.345936,0.125541,-0.300938,2.00316
0.139,0.0265912,0.347815,0.125239,-0.302213,2.00316
0.14,0.0269398,0.349491,0.124936,-0.303091,1.79946
0.141,0.0272902,0.351168,0.124633,-0.303975,1.79946
0.142,0.0276422,0.352844,0.124328,-0.304866,1.79946
0.143,0.0279958,0.354521,0.124023,-0.305764,1.79946
0.144,0.0283512,0.356198,0.123717,-0.306669,1.79946
0.145,0.0287082,0.357876,0.12341,-0.30758,1.79946
0.146,0.029067,0.359554,0.123102,-0.308498,1.79946
0.147,0.0294274,0.361232,0.122793,-0.309423,1.79946
0.148,0.0297894,0.36291,0.122483,-0.310355,1.79946
0.149,0.0301532,0.364589,0.122172,-0.311293,1.79946
0.15,0.0305186,0.366268,0.12186,-0.312238,1.79946
0.151,0.0308857,0.367947,0.121548,-0.31319,1.79946
0.152,0.0312545,0.369627,0.121234,-0.314149,1.79946
0.153,0.031625,0.371307,0.120919,-0.315114,1.79946
0.154,0.0319971,0.372987,0.120604,-0.316087,1.79946
0.155,0.0323709,0.374668,0.120287,-0.317066,1.79946
0.156,0.0327464,0.376349,0.119969,-0.318053,1.79946
0.157,0.0331236,0.37803,0.119651,-0.319046,1.79946
0.158,0.0335025,0.379712,0.119331,-0.320046,1.79946
0.159,0.0338831,0.381394,0.119011,-0.321054,1.79946
0.16,0.0342652,0.38288,0.118689,-0.321679,1.60337
0.161,0.0346488,0.384367,0.118367,-0.322312,1.60337
0.162,0.0350339,0.385854,0.118045,-0.322951,1.60337
0.163,0.0354205,0.387341,0.117722,-0.323598,1.60337
0.164,0.0358086,0.388829,0.117398,-0.324251,1.60337
0.165,0.0361982,0.390317,0.117073,-0.324912,1.60337
0.166,0.0365892,0.391805,0.116748,-0.32558,1.60337
0.167,0.0369818,0.393294,0.116422,-0.326255,1.60337
0.168,0.0373758,0.394783,0.116095,-0.326936,1.60337
0.169,0.0377714,0.396272,0.115768,-0.327626,1.60337
0.17,0.0381684,0.397762,0.11544,-0.328322,1.60337
0.171,0.0385669,0.399252,0.115111,-0.329025,1.60337
0.172,0.0389669,0.400742,0.114782,-0.329736,1.60337
0.173,0.0393684,0.402232,0.114452,-0.330453,1.60337
0.174,0.0397713,0.403723,0.114121,-0.331178,1.60337
0.175,0.0401758,0.405215,0.11379,-0.331911,1.60337
0.176,0.0405818,0.406706,0.113457,-0.33265,1.60337
0.177,0.0409892,0.408198,0.113124,-0.333397,1.60337
0.178,0.0413982,0.40969,0.11279,-0.334151,1.60337
0.179,0.0418086,0.411183,0.112456,-0.334912,1.60337
0.18,0.0422204,0.412489,0.112121,-0.335309,1.41644
0.181,0.0426336,0.413795,0.111785,-0.335714,1.41644
0.182,0.043048,0.415102,0.111449,-0.336126,1.41644
0.183,0.0434638,0.41641,0.111113,-0.336545,1.41644
0.184,0.0438809,0.417717,0.110776,-0.336972,1.41644
0.185,0.0442992,0.419025,0.110439,-0.337406,1.41644
0.186,0.0447189,0.420333,0.110102,-0.337848,1.41644
0.187,0.0451399,0.421642,0.109763,-0.338296,1.41644
0.188,0.0455622,0.42295,0.109425,-0.338752,1.41644
0.189,0.0459858,0.42426,0.109086,-0.339216,1.41644
0.19,0.0464107,0.425569,0.108746,-0.339687,1.41644
0.191,0.0468369,0.426879,0.108407,-0.340165,1.41644
0.192,0.0472645,0.428189,0.108066,-0.34065,1.41644
0.193,0.0476933,0.4295,0.107725,-0.341143,1.41644
0.194,0.0481235,0.430811,0.107384,-0.341644,1.41644
0.195,0.0485549,0.432122,0.107042,-0.342152,1.41644
0.196,0.0489877,0.433433,0.1067,-0.342667,1.41644
0.197,0.0494218,0.434745,0.106357,-0.34319,1.41644
0.198,0.0498572,0.436057,0.106013,-0.34372,1.41644
0.199,0.0502939,0.43737,0.105669,-0.344257,1.41644
0.2,0.0507319,0.438506,0.105325,-0.344452,1.23978
0.201,0.0511709,0.439643,0.10498,-0.344653,1.23978
0.202,0.0516111,0.44078,0.104636,-0.344862,1.23978
0.203,0.0520525,0.441918,0.104291,-0.345079,1.23978
0.204,0.052495,0.443055,0.103945,-0.345303,1.23978
0.205,0.0529386,0.444194,0.1036,-0.345535,1.23978
0.206,0.0533834,0.445332,0.103254,-0.345774,1.23978
0.207,0.0538293,0.446471,0.102908,-0.34602,1.23978
0.208,0.0542763,0.44761,0.102562,-0.346275,1.23978
0.209,0.0547245,0.448749,0.102216,-0.346536,1.23978
0.21,0.0551738,0.449889,0.101869,-0.346805,1.23978
0.211,0.0556243,0.451029,0.101522,-0.347082,1.23978
0.212,0.0560759,0.45217,0.101175,-0.347366,1.23978
0.213,0.0565286,0.453311,0.100827,-0.347658,1.23978
0.214,0.0569825,0.454452,0.10048,-0.347957,1.23978
0.215,0.0574375,0.455593,0.100132,-0.348264,1.23978
0.216,0.0578937,0.456735,0.0997831,-0.348578,1.23978
0.217,0.058351,0.457877,0.0994344,-0.3489,1.23978
0.218,0.0588094,0.45902,0.0990853,-0.34923,1.23978
0.219,0.059269,0.460163,0.0987359,-0.349567,1.23978
0.22,0.0597297,0.46114,0.0983864,-0.349582,1.07409
0.221,0.0601913,0.462118,0.0980368,-0.349605,1.07409
0.222,0.0606539,0.463097,0.0976872,-0.349635,1.07409
0.223,0.0611175,0.464075,0.0973375,-0.349673,1.07409
0.224,0.0615821,0.465054,0.0969878,-0.349719,1.07409
0.225,0.0620476,0.466034,0.0966381,-0.349772,1.07409
0.226,0.0625141,0.467014,0.0962883,-0.349833,1.07409
0.227,0.0629816,0.467994,0.0959384,-0.349901,1.07409
0.228,0.0634501,0.468974,0.0955885,-0.349977,1.07409
0.229,0.0639196,0.469955,0.0952384,-0.35006,1.07409
0.23,0.06439,0.470936,0.0948883,-0.350151,1.07409
0.231,0.0648614,0.471917,0.0945381,-0.35025,1.07409
0.232,0.0653339,0.472899,0.0941878,-0.350356,1.07409
0.233,0.0658072,0.473881,0.0938374,-0.35047,1.07409
0.234,0.0662816,0.474864,0.0934869,-0.350591,1.07409
0.235,0.066757,0.475846,0.0931362,-0.35072,1.07409
0.236,0.0672333,0.47683,0.0927855,-0.350856,1.07409
0.237,0.0677106,0.477813,0.0924345,-0.351001,1.07409
0.238,0.0681889,0.478797,0.0920834,-0.351152,1.07409
0.239,0.0686682,0.479781,0.0917322,-0.351312,1.07409
0.24,0.0691484,0.480611,0.091381,-0.351171,0.919748
0.241,0.0696294,0.481442,0.0910299,-0.351039,0.919748
0.242,0.0701113,0.482273,0.0906789,-0.350914,0.919748
0.243,0.070594,0.483104,0.090328,-0.350796,0.919748
0.244,0.0710775,0.483936,0.0899773,-0.350687,0.919748
0.245,0.0715619,0.484768,0.0896267,-0.350584,0.919748
0.246,0.072047,0.4856,0.0892761,-0.35049,0.919748
0.247,0.0725331,0.486433,0.0889257,-0.350403,0.919748
0.248,0.0730199,0.487266,0.0885753,-0.350323,0.919748
0.249,0.0735076,0.488099,0.088225,-0.350251,0.919748
0.25,0.0739961,0.488933,0.0878748,-0.350187,0.919748
0.251,0.0744855,0.489767,0.0875247,-0.35013,0.919748
0.252,0.0749756,0.490602,0.0871746,-0.350081,0.919748
0.253,0.0754667,0.491436,0.0868245,-0.350039,0.919748
0.254,0.0759585,0.492271,0.0864745,-0.350005,0.919748
0.255,0.0764512,0.493107,0.0861245,-0.349979,0.919748
0.256,0.0769447,0.493943,0.0857745,-0.34996,0.919748
0.257,0.0774391,0.494779,0.0854246,-0.349948,0.919748
0.258,0.0779343,0.495615,0.0850746,-0.349945,0.919748
0.259,0.0784303,0.496452,0.0847247,-0.349948,0.919748
0.26,0.0789271,0.497146,0.0843749,-0.349675,0.776854
0.261,0.0794246,0.497841,0.0840253,-0.34941,0.776854
0.262,0.0799228,0.498536,0.083676,-0.349152,0.776854
0.263,0.0804217,0.499231,0.083327,-0.348901,0.776854
0.264,0.0809213,0.499927,0.0829782,-0.348658,0.776854
0.265,0.0814215,0.500623,0.0826297,-0.348422,0.776854
0.266,0.0819225,0.501319,0.0822814,-0.348195,0.776854
0.267,0.0824242,0.502016,0.0819333,-0.347974,0.776854
0.268,0.0829265,0.502713,0.0815854,-0.347761,0.776854
0.269,0.0834296,0.50341,0.0812378,-0.347556,0.776854
0.27,0.0839334,0.504108,0.0808903,-0.347358,0.776854
0.271,0.0844378,0.504806,0.0805431,-0.347167,0.776854
0.272,0.084943,0.505505,0.080196,-0.346985,0.776854
0.273,0.0854488,0.506203,0.0798491,-0.346809,0.776854
0.274,0.0859554,0.506902,0.0795024,-0.346641,0.776854
0.275,0.0864626,0.507602,0.0791558,-0.346481,0.776854
0.276,0.0869706,0.508301,0.0788094,-0.346328,0.776854
0.277,0.0874792,0.509002,0.0784631,-0.346183,0.776854
0.278,0.0879886,0.509702,0.078117,-0.346045,0.776854
0.279,0.0884986,0.510403,0.077771,-0.345914,0.776854
0.28,0.0890093,0.510972,0.0774253,-0.345529,0.645293
0.281,0.0895206,0.511542,0.07708,-0.345151,0.645293
0.282,0.0900324,0.512112,0.076735,-0.344781,0.645293
0.283,0.0905448,0.512683,0.0763904,-0.344418,0.645293
0.284,0.0910578,0.513254,0.0760462,-0.344063,0.645293
0.285,0.0915713,0.513825,0.0757023,-0.343715,0.645293
0.286,0.0920854,0.514397,0.0753588,-0.343374,0.645293
0.287,0.0926001,0.514969,0.0750155,-0.343041,0.645293
0.288,0.0931154,0.515541,0.0746727,-0.342715,0.645293
0.289,0.0936312,0.516114,0.0743301,-0.342397,0.645293
0.29,0.0941476,0.516687,0.0739879,-0.342086,0.645293
0.291,0.0946646,0.51726,0.0736459,-0.341782,0.645293
0.292,0.0951821,0.517833,0.0733043,-0.341486,0.645293
0.293,0.0957002,0.518407,0.072963,-0.341197,0.645293
0.294,0.0962189,0.518982,0.0726219,-0.340916,0.645293
0.295,0.0967382,0.519556,0.0722811,-0.340642,0.645293
0.296,0.097258,0.520131,0.0719406,-0.340375,0.645293
0.297,0.0977785,0.520706,0.0716004,-0.340116,0.645293
0.298,0.0982995,0.521282,0.0712604,-0.339864,0.645293
0.299,0.098821,0.521858,0.0709206,-0.339619,0.645293
0.3,0.0993431,0.522314,0.0705813,-0.339141,0.524773
0.301,0.0998657,0.52277,0.0702424,-0.338671,0.524773
0.302,0.100389,0.523226,0.0699039,-0.338208,0.524773
0.303,0.100912,0.523683,0.0695659,-0.337752,0.524773
0.304,0.101436,0.52414,0.0692284,-0.337303,0.524773
0.305,0.10196,0.524597,0.0688913,-0.336862,0.524773
0.306,0.102485,0.525055,0.0685547,-0.336428,0.524773
0.307,0.103011,0.525513,0.0682185,-0.336001,0.524773
0.308,0.103536,0.525972,0.0678827,-0.335582,0.524773
0.309,0.104062,0.52643,0.0675473,-0.33517,0.524773
0.31,0.104589,0.526889,0.0672123,-0.334765,0.524773
0.311,0.105116,0.527349,0.0668778,-0.334367,0.524773
0.312,0.105644,0.527808,0.0665436,-0.333976,0.524773
0.313,0.106172,0.528268,0.0662098,-0.333593,0.524773
0.314,0.1067,0.528729,0.0658764,-0.333217,0.524773
0.315,0.107229,0.529189,0.0655434,-0.332848,0.524773
0.316,0.107759,0.52965,0.0652107,-0.332486,0.524773
0.317,0.108289,0.530112,0.0648784,-0.332132,0.524773
0.318,0.108819,0.530573,0.0645465,-0.331784,0.524773
0.319,0.10935,0.531035,0.0642148,-0.331444,0.524773
0.32,0.109881,0.531388,0.0638837,-0.330891,0.414869
0.321,0.110413,0.531741,0.0635531,-0.330346,0.414869
0.322,0.110944,0.532094,0.063223,-0.329808,0.414869
0.323,0.111477,0.532447,0.0628934,-0.329277,0.414869
0.324,0.112009,0.532801,0.0625644,-0.328753,0.414869
0.325,0.112542,0.533155,0.0622359,-0.328236,0.414869
0.326,0.113076,0.533509,0.061908,-0.327726,0.414869
0.327,0.113609,0.533864,0.0615805,-0.327224,0.414869
0.328,0.114143,0.534219,0.0612535,-0.326728,0.414869
0.329,0.114678,0.534574,0.060927,-0.326239,0.414869
0.33,0.115213,0.534929,0.060601,-0.325758,0.414869
0.331,0.115748,0.535285,0.0602755,-0.325283,0.414869
0.332,0.116283,0.535642,0.0599505,-0.324816,0.414869
0.333,0.116819,0.535998,0.0596259,-0.324355,0.414869
0.334,0.117355,0.536355,0.0593017,-0.323902,0.414869
0.335,0.117892,0.536712,0.0589781,-0.323455,0.414869
0.336,0.118429,0.53707,0.0586548,-0.323016,0.414869
0.337,0.118966,0.537427,0.058332,-0.322583,0.414869
0.338,0.119503,0.537786,0.0580097,-0.322157,0.414869
0.339,0.120041,0.538144,0.0576877,-0.321739,0.414869
0.34,0.12058,0.538403,0.0573663,-0.321128,0.31506
0.341,0.121118,0.538662,0.0570455,-0.320524,0.31506
0.342,0.121657,0.538922,0.0567252,-0.319926,0.31506
0.343,0.122196,0.539182,0.0564056,-0.319336,0.31506
0.344,0.122735,0.539442,0.0560866,-0.318753,0.31506
0.345,0.123275,0.539702,0.0557681,-0.318176,0.31506
0.346,0.123815,0.539963,0.0554502,-0.317607,0.31506
0.347,0.124355,0.540224,0.0551329,-0.317044,0.31506
0.348,0.124895,0.540486,0.0548161,-0.316488,0.31506
0.349,0.125436,0.540748,0.0544999,-0.315939,0.31506
0.35,0.125977,0.54101,0.0541842,-0.315396,0.31506
0.351,0.126518,0.541272,0.0538691,-0.314861,0.31506
0.352,0.127059,0.541535,0.0535545,-0.314332,0.31506
0.353,0.127601,0.541798,0.0532404,-0.31381,0.31506
0.354,0.128143,0.542061,0.0529269,-0.313295,0.31506
0.355,0.128685,0.542324,0.0526138,-0.312786,0.31506
0.356,0.129227,0.542588,0.0523013,-0.312285,0.31506
0.357,0.12977,0.542852,0.0519893,-0.31179,0.31506
0.358,0.130313,0.543117,0.0516777,-0.311301,0.31506
0.359,0.130856,0.543382,0.0513667,-0.31082,0.31506
0.36,0.1314,0.543557,0.0510562,-0.310165,0.224761
0.361,0.131943,0.543732,0.0507463,-0.309516,0.224761
0.362,0.132487,0.543907,0.0504371,-0.308874,0.224761
0.363,0.133031,0.544083,0.0501286,-0.308239,0.224761
0.364,0.133575,0.544259,0.0498207,-0.307611,0.224761
0.365,0.13412,0.544435,0.0495134,-0.306989,0.224761
0.366,0.134664,0.544612,0.0492067,-0.306374,0.224761
0.367,0.135209,0.544789,0.0489006,-0.305765,0.224761
0.368,0.135754,0.544966,0.0485951,-0.305163,0.224761
0.369,0.136299,0.545143,0.0482903,-0.304567,0.224761
0.37,0.136844,0.545321,0.047986,-0.303978,0.224761
0.371,0.13739,0.545499,0.0476823,-0.303396,0.224761
0.372,0.137935,0.545678,0.0473792,-0.30282,0.224761
0.373,0.138481,0.545856,0.0470767,-0.302251,0.224761
0.374,0.139027,0.546035,0.0467747,-0.301688,0.224761
0.375,0.139573,0.546214,0.0464733,-0.301132,0.224761
0.376,0.140119,0.546394,0.0461724,-0.300582,0.224761
0.377,0.140666,0.546574,0.0458721,-0.300039,0.224761
0.378,0.141213,0.546754,0.0455724,-0.299502,0.224761
0.379,0.141759,0.546934,0.0452731,-0.298971,0.224761
0.38,0.142306,0.547034,0.0449745,-0.298285,0.143343
0.381,0.142853,0.547133,0.0446766,-0.297605,0.143343
0.382,0.143401,0.547233,0.0443793,-0.296931,0.143343
0.383,0.143948,0.547333,0.0440827,-0.296264,0.143343
0.384,0.144495,0.547434,0.0437868,-0.295603,0.143343
0.385,0.145043,0.547535,0.0434915,-0.294948,0.143343
0.386,0.14559,0.547636,0.0431969,-0.2943,0.143343
0.387,0.146138,0.547737,0.0429029,-0.293658,0.143343
0.388,0.146686,0.547839,0.0426095,-0.293022,0.143343
0.389,0.147234,0.547941,0.0423168,-0.292393,0.143343
0.39,0.147782,0.548043,0.0420248,-0.29177,0.143343
0.391,0.14833,0.548145,0.0417333,-0.291153,0.143343
0.392,0.148878,0.548248,0.0414424,-0.290543,0.143343
0.393,0.149426,0.548351,0.0411522,-0.289939,0.143343
0.394,0.149975,0.548454,0.0408626,-0.289341,0.143343
0.395,0.150523,0.548558,0.0405735,-0.288749,0.143343
0.396,0.151072,0.548662,0.0402851,-0.288164,0.143343
0.397,0.151621,0.548766,0.0399972,-0.287585,0.143343
0.398,0.152169,0.54887,0.0397099,-0.287012,0.143343
0.399,0.152718,0.548975,0.0394232,-0.286445,0.143343
0.4,0.153267,0.549007,0.0391371,-0.285738,0.0701611
0.401,0.153816,0.549039,0.0388517,-0.285037,0.0701611
0.402,0.154365,0.549071,0.038567,-0.284343,0.0701611
0.403,0.154914,0.549104,0.038283,-0.283654,0.0701611
0.404,0.155464,0.549137,0.0379997,-0.282972,0.0701611
0.405,0.156013,0.54917,0.0377171,-0.282296,0.0701611
0.406,0.156562,0.549204,0.0374351,-0.281625,0.0701611
0.407,0.157111,0.549237,0.0371538,-0.280961,0.0701611
0.408,0.15766,0.549271,0.0368732,-0.280303,0.0701611
0.409,0.15821,0.549306,0.0365932,-0.279651,0.0701611
0.41,0.158759,0.54934,0.0363139,-0.279005,0.0701611
0.411,0.159308,0.549375,0.0360352,-0.278365,0.0701611
0.412,0.159858,0.54941,0.0357571,-0.277731,0.0701611
0.413,0.160407,0.549446,0.0354797,-0.277104,0.0701611
0.414,0.160957,0.549481,0.0352029,-0.276482,0.0701611
0.415,0.161506,0.549517,0.0349268,-0.275865,0.0701611
0.416,0.162056,0.549553,0.0346512,-0.275255,0.0701611
0.417,0.162605,0.54959,0.0343762,-0.274651,0.0701611
0.418,0.163155,0.549627,0.0341019,-0.274053,0.0701611
0.419,0.163704,0.549664,0.0338281,-0.273461,0.0701611
0.42,0.164254,0.549635,0.033555,-0.272743,0.00456573
0.421,0.164804,0.549607,0.0332826,-0.272032,0.00456573
0.422,0.165353,0.549579,0.033011,-0.271326,0.00456573
0.423,0.165903,0.549552,0.03274,-0.270626,0.00456573
0.424,0.166452,0.549525,0.0324697,-0.269932,0.00456573
0.425,0.167002,0.549498,0.0322001,-0.269243,0.00456573
0.426,0.167551,0.549471,0.0319312,-0.268561,0.00456573
0.427,0.168101,0.549444,0.031663,-0.267884,0.00456573
0.428,0.16865,0.549418,0.0313955,-0.267213,0.00456573
0.429,0.1692,0.549392,0.0311286,-0.266548,0.00456573
0.43,0.169749,0.549366,0.0308624,-0.265889,0.00456573
0.431,0.170298,0.549341,0.0305968,-0.265235,0.00456573
0.432,0.170848,0.549316,0.0303319,-0.264587,0.00456573
0.433,0.171397,0.549291,0.0300676,-0.263945,0.00456573
0.434,0.171946,0.549266,0.029804,-0.263308,0.00456573
0.435,0.172496,0.549242,0.029541,-0.262677,0.00456573
0.436,0.173045,0.549218,0.0292786,-0.262052,0.00456573
0.437,0.173594,0.549194,0.0290169,-0.261432,0.00456573
0.438,0.174143,0.54917,0.0287558,-0.260818,0.00456573
0.439,0.174692,0.549147,0.0284953,-0.26021,0.00456573
0.44,0.175241,0.549065,0.0282354,-0.25949,-0.0540803
0.441,0.175791,0.548983,0.0279763,-0.258776,-0.0540803
0.442,0.176339,0.548902,0.0277179,-0.258067,-0.0540803
0.443,0.176888,0.548821,0.0274601,-0.257364,-0.0540803
0.444,0.177437,0.54874,0.0272031,-0.256666,-0.0540803
0.445,0.177986,0.54866,0.0269468,-0.255974,-0.0540803
0.446,0.178534,0.548579,0.0266912,-0.255287,-0.0540803
0.447,0.179083,0.548499,0.0264362,-0.254606,-0.0540803
0.448,0.179631,0.54842,0.026182,-0.25393,-0.0540803
0.449,0.18018,0.54834,0.0259284,-0.25326,-0.0540803
0.45,0.180728,0.548261,0.0256754,-0.252596,-0.0540803
0.451,0.181276,0.548182,0.0254232,-0.251936,-0.0540803
0.452,0.181824,0.548103,0.0251716,-0.251282,-0.0540803
0.453,0.182373,0.548024,0.0249206,-0.250634,-0.0540803
0.454,0.182921,0.547946,0.0246703,-0.249991,-0.0540803
0.455,0.183468,0.547868,0.0244206,-0.249353,-0.0540803
0.456,0.184016,0.54779,0.0241716,-0.248721,-0.0540803
0.457,0.184564,0.547713,0.0239232,-0.248094,-0.0540803
0.458,0.185112,0.547635,0.0236754,-0.247473,-0.0540803
0.459,0.185659,0.547558,0.0234282,-0.246857,-0.0540803
0.46,0.186207,0.547429,0.0231817,-0.246141,-0.106393
0.461,0.186754,0.5473,0.0229359,-0.245431,-0.106393
0.462,0.187301,0.547171,0.0226909,-0.244726,-0.106393
0.463,0.187848,0.547043,0.0224465,-0.244026,-0.106393
0.464,0.188395,0.546915,0.0222028,-0.243332,-0.106393
0.465,0.188942,0.546787,0.0219598,-0.242643,-0.106393
0.466,0.189489,0.546659,0.0217175,-0.241959,-0.106393
0.467,0.190036,0.546531,0.0214759,-0.241281,-0.106393
0.468,0.190582,0.546404,0.021235,-0.240607,-0.106393
0.469,0.191128,0.546277,0.0209947,-0.239939,-0.106393
0.47,0.191675,0.54615,0.0207551,-0.239276,-0.106393
0.471,0.192221,0.546024,0.0205161,-0.238618,-0.106393
0.472,0.192767,0.545897,0.0202778,-0.237965,-0.106393
0.473,0.193313,0.545771,0.0200402,-0.237317,-0.106393
0.474,0.193858,0.545645,0.0198032,-0.236675,-0.106393
0.475,0.194404,0.54552,0.0195669,-0.236037,-0.106393
0.476,0.194949,0.545394,0.0193311,-0.235405,-0.106393
0.477,0.195495,0.545269,0.019096,-0.234778,-0.106393
0.478,0.19604,0.545144,0.0188616,-0.234156,-0.106393
0.479,0.196585,0.54502,0.0186277,-0.233539,-0.106393
0.48,0.19713,0.544848,0.0183945,-0.232833,-0.152959
0.481,0.197675,0.544678,0.0181621,-0.232133,-0.152959
0.482,0.198219,0.544507,0.0179303,-0.231438,-0.152959
0.483,0.198764,0.544337,0.0176992,-0.230748,-0.152959
0.484,0.199308,0.544167,0.0174688,-0.230062,-0.152959
0.485,0.199852,0.543997,0.0172391,-0.229382,-0.152959
0.486,0.200396,0.543827,0.01701,-0.228707,-0.152959
0.487,0.20094,0.543657,0.0167816,-0.228036,-0.152959
0.488,0.201483,0.543488,0.0165539,-0.227371,-0.152959
0.489,0.202027,0.543319,0.0163269,-0.22671,-0.152959
0.49,0.20257,0.54315,0.0161005,-0.226055,-0.152959
0.491,0.203113,0.542982,0.0158748,-0.225404,-0.152959
0.492,0.203656,0.542813,0.0156497,-0.224758,-0.152959
0.493,0.204198,0.542645,0.0154253,-0.224117,-0.152959
0.494,0.204741,0.542477,0.0152015,-0.223481,-0.152959
0.495,0.205283,0.542309,0.0149783,-0.222849,-0.152959
0.496,0.205826,0.542142,0.0147558,-0.222222,-0.152959
0.497,0.206368,0.541975,0.0145339,-0.221601,-0.152959
0.498,0.20691,0.541808,0.0143126,-0.220984,-0.152959
0.499,0.207451,0.541641,0.0140919,-0.220371,-0.152959
0.5,0.207993,0.541433,0.0138719,-0.219681,-0.194332
0.501,0.208534,0.541225,0.0136525,-0.218995,-0.194332
0.502,0.209075,0.541017,0.0134339,-0.218315,-0.194332
0.503,0.209616,0.54081,0.0132159,-0.217638,-0.194332
0.504,0.210157,0.540603,0.0129986,-0.216967,-0.194332
0.505,0.210697,0.540396,0.012782,-0.2163,-0.194332
0.506,0.211238,0.540189,0.012566,-0.215638,-0.194332
0.507,0.211778,0.539983,0.0123507,-0.214981,-0.194332
0.508,0.212318,0.539776,0.012136,-0.214328,-0.194332
0.509,0.212857,0.53957,0.011922,-0.21368,-0.194332
0.51,0.213397,0.539364,0.0117087,-0.213036,-0.194332
0.511,0.213936,0.539159,0.011496,-0.212397,-0.194332
0.512,0.214475,0.538953,0.0112839,-0.211763,-0.194332
0.513,0.215014,0.538748,0.0110724,-0.211133,-0.194332
0.514,0.215553,0.538543,0.0108616,-0.210508,-0.194332
0.515,0.216091,0.538338,0.0106514,-0.209887,-0.194332
0.516,0.216629,0.538133,0.0104418,-0.209271,-0.194332
0.517,0.217167,0.537929,0.0102329,-0.208659,-0.194332
0.518,0.217705,0.537725,0.0100245,-0.208052,-0.194332
0.519,0.218243,0.537521,0.00981676,-0.207449,-0.194332
0.52,0.21878,0.53728,0.00960964,-0.206778,-0.231028
0.521,0.219317,0.53704,0.0094032,-0.206111,-0.231028
0.522,0.219854,0.5368,0.00919742,-0.205448,-0.231028
0.523,0.220391,0.53656,0.0089923,-0.20479,-0.231028
0.524,0.220927,0.53632,0.00878784,-0.204136,-0.231028
0.525,0.221464,0.53608,0.00858403,-0.203486,-0.231028
0.526,0.222,0.535841,0.00838087,-0.202841,-0.231028
0.527,0.222535,0.535602,0.00817835,-0.2022,-0.231028
0.528,0.223071,0.535363,0.00797646,-0.201564,-0.231028
0.529,0.223606,0.535124,0.00777522,-0.200932,-0.231028
0.53,0.224141,0.534886,0.0075746,-0.200305,-0.231028
0.531,0.224676,0.534647,0.00737461,-0.199681,-0.231028
0.532,0.22521,0.534409,0.00717524,-0.199062,-0.231028
0.533,0.225745,0.534171,0.00697648,-0.198447,-0.231028
0.534,0.226279,0.533934,0.00677834,-0.197837,-0.231028
0.535,0.226812,0.533696,0.00658081,-0.197231,-0.231028
0.536,0.227346,0.533459,0.00638388,-0.196629,-0.231028
0.537,0.227879,0.533221,0.00618755,-0.196031,-0.231028
0.538,0.228413,0.532984,0.00599181,-0.195438,-0.231028
0.539,0.228945,0.532748,0.00579667,-0.194849,-0.231028
0.54,0.229478,0.532479,0.00560215,-0.194199,-0.263522
0.541,0.23001,0.53221,0.00540827,-0.193553,-0.263522
0.542,0.230542,0.531941,0.00521504,-0.192911,-0.263522
0.543,0.231074,0.531672,0.00502245,-0.192274,-0.263522
0.544,0.231606,0.531404,0.00483049,-0.19164,-0.263522
0.545,0.232137,0.531136,0.00463917,-0.191011,-0.263522
0.546,0.232668,0.530868,0.00444847,-0.190386,-0.263522
0.547,0.233199,0.5306,0.00425839,-0.189765,-0.263522
0.548,0.233729,0.530333,0.00406894,-0.189148,-0.263522
0.549,0.234259,0.530065,0.00388009,-0.188535,-0.263522
0.55,0.234789,0.529798,0.00369186,-0.187927,-0.263522
0.551,0.235319,0.529531,0.00350424,-0.187322,-0.263522
0.552,0.235848,0.529264,0.00331722,-0.186721,-0.263522
0.553,0.236378,0.528997,0.0031308,-0.186125,-0.263522
0.554,0.236906,0.528731,0.00294497,-0.185532,-0.263522
0.555,0.237435,0.528465,0.00275973,-0.184943,-0.263522
0.556,0.237963,0.528198,0.00257508,-0.184359,-0.263522
0.557,0.238491,0.527932,0.00239101,-0.183778,-0.263522
0.558,0.239019,0.527667,0.00220752,-0.183202,-0.263522
0.559,0.239547,0.527401,0.00202461,-0.182629,-0.263522
0.56,0.240074,0.527107,0.00184229,-0.182003,-0.292253
0.561,0.240601,0.526813,0.0016606,-0.18138,-0.292253
0.562,0.241128,0.526519,0.00147953,-0.180762,-0.292253
0.563,0.241654,0.526226,0.00129908,-0.180147,-0.292253
0.564,0.24218,0.525932,0.00111923,-0.179537,-0.292253
0.565,0.242706,0.525639,0.000940001,-0.17893,-0.292253
0.566,0.243231,0.525346,0.000761372,-0.178327,-0.292253
0.567,0.243757,0.525053,0.000583345,-0.177728,-0.292253
0.568,0.244281,0.52476,0.000405914,-0.177133,-0.292253
0.569,0.244806,0.524468,0.000229077,-0.176542,-0.292253
0.57,0.24533,0.524175,5.28296e-05,-0.175954,-0.292253
0.571,0.245854,0.523883,-0.000122832,-0.17537,-0.292253
0.572,0.246378,0.523591,-0.000297913,-0.17479,-0.292253
0.573,0.246902,0.523299,-0.000472415,-0.174214,-0.292253
0.574,0.247425,0.523007,-0.000646342,-0.173642,-0.292253
0.575,0.247948,0.522716,-0.0008197,-0.173073,-0.292253
0.576,0.24847,0.522424,-0.00099249,-0.172508,-0.292253
0.577,0.248992,0.522133,-0.00116472,-0.171947,-0.292253
0.578,0.249514,0.521842,-0.00133639,-0.171389,-0.292253
0.579,0.250036,0.521551,-0.0015075,-0.170836,-0.292253
0.58,0.250558,0.521235,-0.00167803,-0.170235,-0.317617
0.581,0.251079,0.520919,-0.00184797,-0.169638,-0.317617
0.582,0.251599,0.520604,-0.00201731,-0.169044,-0.317617
0.583,0.25212,0.520288,-0.00218606,-0.168454,-0.317617
0.584,0.25264,0.519973,-0.00235422,-0.167868,-0.317617
0.585,0.25316,0.519657,-0.00252179,-0.167285,-0.317617
0.586,0.253679,0.519342,-0.00268879,-0.166706,-0.317617
0.587,0.254198,0.519028,-0.00285521,-0.166131,-0.317617
0.588,0.254717,0.518713,-0.00302105,-0.165559,-0.317617
0.589,0.255236,0.518398,-0.00318633,-0.164991,-0.317617
0.59,0.255754,0.518084,-0.00335104,-0.164426,-0.317617
0.591,0.256272,0.51777,-0.00351518,-0.163865,-0.317617
0.592,0.25679,0.517455,-0.00367877,-0.163307,-0.317617
0.593,0.257307,0.517142,-0.0038418,-0.162753,-0.317617
0.594,0.257824,0.516828,-0.00400428,-0.162203,-0.317617
0.595,0.258341,0.516514,-0.0041662,-0.161656,-0.317617
0.596,0.258857,0.516201,-0.00432759,-0.161112,-0.317617
0.597,0.259373,0.515887,-0.00448843,-0.160572,-0.317617
0.598,0.259889,0.515574,-0.00464873,-0.160035,-0.317617
0.599,0.260404,0.515261,-0.0048085,-0.159502,-0.317617
0.6,0.260919,0.514926,-0.00496772,-0.158928,-0.339975
0.601,0.261434,0.514591,-0.00512636,-0.158357,-0.339975
0.602,0.261948,0.514256,-0.00528443,-0.157789,-0.339975
0.603,0.262463,0.513921,-0.00544194,-0.157225,-0.339975
0.604,0.262976,0.513587,-0.00559888,-0.156664,-0.339975
0.605,0.26349,0.513252,-0.00575527,-0.156107,-0.339975
0.606,0.264003,0.512918,-0.0059111,-0.155553,-0.339975
0.607,0.264516,0.512584,-0.00606637,-0.155002,-0.339975
0.608,0.265028,0.51225,-0.0062211,-0.154455,-0.339975
0.609,0.26554,0.511916,-0.00637528,-0.15391,-0.339975
0.61,0.266052,0.511583,-0.00652892,-0.15337,-0.339975
0.611,0.266563,0.511249,-0.00668202,-0.152832,-0.339975
0.612,0.267074,0.510916,-0.00683459,-0.152298,-0.339975
0.613,0.267585,0.510583,-0.00698662,-0.151768,-0.339975
0.614,0.268095,0.51025,-0.00713812,-0.15124,-0.339975
0.615,0.268606,0.509917,-0.0072891,-0.150716,-0.339975
0.616,0.269115,0.509584,-0.00743956,-0.150195,-0.339975
0.617,0.269625,0.509251,-0.00758949,-0.149677,-0.339975
0.618,0.270134,0.508919,-0.00773891,-0.149162,-0.339975
0.619,0.270643,0.508587,-0.00788782,-0.148651,-0.339975
0.62,0.271151,0.508235,-0.0080362,-0.148104,-0.359653
0.621,0.271659,0.507883,-0.00818403,-0.147559,-0.359653
0.622,0.272167,0.507531,-0.00833132,-0.147018,-0.359653
0.623,0.272674,0.50718,-0.00847806,-0.14648,-0.359653
0.624,0.273181,0.506829,-0.00862428,-0.145946,-0.359653
0.625,0.273688,0.506478,-0.00876996,-0.145414,-0.359653
0.626,0.274194,0.506127,-0.00891511,-0.144886,-0.359653
0.627,0.2747,0.505776,-0.00905973,-0.14436,-0.359653
0.628,0.275206,0.505425,-0.00920383,-0.143838,-0.359653
0.629,0.275711,0.505075,-0.00934741,-0.143319,-0.359653
0.63,0.276216,0.504724,-0.00949047,-0.142803,-0.359653
0.631,0.27672,0.504374,-0.00963301,-0.14229,-0.359653
0.632,0.277224,0.504024,-0.00977505,-0.14178,-0.359653
0.633,0.277728,0.503674,-0.00991657,-0.141273,-0.359653
0.634,0.278232,0.503324,-0.0100576,-0.14077,-0.359653
0.635,0.278735,0.502974,-0.0101981,-0.140269,-0.359653
0.636,0.279238,0.502624,-0.0103381,-0.139771,-0.359653
0.637,0.27974,0.502275,-0.0104777,-0.139277,-0.359653
0.638,0.280242,0.501926,-0.0106167,-0.138785,-0.359653
0.639,0.280744,0.501577,-0.0107552,-0.138296,-0.359653
0.64,0.281245,0.50121,-0.0108933,-0.137776,-0.376939
0.641,0.281746,0.500844,-0.0110308,-0.137259,-0.376939
0.642,0.282247,0.500478,-0.0111678,-0.136744,-0.376939
0.643,0.282747,0.500112,-0.0113043,-0.136233,-0.376939
0.644,0.283247,0.499746,-0.0114403,-0.135725,-0.376939
0.645,0.283747,0.499381,-0.0115757,-0.135219,-0.376939
0.646,0.284246,0.499015,-0.0117107,-0.134717,-0.376939
0.647,0.284745,0.49865,-0.0118452,-0.134217,-0.376939
0.648,0.285243,0.498284,-0.0119791,-0.13372,-0.376939
0.649,0.285742,0.497919,-0.0121126,-0.133226,-0.376939
0.65,0.286239,0.497554,-0.0122456,-0.132735,-0.376939
0.651,0.286737,0.497189,-0.0123781,-0.132247,-0.376939
0.652,0.287234,0.496825,-0.0125101,-0.131762,-0.376939
0.653,0.28773,0.49646,-0.0126416,-0.13128,-0.376939
0.654,0.288227,0.496096,-0.0127726,-0.1308,-0.376939
0.655,0.288722,0.495731,-0.0129032,-0.130323,-0.376939
0.656,0.289218,0.495367,-0.0130333,-0.129849,-0.376939
0.657,0.289713,0.495003,-0.0131629,-0.129378,-0.376939
0.658,0.290208,0.494639,-0.013292,-0.12891,-0.376939
0.659,0.290703,0.494275,-0.0134207,-0.128444,-0.376939
0.66,0.291197,0.493896,-0.0135489,-0.127951,-0.392095
0.661,0.29169,0.493518,-0.0136766,-0.127461,-0.392095
0.662,0.292184,0.493139,-0.0138038,-0.126973,-0.392095
0.663,0.292677,0.49276,-0.0139306,-0.126488,-0.392095
0.664,0.293169,0.492382,-0.0140568,-0.126006,-0.392095
0.665,0.293661,0.492004,-0.0141826,-0.125527,-0.392095
0.666,0.294153,0.491626,-0.0143079,-0.12505,-0.392095
0.667,0.294645,0.491248,-0.0144327,-0.124576,-0.392095
0.668,0.295136,0.49087,-0.014557,-0.124105,-0.392095
0.669,0.295626,0.490492,-0.0146809,-0.123636,-0.392095
0.67,0.296117,0.490114,-0.0148043,-0.12317,-0.392095
0.671,0.296607,0.489737,-0.0149272,-0.122707,-0.392095
0.672,0.297096,0.489359,-0.0150497,-0.122246,-0.392095
0.673,0.297585,0.488982,-0.0151717,-0.121788,-0.392095
0.674,0.298074,0.488605,-0.0152933,-0.121333,-0.392095
0.675,0.298562,0.488228,-0.0154144,-0.12088,-0.392095
0.676,0.299051,0.487851,-0.015535,-0.12043,-0.392095
0.677,0.299538,0.487474,-0.0156553,-0.119982,-0.392095
0.678,0.300025,0.487098,-0.015775,-0.119537,-0.392095
0.679,0.300512,0.486721,-0.0158943,-0.119095,-0.392095
0.68,0.300999,0.486331,-0.0160132,-0.118629,-0.405351
0.681,0.301485,0.485942,-0.0161316,-0.118165,-0.405351
0.682,0.301971,0.485552,-0.0162495,-0.117704,-0.405351
0.683,0.302456,0.485163,-0.016367,-0.117245,-0.405351
0.684,0.302941,0.484774,-0.016484,-0.116789,-0.405351
0.685,0.303426,0.484385,-0.0166006,-0.116335,-0.405351
0.686,0.30391,0.483996,-0.0167167,-0.115884,-0.405351
0.687,0.304394,0.483607,-0.0168323,-0.115436,-0.405351
0.688,0.304877,0.483218,-0.0169476,-0.11499,-0.405351
0.689,0.30536,0.482829,-0.0170623,-0.114546,-0.405351
0.69,0.305843,0.482441,-0.0171766,-0.114105,-0.405351
0.691,0.306325,0.482052,-0.0172905,-0.113666,-0.405351
0.692,0.306807,0.481664,-0.017404,-0.11323,-0.405351
0.693,0.307288,0.481276,-0.017517,-0.112796,-0.405351
0.694,0.307769,0.480887,-0.0176296,-0.112365,-0.405351
0.695,0.30825,0.480499,-0.0177417,-0.111936,-0.405351
0.696,0.30873,0.480112,-0.0178534,-0.111509,-0.405351
0.697,0.30921,0.479724,-0.0179647,-0.111085,-0.405351
0.698,0.30969,0.479336,-0.0180756,-0.110664,-0.405351
0.699,0.310169,0.478949,-0.0181861,-0.110244,-0.405351
0.7,0.310648,0.47855,-0.0182961,-0.109804,-0.416912
0.701,0.311126,0.478151,-0.0184057,-0.109367,-0.416912
0.702,0.311604,0.477752,-0.0185148,-0.108931,-0.416912
0.703,0.312082,0.477353,-0.0186235,-0.108498,-0.416912
0.704,0.312559,0.476955,-0.0187318,-0.108068,-0.416912
0.705,0.313036,0.476556,-0.0188397,-0.10764,-0.416912
0.706,0.313512,0.476158,-0.0189471,-0.107214,-0.416912
0.707,0.313988,0.475759,-0.0190541,-0.10679,-0.416912
0.708,0.314463,0.475361,-0.0191607,-0.106369,-0.416912
0.709,0.314939,0.474963,-0.0192668,-0.10595,-0.416912
0.71,0.315413,0.474565,-0.0193726,-0.105533,-0.416912
0.711,0.315888,0.474167,-0.0194779,-0.105118,-0.416912
0.712,0.316362,0.47377,-0.0195828,-0.104706,-0.416912
0.713,0.316835,0.473372,-0.0196873,-0.104296,-0.416912
0.714,0.317308,0.472974,-0.0197914,-0.103889,-0.416912
0.715,0.317781,0.472577,-0.0198951,-0.103483,-0.416912
0.716,0.318254,0.47218,-0.0199984,-0.10308,-0.416912
0.717,0.318726,0.471782,-0.0201013,-0.102679,-0.416912
0.718,0.319197,0.471385,-0.0202037,-0.10228,-0.416912
0.719,0.319668,0.470988,-0.0203058,-0.101884,-0.416912
0.72,0.320139,0.470581,-0.0204075,-0.101469,-0.426961
0.721,0.320609,0.470174,-0.0205088,-0.101057,-0.426961
0.722,0.321079,0.469767,-0.0206096,-0.100647,-0.426961
0.723,0.321549,0.469361,-0.0207101,-0.100239,-0.426961
0.724,0.322018,0.468954,-0.0208101,-0.0998333,-0.426961
0.725,0.322487,0.468548,-0.0209097,-0.0994297,-0.426961
0.726,0.322955,0.468141,-0.021009,-0.0990283,-0.426961
0.727,0.323423,0.467735,-0.0211078,-0.098629,-0.426961
0.728,0.323891,0.467329,-0.0212062,-0.0982319,-0.426961
0.729,0.324358,0.466923,-0.0213042,-0.0978368,-0.426961
0.73,0.324825,0.466517,-0.0214019,-0.0974439,-0.426961
0.731,0.325291,0.466111,-0.0214991,-0.0970531,-0.426961
0.732,0.325757,0.465705,-0.021596,-0.0966644,-0.426961
0.733,0.326222,0.465299,-0.0216925,-0.0962777,-0.426961
0.734,0.326687,0.464894,-0.0217886,-0.0958932,-0.426961
0.735,0.327152,0.464488,-0.0218843,-0.0955107,-0.426961
0.736,0.327616,0.464083,-0.0219796,-0.0951303,-0.426961
0.737,0.32808,0.463677,-0.0220745,-0.0947519,-0.426961
0.738,0.328544,0.463272,-0.0221691,-0.0943756,-0.426961
0.739,0.329007,0.462867,-0.0222633,-0.0940013,-0.426961
0.74,0.329469,0.462453,-0.0223571,-0.0936117,-0.43566
0.741,0.329932,0.462039,-0.0224505,-0.093224,-0.43566
0.742,0.330394,0.461626,-0.0225435,-0.0928384,-0.43566
0.743,0.330855,0.461212,-0.0226362,-0.0924548,-0.43566
0.744,0.331316,0.460799,-0.0227284,-0.0920732,-0.43566
0.745,0.331777,0.460386,-0.0228203,-0.0916936,-0.43566
0.746,0.332237,0.459972,-0.0229118,-0.091316,-0.43566
0.747,0.332696,0.459559,-0.0230029,-0.0909403,-0.43566
0.748,0.333156,0.459146,-0.0230937,-0.0905666,-0.43566
0.749,0.333615,0.458733,-0.0231841,-0.0901948,-0.43566
0.75,0.334073,0.45832,-0.0232741,-0.089825,-0.43566
0.751,0.334531,0.457908,-0.0233637,-0.0894572,-0.43566
0.752,0.334989,0.457495,-0.023453,-0.0890913,-0.43566
0.753,0.335446,0.457082,-0.0235419,-0.0887273,-0.43566
0.754,0.335903,0.45667,-0.0236305,-0.0883652,-0.43566
0.755,0.33636,0.456257,-0.0237186,-0.088005,-0.43566
0.756,0.336816,0.455845,-0.0238065,-0.0876467,-0.43566
0.757,0.337271,0.455433,-0.0238939,-0.0872903,-0.43566
0.758,0.337727,0.455021,-0.0239811,-0.0869358,-0.43566
0.759,0.338181,0.454608,-0.0240678,-0.0865832,-0.43566
0.76,0.338636,0.454189,-0.0241542,-0.0862175,-0.443153
0.761,0.33909,0.45377,-0.0242402,-0.0858536,-0.443153
0.762,0.339543,0.45335,-0.0243259,-0.0854916,-0.443153
0.763,0.339997,0.452931,-0.0244112,-0.0851314,-0.443153
0.764,0.340449,0.452512,-0.0244962,-0.0847731,-0.443153
0.765,0.340902,0.452093,-0.0245808,-0.0844166,-0.443153
0.766,0.341353,0.451674,-0.024665,-0.0840619,-0.443153
0.767,0.341805,0.451255,-0.0247489,-0.0837091,-0.443153
0.768,0.342256,0.450836,-0.0248324,-0.083358,-0.443153
0.769,0.342707,0.450417,-0.0249156,-0.0830088,-0.443153
0.77,0.343157,0.449999,-0.0249985,-0.0826613,-0.443153
0.771,0.343607,0.44958,-0.0250809,-0.0823156,-0.443153
0.772,0.344056,0.449162,-0.0251631,-0.0819717,-0.443153
0.773,0.344505,0.448743,-0.0252449,-0.0816296,-0.443153
0.774,0.344953,0.448325,-0.0253263,-0.0812893,-0.443153
0.775,0.345402,0.447907,-0.0254075,-0.0809506,-0.443153
0.776,0.345849,0.447488,-0.0254882,-0.0806138,-0.443153
0.777,0.346297,0.44707,-0.0255687,-0.0802787,-0.443153
0.778,0.346743,0.446652,-0.0256488,-0.0799453,-0.443153
0.779,0.34719,0.446234,-0.0257286,-0.0796136,-0.443153
0.78,0.347636,0.44581,-0.025808,-0.0792709,-0.449571
0.781,0.348081,0.445386,-0.0258871,-0.0789298,-0.449571
0.782,0.348527,0.444962,-0.0259659,-0.0785905,-0.449571
0.783,0.348971,0.444538,-0.0260443,-0.0782528,-0.449571
0.784,0.349416,0.444114,-0.0261224,-0.0779169,-0.449571
0.785,0.34986,0.44369,-0.0262001,-0.0775826,-0.449571
0.786,0.350303,0.443266,-0.0262776,-0.07725,-0.449571
0.787,0.350746,0.442842,-0.0263546,-0.076919,-0.449571
0.788,0.351189,0.442419,-0.0264314,-0.0765898,-0.449571
0.789,0.351631,0.441995,-0.0265078,-0.0762622,-0.449571
0.79,0.352073,0.441571,-0.0265839,-0.0759362,-0.449571
0.791,0.352514,0.441148,-0.0266597,-0.0756119,-0.449571
0.792,0.352955,0.440725,-0.0267351,-0.0752892,-0.449571
0.793,0.353396,0.440301,-0.0268103,-0.0749681,-0.449571
0.794,0.353836,0.439878,-0.0268851,-0.0746486,-0.449571
0.795,0.354275,0.439455,-0.0269596,-0.0743308,-0.449571
0.796,0.354715,0.439032,-0.0270337,-0.0740146,-0.449571
0.797,0.355153,0.438609,-0.0271076,-0.0736999,-0.449571
0.798,0.355592,0.438186,-0.0271811,-0.0733869,-0.449571
0.799,0.35603,0.437763,-0.0272544,-0.0730754,-0.449571
0.8,0.356467,0.437335,-0.0273273,-0.0727546,-0.455032
0.801,0.356904,0.436907,-0.0273999,-0.0724354,-0.455032
0.802,0.357341,0.436479,-0.0274722,-0.0721177,-0.455032
0.803,0.357777,0.43605,-0.0275441,-0.0718016,-0.455032
0.804,0.358213,0.435623,-0.0276158,-0.0714871,-0.455032
0.805,0.358649,0.435195,-0.0276871,-0.0711741,-0.455032
0.806,0.359084,0.434767,-0.0277581,-0.0708626,-0.455032
0.807,0.359518,0.434339,-0.0278288,-0.0705527,-0.455032
0.808,0.359952,0.433911,-0.0278992,-0.0702443,-0.455032
0.809,0.360386,0.433484,-0.0279693,-0.0699374,-0.455032
0.81,0.360819,0.433056,-0.0280391,-0.069632,-0.455032
0.811,0.361252,0.432629,-0.0281086,-0.0693281,-0.455032
0.812,0.361685,0.432201,-0.0281778,-0.0690257,-0.455032
0.813,0.362117,0.431774,-0.0282466,-0.0687248,-0.455032
0.814,0.362548,0.431347,-0.0283152,-0.0684254,-0.455032
0.815,0.362979,0.430919,-0.0283835,-0.0681275,-0.455032
0.816,0.36341,0.430492,-0.0284515,-0.067831,-0.455032
0.817,0.36384,0.430065,-0.0285191,-0.067536,-0.455032
0.818,0.36427,0.429638,-0.0285865,-0.0672425,-0.455032
0.819,0.364699,0.429211,-0.0286536,-0.0669504,-0.455032
0.82,0.365128,0.42878,-0.0287204,-0.0666505,-0.459647
0.821,0.365557,0.428348,-0.0287869,-0.0663521,-0.459647
0.822,0.365985,0.427917,-0.0288531,-0.0660551,-0.459647
0.823,0.366413,0.427486,-0.028919,-0.0657595,-0.459647
0.824,0.36684,0.427055,-0.0289847,-0.0654654,-0.459647
0.825,0.367267,0.426623,-0.02905,-0.0651727,-0.459647
0.826,0.367693,0.426192,-0.029115,-0.0648813,-0.459647
0.827,0.368119,0.425761,-0.0291797,-0.0645914,-0.459647
0.828,0.368545,0.42533,-0.0292442,-0.0643029,-0.459647
0.829,0.36897,0.424899,-0.0293083,-0.0640158,-0.459647
0.83,0.369395,0.424468,-0.0293722,-0.06373,-0.459647
0.831,0.369819,0.424038,-0.0294358,-0.0634456,-0.459647
0.832,0.370243,0.423607,-0.0294991,-0.0631626,-0.459647
0.833,0.370666,0.423176,-0.0295621,-0.062881,-0.459647
0.834,0.371089,0.422746,-0.0296249,-0.0626007,-0.459647
0.835,0.371512,0.422315,-0.0296873,-0.0623218,-0.459647
0.836,0.371934,0.421885,-0.0297495,-0.0620442,-0.459647
0.837,0.372355,0.421454,-0.0298114,-0.0617679,-0.459647
0.838,0.372777,0.421024,-0.0298731,-0.061493,-0.459647
0.839,0.373197,0.420594,-0.0299344,-0.0612194,-0.459647
0.84,0.373618,0.42016,-0.0299955,-0.0609394,-0.463522
0.841,0.374038,0.419725,-0.0300563,-0.0606607,-0.463522
0.842,0.374457,0.419291,-0.0301168,-0.0603834,-0.463522
0.843,0.374876,0.418858,-0.0301771,-0.0601073,-0.463522
0.844,0.375295,0.418424,-0.030237,-0.0598325,-0.463522
0.845,0.375713,0.41799,-0.0302967,-0.059559,-0.463522
0.846,0.376131,0.417556,-0.0303561,-0.0592868,-0.463522
0.847,0.376548,0.417122,-0.0304153,-0.0590159,-0.463522
0.848,0.376965,0.416689,-0.0304742,-0.0587463,-0.463522
0.849,0.377382,0.416255,-0.0305328,-0.0584779,-0.463522
0.85,0.377798,0.415822,-0.0305911,-0.0582108,-0.463522
0.851,0.378213,0.415388,-0.0306492,-0.0579449,-0.463522
0.852,0.378629,0.414955,-0.030707,-0.0576803,-0.463522
0.853,0.379043,0.414521,-0.0307646,-0.057417,-0.463522
0.854,0.379458,0.414088,-0.0308219,-0.0571549,-0.463522
0.855,0.379871,0.413655,-0.0308789,-0.056894,-0.463522
0.856,0.380285,0.413222,-0.0309356,-0.0566343,-0.463522
0.857,0.380698,0.412789,-0.0309921,-0.0563759,-0.463522
0.858,0.38111,0.412355,-0.0310484,-0.0561187,-0.463522
0.859,0.381523,0.411922,-0.0311044,-0.0558627,-0.463522
0.86,0.381934,0.411486,-0.0311601,-0.0556014,-0.466762
0.861,0.382346,0.41105,-0.0312156,-0.0553414,-0.466762
0.862,0.382756,0.410614,-0.0312708,-0.0550825,-0.466762
0.863,0.383167,0.410178,-0.0313258,-0.0548248,-0.466762
0.864,0.383577,0.409742,-0.0313805,-0.0545683,-0.466762
0.865,0.383986,0.409306,-0.0314349,-0.054313,-0.466762
0.866,0.384395,0.40887,-0.0314891,-0.0540589,-0.466762
0.867,0.384804,0.408434,-0.031543,-0.0538059,-0.466762
0.868,0.385212,0.407999,-0.0315967,-0.0535541,-0.466762
0.869,0.38562,0.407563,-0.0316501,-0.0533034,-0.466762
0.87,0.386027,0.407127,-0.0317033,-0.0530539,-0.466762
0.871,0.386434,0.406692,-0.0317562,-0.0528055,-0.466762
0.872,0.386841,0.406256,-0.0318089,-0.0525583,-0.466762
0.873,0.387247,0.405821,-0.0318613,-0.0523122,-0.466762
0.874,0.387652,0.405385,-0.0319135,-0.0520673,-0.466762
0.875,0.388058,0.40495,-0.0319655,-0.0518235,-0.466762
0.876,0.388462,0.404514,-0.0320172,-0.0515807,-0.466762
0.877,0.388867,0.404079,-0.0320686,-0.0513391,-0.466762
0.878,0.38927,0.403644,-0.0321199,-0.0510987,-0.466762
0.879,0.389674,0.403209,-0.0321708,-0.0508593,-0.466762
0.88,0.390077,0.402771,-0.0322216,-0.0506156,-0.469477
0.881,0.390479,0.402333,-0.0322721,-0.0503729,-0.469477
0.882,0.390882,0.401895,-0.0323223,-0.0501314,-0.469477
0.883,0.391283,0.401457,-0.0323723,-0.049891,-0.469477
0.884,0.391684,0.40102,-0.0324221,-0.0496516,-0.469477
0.885,0.392085,0.400582,-0.0324716,-0.0494133,-0.469477
0.886,0.392486,0.400144,-0.0325209,-0.0491761,-0.469477
0.887,0.392886,0.399707,-0.03257,-0.0489399,-0.469477
0.888,0.393285,0.399269,-0.0326188,-0.0487048,-0.469477
0.889,0.393684,0.398832,-0.0326674,-0.0484707,-0.469477
0.89,0.394083,0.398395,-0.0327158,-0.0482377,-0.469477
0.891,0.394481,0.397957,-0.0327639,-0.0480058,-0.469477
0.892,0.394879,0.39752,-0.0328118,-0.0477748,-0.469477
0.893,0.395276,0.397083,-0.0328594,-0.0475449,-0.469477
0.894,0.395673,0.396646,-0.0329069,-0.047316,-0.469477
0.895,0.396069,0.396208,-0.0329541,-0.0470882,-0.469477
0.896,0.396465,0.395771,-0.033001,-0.0468614,-0.469477
0.897,0.396861,0.395334,-0.0330478,-0.0466355,-0.469477
0.898,0.397256,0.394897,-0.0330943,-0.0464107,-0.469477
0.899,0.397651,0.39446,-0.0331406,-0.0461869,-0.469477
0.9,0.398045,0.394021,-0.0331867,-0.0459595,-0.471786
0.901,0.398439,0.393582,-0.0332325,-0.0457331,-0.471786
0.902,0.398832,0.393143,-0.0332781,-0.0455076,-0.471786
0.903,0.399225,0.392704,-0.0333235,-0.0452831,-0.471786
0.904,0.399617,0.392265,-0.0333687,-0.0450597,-0.471786
0.905,0.400009,0.391825,-0.0334137,-0.0448371,-0.471786
0.906,0.400401,0.391387,-0.0334584,-0.0446156,-0.471786
0.907,0.400792,0.390948,-0.0335029,-0.044395,-0.471786
0.908,0.401183,0.390509,-0.0335472,-0.0441754,-0.471786
0.909,0.401573,0.39007,-0.0335912,-0.0439567,-0.471786
0.91,0.401963,0.389631,-0.0336351,-0.043739,-0.471786
0.911,0.402352,0.389192,-0.0336787,-0.0435222,-0.471786
0.912,0.402741,0.388754,-0.0337221,-0.0433064,-0.471786
0.913,0.40313,0.388315,-0.0337653,-0.0430915,-0.471786
0.914,0.403518,0.387876,-0.0338083,-0.0428775,-0.471786
0.915,0.403906,0.387438,-0.0338511,-0.0426645,-0.471786
0.916,0.404293,0.386999,-0.0338936,-0.0424524,-0.471786
0.917,0.40468,0.386561,-0.033936,-0.0422412,-0.471786
0.918,0.405066,0.386122,-0.0339781,-0.0420309,-0.471786
0.919,0.405452,0.385684,-0.0340201,-0.0418215,-0.471786
0.92,0.405837,0.385243,-0.0340618,-0.0416089,-0.473825
0.921,0.406222,0.384803,-0.0341033,-0.0413973,-0.473825
0.922,0.406607,0.384363,-0.0341446,-0.0411865,-0.473825
0.923,0.406991,0.383923,-0.0341856,-0.0409767,-0.473825
0.924,0.407375,0.383482,-0.0342265,-0.0407677,-0.473825
0.925,0.407758,0.383042,-0.0342672,-0.0405596,-0.473825
0.926,0.408141,0.382602,-0.0343076,-0.0403523,-0.473825
0.927,0.408523,0.382162,-0.0343479,-0.040146,-0.473825
0.928,0.408905,0.381722,-0.0343879,-0.0399405,-0.473825
0.929,0.409287,0.381282,-0.0344278,-0.0397359,-0.473825
0.93,0.409668,0.380842,-0.0344674,-0.0395321,-0.473825
0.931,0.410048,0.380402,-0.0345068,-0.0393292,-0.473825
0.932,0.410429,0.379962,-0.0345461,-0.0391271,-0.473825
0.933,0.410808,0.379522,-0.0345851,-0.0389259,-0.473825
0.934,0.411188,0.379082,-0.0346239,-0.0387255,-0.473825
0.935,0.411567,0.378642,-0.0346625,-0.038526,-0.473825
0.936,0.411945,0.378202,-0.034701,-0.0383273,-0.473825
0.937,0.412323,0.377763,-0.0347392,-0.0381294,-0.473825
0.938,0.4127,0.377323,-0.0347772,-0.0379323,-0.473825
0.939,0.413078,0.376883,-0.0348151,-0.0377361,-0.473825
0.94,0.413454,0.376442,-0.0348527,-0.0375368,-0.475754
0.941,0.41383,0.376,-0.0348901,-0.0373384,-0.475754
0.942,0.414206,0.375559,-0.0349274,-0.0371407,-0.475754
0.943,0.414582,0.375117,-0.0349644,-0.0369438,-0.475754
0.944,0.414956,0.374676,-0.0350013,-0.0367478,-0.475754
0.945,0.415331,0.374234,-0.0350379,-0.0365525,-0.475754
0.946,0.415705,0.373793,-0.0350744,-0.036358,-0.475754
0.947,0.416079,0.373352,-0.0351106,-0.0361643,-0.475754
0.948,0.416452,0.372911,-0.0351467,-0.0359714,-0.475754
0.949,0.416824,0.372469,-0.0351826,-0.0357793,-0.475754
0.95,0.417197,0.372028,-0.0352183,-0.0355879,-0.475754
0.951,0.417568,0.371587,-0.0352537,-0.0353973,-0.475754
0.952,0.41794,0.371146,-0.035289,-0.0352075,-0.475754
0.953,0.418311,0.370705,-0.0353242,-0.0350185,-0.475754
0.954,0.418681,0.370264,-0.0353591,-0.0348301,-0.475754
0.955,0.419051,0.369823,-0.0353938,-0.0346426,-0.475754
0.956,0.419421,0.369382,-0.0354284,-0.0344558,-0.475754
0.957,0.41979,0.368941,-0.0354627,-0.0342697,-0.475754
0.958,0.420159,0.3685,-0.0354969,-0.0340844,-0.475754
0.959,0.420527,0.368059,-0.0355309,-0.0338998,-0.475754
0.96,0.420895,0.367616,-0.0355647,-0.0337119,-0.477771
0.961,0.421262,0.367173,-0.0355983,-0.0335248,-0.477771
0.962,0.421629,0.36673,-0.0356318,-0.0333383,-0.477771
0.963,0.421996,0.366288,-0.035665,-0.0331526,-0.477771
0.964,0.422362,0.365845,-0.0356981,-0.0329676,-0.477771
0.965,0.422727,0.365402,-0.0357309,-0.0327833,-0.477771
0.966,0.423093,0.364959,-0.0357636,-0.0325997,-0.477771
0.967,0.423457,0.364517,-0.0357961,-0.0324169,-0.477771
0.968,0.423822,0.364074,-0.0358285,-0.0322347,-0.477771
0.969,0.424185,0.363632,-0.0358606,-0.0320532,-0.477771
0.97,0.424549,0.363189,-0.0358926,-0.0318724,-0.477771
0.971,0.424912,0.362747,-0.0359244,-0.0316923,-0.477771
0.972,0.425274,0.362304,-0.035956,-0.0315129,-0.477771
0.973,0.425636,0.361862,-0.0359874,-0.0313342,-0.477771
0.974,0.425998,0.361419,-0.0360186,-0.0311561,-0.477771
0.975,0.426359,0.360977,-0.0360497,-0.0309788,-0.477771
0.976,0.42672,0.360534,-0.0360806,-0.0308021,-0.477771
0.977,0.42708,0.360092,-0.0361113,-0.030626,-0.477771
0.978,0.42744,0.35965,-0.0361418,-0.0304506,-0.477771
0.979,0.4278,0.359207,-0.0361722,-0.0302759,-0.477771
0.98,0.428159,0.358763,-0.0362024,-0.0300971,-0.480122
0.981,0.428517,0.358318,-0.0362324,-0.029919,-0.480122
0.982,0.428875,0.357874,-0.0362622,-0.0297415,-0.480122
0.983,0.429233,0.357429,-0.0362919,-0.0295647,-0.480122
0.984,0.42959,0.356985,-0.0363213,-0.0293885,-0.480122
0.985,0.429947,0.35654,-0.0363506,-0.029213,-0.480122
0.986,0.430303,0.356096,-0.0363798,-0.029038,-0.480122
0.987,0.430659,0.355652,-0.0364087,-0.0288637,-0.480122
0.988,0.431015,0.355207,-0.0364375,-0.02869,-0.480122
0.989,0.431369,0.354763,-0.0364661,-0.028517,-0.480122
0.99,0.431724,0.354319,-0.0364945,-0.0283445,-0.480122
0.991,0.432078,0.353874,-0.0365228,-0.0281727,-0.480122
0.992,0.432432,0.35343,-0.0365509,-0.0280015,-0.480122
0.993,0.432785,0.352986,-0.0365788,-0.0278309,-0.480122
0.994,0.433138,0.352542,-0.0366065,-0.0276609,-0.480122
0.995,0.43349,0.352097,-0.0366341,-0.0274915,-0.480122
0.996,0.433842,0.351653,-0.0366615,-0.0273226,-0.480122
0.997,0.434193,0.351209,-0.0366888,-0.0271544,-0.480122
0.998,0.434544,0.350765,-0.0367158,-0.0269868,-0.480122
0.999,0.434895,0.350321,-0.0367427,-0.0268197,-0.480122
1,0.435245,0.349874,-0.0367695,-0.0266472,-0.483124
1.001,0.435595,0.349427,-0.036796,-0.0264753,-0.483124
1.002,0.435944,0.34898,-0.0368224,-0.026304,-0.483124
1.003,0.436293,0.348533,-0.0368486,-0.0261332,-0.483124
1.004,0.436641,0.348086,-0.0368747,-0.025963,-0.483124
1.005,0.436989,0.347639,-0.0369006,-0.0257934,-0.483124
1.006,0.437336,0.347192,-0.0369263,-0.0256243,-0.483124
1.007,0.437683,0.346745,-0.0369518,-0.0254557,-0.483124
1.008,0.43803,0.346299,-0.0369772,-0.0252878,-0.483124
1.009,0.438376,0.345852,-0.0370024,-0.0251203,-0.483124
1.01,0.438721,0.345405,-0.0370274,-0.0249534,-0.483124
1.011,0.439067,0.344958,-0.0370523,-0.0247871,-0.483124
1.012,0.439411,0.344511,-0.037077,-0.0246213,-0.483124
1.013,0.439756,0.344065,-0.0371015,-0.024456,-0.483124
1.014,0.440099,0.343618,-0.0371259,-0.0242912,-0.483124
1.015,0.440443,0.343171,-0.0371501,-0.024127,-0.483124
1.016,0.440786,0.342725,-0.0371742,-0.0239633,-0.483124
1.017,0.441128,0.342278,-0.0371981,-0.0238001,-0.483124
1.018,0.44147,0.341832,-0.0372218,-0.0236374,-0.483124
1.019,0.441812,0.341385,-0.0372453,-0.0234753,-0.483124
1.02,0.442153,0.340941,-0.0372687,-0.0233179,-0.480982
1.021,0.442494,0.340496,-0.037292,-0.023161,-0.480982
1.022,0.442834,0.340052,-0.037315,-0.0230046,-0.480982
1.023,0.443174,0.339607,-0.037338,-0.0228487,-0.480982
1.024,0.443513,0.339163,-0.0373607,-0.0226933,-0.480982
1.025,0.443852,0.338719,-0.0373834,-0.0225384,-0.480982
1.026,0.444191,0.338275,-0.0374058,-0.022384,-0.480982
1.027,0.444529,0.33783,-0.0374281,-0.0222301,-0.480982
1.028,0.444866,0.337386,-0.0374503,-0.0220767,-0.480982
1.029,0.445204,0.336942,-0.0374723,-0.0219237,-0.480982
1.03,0.44554,0.336498,-0.0374941,-0.0217712,-0.480982
1.031,0.445877,0.336054,-0.0375158,-0.0216192,-0.480982
1.032,0.446212,0.335609,-0.0375374,-0.0214676,-0.480982
1.033,0.446548,0.335165,-0.0375588,-0.0213165,-0.480982
1.034,0.446883,0.334721,-0.03758,-0.0211659,-0.480982
1.035,0.447217,0.334277,-0.0376011,-0.0210157,-0.480982
1.036,0.447551,0.333833,-0.037622,-0.020866,-0.480982
1.037,0.447885,0.333389,-0.0376428,-0.0207167,-0.480982
1.038,0.448218,0.332945,-0.0376635,-0.0205679,-0.480982
1.039,0.448551,0.332501,-0.037684,-0.0204195,-0.480982
1.04,0.448883,0.332059,-0.0377043,-0.0202748,-0.479374
1.041,0.449215,0.331616,-0.0377245,-0.0201305,-0.479374
1.042,0.449546,0.331174,-0.0377446,-0.0199866,-0.479374
1.043,0.449877,0.330732,-0.0377645,-0.0198432,-0.479374
1.044,0.450208,0.330289,-0.0377843,-0.0197002,-0.479374
1.045,0.450538,0.329847,-0.0378039,-0.0195577,-0.479374
1.046,0.450867,0.329405,-0.0378234,-0.0194155,-0.479374
1.047,0.451197,0.328963,-0.0378427,-0.0192738,-0.479374
1.048,0.451525,0.32852,-0.0378619,-0.0191325,-0.479374
1.049,0.451854,0.328078,-0.037881,-0.0189916,-0.479374
1.05,0.452182,0.327636,-0.0378999,-0.0188511,-0.479374
1.051,0.452509,0.327194,-0.0379187,-0.018711,-0.479374
1.052,0.452836,0.326752,-0.0379373,-0.0185713,-0.479374
1.053,0.453162,0.32631,-0.0379558,-0.0184321,-0.479374
1.054,0.453489,0.325868,-0.0379742,-0.0182932,-0.479374
1.055,0.453814,0.325425,-0.0379924,-0.0181547,-0.479374
1.056,0.454139,0.324983,-0.0380105,-0.0180166,-0.479374
1.057,0.454464,0.324541,-0.0380284,-0.0178789,-0.479374
1.058,0.454788,0.324099,-0.0380463,-0.0177416,-0.479374
1.059,0.455112,0.323657,-0.0380639,-0.0176047,-0.479374
1.06,0.455436,0.323217,-0.0380815,-0.0174708,-0.478052
1.061,0.455759,0.322776,-0.0380989,-0.0173372,-0.478052
1.062,0.456081,0.322335,-0.0381161,-0.0172041,-0.478052
1.063,0.456403,0.321895,-0.0381333,-0.0170713,-0.478052
1.064,0.456725,0.321454,-0.0381503,-0.0169389,-0.478052
1.065,0.457046,0.321013,-0.0381672,-0.0168068,-0.478052
1.066,0.457367,0.320573,-0.0381839,-0.0166752,-0.478052
1.067,0.457688,0.320132,-0.0382005,-0.0165438,-0.478052
1.068,0.458007,0.319692,-0.038217,-0.0164129,-0.478052
1.069,0.458327,0.319251,-0.0382333,-0.0162823,-0.478052
1.07,0.458646,0.318811,-0.0382495,-0.016152,-0.478052
1.071,0.458965,0.31837,-0.0382656,-0.0160221,-0.478052
1.072,0.459283,0.31793,-0.0382816,-0.0158925,-0.478052
1.073,0.4596,0.317489,-0.0382974,-0.0157633,-0.478052
1.074,0.459918,0.317049,-0.0383131,-0.0156344,-0.478052
1.075,0.460234,0.316608,-0.0383287,-0.0155059,-0.478052
1.076,0.460551,0.316168,-0.0383441,-0.0153777,-0.478052
1.077,0.460867,0.315728,-0.0383594,-0.0152498,-0.478052
1.078,0.461182,0.315287,-0.0383746,-0.0151222,-0.478052
1.079,0.461497,0.314847,-0.0383897,-0.014995,-0.478052
1.08,0.461812,0.314408,-0.0384046,-0.0148705,-0.476839
1.081,0.462126,0.313969,-0.0384194,-0.0147464,-0.476839
1.082,0.46244,0.313529,-0.0384341,-0.0146226,-0.476839
1.083,0.462753,0.31309,-0.0384487,-0.014499,-0.476839
1.084,0.463066,0.312651,-0.0384631,-0.0143758,-0.476839
1.085,0.463379,0.312212,-0.0384774,-0.0142529,-0.476839
1.086,0.463691,0.311773,-0.0384916,-0.0141303,-0.476839
1.087,0.464002,0.311334,-0.0385057,-0.0140081,-0.476839
1.088,0.464313,0.310895,-0.0385196,-0.0138861,-0.476839
1.089,0.464624,0.310456,-0.0385335,-0.0137644,-0.476839
1.09,0.464934,0.310017,-0.0385472,-0.013643,-0.476839
1.091,0.465244,0.309578,-0.0385607,-0.0135219,-0.476839
1.092,0.465553,0.309139,-0.0385742,-0.0134012,-0.476839
1.093,0.465862,0.3087,-0.0385875,-0.0132806,-0.476839
1.094,0.466171,0.308261,-0.0386008,-0.0131604,-0.476839
1.095,0.466479,0.307822,-0.0386139,-0.0130405,-0.476839
1.096,0.466786,0.307383,-0.0386269,-0.0129208,-0.476839
1.097,0.467094,0.306944,-0.0386397,-0.0128015,-0.476839
1.098,0.4674,0.306506,-0.0386525,-0.0126824,-0.476839
1.099,0.467707,0.306067,-0.0386651,-0.0125636,-0.476839
1.1,0.468012,0.305629,-0.0386776,-0.0124475,-0.475611
1.101,0.468318,0.305191,-0.03869,-0.0123316,-0.475611
1.102,0.468623,0.304754,-0.0387022,-0.0122161,-0.475611
1.103,0.468927,0.304316,-0.0387144,-0.0121008,-0.475611
1.104,0.469231,0.303879,-0.0387264,-0.0119857,-0.475611
1.105,0.469535,0.303441,-0.0387384,-0.011871,-0.475611
1.106,0.469838,0.303003,-0.0387502,-0.0117564,-0.475611
1.107,0.470141,0.302566,-0.0387619,-0.0116422,-0.475611
1.108,0.470443,0.302128,-0.0387735,-0.0115282,-0.475611
1.109,0.470745,0.301691,-0.0387849,-0.0114144,-0.475611
1.11,0.471047,0.301253,-0.0387963,-0.0113009,-0.475611
1.111,0.471348,0.300816,-0.0388075,-0.0111876,-0.475611
1.112,0.471648,0.300378,-0.0388187,-0.0110746,-0.475611
1.113,0.471949,0.299941,-0.0388297,-0.0109618,-0.475611
1.114,0.472248,0.299503,-0.0388406,-0.0108492,-0.475611
1.115,0.472548,0.299066,-0.0388514,-0.0107369,-0.475611
1.116,0.472846,0.298628,-0.0388621,-0.0106248,-0.475611
1.117,0.473145,0.298191,-0.0388726,-0.0105129,-0.475611
1.118,0.473443,0.297753,-0.0388831,-0.0104013,-0.475611
1.119,0.47374,0.297316,-0.0388934,-0.0102899,-0.475611
1.12,0.474037,0.29688,-0.0389037,-0.0101814,-0.474283
1.121,0.474334,0.296444,-0.0389138,-0.010073,-0.474283
1.122,0.47463,0.296008,-0.0389238,-0.00996494,-0.474283
1.123,0.474926,0.295572,-0.0389337,-0.00985706,-0.474283
1.124,0.475221,0.295136,-0.0389435,-0.00974939,-0.474283
1.125,0.475516,0.294699,-0.0389532,-0.00964193,-0.474283
1.126,0.475811,0.294263,-0.0389628,-0.00953468,-0.474283
1.127,0.476105,0.293827,-0.0389723,-0.00942763,-0.474283
1.128,0.476399,0.293391,-0.0389817,-0.00932079,-0.474283
1.129,0.476692,0.292955,-0.038991,-0.00921415,-0.474283
1.13,0.476984,0.292519,-0.0390001,-0.00910771,-0.474283
1.131,0.477277,0.292083,-0.0390092,-0.00900146,-0.474283
1.132,0.477569,0.291647,-0.0390181,-0.00889541,-0.474283
1.133,0.47786,0.291211,-0.039027,-0.00878956,-0.474283
1.134,0.478151,0.290775,-0.0390357,-0.00868389,-0.474283
1.135,0.478442,0.290339,-0.0390443,-0.00857841,-0.474283
1.136,0.478732,0.289904,-0.0390529,-0.00847311,-0.474283
1.137,0.479021,0.289468,-0.0390613,-0.008368,-0.474283
1.138,0.479311,0.289032,-0.0390696,-0.00826307,-0.474283
1.139,0.479599,0.288596,-0.0390778,-0.00815831,-0.474283
1.14,0.479888,0.288161,-0.0390859,-0.0080567,-0.472803
1.141,0.480176,0.287727,-0.0390939,-0.00795525,-0.472803
1.142,0.480463,0.287292,-0.0391018,-0.00785398,-0.472803
1.143,0.48075,0.286858,-0.0391096,-0.00775287,-0.472803
1.144,0.481037,0.286424,-0.0391173,-0.00765194,-0.472803
1.145,0.481323,0.285989,-0.0391249,-0.00755117,-0.472803
1.146,0.481609,0.285555,-0.0391324,-0.00745056,-0.472803
1.147,0.481894,0.28512,-0.0391398,-0.00735011,-0.472803
1.148,0.482179,0.284686,-0.0391471,-0.00724982,-0.472803
1.149,0.482464,0.284252,-0.0391543,-0.00714969,-0.472803
1.15,0.482748,0.283817,-0.0391614,-0.00704972,-0.472803
1.151,0.483031,0.283383,-0.0391684,-0.00694989,-0.472803
1.152,0.483314,0.282949,-0.0391753,-0.00685022,-0.472803
1.153,0.483597,0.282514,-0.0391821,-0.00675069,-0.472803
1.154,0.48388,0.28208,-0.0391888,-0.00665131,-0.472803
1.155,0.484161,0.281646,-0.0391954,-0.00655207,-0.472803
1.156,0.484443,0.281211,-0.0392019,-0.00645298,-0.472803
1.157,0.484724,0.280777,-0.0392083,-0.00635402,-0.472803
1.158,0.485004,0.280343,-0.0392146,-0.0062552,-0.472803
1.159,0.485284,0.279908,-0.0392208,-0.00615652,-0.472803
1.16,0.485564,0.279476,-0.039227,-0.0060613,-0.471137
1.161,0.485843,0.279043,-0.039233,-0.00596621,-0.471137
1.162,0.486122,0.278611,-0.0392389,-0.00587124,-0.471137
1.163,0.486401,0.278178,-0.0392447,-0.00577641,-0.471137
1.164,0.486679,0.277745,-0.0392504,-0.0056817,-0.471137
1.165,0.486956,0.277313,-0.0392561,-0.00558711,-0.471137
1.166,0.487233,0.27688,-0.0392616,-0.00549265,-0.471137
1.167,0.48751,0.276447,-0.0392671,-0.0053983,-0.471137
1.168,0.487786,0.276015,-0.0392724,-0.00530407,-0.471137
1.169,0.488062,0.275582,-0.0392777,-0.00520995,-0.471137
1.17,0.488337,0.27515,-0.0392828,-0.00511594,-0.471137
1.171,0.488612,0.274717,-0.0392879,-0.00502205,-0.471137
1.172,0.488887,0.274285,-0.0392929,-0.00492827,-0.471137
1.173,0.489161,0.273852,-0.0392978,-0.00483459,-0.471137
1.174,0.489434,0.27342,-0.0393025,-0.00474101,-0.471137
1.175,0.489708,0.272987,-0.0393072,-0.00464754,-0.471137
1.176,0.48998,0.272554,-0.0393118,-0.00455417,-0.471137
1.177,0.490253,0.272122,-0.0393163,-0.0044609,-0.471137
1.178,0.490525,0.271689,-0.0393208,-0.00436772,-0.471137
1.179,0.490796,0.271257,-0.0393251,-0.00427464,-0.471137
1.18,0.491067,0.270826,-0.0393293,-0.00418538,-0.469268
1.181,0.491338,0.270395,-0.0393334,-0.00409622,-0.469268
1.182,0.491608,0.269965,-0.0393375,-0.00400714,-0.469268
1.183,0.491878,0.269534,-0.0393415,-0.00391815,-0.469268
1.184,0.492147,0.269104,-0.0393453,-0.00382925,-0.469268
1.185,0.492416,0.268673,-0.0393491,-0.00374042,-0.469268
1.186,0.492684,0.268242,-0.0393528,-0.00365168,-0.469268
1.187,0.492952,0.267812,-0.0393564,-0.00356302,-0.469268
1.188,0.49322,0.267381,-0.0393599,-0.00347444,-0.469268
1.189,0.493487,0.26695,-0.0393634,-0.00338592,-0.469268
1.19,0.493754,0.26652,-0.0393667,-0.00329749,-0.469268
1.191,0.49402,0.266089,-0.03937,-0.00320912,-0.469268
1.192,0.494286,0.265658,-0.0393731,-0.00312082,-0.469268
1.193,0.494552,0.265228,-0.0393762,-0.0030326,-0.469268
1.194,0.494817,0.264797,-0.0393792,-0.00294443,-0.469268
1.195,0.495081,0.264367,-0.0393821,-0.00285633,-0.469268
1.196,0.495345,0.263936,-0.0393849,-0.00276829,-0.469268
1.197,0.495609,0.263505,-0.0393876,-0.00268031,-0.469268
1.198,0.495872,0.263075,-0.0393903,-0.00259239,-0.469268
1.199,0.496135,0.262644,-0.0393928,-0.00250453,-0.469268
1.2,0.496398,0.262216,-0.0393953,-0.00242087,-0.467189
1.201,0.49666,0.261787,-0.0393977,-0.00233727,-0.467189
1.202,0.496921,0.261359,-0.0394,-0.00225371,-0.467189
1.203,0.497182,0.26093,-0.0394022,-0.00217021,-0.467189
1.204,0.497443,0.260502,-0.0394043,-0.00208675,-0.467189
1.205,0.497703,0.260073,-0.0394063,-0.00200334,-0.467189
1.206,0.497963,0.259645,-0.0394083,-0.00191997,-0.467189
1.207,0.498223,0.259216,-0.0394102,-0.00183664,-0.467189
1.208,0.498482,0.258788,-0.039412,-0.00175335,-0.467189
1.209,0.49874,0.258359,-0.0394137,-0.0016701,-0.467189
1.21,0.498998,0.257931,-0.0394153,-0.00158689,-0.467189
1.211,0.499256,0.257502,-0.0394169,-0.00150371,-0.467189
1.212,0.499513,0.257074,-0.0394183,-0.00142056,-0.467189
1.213,0.49977,0.256645,-0.0394197,-0.00133744,-0.467189
1.214,0.500027,0.256217,-0.039421,-0.00125435,-0.467189
1.215,0.500283,0.255788,-0.0394222,-0.00117129,-0.467189
1.216,0.500538,0.25536,-0.0394233,-0.00108826,-0.467189
1.217,0.500793,0.254931,-0.0394244,-0.00100524,-0.467189
1.218,0.501048,0.254503,-0.0394254,-0.000922252,-0.467189
1.219,0.501302,0.254074,-0.0394262,-0.000839281,-0.467189
1.22,0.501556,0.253648,-0.039427,-0.0007609,-0.464901
1.221,0.50181,0.253222,-0.0394278,-0.000682535,-0.464901
1.222,0.502063,0.252796,-0.0394284,-0.000604184,-0.464901
1.223,0.502315,0.252369,-0.039429,-0.000525847,-0.464901
1.224,0.502567,0.251943,-0.0394295,-0.000447521,-0.464901
1.225,0.502819,0.251517,-0.0394299,-0.000369205,-0.464901
1.226,0.50307,0.251091,-0.0394302,-0.000290896,-0.464901
1.227,0.503321,0.250665,-0.0394304,-0.000212594,-0.464901
1.228,0.503572,0.250239,-0.0394306,-0.000134297,-0.464901
1.229,0.503822,0.249812,-0.0394307,-5.60023e-05,-0.464901
1.23,0.504071,0.249386,-0.0394307,2.2291e-05,-0.464901
1.231,0.504321,0.24896,-0.0394307,0.000100585,-0.464901
1.232,0.504569,0.248534,-0.0394305,0.000178881,-0.464901
1.233,0.504818,0.248108,-0.0394303,0.000257181,-0.464901
1.234,0.505065,0.247681,-0.03943,0.000335486,-0.464901
1.235,0.505313,0.247255,-0.0394296,0.000413799,-0.464901
1.236,0.50556,0.246829,-0.0394292,0.00049212,-0.464901
1.237,0.505807,0.246403,-0.0394287,0.000570452,-0.464901
1.238,0.506053,0.245977,-0.039428,0.000648797,-0.464901
1.239,0.506299,0.24555,-0.0394274,0.000727156,-0.464901
1.24,0.506544,0.245127,-0.0394266,0.000800554,-0.46241
1.241,0.506789,0.244703,-0.0394258,0.000873969,-0.46241
1.242,0.507033,0.244279,-0.0394248,0.000947404,-0.46241
1.243,0.507277,0.243856,-0.0394239,0.00102086,-0.46241
1.244,0.507521,0.243432,-0.0394228,0.00109434,-0.46241
1.245,0.507764,0.243008,-0.0394217,0.00116784,-0.46241
1.246,0.508007,0.242584,-0.0394205,0.00124136,-0.46241
1.247,0.508249,0.242161,-0.0394192,0.00131491,-0.46241
1.248,0.508491,0.241737,-0.0394178,0.00138849,-0.46241
1.249,0.508733,0.241313,-0.0394164,0.00146211,-0.46241
1.25,0.508974,0.24089,-0.0394149,0.00153575,-0.46241
1.251,0.509215,0.240466,-0.0394133,0.00160942,-0.46241
1.252,0.509455,0.240042,-0.0394117,0.00168313,-0.46241
1.253,0.509695,0.239618,-0.03941,0.00175688,-0.46241
1.254,0.509934,0.239195,-0.0394082,0.00183067,-0.46241
1.255,0.510173,0.238771,-0.0394063,0.00190449,-0.46241
1.256,0.510412,0.238347,-0.0394044,0.00197836,-0.46241
1.257,0.51065,0.237923,-0.0394024,0.00205226,-0.46241
1.258,0.510888,0.2375,-0.0394003,0.00212622,-0.46241
1.259,0.511125,0.237076,-0.0393981,0.00220021,-0.46241
1.26,0.511362,0.236655,-0.0393959,0.0022689,-0.459726
1.261,0.511598,0.236234,-0.0393936,0.00233763,-0.459726
1.262,0.511834,0.235813,-0.0393912,0.00240641,-0.459726
1.263,0.51207,0.235392,-0.0393888,0.00247525,-0.459726
1.264,0.512305,0.234971,-0.0393862,0.00254413,-0.459726
1.265,0.51254,0.23455,-0.0393837,0.00261308,-0.459726
1.266,0.512774,0.234129,-0.039381,0.00268208,-0.459726
1.267,0.513008,0.233708,-0.0393783,0.00275113,-0.459726
1.268,0.513241,0.233286,-0.0393755,0.00282025,-0.459726
1.269,0.513475,0.232865,-0.0393727,0.00288943,-0.459726
1.27,0.513707,0.232444,-0.0393697,0.00295867,-0.459726
1.271,0.513939,0.232023,-0.0393667,0.00302797,-0.459726
1.272,0.514171,0.231602,-0.0393637,0.00309734,-0.459726
1.273,0.514403,0.231181,-0.0393605,0.00316678,-0.459726
1.274,0.514634,0.23076,-0.0393573,0.00323628,-0.459726
1.275,0.514864,0.230339,-0.0393541,0.00330586,-0.459726
1.276,0.515094,0.229918,-0.0393507,0.0033755,-0.459726
1.277,0.515324,0.229497,-0.0393473,0.00344522,-0.459726
1.278,0.515553,0.229076,-0.0393438,0.00351501,-0.459726
1.279,0.515782,0.228654,-0.0393403,0.00358488,-0.459726
1.28,0.516011,0.228236,-0.0393367,0.0036491,-0.45686
1.281,0.516239,0.227818,-0.039333,0.0037134,-0.45686
1.282,0.516466,0.2274,-0.0393293,0.00377777,-0.45686
1.283,0.516693,0.226981,-0.0393254,0.00384223,-0.45686
1.284,0.51692,0.226563,-0.0393216,0.00390677,-0.45686
1.285,0.517147,0.226145,-0.0393176,0.0039714,-0.45686
1.286,0.517372,0.225727,-0.0393136,0.00403611,-0.45686
1.287,0.517598,0.225308,-0.0393096,0.00410091,-0.45686
1.288,0.517823,0.22489,-0.0393054,0.0041658,-0.45686
1.289,0.518048,0.224472,-0.0393012,0.00423078,-0.45686
1.29,0.518272,0.224054,-0.039297,0.00429584,-0.45686
1.291,0.518496,0.223635,-0.0392926,0.00436101,-0.45686
1.292,0.518719,0.223217,-0.0392882,0.00442626,-0.45686
1.293,0.518942,0.222799,-0.0392838,0.00449161,-0.45686
1.294,0.519165,0.22238,-0.0392793,0.00455706,-0.45686
1.295,0.519387,0.221962,-0.0392747,0.00462261,-0.45686
1.296,0.519609,0.221544,-0.03927,0.00468825,-0.45686
1.297,0.51983,0.221125,-0.0392653,0.004754,-0.45686
1.298,0.520051,0.220707,-0.0392605,0.00481985,-0.45686
1.299,0.520272,0.220289,-0.0392556,0.00488581,-0.45686
1.3,0.520492,0.219874,-0.0392507,0.0049458,-0.453821
1.301,0.520711,0.219458,-0.0392458,0.00500589,-0.453821
1.302,0.520931,0.219043,-0.0392407,0.0050661,-0.453821
1.303,0.521149,0.218628,-0.0392356,0.00512641,-0.453821
1.304,0.521368,0.218212,-0.0392305,0.00518684,-0.453821
1.305,0.521586,0.217797,-0.0392253,0.00524737,-0.453821
1.306,0.521803,0.217382,-0.03922,0.00530802,-0.453821
1.307,0.522021,0.216966,-0.0392146,0.00536879,-0.453821
1.308,0.522237,0.216551,-0.0392092,0.00542967,-0.453821
1.309,0.522454,0.216136,-0.0392038,0.00549067,-0.453821
1.31,0.52267,0.21572,-0.0391983,0.00555178,-0.453821
1.311,0.522885,0.215305,-0.0391927,0.00561302,-0.453821
1.312,0.5231,0.21489,-0.039187,0.00567437,-0.453821
1.313,0.523315,0.214474,-0.0391813,0.00573585,-0.453821
1.314,0.523529,0.214059,-0.0391756,0.00579746,-0.453821
1.315,0.523743,0.213644,-0.0391697,0.00585919,-0.453821
1.316,0.523956,0.213228,-0.0391638,0.00592104,-0.453821
1.317,0.52417,0.212813,-0.0391579,0.00598303,-0.453821
1.318,0.524382,0.212397,-0.0391519,0.00604514,-0.453821
1.319,0.524594,0.211982,-0.0391458,0.00610738,-0.453821
1.32,0.524806,0.21157,-0.0391397,0.00616337,-0.450623
1.321,0.525017,0.211158,-0.0391335,0.00621949,-0.450623
1.322,0.525228,0.210745,-0.0391272,0.00627574,-0.450623
1.323,0.525439,0.210333,-0.0391209,0.00633213,-0.450623
1.324,0.525649,0.209921,-0.0391146,0.00638865,-0.450623
1.325,0.525859,0.209509,-0.0391081,0.00644532,-0.450623
1.326,0.526068,0.209097,-0.0391017,0.00650212,-0.450623
1.327,0.526277,0.208684,-0.0390951,0.00655906,-0.450623
1.328,0.526485,0.208272,-0.0390885,0.00661615,-0.450623
1.329,0.526694,0.20786,-0.0390819,0.00667337,-0.450623
1.33,0.526901,0.207448,-0.0390752,0.00673075,-0.450623
1.331,0.527108,0.207035,-0.0390684,0.00678826,-0.450623
1.332,0.527315,0.206623,-0.0390616,0.00684593,-0.450623
1.333,0.527522,0.206211,-0.0390547,0.00690374,-0.450623
1.334,0.527728,0.205798,-0.0390478,0.0069617,-0.450623
1.335,0.527933,0.205386,-0.0390408,0.00701981,-0.450623
1.336,0.528138,0.204974,-0.0390338,0.00707807,-0.450623
1.337,0.528343,0.204561,-0.0390267,0.00713649,-0.450623
1.338,0.528548,0.204149,-0.0390195,0.00719506,-0.450623
1.339,0.528751,0.203737,-0.0390123,0.00725378,-0.450623
1.34,0.528955,0.203328,-0.039005,0.00730598,-0.447278
1.341,0.529158,0.202919,-0.0389977,0.00735833,-0.447278
1.342,0.529361,0.20251,-0.0389903,0.00741084,-0.447278
1.343,0.529563,0.202101,-0.0389828,0.00746352,-0.447278
1.344,0.529765,0.201692,-0.0389754,0.00751635,-0.447278
1.345,0.529967,0.201283,-0.0389678,0.00756935,-0.447278
1.346,0.530168,0.200874,-0.0389602,0.00762251,-0.447278
1.347,0.530368,0.200465,-0.0389526,0.00767583,-0.447278
1.348,0.530569,0.200056,-0.0389449,0.00772932,-0.447278
1.349,0.530768,0.199647,-0.0389371,0.00778298,-0.447278
1.35,0.530968,0.199238,-0.0389293,0.0078368,-0.447278
1.351,0.531167,0.198829,-0.0389214,0.0078908,-0.447278
1.352,0.531366,0.198419,-0.0389135,0.00794496,-0.447278
1.353,0.531564,0.19801,-0.0389055,0.0079993,-0.447278
1.354,0.531762,0.197601,-0.0388975,0.00805381,-0.447278
1.355,0.531959,0.197192,-0.0388894,0.00810849,-0.447278
1.356,0.532156,0.196783,-0.0388813,0.00816335,-0.447278
1.357,0.532352,0.196374,-0.0388731,0.00821838,-0.447278
1.358,0.532549,0.195965,-0.0388649,0.00827359,-0.447278
1.359,0.532744,0.195556,-0.0388566,0.00832899,-0.447278
1.36,0.53294,0.19515,-0.0388482,0.0083776,-0.443795
1.361,0.533135,0.194744,-0.0388398,0.00842639,-0.443795
1.362,0.533329,0.194339,-0.0388314,0.00847536,-0.443795
1.363,0.533523,0.193933,-0.0388229,0.00852452,-0.443795
1.364,0.533717,0.193527,-0.0388143,0.00857386,-0.443795
1.365,0.53391,0.193122,-0.0388057,0.00862339,-0.443795
1.366,0.534103,0.192716,-0.0387971,0.0086731,-0.443795
1.367,0.534296,0.19231,-0.0387884,0.008723,-0.443795
1.368,0.534488,0.191904,-0.0387796,0.00877309,-0.443795
1.369,0.53468,0.191499,-0.0387708,0.00882337,-0.443795
1.37,0.534871,0.191093,-0.038762,0.00887383,-0.443795
1.371,0.535062,0.190687,-0.0387531,0.00892449,-0.443795
1.372,0.535252,0.190281,-0.0387441,0.00897535,-0.443795
1.373,0.535442,0.189876,-0.0387351,0.00902639,-0.443795
1.374,0.535632,0.18947,-0.0387261,0.00907764,-0.443795
1.375,0.535821,0.189064,-0.038717,0.00912907,-0.443795
1.376,0.53601,0.188658,-0.0387078,0.00918071,-0.443795
1.377,0.536199,0.188253,-0.0386986,0.00923254,-0.443795
1.378,0.536387,0.187847,-0.0386893,0.00928457,-0.443795
1.379,0.536574,0.187441,-0.03868,0.00933681,-0.443795
1.38,0.536762,0.187039,-0.0386707,0.00938203,-0.440185
1.381,0.536948,0.186636,-0.0386613,0.00942745,-0.440185
1.382,0.537135,0.186234,-0.0386518,0.00947308,-0.440185
1.383,0.537321,0.185832,-0.0386423,0.00951891,-0.440185
1.384,0.537507,0.18543,-0.0386328,0.00956495,-0.440185
1.385,0.537692,0.185027,-0.0386232,0.0096112,-0.440185
1.386,0.537877,0.184625,-0.0386136,0.00965765,-0.440185
1.387,0.538061,0.184223,-0.0386039,0.00970431,-0.440185
1.388,0.538245,0.183821,-0.0385941,0.00975118,-0.440185
1.389,0.538429,0.183418,-0.0385844,0.00979827,-0.440185
1.39,0.538612,0.183016,-0.0385746,0.00984556,-0.440185
1.391,0.538795,0.182614,-0.0385647,0.00989306,-0.440185
1.392,0.538977,0.182211,-0.0385548,0.00994078,-0.440185
1.393,0.539159,0.181809,-0.0385448,0.00998872,-0.440185
1.394,0.539341,0.181407,-0.0385348,0.0100369,-0.440185
1.395,0.539522,0.181004,-0.0385247,0.0100852,-0.440185
1.396,0.539703,0.180602,-0.0385146,0.0101338,-0.440185
1.397,0.539883,0.180199,-0.0385045,0.0101826,-0.440185
1.398,0.540063,0.179797,-0.0384943,0.0102316,-0.440185
1.399,0.540243,0.179395,-0.038484,0.0102809,-0.440185
1.4,0.540422,0.178996,-0.0384737,0.0103229,-0.436459
1.401,0.540601,0.178597,-0.0384634,0.0103652,-0.436459
1.402,0.540779,0.178199,-0.038453,0.0104076,-0.436459
1.403,0.540957,0.1778,-0.0384425,0.0104503,-0.436459
1.404,0.541135,0.177401,-0.0384321,0.0104932,-0.436459
1.405,0.541312,0.177002,-0.0384215,0.0105364,-0.436459
1.406,0.541489,0.176604,-0.038411,0.0105797,-0.436459
1.407,0.541665,0.176205,-0.0384004,0.0106233,-0.436459
1.408,0.541841,0.175806,-0.0383897,0.0106672,-0.436459
1.409,0.542017,0.175407,-0.0383791,0.0107112,-0.436459
1.41,0.542192,0.175009,-0.0383683,0.0107555,-0.436459
1.411,0.542367,0.17461,-0.0383575,0.0108,-0.436459
1.412,0.542541,0.174211,-0.0383467,0.0108448,-0.436459
1.413,0.542715,0.173812,-0.0383359,0.0108898,-0.436459
1.414,0.542889,0.173413,-0.0383249,0.010935,-0.436459
1.415,0.543062,0.173014,-0.038314,0.0109805,-0.436459
1.416,0.543235,0.172616,-0.038303,0.0110262,-0.436459
1.417,0.543407,0.172217,-0.0382919,0.0110721,-0.436459
1.418,0.543579,0.171818,-0.0382808,0.0111183,-0.436459
1.419,0.543751,0.171419,-0.0382697,0.0111647,-0.436459
1.42,0.543922,0.171024,-0.0382585,0.0112037,-0.432625
1.421,0.544093,0.170629,-0.0382473,0.011243,-0.432625
1.422,0.544263,0.170234,-0.038236,0.0112824,-0.432625
1.423,0.544433,0.169839,-0.0382247,0.0113222,-0.432625
1.424,0.544603,0.169443,-0.0382134,0.0113621,-0.432625
1.425,0.544772,0.169048,-0.038202,0.0114023,-0.432625
1.426,0.544941,0.168653,-0.0381906,0.0114428,-0.432625
1.427,0.54511,0.168258,-0.0381791,0.0114835,-0.432625
1.428,0.545278,0.167863,-0.0381676,0.0115245,-0.432625
1.429,0.545445,0.167468,-0.0381561,0.0115657,-0.432625
1.43,0.545613,0.167073,-0.0381445,0.0116071,-0.432625
1.431,0.545779,0.166677,-0.0381328,0.0116488,-0.432625
1.432,0.545946,0.166282,-0.0381212,0.0116908,-0.432625
1.433,0.546112,0.165887,-0.0381095,0.011733,-0.432625
1.434,0.546278,0.165492,-0.0380977,0.0117755,-0.432625
1.435,0.546443,0.165096,-0.0380859,0.0118182,-0.432625
1.436,0.546608,0.164701,-0.0380741,0.0118612,-0.432625
1.437,0.546772,0.164306,-0.0380622,0.0119044,-0.432625
1.438,0.546937,0.163911,-0.0380503,0.0119479,-0.432625
1.439,0.5471,0.163515,-0.0380383,0.0119916,-0.432625
1.44,0.547264,0.163124,-0.0380263,0.0120278,-0.428691
1.441,0.547426,0.162733,-0.0380142,0.0120642,-0.428691
1.442,0.547589,0.162341,-0.0380022,0.0121008,-0.428691
1.443,0.547751,0.16195,-0.03799,0.0121377,-0.428691
1.444,0.547913,0.161559,-0.0379779,0.0121749,-0.428691
1.445,0.548074,0.161167,-0.0379657,0.0122124,-0.428691
1.446,0.548235,0.160776,-0.0379535,0.0122501,-0.428691
1.447,0.548396,0.160384,-0.0379412,0.0122881,-0.428691
1.448,0.548556,0.159993,-0.0379289,0.0123263,-0.428691
1.449,0.548716,0.159601,-0.0379165,0.0123648,-0.428691
1.45,0.548875,0.15921,-0.0379042,0.0124036,-0.428691
1.451,0.549034,0.158818,-0.0378917,0.0124426,-0.428691
1.452,0.549193,0.158427,-0.0378793,0.0124819,-0.428691
1.453,0.549351,0.158035,-0.0378668,0.0125215,-0.428691
1.454,0.549509,0.157644,-0.0378542,0.0125614,-0.428691
1.455,0.549666,0.157252,-0.0378416,0.0126015,-0.428691
1.456,0.549823,0.156861,-0.037829,0.0126419,-0.428691
1.457,0.54998,0.156469,-0.0378164,0.0126826,-0.428691
1.458,0.550136,0.156078,-0.0378037,0.0127235,-0.428691
1.459,0.550292,0.155686,-0.0377909,0.0127647,-0.428691
1.46,0.550448,0.155298,-0.0377781,0.0127982,-0.424666
1.461,0.550603,0.154911,-0.0377653,0.0128319,-0.424666
1.462,0.550758,0.154523,-0.0377525,0.0128659,-0.424666
1.463,0.550912,0.154136,-0.0377396,0.0129002,-0.424666
1.464,0.551066,0.153748,-0.0377267,0.0129347,-0.424666
1.465,0.551219,0.15336,-0.0377137,0.0129696,-0.424666
1.466,0.551373,0.152973,-0.0377007,0.0130047,-0.424666
1.467,0.551525,0.152585,-0.0376877,0.0130401,-0.424666
1.468,0.551678,0.152197,-0.0376746,0.0130758,-0.424666
1.469,0.55183,0.15181,-0.0376616,0.0131117,-0.424666
1.47,0.551981,0.151422,-0.0376484,0.013148,-0.424666
1.471,0.552133,0.151034,-0.0376353,0.0131845,-0.424666
1.472,0.552283,0.150646,-0.0376221,0.0132213,-0.424666
1.473,0.552434,0.150259,-0.0376088,0.0132584,-0.424666
1.474,0.552584,0.149871,-0.0375955,0.0132958,-0.424666
1.475,0.552734,0.149483,-0.0375822,0.0133335,-0.424666
1.476,0.552883,0.149095,-0.0375689,0.0133715,-0.424666
1.477,0.553032,0.148708,-0.0375555,0.0134097,-0.424666
1.478,0.55318,0.14832,-0.0375421,0.0134483,-0.424666
1.479,0.553328,0.147932,-0.0375286,0.0134871,-0.424666
1.48,0.553476,0.147548,-0.0375151,0.013518,-0.420555
1.481,0.553624,0.147164,-0.0375015,0.0135492,-0.420555
1.482,0.553771,0.146781,-0.037488,0.0135807,-0.420555
1.483,0.553917,0.146397,-0.0374744,0.0136125,-0.420555
1.484,0.554063,0.146013,-0.0374608,0.0136446,-0.420555
1.485,0.554209,0.145629,-0.0374471,0.0136769,-0.420555
1.486,0.554355,0.145246,-0.0374334,0.0137096,-0.420555
1.487,0.5545,0.144862,-0.0374197,0.0137426,-0.420555
1.488,0.554644,0.144478,-0.0374059,0.0137758,-0.420555
1.489,0.554789,0.144094,-0.0373921,0.0138094,-0.420555
1.49,0.554932,0.14371,-0.0373783,0.0138432,-0.420555
1.491,0.555076,0.143326,-0.0373644,0.0138774,-0.420555
1.492,0.555219,0.142942,-0.0373505,0.0139119,-0.420555
1.493,0.555362,0.142559,-0.0373366,0.0139466,-0.420555
1.494,0.555504,0.142175,-0.0373227,0.0139817,-0.420555
1.495,0.555646,0.141791,-0.0373087,0.014017,-0.420555
1.496,0.555788,0.141407,-0.0372946,0.0140527,-0.420555
1.497,0.555929,0.141023,-0.0372805,0.0140887,-0.420555
1.498,0.55607,0.140639,-0.0372664,0.0141249,-0.420555
1.499,0.55621,0.140255,-0.0372523,0.0141615,-0.420555
1.5,0.55635,0.139875,-0.0372381,0.01419,-0.416367
1.501,0.55649,0.139495,-0.0372239,0.0142189,-0.416367
1.502,0.556629,0.139115,-0.0372097,0.014248,-0.416367
1.503,0.556768,0.138735,-0.0371954,0.0142774,-0.416367
1.504,0.556907,0.138356,-0.0371811,0.0143072,-0.416367
1.505,0.557045,0.137976,-0.0371668,0.0143372,-0.416367
1.506,0.557183,0.137596,-0.0371525,0.0143676,-0.416367
1.507,0.55732,0.137216,-0.0371381,0.0143982,-0.416367
1.508,0.557457,0.136836,-0.0371237,0.0144292,-0.416367
1.509,0.557594,0.136456,-0.0371092,0.0144605,-0.416367
1.51,0.55773,0.136076,-0.0370947,0.0144921,-0.416367
1.511,0.557866,0.135696,-0.0370802,0.014524,-0.416367
1.512,0.558002,0.135316,-0.0370657,0.0145563,-0.416367
1.513,0.558137,0.134936,-0.0370511,0.0145888,-0.416367
1.514,0.558271,0.134556,-0.0370365,0.0146217,-0.416367
1.515,0.558406,0.134176,-0.0370219,0.0146549,-0.416367
1.516,0.55854,0.133796,-0.0370072,0.0146884,-0.416367
1.517,0.558673,0.133416,-0.0369925,0.0147222,-0.416367
1.518,0.558807,0.133036,-0.0369778,0.0147563,-0.416367
1.519,0.558939,0.132656,-0.036963,0.0147907,-0.416367
1.52,0.559072,0.13228,-0.0369482,0.014817,-0.412106
1.521,0.559204,0.131904,-0.0369333,0.0148436,-0.412106
1.522,0.559336,0.131528,-0.0369185,0.0148705,-0.412106
1.523,0.559467,0.131152,-0.0369036,0.0148977,-0.412106
1.524,0.559598,0.130777,-0.0368887,0.0149252,-0.412106
1.525,0.559729,0.130401,-0.0368738,0.0149531,-0.412106
1.526,0.559859,0.130025,-0.0368588,0.0149813,-0.412106
1.527,0.559989,0.129649,-0.0368438,0.0150098,-0.412106
1.528,0.560118,0.129273,-0.0368288,0.0150386,-0.412106
1.529,0.560247,0.128897,-0.0368137,0.0150678,-0.412106
1.53,0.560376,0.128521,-0.0367986,0.0150972,-0.412106
1.531,0.560504,0.128145,-0.0367835,0.015127,-0.412106
1.532,0.560632,0.127769,-0.0367684,0.0151572,-0.412106
1.533,0.56076,0.127393,-0.0367532,0.0151876,-0.412106
1.534,0.560887,0.127017,-0.036738,0.0152184,-0.412106
1.535,0.561014,0.126641,-0.0367228,0.0152495,-0.412106
1.536,0.56114,0.126265,-0.0367075,0.015281,-0.412106
1.537,0.561266,0.125889,-0.0366922,0.0153128,-0.412106
1.538,0.561392,0.125513,-0.0366769,0.0153449,-0.412106
1.539,0.561517,0.125136,-0.0366615,0.0153773,-0.412106
1.54,0.561642,0.124765,-0.0366461,0.0154014,-0.40778
1.541,0.561767,0.124393,-0.0366307,0.0154259,-0.40778
1.542,0.561891,0.124021,-0.0366153,0.0154507,-0.40778
1.543,0.562015,0.123649,-0.0365998,0.0154758,-0.40778
1.544,0.562138,0.123277,-0.0365843,0.0155012,-0.40778
1.545,0.562262,0.122905,-0.0365688,0.015527,-0.40778
1.546,0.562384,0.122533,-0.0365533,0.0155532,-0.40778
1.547,0.562507,0.122162,-0.0365377,0.0155796,-0.40778
1.548,0.562629,0.12179,-0.0365221,0.0156064,-0.40778
1.549,0.56275,0.121418,-0.0365065,0.0156336,-0.40778
1.55,0.562871,0.121046,-0.0364908,0.015661,-0.40778
1.551,0.562992,0.120674,-0.0364752,0.0156888,-0.40778
1.552,0.563113,0.120302,-0.0364595,0.015717,-0.40778
1.553,0.563233,0.11993,-0.0364437,0.0157455,-0.40778
1.554,0.563353,0.119558,-0.036428,0.0157743,-0.40778
1.555,0.563472,0.119186,-0.0364122,0.0158035,-0.40778
1.556,0.563591,0.118814,-0.0363964,0.015833,-0.40778
1.557,0.56371,0.118442,-0.0363805,0.0158629,-0.40778
1.558,0.563828,0.11807,-0.0363646,0.0158931,-0.40778
1.559,0.563946,0.117697,-0.0363487,0.0159236,-0.40778
1.56,0.564063,0.11733,-0.0363328,0.0159457,-0.403391
1.561,0.56418,0.116962,-0.0363168,0.0159682,-0.403391
1.562,0.564297,0.116594,-0.0363009,0.015991,-0.403391
1.563,0.564414,0.116226,-0.0362849,0.0160141,-0.403391
1.564,0.56453,0.115859,-0.0362688,0.0160376,-0.403391
1.565,0.564645,0.115491,-0.0362528,0.0160615,-0.403391
1.566,0.564761,0.115123,-0.0362367,0.0160856,-0.403391
1.567,0.564876,0.114755,-0.0362206,0.0161102,-0.403391
1.568,0.56499,0.114387,-0.0362045,0.0161351,-0.403391
1.569,0.565104,0.114019,-0.0361883,0.0161603,-0.403391
1.57,0.565218,0.113652,-0.0361722,0.0161859,-0.403391
1.571,0.565332,0.113284,-0.036156,0.0162118,-0.403391
1.572,0.565445,0.112916,-0.0361397,0.0162381,-0.403391
1.573,0.565557,0.112548,-0.0361235,0.0162647,-0.403391
1.574,0.56567,0.11218,-0.0361072,0.0162917,-0.403391
1.575,0.565782,0.111812,-0.0360909,0.016319,-0.403391
1.576,0.565893,0.111444,-0.0360746,0.0163467,-0.403391
1.577,0.566005,0.111076,-0.0360582,0.0163747,-0.403391
1.578,0.566116,0.110708,-0.0360418,0.0164031,-0.403391
1.579,0.566226,0.11034,-0.0360254,0.0164319,-0.403391
1.58,0.566336,0.109976,-0.036009,0.0164521,-0.398947
1.581,0.566446,0.109613,-0.0359925,0.0164727,-0.398947
1.582,0.566555,0.109249,-0.035976,0.0164936,-0.398947
1.583,0.566665,0.108885,-0.0359595,0.0165149,-0.398947
1.584,0.566773,0.108522,-0.035943,0.0165365,-0.398947
1.585,0.566882,0.108158,-0.0359264,0.0165585,-0.398947
1.586,0.56699,0.107794,-0.0359099,0.0165809,-0.398947
1.587,0.567097,0.107431,-0.0358933,0.0166036,-0.398947
1.588,0.567204,0.107067,-0.0358767,0.0166267,-0.398947
1.589,0.567311,0.106703,-0.03586,0.0166501,-0.398947
1.59,0.567418,0.106339,-0.0358434,0.0166739,-0.398947
1.591,0.567524,0.105976,-0.0358267,0.0166981,-0.398947
1.592,0.56763,0.105612,-0.03581,0.0167226,-0.398947
1.593,0.567735,0.105248,-0.0357932,0.0167475,-0.398947
1.594,0.56784,0.104884,-0.0357765,0.0167727,-0.398947
1.595,0.567945,0.10452,-0.0357597,0.0167983,-0.398947
1.596,0.568049,0.104157,-0.0357429,0.0168243,-0.398947
1.597,0.568153,0.103793,-0.035726,0.0168506,-0.398947
1.598,0.568257,0.103429,-0.0357092,0.0168773,-0.398947
1.599,0.56836,0.103065,-0.0356923,0.0169043,-0.398947
1.6,0.568463,0.102705,-0.0356754,0.0169228,-0.394451
1.601,0.568566,0.102346,-0.0356584,0.0169416,-0.394451
1.602,0.568668,0.101987,-0.0356415,0.0169607,-0.394451
1.603,0.56877,0.101627,-0.0356245,0.0169802,-0.394451
1.604,0.568871,0.101268,-0.0356075,0.0170001,-0.394451
1.605,0.568972,0.100908,-0.0355905,0.0170204,-0.394451
1.606,0.569073,0.100549,-0.0355735,0.017041,-0.394451
1.607,0.569173,0.100189,-0.0355564,0.017062,-0.394451
1.608,0.569273,0.0998294,-0.0355394,0.0170834,-0.394451
1.609,0.569373,0.0994698,-0.0355223,0.0171051,-0.394451
1.61,0.569472,0.0991103,-0.0355052,0.0171272,-0.394451
1.611,0.569571,0.0987506,-0.035488,0.0171497,-0.394451
1.612,0.56967,0.098391,-0.0354709,0.0171726,-0.394451
1.613,0.569768,0.0980314,-0.0354537,0.0171958,-0.394451
1.614,0.569866,0.0976717,-0.0354365,0.0172194,-0.394451
1.615,0.569963,0.097312,-0.0354192,0.0172433,-0.394451
1.616,0.57006,0.0969523,-0.035402,0.0172677,-0.394451
1.617,0.570157,0.0965926,-0.0353847,0.0172924,-0.394451
1.618,0.570254,0.0962329,-0.0353674,0.0173175,-0.394451
1.619,0.57035,0.0958731,-0.0353501,0.0173429,-0.394451
1.62,0.570445,0.0955179,-0.0353327,0.0173597,-0.389907
1.621,0.570541,0.0951627,-0.0353153,0.0173768,-0.389907
1.622,0.570636,0.0948074,-0.035298,0.0173943,-0.389907
1.623,0.57073,0.0944521,-0.0352806,0.0174121,-0.389907
1.624,0.570824,0.0940968,-0.0352631,0.0174304,-0.389907
1.625,0.570918,0.0937415,-0.0352457,0.017449,-0.389907
1.626,0.571012,0.0933862,-0.0352282,0.017468,-0.389907
1.627,0.571105,0.0930309,-0.0352108,0.0174874,-0.389907
1.628,0.571198,0.0926755,-0.0351933,0.0175072,-0.389907
1.629,0.571291,0.0923201,-0.0351757,0.0175273,-0.389907
1.63,0.571383,0.0919647,-0.0351582,0.0175478,-0.389907
1.631,0.571474,0.0916093,-0.0351406,0.0175687,-0.389907
1.632,0.571566,0.0912539,-0.0351231,0.01759,-0.389907
1.633,0.571657,0.0908985,-0.0351055,0.0176116,-0.389907
1.634,0.571748,0.090543,-0.0350878,0.0176336,-0.389907
1.635,0.571838,0.0901875,-0.0350702,0.0176561,-0.389907
1.636,0.571928,0.089832,-0.0350525,0.0176789,-0.389907
1.637,0.572018,0.0894765,-0.0350348,0.017702,-0.389907
1.638,0.572107,0.089121,-0.0350171,0.0177256,-0.389907
1.639,0.572196,0.0887654,-0.0349994,0.0177495,-0.389907
1.64,0.572285,0.0884144,-0.0349816,0.0177647,-0.38532
1.641,0.572373,0.0880635,-0.0349639,0.0177802,-0.38532
1.642,0.572461,0.0877124,-0.0349461,0.0177961,-0.38532
1.643,0.572548,0.0873614,-0.0349283,0.0178125,-0.38532
1.644,0.572635,0.0870104,-0.0349105,0.0178291,-0.38532
1.645,0.572722,0.0866593,-0.0348926,0.0178462,-0.38532
1.646,0.572809,0.0863082,-0.0348748,0.0178637,-0.38532
1.647,0.572895,0.0859571,-0.0348569,0.0178815,-0.38532
1.648,0.572981,0.085606,-0.034839,0.0178998,-0.38532
1.649,0.573066,0.0852548,-0.0348211,0.0179184,-0.38532
1.65,0.573151,0.0849037,-0.0348032,0.0179374,-0.38532
1.651,0.573236,0.0845525,-0.0347852,0.0179568,-0.38532
1.652,0.57332,0.0842013,-0.0347672,0.0179766,-0.38532
1.653,0.573404,0.0838501,-0.0347493,0.0179967,-0.38532
1.654,0.573488,0.0834989,-0.0347313,0.0180173,-0.38532
1.655,0.573571,0.0831477,-0.0347132,0.0180383,-0.38532
1.656,0.573654,0.0827964,-0.0346952,0.0180596,-0.38532
1.657,0.573737,0.0824451,-0.0346771,0.0180813,-0.38532
1.658,0.573819,0.0820938,-0.034659,0.0181034,-0.38532
1.659,0.573901,0.0817425,-0.0346409,0.018126,-0.38532
1.66,0.573983,0.0813958,-0.0346228,0.0181396,-0.380693
1.661,0.574064,0.0810491,-0.0346046,0.0181537,-0.380693
1.662,0.574145,0.0807023,-0.0345865,0.0181681,-0.380693
1.663,0.574225,0.0803556,-0.0345683,0.0181829,-0.380693
1.664,0.574305,0.0800088,-0.0345501,0.0181981,-0.380693
1.665,0.574385,0.079662,-0.0345319,0.0182138,-0.380693
1.666,0.574465,0.0793152,-0.0345137,0.0182298,-0.380693
1.667,0.574544,0.0789684,-0.0344954,0.0182462,-0.380693
1.668,0.574623,0.0786215,-0.0344772,0.018263,-0.380693
1.669,0.574701,0.0782746,-0.0344589,0.0182802,-0.380693
1.67,0.574779,0.0779278,-0.0344406,0.0182978,-0.380693
1.671,0.574857,0.0775809,-0.0344223,0.0183157,-0.380693
1.672,0.574934,0.0772339,-0.034404,0.0183341,-0.380693
1.673,0.575011,0.076887,-0.0343856,0.0183529,-0.380693
1.674,0.575088,0.07654,-0.0343673,0.0183721,-0.380693
1.675,0.575165,0.0761931,-0.0343489,0.0183916,-0.380693
1.676,0.575241,0.0758461,-0.0343305,0.0184116,-0.380693
1.677,0.575316,0.0754991,-0.0343121,0.0184319,-0.380693
1.678,0.575392,0.075152,-0.0342936,0.0184527,-0.380693
1.679,0.575467,0.074805,-0.0342752,0.0184739,-0.380693
1.68,0.575541,0.0744626,-0.0342567,0.0184861,-0.376031
1.681,0.575615,0.0741202,-0.0342382,0.0184987,-0.376031
1.682,0.575689,0.0737777,-0.0342197,0.0185118,-0.376031
1.683,0.575763,0.0734353,-0.0342012,0.0185252,-0.376031
1.684,0.575836,0.0730928,-0.0341826,0.018539,-0.376031
1.685,0.575909,0.0727503,-0.0341641,0.0185533,-0.376031
1.686,0.575982,0.0724078,-0.0341455,0.0185679,-0.376031
1.687,0.576054,0.0720653,-0.034127,0.018583,-0.376031
1.688,0.576126,0.0717227,-0.0341084,0.0185984,-0.376031
1.689,0.576197,0.0713801,-0.0340898,0.0186142,-0.376031
1.69,0.576269,0.0710376,-0.0340711,0.0186305,-0.376031
1.691,0.57634,0.070695,-0.0340525,0.0186471,-0.376031
1.692,0.57641,0.0703523,-0.0340338,0.0186642,-0.376031
1.693,0.57648,0.0700097,-0.0340152,0.0186816,-0.376031
1.694,0.57655,0.069667,-0.0339965,0.0186995,-0.376031
1.695,0.57662,0.0693244,-0.0339778,0.0187177,-0.376031
1.696,0.576689,0.0689817,-0.033959,0.0187364,-0.376031
1.697,0.576758,0.068639,-0.0339403,0.0187555,-0.376031
1.698,0.576826,0.0682962,-0.0339215,0.0187749,-0.376031
1.699,0.576894,0.0679535,-0.0339027,0.0187948,-0.376031
1.7,0.576962,0.0676154,-0.0338839,0.0188057,-0.371336
1.701,0.577029,0.0672773,-0.0338651,0.018817,-0.371336
1.702,0.577096,0.0669392,-0.0338463,0.0188287,-0.371336
1.703,0.577163,0.0666011,-0.0338275,0.0188408,-0.371336
1.704,0.57723,0.0662629,-0.0338086,0.0188534,-0.371336
1.705,0.577296,0.0659247,-0.0337898,0.0188663,-0.371336
1.706,0.577362,0.0655866,-0.0337709,0.0188796,-0.371336
1.707,0.577427,0.0652484,-0.033752,0.0188934,-0.371336
1.708,0.577492,0.0649101,-0.0337331,0.0189076,-0.371336
1.709,0.577557,0.0645719,-0.0337142,0.0189221,-0.371336
1.71,0.577621,0.0642336,-0.0336953,0.0189371,-0.371336
1.711,0.577685,0.0638954,-0.0336763,0.0189525,-0.371336
1.712,0.577749,0.0635571,-0.0336574,0.0189683,-0.371336
1.713,0.577812,0.0632188,-0.0336384,0.0189845,-0.371336
1.714,0.577875,0.0628804,-0.0336194,0.0190011,-0.371336
1.715,0.577938,0.0625421,-0.0336004,0.0190181,-0.371336
1.716,0.578,0.0622037,-0.0335814,0.0190355,-0.371336
1.717,0.578063,0.0618653,-0.0335623,0.0190534,-0.371336
1.718,0.578124,0.0615269,-0.0335432,0.0190716,-0.371336
1.719,0.578186,0.0611885,-0.0335242,0.0190903,-0.371336
1.72,0.578247,0.0608547,-0.0335051,0.0190999,-0.366612
1.721,0.578307,0.060521,-0.033486,0.01911,-0.366612
1.722,0.578368,0.0601872,-0.0334668,0.0191204,-0.366612
1.723,0.578428,0.0598535,-0.0334477,0.0191313,-0.366612
1.724,0.578487,0.0595197,-0.0334286,0.0191426,-0.366612
1.725,0.578547,0.0591859,-0.0334094,0.0191543,-0.366612
1.726,0.578606,0.058852,-0.0333903,0.0191664,-0.366612
1.727,0.578664,0.0585182,-0.0333711,0.0191789,-0.366612
1.728,0.578723,0.0581843,-0.0333519,0.0191919,-0.366612
1.729,0.578781,0.0578504,-0.0333327,0.0192052,-0.366612
1.73,0.578838,0.0575165,-0.0333135,0.019219,-0.366612
1.731,0.578896,0.0571826,-0.0332943,0.0192332,-0.366612
1.732,0.578953,0.0568486,-0.033275,0.0192478,-0.366612
1.733,0.579009,0.0565147,-0.0332558,0.0192628,-0.366612
1.734,0.579066,0.0561807,-0.0332365,0.0192782,-0.366612
1.735,0.579122,0.0558467,-0.0332172,0.0192941,-0.366612
1.736,0.579178,0.0555126,-0.0331979,0.0193103,-0.366612
1.737,0.579233,0.0551786,-0.0331786,0.019327,-0.366612
1.738,0.579288,0.0548445,-0.0331593,0.0193441,-0.366612
1.739,0.579343,0.0545105,-0.0331399,0.0193616,-0.366612
1.74,0.579397,0.0541811,-0.0331206,0.0193701,-0.361862
1.741,0.579451,0.0538517,-0.0331012,0.0193789,-0.361862
1.742,0.579505,0.0535223,-0.0330818,0.0193882,-0.361862
1.743,0.579558,0.0531929,-0.0330624,0.0193979,-0.361862
1.744,0.579611,0.0528635,-0.033043,0.019408,-0.361862
1.745,0.579664,0.0525341,-0.0330236,0.0194186,-0.361862
1.746,0.579716,0.0522046,-0.0330042,0.0194295,-0.361862
1.747,0.579768,0.0518751,-0.0329847,0.0194409,-0.361862
1.748,0.57982,0.0515456,-0.0329653,0.0194527,-0.361862
1.749,0.579871,0.0512161,-0.0329458,0.0194649,-0.361862
1.75,0.579922,0.0508866,-0.0329264,0.0194775,-0.361862
1.751,0.579973,0.050557,-0.0329069,0.0194906,-0.361862
1.752,0.580023,0.0502274,-0.0328874,0.0195041,-0.361862
1.753,0.580073,0.0498978,-0.0328679,0.019518,-0.361862
1.754,0.580123,0.0495682,-0.0328483,0.0195323,-0.361862
1.755,0.580173,0.0492386,-0.0328288,0.019547,-0.361862
1.756,0.580222,0.0489089,-0.0328092,0.0195622,-0.361862
1.757,0.58027,0.0485792,-0.0327897,0.0195778,-0.361862
1.758,0.580319,0.0482495,-0.0327701,0.0195938,-0.361862
1.759,0.580367,0.0479198,-0.0327505,0.0196102,-0.361862
1.76,0.580415,0.0475949,-0.0327309,0.0196175,-0.357089
1.761,0.580462,0.0472699,-0.0327112,0.0196253,-0.357089
1.762,0.580509,0.0469449,-0.0326916,0.0196334,-0.357089
1.763,0.580556,0.0466199,-0.032672,0.019642,-0.357089
1.764,0.580602,0.0462948,-0.0326523,0.019651,-0.357089
1.765,0.580649,0.0459698,-0.0326327,0.0196604,-0.357089
1.766,0.580694,0.0456447,-0.032613,0.0196703,-0.357089
1.767,0.58074,0.0453196,-0.0325933,0.0196806,-0.357089
1.768,0.580785,0.0449945,-0.0325737,0.0196913,-0.357089
1.769,0.58083,0.0446694,-0.032554,0.0197024,-0.357089
1.77,0.580874,0.0443442,-0.0325342,0.019714,-0.357089
1.771,0.580919,0.044019,-0.0325145,0.019726,-0.357089
1.772,0.580962,0.0436939,-0.0324948,0.0197384,-0.357089
1.773,0.581006,0.0433686,-0.0324751,0.0197512,-0.357089
1.774,0.581049,0.0430434,-0.0324553,0.0197645,-0.357089
1.775,0.581092,0.0427182,-0.0324355,0.0197782,-0.357089
1.776,0.581135,0.0423929,-0.0324157,0.0197923,-0.357089
1.777,0.581177,0.0420676,-0.0323959,0.0198068,-0.357089
1.778,0.581219,0.0417423,-0.0323761,0.0198218,-0.357089
1.779,0.58126,0.041417,-0.0323563,0.0198372,-0.357089
1.78,0.581302,0.0410964,-0.0323365,0.0198434,-0.352296
1.781,0.581342,0.0407758,-0.0323166,0.0198501,-0.352296
1.782,0.581383,0.0404553,-0.0322968,0.0198572,-0.352296
1.783,0.581423,0.0401346,-0.0322769,0.0198648,-0.352296
1.784,0.581463,0.039814,-0.032257,0.0198727,-0.352296
1.785,0.581503,0.0394934,-0.0322371,0.0198811,-0.352296
1.786,0.581542,0.0391727,-0.0322173,0.0198899,-0.352296
1.787,0.581581,0.038852,-0.0321974,0.0198992,-0.352296
1.788,0.58162,0.0385313,-0.0321775,0.0199089,-0.352296
1.789,0.581658,0.0382106,-0.0321575,0.019919,-0.352296
1.79,0.581696,0.0378898,-0.0321376,0.0199295,-0.352296
1.791,0.581734,0.037569,-0.0321177,0.0199405,-0.352296
1.792,0.581772,0.0372483,-0.0320977,0.0199519,-0.352296
1.793,0.581809,0.0369274,-0.0320778,0.0199637,-0.352296
1.794,0.581845,0.0366066,-0.0320578,0.019976,-0.352296
1.795,0.581882,0.0362858,-0.0320378,0.0199887,-0.352296
1.796,0.581918,0.0359649,-0.0320178,0.0200018,-0.352296
1.797,0.581954,0.035644,-0.0319978,0.0200153,-0.352296
1.798,0.581989,0.0353231,-0.0319778,0.0200293,-0.352296
1.799,0.582024,0.0350022,-0.0319578,0.0200437,-0.352296
1.8,0.582059,0.0346861,-0.0319377,0.020049,-0.347486
1.801,0.582094,0.0343699,-0.0319177,0.0200547,-0.347486
1.802,0.582128,0.0340537,-0.0318976,0.0200608,-0.347486
1.803,0.582162,0.0337375,-0.0318776,0.0200673,-0.347486
1.804,0.582196,0.0334213,-0.0318575,0.0200743,-0.347486
1.805,0.582229,0.0331051,-0.0318374,0.0200817,-0.347486
1.806,0.582262,0.0327888,-0.0318173,0.0200895,-0.347486
1.807,0.582294,0.0324726,-0.0317972,0.0200978,-0.347486
1.808,0.582327,0.0321563,-0.0317771,0.0201065,-0.347486
1.809,0.582359,0.03184,-0.031757,0.0201156,-0.347486
1.81,0.58239,0.0315236,-0.0317369,0.0201252,-0.347486
1.811,0.582422,0.0312073,-0.0317168,0.0201352,-0.347486
1.812,0.582453,0.0308909,-0.0316966,0.0201457,-0.347486
1.813,0.582484,0.0305745,-0.0316765,0.0201565,-0.347486
1.814,0.582514,0.0302581,-0.0316563,0.0201678,-0.347486
1.815,0.582544,0.0299417,-0.0316361,0.0201796,-0.347486
1.816,0.582574,0.0296252,-0.0316159,0.0201918,-0.347486
1.817,0.582603,0.0293088,-0.0315957,0.0202044,-0.347486
1.818,0.582632,0.0289923,-0.0315755,0.0202175,-0.347486
1.819,0.582661,0.0286758,-0.0315553,0.0202309,-0.347486
1.82,0.58269,0.0283641,-0.0315351,0.0202352,-0.34266
1.821,0.582718,0.0280523,-0.0315148,0.02024,-0.34266
1.822,0.582746,0.0277406,-0.0314946,0.0202451,-0.34266
1.823,0.582773,0.0274288,-0.0314744,0.0202507,-0.34266
1.824,0.582801,0.027117,-0.0314541,0.0202567,-0.34266
1.825,0.582828,0.0268052,-0.0314338,0.0202632,-0.34266
1.826,0.582854,0.0264934,-0.0314136,0.0202701,-0.34266
1.827,0.582881,0.0261816,-0.0313933,0.0202775,-0.34266
1.828,0.582907,0.0258697,-0.031373,0.0202853,-0.34266
1.829,0.582932,0.0255578,-0.0313527,0.0202935,-0.34266
1.83,0.582958,0.0252459,-0.0313324,0.0203021,-0.34266
1.831,0.582983,0.024934,-0.0313121,0.0203112,-0.34266
1.832,0.583008,0.024622,-0.0312918,0.0203208,-0.34266
1.833,0.583032,0.0243101,-0.0312715,0.0203307,-0.34266
1.834,0.583056,0.0239981,-0.0312511,0.0203412,-0.34266
1.835,0.58308,0.0236861,-0.0312308,0.020352,-0.34266
1.836,0.583104,0.0233741,-0.0312104,0.0203633,-0.34266
1.837,0.583127,0.023062,-0.0311901,0.020375,-0.34266
1.838,0.58315,0.02275,-0.0311697,0.0203872,-0.34266
1.839,0.583172,0.0224379,-0.0311493,0.0203998,-0.34266
1.84,0.583195,0.0221306,-0.0311289,0.0204032,-0.337822
1.841,0.583217,0.0218233,-0.0311085,0.020407,-0.337822
1.842,0.583238,0.021516,-0.0310881,0.0204113,-0.337822
1.843,0.58326,0.0212087,-0.0310677,0.020416,-0.337822
1.844,0.583281,0.0209014,-0.0310472,0.0204211,-0.337822
1.845,0.583302,0.020594,-0.0310268,0.0204267,-0.337822
1.846,0.583322,0.0202866,-0.0310064,0.0204328,-0.337822
1.847,0.583342,0.0199792,-0.030986,0.0204392,-0.337822
1.848,0.583362,0.0196718,-0.0309655,0.0204461,-0.337822
1.849,0.583381,0.0193643,-0.0309451,0.0204535,-0.337822
1.85,0.583401,0.0190569,-0.0309246,0.0204613,-0.337822
1.851,0.58342,0.0187494,-0.0309041,0.0204695,-0.337822
1.852,0.583438,0.0184419,-0.0308837,0.0204782,-0.337822
1.853,0.583456,0.0181343,-0.0308632,0.0204873,-0.337822
1.854,0.583474,0.0178268,-0.0308427,0.0204969,-0.337822
1.855,0.583492,0.0175192,-0.0308222,0.0205069,-0.337822
1.856,0.583509,0.0172116,-0.0308017,0.0205173,-0.337822
1.857,0.583527,0.016904,-0.0307812,0.0205282,-0.337822
1.858,0.583543,0.0165964,-0.0307606,0.0205395,-0.337822
1.859,0.58356,0.0162888,-0.0307401,0.0205513,-0.337822
1.86,0.583576,0.0159859,-0.0307195,0.0205538,-0.332974
1.861,0.583592,0.0156831,-0.030699,0.0205568,-0.332974
1.862,0.583607,0.0153802,-0.0306784,0.0205602,-0.332974
1.863,0.583622,0.0150774,-0.0306579,0.0205641,-0.332974
1.864,0.583637,0.0147745,-0.0306373,0.0205684,-0.332974
1.865,0.583652,0.0144715,-0.0306167,0.0205731,-0.332974
1.866,0.583666,0.0141686,-0.0305961,0.0205783,-0.332974
1.867,0.58368,0.0138656,-0.0305756,0.020584,-0.332974
1.868,0.583694,0.0135627,-0.030555,0.0205901,-0.332974
1.869,0.583707,0.0132597,-0.0305344,0.0205966,-0.332974
1.87,0.583721,0.0129566,-0.0305138,0.0206036,-0.332974
1.871,0.583733,0.0126536,-0.0304932,0.020611,-0.332974
1.872,0.583746,0.0123505,-0.0304726,0.0206188,-0.332974
1.873,0.583758,0.0120475,-0.0304519,0.0206271,-0.332974
1.874,0.58377,0.0117444,-0.0304313,0.0206359,-0.332974
1.875,0.583782,0.0114412,-0.0304107,0.0206451,-0.332974
1.876,0.583793,0.0111381,-0.03039,0.0206547,-0.332974
1.877,0.583804,0.0108349,-0.0303694,0.0206648,-0.332974
1.878,0.583815,0.0105317,-0.0303487,0.0206753,-0.332974
1.879,0.583825,0.0102285,-0.030328,0.0206863,-0.332974
1.88,0.583835,0.00993017,-0.0303073,0.020688,-0.328119
1.881,0.583845,0.00963178,-0.0302866,0.0206902,-0.328119
1.882,0.583854,0.00933337,-0.0302659,0.0206928,-0.328119
1.883,0.583863,0.00903495,-0.0302452,0.0206959,-0.328119
1.884,0.583872,0.0087365,-0.0302245,0.0206994,-0.328119
1.885,0.583881,0.00843803,-0.0302038,0.0207034,-0.328119
1.886,0.583889,0.00813954,-0.0301831,0.0207078,-0.328119
1.887,0.583897,0.00784103,-0.0301624,0.0207126,-0.328119
1.888,0.583905,0.00754249,-0.0301417,0.0207179,-0.328119
1.889,0.583912,0.00724394,-0.030121,0.0207236,-0.328119
1.89,0.583919,0.00694537,-0.0301003,0.0207298,-0.328119
1.891,0.583926,0.00664678,-0.0300795,0.0207365,-0.328119
1.892,0.583933,0.00634817,-0.0300588,0.0207436,-0.328119
1.893,0.583939,0.00604953,-0.030038,0.0207511,-0.328119
1.894,0.583945,0.00575088,-0.0300173,0.0207591,-0.328119
1.895,0.58395,0.00545221,-0.0299965,0.0207675,-0.328119
1.896,0.583956,0.00515351,-0.0299758,0.0207764,-0.328119
1.897,0.583961,0.0048548,-0.029955,0.0207857,-0.328119
1.898,0.583965,0.00455607,-0.0299342,0.0207955,-0.328119
1.899,0.58397,0.00425731,-0.0299134,0.0208057,-0.328119
1.9,0.583974,0.0039634,-0.0298926,0.0208067,-0.323257
1.901,0.583978,0.00366946,-0.0298718,0.0208081,-0.323257
1.902,0.583981,0.00337551,-0.029851,0.0208099,-0.323257
1.903,0.583984,0.00308153,-0.0298301,0.0208122,-0.323257
1.904,0.583987,0.00278754,-0.0298093,0.020815,-0.323257
1.905,0.58399,0.00249352,-0.0297885,0.0208182,-0.323257
1.906,0.583992,0.00219948,-0.0297677,0.0208219,-0.323257
1.907,0.583994,0.00190543,-0.0297469,0.020826,-0.323257
1.908,0.583996,0.00161135,-0.029726,0.0208305,-0.323257
1.909,0.583998,0.00131725,-0.0297052,0.0208355,-0.323257
1.91,0.583999,0.00102313,-0.0296844,0.020841,-0.323257
1.911,0.584,0.000728992,-0.0296635,0.0208469,-0.323257
1.912,0.584,0.000434833,-0.0296427,0.0208532,-0.323257
1.913,0.584001,0.000140653,-0.0296218,0.02086,-0.323257
1.914,0.584001,-0.000153547,-0.029601,0.0208673,-0.323257
1.915,0.584,-0.000447768,-0.0295801,0.020875,-0.323257
1.916,0.584,-0.000742009,-0.0295592,0.0208831,-0.323257
1.917,0.583999,-0.00103627,-0.0295383,0.0208917,-0.323257
1.918,0.583998,-0.00133055,-0.0295174,0.0209008,-0.323257
1.919,0.583996,-0.00162486,-0.0294965,0.0209103,-0.323257
1.92,0.583994,-0.00191431,-0.0294756,0.0209105,-0.318392
1.921,0.583992,-0.00220379,-0.0294547,0.0209112,-0.318392
1.922,0.58399,-0.00249329,-0.0294338,0.0209123,-0.318392
1.923,0.583987,-0.00278281,-0.0294129,0.0209139,-0.318392
1.924,0.583984,-0.00307235,-0.029392,0.020916,-0.318392
1.925,0.583981,-0.00336192,-0.029371,0.0209185,-0.318392
1.926,0.583978,-0.0036515,-0.0293501,0.0209214,-0.318392
1.927,0.583974,-0.0039411,-0.0293292,0.0209248,-0.318392
1.928,0.58397,-0.00423072,-0.0293083,0.0209286,-0.318392
1.929,0.583965,-0.00452037,-0.0292873,0.0209329,-0.318392
1.93,0.583961,-0.00481003,-0.0292664,0.0209377,-0.318392
1.931,0.583956,-0.00509971,-0.0292455,0.0209429,-0.318392
1.932,0.583951,-0.00538942,-0.0292245,0.0209485,-0.318392
1.933,0.583945,-0.00567915,-0.0292036,0.0209546,-0.318392
1.934,0.583939,-0.00596889,-0.0291826,0.0209612,-0.318392
1.935,0.583933,-0.00625866,-0.0291616,0.0209682,-0.318392
1.936,0.583927,-0.00654845,-0.0291407,0.0209757,-0.318392
1.937,0.58392,-0.00683825,-0.0291197,0.0209836,-0.318392
1.938,0.583913,-0.00712808,-0.0290987,0.020992,-0.318392
1.939,0.583906,-0.00741793,-0.0290777,0.0210008,-0.318392
1.94,0.583898,-0.00770293,-0.0290567,0.0210003,-0.313526
1.941,0.58389,-0.00798796,-0.0290357,0.0210003,-0.313526
1.942,0.583882,-0.008273,-0.0290147,0.0210008,-0.313526
1.943,0.583874,-0.00855807,-0.0289937,0.0210017,-0.313526
1.944,0.583865,-0.00884315,-0.0289727,0.0210031,-0.313526
1.945,0.583856,-0.00912826,-0.0289517,0.0210049,-0.313526
1.946,0.583847,-0.00941339,-0.0289307,0.0210071,-0.313526
1.947,0.583837,-0.00969854,-0.0289097,0.0210099,-0.313526
1.948,0.583827,-0.0099837,-0.0288887,0.021013,-0.313526
1.949,0.583817,-0.0102689,-0.0288677,0.0210167,-0.313526
1.95,0.583807,-0.0105541,-0.0288466,0.0210208,-0.313526
1.951,0.583796,-0.0108393,-0.0288256,0.0210253,-0.313526
1.952,0.583785,-0.0111246,-0.0288046,0.0210303,-0.313526
1.953,0.583774,-0.0114099,-0.0287836,0.0210357,-0.313526
1.954,0.583762,-0.0116951,-0.0287625,0.0210416,-0.313526
1.955,0.58375,-0.0119805,-0.0287415,0.021048,-0.313526
1.956,0.583738,-0.0122658,-0.0287204,0.0210548,-0.313526
1.957,0.583726,-0.0125511,-0.0286994,0.021062,-0.313526
1.958,0.583713,-0.0128365,-0.0286783,0.0210698,-0.313526
1.959,0.5837,-0.0131219,-0.0286572,0.0210779,-0.313526
1.96,0.583687,-0.0134025,-0.0286361,0.0210768,-0.30866
1.961,0.583673,-0.013683,-0.0286151,0.0210762,-0.30866
1.962,0.58366,-0.0139636,-0.028594,0.021076,-0.30866
1.963,0.583646,-0.0142442,-0.0285729,0.0210763,-0.30866
1.964,0.583631,-0.0145249,-0.0285518,0.021077,-0.30866
1.965,0.583617,-0.0148055,-0.0285308,0.0210782,-0.30866
1.966,0.583602,-0.0150862,-0.0285097,0.0210798,-0.30866
1.967,0.583586,-0.0153669,-0.0284886,0.0210819,-0.30866
1.968,0.583571,-0.0156476,-0.0284675,0.0210844,-0.30866
1.969,0.583555,-0.0159283,-0.0284464,0.0210874,-0.30866
1.97,0.583539,-0.0162091,-0.0284253,0.0210909,-0.30866
1.971,0.583523,-0.0164899,-0.0284043,0.0210948,-0.30866
1.972,0.583506,-0.0167707,-0.0283832,0.0210991,-0.30866
1.973,0.583489,-0.0170515,-0.0283621,0.0211039,-0.30866
1.974,0.583472,-0.0173323,-0.0283409,0.0211092,-0.30866
1.975,0.583454,-0.0176132,-0.0283198,0.0211149,-0.30866
1.976,0.583437,-0.0178941,-0.0282987,0.0211211,-0.30866
1.977,0.583419,-0.018175,-0.0282776,0.0211278,-0.30866
1.978,0.5834,-0.0184559,-0.0282565,0.0211349,-0.30866
1.979,0.583382,-0.0187368,-0.0282353,0.0211424,-0.30866
1.98,0.583363,-0.0190129,-0.0282142,0.0211407,-0.303795
1.981,0.583344,-0.0192891,-0.028193,0.0211394,-0.303795
1.982,0.583324,-0.0195652,-0.0281719,0.0211386,-0.303795
1.983,0.583305,-0.0198414,-0.0281508,0.0211383,-0.303795
1.984,0.583285,-0.0201176,-0.0281296,0.0211384,-0.303795
1.985,0.583264,-0.0203938,-0.0281085,0.021139,-0.303795
1.986,0.583244,-0.02067,-0.0280873,0.02114,-0.303795
1.987,0.583223,-0.0209462,-0.0280662,0.0211415,-0.303795
1.988,0.583202,-0.0212225,-0.0280451,0.0211434,-0.303795
1.989,0.583181,-0.0214988,-0.0280239,0.0211458,-0.303795
1.99,0.583159,-0.0217751,-0.0280028,0.0211486,-0.303795
1.991,0.583137,-0.0220514,-0.0279816,0.0211519,-0.303795
1.992,0.583115,-0.0223278,-0.0279605,0.0211557,-0.303795
1.993,0.583092,-0.0226041,-0.0279393,0.0211599,-0.303795
1.994,0.58307,-0.0228805,-0.0279181,0.0211646,-0.303795
1.995,0.583047,-0.0231569,-0.027897,0.0211697,-0.303795
1.996,0.583023,-0.0234334,-0.0278758,0.0211753,-0.303795
1.997,0.583,-0.0237098,-0.0278546,0.0211814,-0.303795
1.998,0.582976,-0.0239863,-0.0278334,0.0211879,-0.303795
1.999,0.582952,-0.0242628,-0.0278123,0.0211948,-0.303795
2,0.582927,-0.0245344,-0.0277911,0.0211925,-0.298935
2.001,0.582903,-0.0248061,-0.0277699,0.0211907,-0.298935
2.002,0.582878,-0.0250778,-0.0277487,0.0211893,-0.298935
2.003,0.582853,-0.0253495,-0.0277275,0.0211884,-0.298935
2.004,0.582827,-0.0256213,-0.0277063,0.0211879,-0.298935
2.005,0.582801,-0.025893,-0.0276851,0.0211879,-0.298935
2.006,0.582775,-0.0261648,-0.0276639,0.0211883,-0.298935
2.007,0.582749,-0.0264366,-0.0276427,0.0211892,-0.298935
2.008,0.582722,-0.0267084,-0.0276215,0.0211906,-0.298935
2.009,0.582696,-0.0269803,-0.0276004,0.0211924,-0.298935
2.01,0.582668,-0.0272521,-0.0275792,0.0211947,-0.298935
2.011,0.582641,-0.027524,-0.027558,0.0211974,-0.298935
2.012,0.582613,-0.0277959,-0.0275368,0.0212006,-0.298935
2.013,0.582585,-0.0280679,-0.0275156,0.0212043,-0.298935
2.014,0.582557,-0.0283398,-0.0274944,0.0212084,-0.298935
2.015,0.582529,-0.0286118,-0.0274732,0.021213,-0.298935
2.016,0.5825,-0.0288838,-0.0274519,0.021218,-0.298935
2.017,0.582471,-0.0291558,-0.0274307,0.0212235,-0.298935
2.018,0.582442,-0.0294278,-0.0274095,0.0212294,-0.298935
2.019,0.582412,-0.0296998,-0.0273883,0.0212358,-0.298935
2.02,0.582382,-0.0299671,-0.027367,0.0212329,-0.29408
2.021,0.582352,-0.0302343,-0.0273458,0.0212306,-0.29408
2.022,0.582322,-0.0305016,-0.0273246,0.0212286,-0.29408
2.023,0.582291,-0.0307688,-0.0273033,0.0212272,-0.29408
2.024,0.58226,-0.0310361,-0.0272821,0.0212261,-0.29408
2.025,0.582229,-0.0313035,-0.0272609,0.0212256,-0.29408
2.026,0.582198,-0.0315708,-0.0272397,0.0212255,-0.29408
2.027,0.582166,-0.0318382,-0.0272184,0.0212258,-0.29408
2.028,0.582134,-0.0321055,-0.0271972,0.0212267,-0.29408
2.029,0.582102,-0.0323729,-0.027176,0.0212279,-0.29408
2.03,0.582069,-0.0326404,-0.0271547,0.0212297,-0.29408
2.031,0.582036,-0.0329078,-0.0271335,0.0212319,-0.29408
2.032,0.582003,-0.0331753,-0.0271123,0.0212345,-0.29408
2.033,0.58197,-0.0334428,-0.027091,0.0212376,-0.29408
2.034,0.581937,-0.0337103,-0.0270698,0.0212412,-0.29408
2.035,0.581903,-0.0339778,-0.0270486,0.0212452,-0.29408
2.036,0.581869,-0.0342454,-0.0270273,0.0212497,-0.29408
2.037,0.581834,-0.0345129,-0.0270061,0.0212546,-0.29408
2.038,0.5818,-0.0347805,-0.0269848,0.02126,-0.29408
2.039,0.581765,-0.0350481,-0.0269635,0.0212659,-0.29408
2.04,0.581729,-0.0353109,-0.0269423,0.0212625,-0.289232
2.041,0.581694,-0.0355737,-0.026921,0.0212596,-0.289232
2.042,0.581658,-0.0358366,-0.0268998,0.0212572,-0.289232
2.043,0.581622,-0.0360994,-0.0268785,0.0212552,-0.289232
2.044,0.581586,-0.0363623,-0.0268572,0.0212536,-0.289232
2.045,0.58155,-0.0366252,-0.026836,0.0212525,-0.289232
2.046,0.581513,-0.0368881,-0.0268147,0.0212519,-0.289232
2.047,0.581476,-0.037151,-0.0267935,0.0212518,-0.289232
2.048,0.581439,-0.037414,-0.0267722,0.0212521,-0.289232
2.049,0.581401,-0.0376769,-0.026751,0.0212528,-0.289232
2.05,0.581363,-0.0379399,-0.0267297,0.021254,-0.289232
2.051,0.581325,-0.0382029,-0.0267085,0.0212557,-0.289232
2.052,0.581287,-0.038466,-0.0266872,0.0212579,-0.289232
2.053,0.581248,-0.038729,-0.026666,0.0212604,-0.289232
2.054,0.581209,-0.0389921,-0.0266447,0.0212635,-0.289232
2.055,0.58117,-0.0392552,-0.0266234,0.021267,-0.289232
2.056,0.581131,-0.0395183,-0.0266022,0.021271,-0.289232
2.057,0.581091,-0.0397815,-0.0265809,0.0212754,-0.289232
2.058,0.581051,-0.0400446,-0.0265596,0.0212803,-0.289232
2.059,0.581011,-0.0403078,-0.0265383,0.0212856,-0.289232
2.06,0.580971,-0.0405662,-0.0265171,0.0212818,-0.284392
2.061,0.58093,-0.0408246,-0.0264958,0.0212784,-0.284392
2.062,0.580889,-0.041083,-0.0264745,0.0212754,-0.284392
2.063,0.580848,-0.0413414,-0.0264532,0.0212729,-0.284392
2.064,0.580806,-0.0415998,-0.0264319,0.0212709,-0.284392
2.065,0.580765,-0.0418583,-0.0264107,0.0212693,-0.284392
2.066,0.580723,-0.0421168,-0.0263894,0.0212682,-0.284392
2.067,0.58068,-0.0423753,-0.0263681,0.0212676,-0.284392
2.068,0.580638,-0.0426338,-0.0263469,0.0212674,-0.284392
2.069,0.580595,-0.0428924,-0.0263256,0.0212676,-0.284392
2.07,0.580552,-0.043151,-0.0263043,0.0212684,-0.284392
2.071,0.580509,-0.0434095,-0.0262831,0.0212696,-0.284392
2.072,0.580465,-0.0436682,-0.0262618,0.0212712,-0.284392
2.073,0.580421,-0.0439268,-0.0262405,0.0212733,-0.284392
2.074,0.580377,-0.0441855,-0.0262193,0.0212759,-0.284392
2.075,0.580333,-0.0444441,-0.026198,0.0212789,-0.284392
2.076,0.580289,-0.0447028,-0.0261767,0.0212824,-0.284392
2.077,0.580244,-0.0449615,-0.0261554,0.0212863,-0.284392
2.078,0.580199,-0.0452203,-0.0261341,0.0212907,-0.284392
2.079,0.580153,-0.045479,-0.0261128,0.0212956,-0.284392
2.08,0.580108,-0.045733,-0.0260915,0.0212912,-0.279563
2.081,0.580062,-0.045987,-0.0260702,0.0212873,-0.279563
2.082,0.580016,-0.046241,-0.026049,0.0212839,-0.279563
2.083,0.579969,-0.046495,-0.0260277,0.021281,-0.279563
2.084,0.579923,-0.046749,-0.0260064,0.0212785,-0.279563
2.085,0.579876,-0.0470031,-0.0259851,0.0212764,-0.279563
2.086,0.579829,-0.0472571,-0.0259638,0.0212749,-0.279563
2.087,0.579781,-0.0475112,-0.0259426,0.0212737,-0.279563
2.088,0.579734,-0.0477654,-0.0259213,0.0212731,-0.279563
2.089,0.579686,-0.0480195,-0.0259,0.0212729,-0.279563
2.09,0.579638,-0.0482737,-0.0258788,0.0212731,-0.279563
2.091,0.579589,-0.0485278,-0.0258575,0.0212738,-0.279563
2.092,0.579541,-0.048782,-0.0258362,0.021275,-0.279563
2.093,0.579492,-0.0490363,-0.0258149,0.0212767,-0.279563
2.094,0.579442,-0.0492905,-0.0257937,0.0212787,-0.279563
2.095,0.579393,-0.0495448,-0.0257724,0.0212813,-0.279563
2.096,0.579343,-0.0497991,-0.0257511,0.0212843,-0.279563
2.097,0.579293,-0.0500534,-0.0257298,0.0212878,-0.279563
2.098,0.579243,-0.0503077,-0.0257085,0.0212917,-0.279563
2.099,0.579193,-0.050562,-0.0256872,0.0212961,-0.279563
2.1,0.579142,-0.0508116,-0.0256659,0.0212913,-0.274745
2.101,0.579091,-0.0510612,-0.0256446,0.021287,-0.274745
2.102,0.57904,-0.0513108,-0.0256233,0.0212831,-0.274745
2.103,0.578989,-0.0515604,-0.0256021,0.0212797,-0.274745
2.104,0.578937,-0.05181,-0.0255808,0.0212768,-0.274745
2.105,0.578885,-0.0520597,-0.0255595,0.0212743,-0.274745
2.106,0.578833,-0.0523093,-0.0255382,0.0212723,-0.274745
2.107,0.57878,-0.052559,-0.025517,0.0212707,-0.274745
2.108,0.578728,-0.0528087,-0.0254957,0.0212696,-0.274745
2.109,0.578675,-0.0530585,-0.0254744,0.021269,-0.274745
2.11,0.578622,-0.0533082,-0.0254532,0.0212688,-0.274745
2.111,0.578568,-0.053558,-0.0254319,0.0212691,-0.274745
2.112,0.578514,-0.0538078,-0.0254106,0.0212698,-0.274745
2.113,0.578461,-0.0540577,-0.0253894,0.021271,-0.274745
2.114,0.578406,-0.0543075,-0.0253681,0.0212726,-0.274745
2.115,0.578352,-0.0545574,-0.0253468,0.0212747,-0.274745
2.116,0.578297,-0.0548072,-0.0253255,0.0212773,-0.274745
2.117,0.578242,-0.0550571,-0.0253043,0.0212803,-0.274745
2.118,0.578187,-0.0553071,-0.025283,0.0212838,-0.274745
2.119,0.578132,-0.055557,-0.0252617,0.0212878,-0.274745
2.12,0.578076,-0.0558022,-0.0252404,0.0212825,-0.269939
2.121,0.57802,-0.0560474,-0.0252191,0.0212778,-0.269939
2.122,0.577964,-0.0562926,-0.0251978,0.0212735,-0.269939
2.123,0.577907,-0.0565378,-0.0251766,0.0212697,-0.269939
2.124,0.577851,-0.056783,-0.0251553,0.0212663,-0.269939
2.125,0.577794,-0.0570283,-0.025134,0.0212634,-0.269939
2.126,0.577737,-0.0572736,-0.0251128,0.021261,-0.269939
2.127,0.577679,-0.0575189,-0.0250915,0.021259,-0.269939
2.128,0.577622,-0.0577642,-0.0250703,0.0212575,-0.269939
2.129,0.577564,-0.0580096,-0.025049,0.0212564,-0.269939
2.13,0.577506,-0.058255,-0.0250277,0.0212558,-0.269939
2.131,0.577447,-0.0585004,-0.0250065,0.0212556,-0.269939
2.132,0.577389,-0.0587458,-0.0249852,0.0212559,-0.269939
2.133,0.57733,-0.0589912,-0.024964,0.0212567,-0.269939
2.134,0.577271,-0.0592367,-0.0249427,0.0212579,-0.269939
2.135,0.577211,-0.0594821,-0.0249215,0.0212596,-0.269939
2.136,0.577152,-0.0597276,-0.0249002,0.0212617,-0.269939
2.137,0.577092,-0.0599731,-0.0248789,0.0212643,-0.269939
2.138,0.577032,-0.0602187,-0.0248577,0.0212674,-0.269939
2.139,0.576971,-0.0604642,-0.0248364,0.0212709,-0.269939
2.14,0.576911,-0.060705,-0.0248151,0.0212653,-0.265147
2.141,0.57685,-0.0609458,-0.0247939,0.0212602,-0.265147
2.142,0.576789,-0.0611867,-0.0247726,0.0212555,-0.265147
2.143,0.576728,-0.0614275,-0.0247514,0.0212513,-0.265147
2.144,0.576666,-0.0616684,-0.0247301,0.0212475,-0.265147
2.145,0.576604,-0.0619093,-0.0247089,0.0212442,-0.265147
2.146,0.576542,-0.0621502,-0.0246876,0.0212413,-0.265147
2.147,0.57648,-0.0623911,-0.0246664,0.0212389,-0.265147
2.148,0.576418,-0.0626321,-0.0246451,0.021237,-0.265147
2.149,0.576355,-0.0628731,-0.0246239,0.0212355,-0.265147
2.15,0.576292,-0.0631141,-0.0246027,0.0212345,-0.265147
2.151,0.576229,-0.0633551,-0.0245814,0.021234,-0.265147
2.152,0.576165,-0.0635961,-0.0245602,0.0212339,-0.265147
2.153,0.576101,-0.0638372,-0.024539,0.0212342,-0.265147
2.154,0.576037,-0.0640783,-0.0245177,0.021235,-0.265147
2.155,0.575973,-0.0643194,-0.0244965,0.0212363,-0.265147
2.156,0.575909,-0.0645605,-0.0244753,0.021238,-0.265147
2.157,0.575844,-0.0648016,-0.024454,0.0212402,-0.265147
2.158,0.575779,-0.0650428,-0.0244328,0.0212429,-0.265147
2.159,0.575714,-0.065284,-0.0244115,0.021246,-0.265147
2.16,0.575649,-0.0655204,-0.0243903,0.02124,-0.26037
2.161,0.575583,-0.0657569,-0.0243691,0.0212345,-0.26037
2.162,0.575517,-0.0659933,-0.0243478,0.0212294,-0.26037
2.163,0.575451,-0.0662298,-0.0243266,0.0212248,-0.26037
2.164,0.575385,-0.0664663,-0.0243054,0.0212207,-0.26037
2.165,0.575318,-0.0667029,-0.0242842,0.021217,-0.26037
2.166,0.575251,-0.0669394,-0.0242629,0.0212138,-0.26037
2.167,0.575184,-0.067176,-0.0242417,0.021211,-0.26037
2.168,0.575117,-0.0674126,-0.0242205,0.0212087,-0.26037
2.169,0.575049,-0.0676492,-0.0241993,0.0212068,-0.26037
2.17,0.574982,-0.0678858,-0.0241781,0.0212054,-0.26037
2.171,0.574914,-0.0681225,-0.0241569,0.0212045,-0.26037
2.172,0.574845,-0.0683592,-0.0241357,0.021204,-0.26037
2.173,0.574777,-0.0685959,-0.0241145,0.0212039,-0.26037
2.174,0.574708,-0.0688326,-0.0240933,0.0212044,-0.26037
2.175,0.574639,-0.0690693,-0.0240721,0.0212053,-0.26037
2.176,0.57457,-0.0693061,-0.0240509,0.0212066,-0.26037
2.177,0.574501,-0.0695429,-0.0240297,0.0212084,-0.26037
2.178,0.574431,-0.0697797,-0.0240085,0.0212107,-0.26037
2.179,0.574361,-0.0700165,-0.0239873,0.0212134,-0.26037
2.18,0.574291,-0.0702486,-0.023966,0.0212071,-0.25561
2.181,0.574221,-0.0704807,-0.0239448,0.0212012,-0.25561
2.182,0.57415,-0.0707128,-0.0239236,0.0211957,-0.25561
2.183,0.574079,-0.070945,-0.0239024,0.0211908,-0.25561
2.184,0.574008,-0.0711771,-0.0238813,0.0211863,-0.25561
2.185,0.573937,-0.0714093,-0.0238601,0.0211822,-0.25561
2.186,0.573865,-0.0716415,-0.0238389,0.0211786,-0.25561
2.187,0.573793,-0.0718738,-0.0238177,0.0211755,-0.25561
2.188,0.573721,-0.072106,-0.0237965,0.0211728,-0.25561
2.189,0.573649,-0.0723383,-0.0237754,0.0211706,-0.25561
2.19,0.573577,-0.0725706,-0.0237542,0.0211688,-0.25561
2.191,0.573504,-0.0728029,-0.023733,0.0211675,-0.25561
2.192,0.573431,-0.0730352,-0.0237119,0.0211666,-0.25561
2.193,0.573358,-0.0732676,-0.0236907,0.0211663,-0.25561
2.194,0.573285,-0.0735,-0.0236695,0.0211663,-0.25561
2.195,0.573211,-0.0737324,-0.0236484,0.0211668,-0.25561
2.196,0.573137,-0.0739648,-0.0236272,0.0211678,-0.25561
2.197,0.573063,-0.0741972,-0.023606,0.0211692,-0.25561
2.198,0.572989,-0.0744297,-0.0235849,0.0211711,-0.25561
2.199,0.572914,-0.0746622,-0.0235637,0.0211735,-0.25561
2.2,0.572839,-0.0748899,-0.0235425,0.0211668,-0.250866
2.201,0.572764,-0.0751177,-0.0235214,0.0211606,-0.250866
2.202,0.572689,-0.0753455,-0.0235002,0.0211548,-0.250866
2.203,0.572614,-0.0755733,-0.023479,0.0211495,-0.250866
2.204,0.572538,-0.0758011,-0.0234579,0.0211446,-0.250866
2.205,0.572462,-0.076029,-0.0234368,0.0211402,-0.250866
2.206,0.572386,-0.0762569,-0.0234156,0.0211363,-0.250866
2.207,0.57231,-0.0764848,-0.0233945,0.0211328,-0.250866
2.208,0.572233,-0.0767127,-0.0233734,0.0211298,-0.250866
2.209,0.572156,-0.0769407,-0.0233522,0.0211272,-0.250866
2.21,0.572079,-0.0771686,-0.0233311,0.0211251,-0.250866
2.211,0.572002,-0.0773966,-0.02331,0.0211234,-0.250866
2.212,0.571924,-0.0776246,-0.0232889,0.0211222,-0.250866
2.213,0.571847,-0.0778526,-0.0232677,0.0211215,-0.250866
2.214,0.571769,-0.0780807,-0.0232466,0.0211212,-0.250866
2.215,0.57169,-0.0783088,-0.0232255,0.0211213,-0.250866
2.216,0.571612,-0.0785368,-0.0232044,0.021122,-0.250866
2.217,0.571533,-0.078765,-0.0231832,0.021123,-0.250866
2.218,0.571455,-0.0789931,-0.0231621,0.0211246,-0.250866
2.219,0.571375,-0.0792212,-0.023141,0.0211266,-0.250866
2.22,0.571296,-0.0794447,-0.0231199,0.0211196,-0.246142
2.221,0.571217,-0.0796682,-0.0230988,0.021113,-0.246142
2.222,0.571137,-0.0798916,-0.0230776,0.0211069,-0.246142
2.223,0.571057,-0.0801152,-0.0230565,0.0211013,-0.246142
2.224,0.570977,-0.0803387,-0.0230354,0.0210961,-0.246142
2.225,0.570896,-0.0805622,-0.0230143,0.0210914,-0.246142
2.226,0.570815,-0.0807858,-0.0229933,0.0210871,-0.246142
2.227,0.570735,-0.0810094,-0.0229722,0.0210833,-0.246142
2.228,0.570653,-0.081233,-0.0229511,0.0210799,-0.246142
2.229,0.570572,-0.0814566,-0.02293,0.021077,-0.246142
2.23,0.57049,-0.0816803,-0.0229089,0.0210746,-0.246142
2.231,0.570409,-0.081904,-0.0228879,0.0210726,-0.246142
2.232,0.570327,-0.0821277,-0.0228668,0.021071,-0.246142
2.233,0.570244,-0.0823514,-0.0228457,0.02107,-0.246142
2.234,0.570162,-0.0825751,-0.0228247,0.0210693,-0.246142
2.235,0.570079,-0.0827989,-0.0228036,0.0210692,-0.246142
2.236,0.569996,-0.0830227,-0.0227825,0.0210694,-0.246142
2.237,0.569913,-0.0832465,-0.0227614,0.0210702,-0.246142
2.238,0.56983,-0.0834703,-0.0227404,0.0210714,-0.246142
2.239,0.569746,-0.0836941,-0.0227193,0.021073,-0.246142
2.24,0.569662,-0.0839133,-0.0226982,0.0210657,-0.241436
2.241,0.569578,-0.0841325,-0.0226772,0.0210588,-0.241436
2.242,0.569494,-0.0843516,-0.0226561,0.0210524,-0.241436
2.243,0.56941,-0.0845709,-0.0226351,0.0210465,-0.241436
2.244,0.569325,-0.0847901,-0.022614,0.021041,-0.241436
2.245,0.56924,-0.0850094,-0.022593,0.021036,-0.241436
2.246,0.569155,-0.0852286,-0.0225719,0.0210314,-0.241436
2.247,0.56907,-0.0854479,-0.0225509,0.0210273,-0.241436
2.248,0.568984,-0.0856673,-0.0225299,0.0210236,-0.241436
2.249,0.568898,-0.0858866,-0.0225089,0.0210204,-0.241436
2.25,0.568812,-0.086106,-0.0224879,0.0210176,-0.241436
2.251,0.568726,-0.0863254,-0.0224668,0.0210153,-0.241436
2.252,0.56864,-0.0865448,-0.0224458,0.0210134,-0.241436
2.253,0.568553,-0.0867642,-0.0224248,0.021012,-0.241436
2.254,0.568466,-0.0869836,-0.0224038,0.0210111,-0.241436
2.255,0.568379,-0.0872031,-0.0223828,0.0210106,-0.241436
2.256,0.568292,-0.0874226,-0.0223618,0.0210105,-0.241436
2.257,0.568204,-0.0876421,-0.0223408,0.0210109,-0.241436
2.258,0.568117,-0.0878616,-0.0223198,0.0210118,-0.241436
2.259,0.568029,-0.0880812,-0.0222987,0.0210131,-0.241436
2.26,0.56794,-0.088296,-0.0222777,0.0210055,-0.236751
2.261,0.567852,-0.0885109,-0.0222567,0.0209984,-0.236751
2.262,0.567763,-0.0887259,-0.0222357,0.0209917,-0.236751
2.263,0.567675,-0.0889408,-0.0222147,0.0209854,-0.236751
2.264,0.567585,-0.0891558,-0.0221938,0.0209796,-0.236751
2.265,0.567496,-0.0893708,-0.0221728,0.0209743,-0.236751
2.266,0.567407,-0.0895858,-0.0221518,0.0209694,-0.236751
2.267,0.567317,-0.0898008,-0.0221308,0.020965,-0.236751
2.268,0.567227,-0.0900159,-0.0221099,0.020961,-0.236751
2.269,0.567137,-0.0902309,-0.0220889,0.0209575,-0.236751
2.27,0.567047,-0.090446,-0.022068,0.0209544,-0.236751
2.271,0.566956,-0.0906611,-0.022047,0.0209518,-0.236751
2.272,0.566865,-0.0908763,-0.0220261,0.0209497,-0.236751
2.273,0.566774,-0.0910914,-0.0220051,0.0209479,-0.236751
2.274,0.566683,-0.0913066,-0.0219842,0.0209467,-0.236751
2.275,0.566592,-0.0915218,-0.0219632,0.0209459,-0.236751
2.276,0.5665,-0.091737,-0.0219423,0.0209455,-0.236751
2.277,0.566408,-0.0919522,-0.0219213,0.0209456,-0.236751
2.278,0.566316,-0.0921675,-0.0219004,0.0209462,-0.236751
2.279,0.566224,-0.0923827,-0.0218794,0.0209472,-0.236751
2.28,0.566131,-0.0925934,-0.0218585,0.0209393,-0.232088
2.281,0.566039,-0.092804,-0.0218376,0.0209319,-0.232088
2.282,0.565946,-0.0930147,-0.0218166,0.0209249,-0.232088
2.283,0.565853,-0.0932254,-0.0217957,0.0209184,-0.232088
2.284,0.565759,-0.0934361,-0.0217748,0.0209123,-0.232088
2.285,0.565666,-0.0936468,-0.0217539,0.0209067,-0.232088
2.286,0.565572,-0.0938576,-0.021733,0.0209015,-0.232088
2.287,0.565478,-0.0940684,-0.0217121,0.0208968,-0.232088
2.288,0.565384,-0.0942792,-0.0216912,0.0208926,-0.232088
2.289,0.56529,-0.09449,-0.0216703,0.0208888,-0.232088
2.29,0.565195,-0.0947008,-0.0216494,0.0208854,-0.232088
2.291,0.5651,-0.0949117,-0.0216285,0.0208825,-0.232088
2.292,0.565005,-0.0951226,-0.0216076,0.02088,-0.232088
2.293,0.56491,-0.0953334,-0.0215868,0.020878,-0.232088
2.294,0.564814,-0.0955444,-0.0215659,0.0208765,-0.232088
2.295,0.564719,-0.0957553,-0.021545,0.0208754,-0.232088
2.296,0.564623,-0.0959663,-0.0215241,0.0208747,-0.232088
2.297,0.564527,-0.0961772,-0.0215033,0.0208745,-0.232088
2.298,0.564431,-0.0963882,-0.0214824,0.0208747,-0.232088
2.299,0.564334,-0.0965993,-0.0214615,0.0208754,-0.232088
2.3,0.564237,-0.0968057,-0.0214406,0.0208673,-0.227446
2.301,0.564141,-0.0970121,-0.0214198,0.0208596,-0.227446
2.302,0.564043,-0.0972185,-0.0213989,0.0208524,-0.227446
2.303,0.563946,-0.097425,-0.0213781,0.0208456,-0.227446
2.304,0.563849,-0.0976315,-0.0213572,0.0208393,-0.227446
2.305,0.563751,-0.097838,-0.0213364,0.0208334,-0.227446
2.306,0.563653,-0.0980445,-0.0213156,0.020828,-0.227446
2.307,0.563555,-0.098251,-0.0212947,0.020823,-0.227446
2.308,0.563456,-0.0984576,-0.0212739,0.0208185,-0.227446
2.309,0.563358,-0.0986642,-0.0212531,0.0208144,-0.227446
2.31,0.563259,-0.0988708,-0.0212323,0.0208107,-0.227446
2.311,0.56316,-0.0990774,-0.0212115,0.0208075,-0.227446
2.312,0.563061,-0.0992841,-0.0211907,0.0208048,-0.227446
2.313,0.562961,-0.0994907,-0.0211699,0.0208025,-0.227446
2.314,0.562862,-0.0996974,-0.0211491,0.0208007,-0.227446
2.315,0.562762,-0.0999041,-0.0211283,0.0207993,-0.227446
2.316,0.562662,-0.100111,-0.0211075,0.0207984,-0.227446
2.317,0.562562,-0.100318,-0.0210867,0.0207979,-0.227446
2.318,0.562461,-0.100524,-0.0210659,0.0207978,-0.227446
2.319,0.562361,-0.100731,-0.0210451,0.0207982,-0.227446
2.32,0.56226,-0.100933,-0.0210243,0.0207899,-0.222828
2.321,0.562159,-0.101136,-0.0210035,0.0207819,-0.222828
2.322,0.562058,-0.101338,-0.0209827,0.0207744,-0.222828
2.323,0.561956,-0.10154,-0.0209619,0.0207674,-0.222828
2.324,0.561855,-0.101742,-0.0209412,0.0207608,-0.222828
2.325,0.561753,-0.101945,-0.0209204,0.0207547,-0.222828
2.326,0.561651,-0.102147,-0.0208997,0.020749,-0.222828
2.327,0.561549,-0.102349,-0.0208789,0.0207438,-0.222828
2.328,0.561446,-0.102552,-0.0208582,0.020739,-0.222828
2.329,0.561343,-0.102754,-0.0208375,0.0207346,-0.222828
2.33,0.561241,-0.102956,-0.0208167,0.0207307,-0.222828
2.331,0.561137,-0.103159,-0.020796,0.0207273,-0.222828
2.332,0.561034,-0.103361,-0.0207753,0.0207243,-0.222828
2.333,0.560931,-0.103564,-0.0207545,0.0207217,-0.222828
2.334,0.560827,-0.103766,-0.0207338,0.0207196,-0.222828
2.335,0.560723,-0.103969,-0.0207131,0.0207179,-0.222828
2.336,0.560619,-0.104171,-0.0206924,0.0207167,-0.222828
2.337,0.560515,-0.104374,-0.0206717,0.020716,-0.222828
2.338,0.56041,-0.104576,-0.020651,0.0207156,-0.222828
2.339,0.560306,-0.104779,-0.0206302,0.0207158,-0.222828
2.34,0.560201,-0.104977,-0.0206095,0.0207072,-0.218233
2.341,0.560096,-0.105175,-0.0205888,0.020699,-0.218233
2.342,0.559991,-0.105373,-0.0205681,0.0206913,-0.218233
2.343,0.559885,-0.105571,-0.0205474,0.020684,-0.218233
2.344,0.559779,-0.105769,-0.0205268,0.0206772,-0.218233
2.345,0.559674,-0.105967,-0.0205061,0.0206708,-0.218233
2.346,0.559567,-0.106165,-0.0204854,0.0206649,-0.218233
2.347,0.559461,-0.106363,-0.0204648,0.0206594,-0.218233
2.348,0.559355,-0.106562,-0.0204441,0.0206543,-0.218233
2.349,0.559248,-0.10676,-0.0204234,0.0206498,-0.218233
2.35,0.559141,-0.106958,-0.0204028,0.0206456,-0.218233
2.351,0.559034,-0.107156,-0.0203822,0.0206419,-0.218233
2.352,0.558927,-0.107354,-0.0203615,0.0206386,-0.218233
2.353,0.558819,-0.107553,-0.0203409,0.0206358,-0.218233
2.354,0.558712,-0.107751,-0.0203202,0.0206335,-0.218233
2.355,0.558604,-0.107949,-0.0202996,0.0206315,-0.218233
2.356,0.558496,-0.108148,-0.020279,0.0206301,-0.218233
2.357,0.558388,-0.108346,-0.0202584,0.020629,-0.218233
2.358,0.558279,-0.108544,-0.0202377,0.0206285,-0.218233
2.359,0.558171,-0.108743,-0.0202171,0.0206283,-0.218233
2.36,0.558062,-0.108937,-0.0201965,0.0206195,-0.213664
2.361,0.557953,-0.10913,-0.0201759,0.0206111,-0.213664
2.362,0.557843,-0.109324,-0.0201552,0.0206032,-0.213664
2.363,0.557734,-0.109518,-0.0201346,0.0205957,-0.213664
2.364,0.557624,-0.109712,-0.0201141,0.0205886,-0.213664
2.365,0.557515,-0.109906,-0.0200935,0.020582,-0.213664
2.366,0.557405,-0.1101,-0.0200729,0.0205758,-0.213664
2.367,0.557294,-0.110294,-0.0200523,0.0205701,-0.213664
2.368,0.557184,-0.110488,-0.0200318,0.0205648,-0.213664
2.369,0.557073,-0.110682,-0.0200112,0.02056,-0.213664
2.37,0.556963,-0.110876,-0.0199906,0.0205556,-0.213664
2.371,0.556852,-0.11107,-0.0199701,0.0205517,-0.213664
2.372,0.556741,-0.111264,-0.0199495,0.0205482,-0.213664
2.373,0.556629,-0.111458,-0.019929,0.0205451,-0.213664
2.374,0.556518,-0.111652,-0.0199084,0.0205425,-0.213664
2.375,0.556406,-0.111847,-0.0198879,0.0205403,-0.213664
2.376,0.556294,-0.112041,-0.0198674,0.0205386,-0.213664
2.377,0.556182,-0.112235,-0.0198468,0.0205373,-0.213664
2.378,0.556069,-0.112429,-0.0198263,0.0205365,-0.213664
2.379,0.555957,-0.112623,-0.0198057,0.0205361,-0.213664
2.38,0.555844,-0.112813,-0.0197852,0.020527,-0.209119
2.381,0.555731,-0.113003,-0.0197647,0.0205184,-0.209119
2.382,0.555618,-0.113193,-0.0197442,0.0205103,-0.209119
2.383,0.555505,-0.113382,-0.0197237,0.0205026,-0.209119
2.384,0.555391,-0.113572,-0.0197032,0.0204953,-0.209119
2.385,0.555278,-0.113762,-0.0196827,0.0204885,-0.209119
2.386,0.555164,-0.113952,-0.0196622,0.0204821,-0.209119
2.387,0.55505,-0.114141,-0.0196417,0.0204762,-0.209119
2.388,0.554936,-0.114331,-0.0196212,0.0204706,-0.209119
2.389,0.554821,-0.114521,-0.0196008,0.0204656,-0.209119
2.39,0.554707,-0.114711,-0.0195803,0.020461,-0.209119
2.391,0.554592,-0.114901,-0.0195599,0.0204568,-0.209119
2.392,0.554477,-0.115091,-0.0195394,0.0204531,-0.209119
2.393,0.554362,-0.115281,-0.0195189,0.0204498,-0.209119
2.394,0.554246,-0.115471,-0.0194985,0.0204469,-0.209119
2.395,0.554131,-0.115661,-0.0194781,0.0204445,-0.209119
2.396,0.554015,-0.115851,-0.0194576,0.0204425,-0.209119
2.397,0.553899,-0.116041,-0.0194372,0.020441,-0.209119
2.398,0.553783,-0.116231,-0.0194167,0.0204399,-0.209119
2.399,0.553666,-0.116421,-0.0193963,0.0204393,-0.209119
2.4,0.55355,-0.116607,-0.0193759,0.02043,-0.204601
2.401,0.553433,-0.116792,-0.0193554,0.0204213,-0.204601
2.402,0.553316,-0.116978,-0.019335,0.0204129,-0.204601
2.403,0.553199,-0.117164,-0.0193146,0.020405,-0.204601
2.404,0.553082,-0.117349,-0.0192942,0.0203975,-0.204601
2.405,0.552965,-0.117535,-0.0192738,0.0203905,-0.204601
2.406,0.552847,-0.117721,-0.0192534,0.0203839,-0.204601
2.407,0.552729,-0.117906,-0.019233,0.0203777,-0.204601
2.408,0.552611,-0.118092,-0.0192127,0.020372,-0.204601
2.409,0.552493,-0.118278,-0.0191923,0.0203667,-0.204601
2.41,0.552375,-0.118464,-0.0191719,0.0203619,-0.204601
2.411,0.552256,-0.118649,-0.0191516,0.0203575,-0.204601
2.412,0.552137,-0.118835,-0.0191312,0.0203535,-0.204601
2.413,0.552018,-0.119021,-0.0191109,0.02035,-0.204601
2.414,0.551899,-0.119207,-0.0190905,0.0203469,-0.204601
2.415,0.55178,-0.119393,-0.0190702,0.0203443,-0.204601
2.416,0.55166,-0.119579,-0.0190498,0.0203421,-0.204601
2.417,0.551541,-0.119765,-0.0190295,0.0203403,-0.204601
2.418,0.551421,-0.119951,-0.0190091,0.020339,-0.204601
2.419,0.551301,-0.120137,-0.0189888,0.0203381,-0.204601
2.42,0.551181,-0.120318,-0.0189685,0.0203287,-0.200109
2.421,0.55106,-0.1205,-0.0189481,0.0203197,-0.200109
2.422,0.55094,-0.120681,-0.0189278,0.0203112,-0.200109
2.423,0.550819,-0.120863,-0.0189075,0.0203031,-0.200109
2.424,0.550698,-0.121044,-0.0188872,0.0202954,-0.200109
2.425,0.550577,-0.121226,-0.0188669,0.0202882,-0.200109
2.426,0.550455,-0.121407,-0.0188466,0.0202814,-0.200109
2.427,0.550334,-0.121589,-0.0188264,0.020275,-0.200109
2.428,0.550212,-0.121771,-0.0188061,0.0202691,-0.200109
2.429,0.55009,-0.121952,-0.0187858,0.0202636,-0.200109
2.43,0.549968,-0.122134,-0.0187656,0.0202586,-0.200109
2.431,0.549846,-0.122316,-0.0187453,0.020254,-0.200109
2.432,0.549724,-0.122497,-0.0187251,0.0202498,-0.200109
2.433,0.549601,-0.122679,-0.0187048,0.0202461,-0.200109
2.434,0.549478,-0.122861,-0.0186846,0.0202428,-0.200109
2.435,0.549355,-0.123043,-0.0186643,0.0202399,-0.200109
2.436,0.549232,-0.123225,-0.0186441,0.0202375,-0.200109
2.437,0.549109,-0.123406,-0.0186239,0.0202355,-0.200109
2.438,0.548986,-0.123588,-0.0186036,0.020234,-0.200109
2.439,0.548862,-0.12377,-0.0185834,0.0202329,-0.200109
2.44,0.548738,-0.123948,-0.0185632,0.0202233,-0.195646
2.441,0.548614,-0.124125,-0.0185429,0.0202141,-0.195646
2.442,0.54849,-0.124302,-0.0185227,0.0202054,-0.195646
2.443,0.548365,-0.12448,-0.0185025,0.0201971,-0.195646
2.444,0.548241,-0.124657,-0.0184823,0.0201892,-0.195646
2.445,0.548116,-0.124835,-0.0184622,0.0201818,-0.195646
2.446,0.547991,-0.125013,-0.018442,0.0201748,-0.195646
2.447,0.547866,-0.12519,-0.0184218,0.0201683,-0.195646
2.448,0.547741,-0.125368,-0.0184016,0.0201621,-0.195646
2.449,0.547615,-0.125545,-0.0183815,0.0201565,-0.195646
2.45,0.54749,-0.125723,-0.0183613,0.0201512,-0.195646
2.451,0.547364,-0.125901,-0.0183412,0.0201464,-0.195646
2.452,0.547238,-0.126078,-0.018321,0.020142,-0.195646
2.453,0.547112,-0.126256,-0.0183009,0.0201381,-0.195646
2.454,0.546985,-0.126434,-0.0182808,0.0201346,-0.195646
2.455,0.546859,-0.126611,-0.0182606,0.0201315,-0.195646
2.456,0.546732,-0.126789,-0.0182405,0.0201289,-0.195646
2.457,0.546605,-0.126967,-0.0182204,0.0201267,-0.195646
2.458,0.546478,-0.127145,-0.0182002,0.0201249,-0.195646
2.459,0.546351,-0.127322,-0.0181801,0.0201236,-0.195646
2.46,0.546224,-0.127496,-0.01816,0.0201138,-0.19121
2.461,0.546096,-0.127669,-0.0181399,0.0201045,-0.19121
2.462,0.545968,-0.127843,-0.0181198,0.0200956,-0.19121
2.463,0.54584,-0.128016,-0.0180997,0.0200871,-0.19121
2.464,0.545712,-0.128189,-0.0180796,0.0200791,-0.19121
2.465,0.545584,-0.128363,-0.0180595,0.0200715,-0.19121
2.466,0.545455,-0.128536,-0.0180395,0.0200643,-0.19121
2.467,0.545327,-0.12871,-0.0180194,0.0200576,-0.19121
2.468,0.545198,-0.128884,-0.0179994,0.0200513,-0.19121
2.469,0.545069,-0.129057,-0.0179793,0.0200454,-0.19121
2.47,0.54494,-0.129231,-0.0179593,0.02004,-0.19121
2.471,0.544811,-0.129404,-0.0179392,0.020035,-0.19121
2.472,0.544681,-0.129578,-0.0179192,0.0200304,-0.19121
2.473,0.544551,-0.129752,-0.0178992,0.0200263,-0.19121
2.474,0.544422,-0.129925,-0.0178791,0.0200226,-0.19121
2.475,0.544292,-0.130099,-0.0178591,0.0200193,-0.19121
2.476,0.544161,-0.130273,-0.0178391,0.0200165,-0.19121
2.477,0.544031,-0.130446,-0.0178191,0.0200141,-0.19121
2.478,0.5439,-0.13062,-0.0177991,0.0200121,-0.19121
2.479,0.54377,-0.130794,-0.0177791,0.0200106,-0.19121
2.48,0.543639,-0.130963,-0.0177591,0.0200006,-0.186803
2.481,0.543508,-0.131133,-0.0177391,0.0199911,-0.186803
2.482,0.543377,-0.131302,-0.0177191,0.0199821,-0.186803
2.483,0.543245,-0.131471,-0.0176991,0.0199735,-0.186803
2.484,0.543114,-0.131641,-0.0176791,0.0199653,-0.186803
2.485,0.542982,-0.13181,-0.0176592,0.0199575,-0.186803
2.486,0.54285,-0.13198,-0.0176392,0.0199502,-0.186803
2.487,0.542718,-0.132149,-0.0176193,0.0199433,-0.186803
2.488,0.542586,-0.132319,-0.0175993,0.0199368,-0.186803
2.489,0.542453,-0.132488,-0.0175794,0.0199307,-0.186803
2.49,0.542321,-0.132658,-0.0175595,0.0199251,-0.186803
2.491,0.542188,-0.132828,-0.0175395,0.0199199,-0.186803
2.492,0.542055,-0.132997,-0.0175196,0.0199152,-0.186803
2.493,0.541922,-0.133167,-0.0174997,0.0199109,-0.186803
2.494,0.541789,-0.133336,-0.0174798,0.019907,-0.186803
2.495,0.541655,-0.133506,-0.0174599,0.0199035,-0.186803
2.496,0.541522,-0.133676,-0.01744,0.0199005,-0.186803
2.497,0.541388,-0.133845,-0.0174201,0.0198978,-0.186803
2.498,0.541254,-0.134015,-0.0174002,0.0198957,-0.186803
2.499,0.54112,-0.134185,-0.0173803,0.0198939,-0.186803
2.5,0.540986,-0.13435,-0.0173604,0.0198839,-0.182425
2.501,0.540851,-0.134516,-0.0173405,0.0198742,-0.182425
2.502,0.540717,-0.134681,-0.0173207,0.019865,-0.182425
2.503,0.540582,-0.134847,-0.0173008,0.0198562,-0.182425
2.504,0.540447,-0.135012,-0.017281,0.0198479,-0.182425
2.505,0.540312,-0.135177,-0.0172611,0.0198399,-0.182425
2.506,0.540177,-0.135343,-0.0172413,0.0198324,-0.182425
2.507,0.540041,-0.135509,-0.0172214,0.0198254,-0.182425
2.508,0.539906,-0.135674,-0.0172016,0.0198187,-0.182425
2.509,0.53977,-0.13584,-0.0171818,0.0198125,-0.182425
2.51,0.539634,-0.136005,-0.017162,0.0198067,-0.182425
2.511,0.539498,-0.136171,-0.0171422,0.0198013,-0.182425
2.512,0.539362,-0.136336,-0.0171224,0.0197964,-0.182425
2.513,0.539225,-0.136502,-0.0171026,0.0197919,-0.182425
2.514,0.539089,-0.136668,-0.0170828,0.0197878,-0.182425
2.515,0.538952,-0.136833,-0.017063,0.0197842,-0.182425
2.516,0.538815,-0.136999,-0.0170432,0.019781,-0.182425
2.517,0.538678,-0.137165,-0.0170235,0.0197782,-0.182425
2.518,0.538541,-0.137331,-0.0170037,0.0197758,-0.182425
2.519,0.538403,-0.137496,-0.0169839,0.0197738,-0.182425
2.52,0.538266,-0.137658,-0.0169641,0.0197636,-0.178077
2.521,0.538128,-0.137819,-0.0169444,0.0197538,-0.178077
2.522,0.53799,-0.137981,-0.0169246,0.0197445,-0.178077
2.523,0.537852,-0.138142,-0.0169049,0.0197356,-0.178077
2.524,0.537714,-0.138304,-0.0168852,0.019727,-0.178077
2.525,0.537575,-0.138465,-0.0168654,0.019719,-0.178077
2.526,0.537437,-0.138627,-0.0168457,0.0197113,-0.178077
2.527,0.537298,-0.138788,-0.016826,0.0197041,-0.178077
2.528,0.537159,-0.13895,-0.0168063,0.0196973,-0.178077
2.529,0.53702,-0.139111,-0.0167866,0.0196909,-0.178077
2.53,0.536881,-0.139273,-0.0167669,0.0196849,-0.178077
2.531,0.536742,-0.139435,-0.0167473,0.0196794,-0.178077
2.532,0.536602,-0.139596,-0.0167276,0.0196743,-0.178077
2.533,0.536462,-0.139758,-0.0167079,0.0196696,-0.178077
2.534,0.536323,-0.13992,-0.0166882,0.0196654,-0.178077
2.535,0.536183,-0.140081,-0.0166686,0.0196616,-0.178077
2.536,0.536042,-0.140243,-0.0166489,0.0196581,-0.178077
2.537,0.535902,-0.140405,-0.0166293,0.0196552,-0.178077
2.538,0.535762,-0.140567,-0.0166096,0.0196526,-0.178077
2.539,0.535621,-0.140728,-0.0165899,0.0196505,-0.178077
2.54,0.53548,-0.140886,-0.0165703,0.0196401,-0.17376
2.541,0.535339,-0.141043,-0.0165507,0.0196302,-0.17376
2.542,0.535198,-0.141201,-0.016531,0.0196207,-0.17376
2.543,0.535057,-0.141359,-0.0165114,0.0196116,-0.17376
2.544,0.534915,-0.141516,-0.0164918,0.019603,-0.17376
2.545,0.534774,-0.141674,-0.0164722,0.0195948,-0.17376
2.546,0.534632,-0.141831,-0.0164526,0.019587,-0.17376
2.547,0.53449,-0.141989,-0.016433,0.0195796,-0.17376
2.548,0.534348,-0.142147,-0.0164135,0.0195726,-0.17376
2.549,0.534206,-0.142304,-0.0163939,0.0195661,-0.17376
2.55,0.534063,-0.142462,-0.0163743,0.01956,-0.17376
2.551,0.533921,-0.14262,-0.0163548,0.0195543,-0.17376
2.552,0.533778,-0.142777,-0.0163352,0.019549,-0.17376
2.553,0.533635,-0.142935,-0.0163157,0.0195442,-0.17376
2.554,0.533492,-0.143093,-0.0162961,0.0195398,-0.17376
2.555,0.533349,-0.143251,-0.0162766,0.0195358,-0.17376
2.556,0.533206,-0.143408,-0.0162571,0.0195322,-0.17376
2.557,0.533062,-0.143566,-0.0162375,0.019529,-0.17376
2.558,0.532919,-0.143724,-0.016218,0.0195263,-0.17376
2.559,0.532775,-0.143882,-0.0161985,0.019524,-0.17376
2.56,0.532631,-0.144036,-0.016179,0.0195135,-0.169474
2.561,0.532487,-0.144189,-0.0161595,0.0195035,-0.169474
2.562,0.532343,-0.144343,-0.01614,0.0194938,-0.169474
2.563,0.532198,-0.144496,-0.0161205,0.0194846,-0.169474
2.564,0.532054,-0.14465,-0.016101,0.0194759,-0.169474
2.565,0.531909,-0.144804,-0.0160815,0.0194675,-0.169474
2.566,0.531764,-0.144958,-0.0160621,0.0194595,-0.169474
2.567,0.531619,-0.145111,-0.0160426,0.019452,-0.169474
2.568,0.531474,-0.145265,-0.0160232,0.0194449,-0.169474
2.569,0.531328,-0.145419,-0.0160037,0.0194382,-0.169474
2.57,0.531183,-0.145573,-0.0159843,0.019432,-0.169474
2.571,0.531037,-0.145726,-0.0159648,0.0194261,-0.169474
2.572,0.530891,-0.14588,-0.0159454,0.0194207,-0.169474
2.573,0.530745,-0.146034,-0.015926,0.0194157,-0.169474
2.574,0.530599,-0.146188,-0.0159066,0.0194111,-0.169474
2.575,0.530453,-0.146342,-0.0158872,0.019407,-0.169474
2.576,0.530307,-0.146496,-0.0158678,0.0194032,-0.169474
2.577,0.53016,-0.14665,-0.0158484,0.0193999,-0.169474
2.578,0.530013,-0.146803,-0.015829,0.019397,-0.169474
2.579,0.529867,-0.146957,-0.0158096,0.0193945,-0.169474
2.58,0.529719,-0.147107,-0.0157902,0.0193839,-0.165219
2.581,0.529572,-0.147257,-0.0157708,0.0193737,-0.165219
2.582,0.529425,-0.147407,-0.0157514,0.019364,-0.165219
2.583,0.529277,-0.147556,-0.0157321,0.0193547,-0.165219
2.584,0.52913,-0.147706,-0.0157127,0.0193458,-0.165219
2.585,0.528982,-0.147856,-0.0156934,0.0193373,-0.165219
2.586,0.528834,-0.148006,-0.0156741,0.0193292,-0.165219
2.587,0.528686,-0.148156,-0.0156547,0.0193215,-0.165219
2.588,0.528538,-0.148306,-0.0156354,0.0193143,-0.165219
2.589,0.528389,-0.148455,-0.0156161,0.0193075,-0.165219
2.59,0.528241,-0.148605,-0.0155968,0.0193011,-0.165219
2.591,0.528092,-0.148755,-0.0155775,0.0192951,-0.165219
2.592,0.527943,-0.148905,-0.0155582,0.0192895,-0.165219
2.593,0.527794,-0.149055,-0.0155389,0.0192843,-0.165219
2.594,0.527645,-0.149205,-0.0155196,0.0192796,-0.165219
2.595,0.527496,-0.149355,-0.0155004,0.0192753,-0.165219
2.596,0.527347,-0.149505,-0.0154811,0.0192714,-0.165219
2.597,0.527197,-0.149655,-0.0154618,0.0192679,-0.165219
2.598,0.527047,-0.149805,-0.0154426,0.0192648,-0.165219
2.599,0.526897,-0.149955,-0.0154233,0.0192621,-0.165219
2.6,0.526747,-0.150101,-0.015404,0.0192514,-0.160996
2.601,0.526597,-0.150247,-0.0153848,0.0192412,-0.160996
2.602,0.526447,-0.150393,-0.0153656,0.0192313,-0.160996
2.603,0.526296,-0.150539,-0.0153463,0.0192219,-0.160996
2.604,0.526146,-0.150685,-0.0153271,0.0192128,-0.160996
2.605,0.525995,-0.150831,-0.0153079,0.0192042,-0.160996
2.606,0.525844,-0.150977,-0.0152887,0.019196,-0.160996
2.607,0.525693,-0.151123,-0.0152695,0.0191882,-0.160996
2.608,0.525542,-0.151269,-0.0152503,0.0191809,-0.160996
2.609,0.525391,-0.151415,-0.0152311,0.0191739,-0.160996
2.61,0.525239,-0.151561,-0.015212,0.0191674,-0.160996
2.611,0.525087,-0.151707,-0.0151928,0.0191612,-0.160996
2.612,0.524936,-0.151853,-0.0151737,0.0191555,-0.160996
2.613,0.524784,-0.151999,-0.0151545,0.0191502,-0.160996
2.614,0.524632,-0.152145,-0.0151354,0.0191453,-0.160996
2.615,0.524479,-0.152292,-0.0151162,0.0191409,-0.160996
2.616,0.524327,-0.152438,-0.0150971,0.0191368,-0.160996
2.617,0.524175,-0.152584,-0.0150779,0.0191331,-0.160996
2.618,0.524022,-0.15273,-0.0150588,0.0191299,-0.160996
2.619,0.523869,-0.152876,-0.0150397,0.0191271,-0.160996
2.62,0.523716,-0.153019,-0.0150206,0.0191163,-0.156805
2.621,0.523563,-0.153161,-0.0150014,0.0191059,-0.156805
2.622,0.52341,-0.153303,-0.0149823,0.0190959,-0.156805
2.623,0.523256,-0.153445,-0.0149633,0.0190864,-0.156805
2.624,0.523103,-0.153587,-0.0149442,0.0190772,-0.156805
2.625,0.522949,-0.153729,-0.0149251,0.0190685,-0.156805
2.626,0.522795,-0.153871,-0.014906,0.0190602,-0.156805
2.627,0.522642,-0.154013,-0.014887,0.0190523,-0.156805
2.628,0.522487,-0.154156,-0.0148679,0.0190448,-0.156805
2.629,0.522333,-0.154298,-0.0148489,0.0190377,-0.156805
2.63,0.522179,-0.15444,-0.0148299,0.019031,-0.156805
2.631,0.522024,-0.154582,-0.0148108,0.0190248,-0.156805
2.632,0.52187,-0.154725,-0.0147918,0.0190189,-0.156805
2.633,0.521715,-0.154867,-0.0147728,0.0190135,-0.156805
2.634,0.52156,-0.155009,-0.0147538,0.0190084,-0.156805
2.635,0.521405,-0.155152,-0.0147348,0.0190038,-0.156805
2.636,0.52125,-0.155294,-0.0147158,0.0189996,-0.156805
2.637,0.521094,-0.155436,-0.0146968,0.0189958,-0.156805
2.638,0.520939,-0.155579,-0.0146778,0.0189924,-0.156805
2.639,0.520783,-0.155721,-0.0146588,0.0189894,-0.156805
2.64,0.520627,-0.155859,-0.0146398,0.0189785,-0.152648
2.641,0.520471,-0.155998,-0.0146208,0.0189681,-0.152648
2.642,0.520315,-0.156136,-0.0146019,0.018958,-0.152648
2.643,0.520159,-0.156274,-0.0145829,0.0189483,-0.152648
2.644,0.520003,-0.156413,-0.014564,0.0189391,-0.152648
2.645,0.519846,-0.156551,-0.014545,0.0189302,-0.152648
2.646,0.51969,-0.15669,-0.0145261,0.0189218,-0.152648
2.647,0.519533,-0.156828,-0.0145072,0.0189138,-0.152648
2.648,0.519376,-0.156966,-0.0144883,0.0189062,-0.152648
2.649,0.519219,-0.157105,-0.0144694,0.018899,-0.152648
2.65,0.519062,-0.157243,-0.0144505,0.0188922,-0.152648
2.651,0.518905,-0.157382,-0.0144316,0.0188858,-0.152648
2.652,0.518747,-0.15752,-0.0144127,0.0188798,-0.152648
2.653,0.518589,-0.157659,-0.0143938,0.0188742,-0.152648
2.654,0.518432,-0.157797,-0.014375,0.018869,-0.152648
2.655,0.518274,-0.157936,-0.0143561,0.0188643,-0.152648
2.656,0.518116,-0.158074,-0.0143372,0.0188599,-0.152648
2.657,0.517958,-0.158213,-0.0143184,0.018856,-0.152648
2.658,0.517799,-0.158352,-0.0142995,0.0188524,-0.152648
2.659,0.517641,-0.15849,-0.0142807,0.0188493,-0.152648
2.66,0.517482,-0.158625,-0.0142618,0.0188383,-0.148523
2.661,0.517324,-0.158759,-0.014243,0.0188278,-0.148523
2.662,0.517165,-0.158894,-0.0142242,0.0188176,-0.148523
2.663,0.517006,-0.159028,-0.0142054,0.0188078,-0.148523
2.664,0.516847,-0.159163,-0.0141866,0.0187985,-0.148523
2.665,0.516688,-0.159298,-0.0141678,0.0187896,-0.148523
2.666,0.516528,-0.159432,-0.014149,0.018781,-0.148523
2.667,0.516369,-0.159567,-0.0141302,0.0187729,-0.148523
2.668,0.516209,-0.159702,-0.0141114,0.0187652,-0.148523
2.669,0.516049,-0.159836,-0.0140927,0.0187578,-0.148523
2.67,0.515889,-0.159971,-0.0140739,0.0187509,-0.148523
2.671,0.515729,-0.160106,-0.0140552,0.0187444,-0.148523
2.672,0.515569,-0.16024,-0.0140364,0.0187383,-0.148523
2.673,0.515409,-0.160375,-0.0140177,0.0187326,-0.148523
2.674,0.515249,-0.16051,-0.013999,0.0187273,-0.148523
2.675,0.515088,-0.160645,-0.0139802,0.0187224,-0.148523
2.676,0.514927,-0.16078,-0.0139615,0.0187179,-0.148523
2.677,0.514766,-0.160914,-0.0139428,0.0187138,-0.148523
2.678,0.514605,-0.161049,-0.0139241,0.0187101,-0.148523
2.679,0.514444,-0.161184,-0.0139054,0.0187068,-0.148523
2.68,0.514283,-0.161315,-0.0138867,0.0186958,-0.144432
2.681,0.514122,-0.161446,-0.013868,0.0186851,-0.144432
2.682,0.51396,-0.161577,-0.0138493,0.0186749,-0.144432
2.683,0.513799,-0.161708,-0.0138306,0.018665,-0.144432
2.684,0.513637,-0.161838,-0.013812,0.0186556,-0.144432
2.685,0.513475,-0.161969,-0.0137933,0.0186465,-0.144432
2.686,0.513313,-0.1621,-0.0137747,0.0186379,-0.144432
2.687,0.513151,-0.162231,-0.013756,0.0186297,-0.144432
2.688,0.512988,-0.162362,-0.0137374,0.0186218,-0.144432
2.689,0.512826,-0.162493,-0.0137188,0.0186144,-0.144432
2.69,0.512663,-0.162624,-0.0137002,0.0186074,-0.144432
2.691,0.512501,-0.162755,-0.0136816,0.0186007,-0.144432
2.692,0.512338,-0.162886,-0.013663,0.0185945,-0.144432
2.693,0.512175,-0.163017,-0.0136444,0.0185887,-0.144432
2.694,0.512012,-0.163148,-0.0136258,0.0185833,-0.144432
2.695,0.511849,-0.163279,-0.0136072,0.0185782,-0.144432
2.696,0.511685,-0.16341,-0.0135887,0.0185736,-0.144432
2.697,0.511522,-0.163541,-0.0135701,0.0185694,-0.144432
2.698,0.511358,-0.163673,-0.0135515,0.0185656,-0.144432
2.699,0.511194,-0.163804,-0.013533,0.0185621,-0.144432
2.7,0.511031,-0.163931,-0.0135144,0.018551,-0.140375
2.701,0.510867,-0.164058,-0.0134959,0.0185403,-0.140375
2.702,0.510702,-0.164185,-0.0134773,0.0185299,-0.140375
2.703,0.510538,-0.164312,-0.0134588,0.01852,-0.140375
2.704,0.510374,-0.164439,-0.0134403,0.0185105,-0.140375
2.705,0.510209,-0.164567,-0.0134218,0.0185013,-0.140375
2.706,0.510045,-0.164694,-0.0134033,0.0184926,-0.140375
2.707,0.50988,-0.164821,-0.0133848,0.0184843,-0.140375
2.708,0.509715,-0.164948,-0.0133663,0.0184763,-0.140375
2.709,0.50955,-0.165076,-0.0133478,0.0184688,-0.140375
2.71,0.509385,-0.165203,-0.0133294,0.0184616,-0.140375
2.711,0.50922,-0.16533,-0.0133109,0.0184549,-0.140375
2.712,0.509054,-0.165457,-0.0132925,0.0184486,-0.140375
2.713,0.508889,-0.165585,-0.013274,0.0184426,-0.140375
2.714,0.508723,-0.165712,-0.0132556,0.0184371,-0.140375
2.715,0.508557,-0.16584,-0.0132371,0.0184319,-0.140375
2.716,0.508391,-0.165967,-0.0132187,0.0184272,-0.140375
2.717,0.508225,-0.166094,-0.0132003,0.0184228,-0.140375
2.718,0.508059,-0.166222,-0.0131819,0.0184189,-0.140375
2.719,0.507893,-0.166349,-0.0131634,0.0184153,-0.140375
2.72,0.507726,-0.166473,-0.013145,0.0184041,-0.136352
2.721,0.50756,-0.166596,-0.0131266,0.0183933,-0.136352
2.722,0.507393,-0.16672,-0.0131083,0.0183829,-0.136352
2.723,0.507227,-0.166843,-0.0130899,0.0183729,-0.136352
2.724,0.50706,-0.166967,-0.0130715,0.0183633,-0.136352
2.725,0.506893,-0.16709,-0.0130531,0.018354,-0.136352
2.726,0.506725,-0.167214,-0.0130348,0.0183452,-0.136352
2.727,0.506558,-0.167337,-0.0130165,0.0183368,-0.136352
2.728,0.506391,-0.167461,-0.0129981,0.0183287,-0.136352
2.729,0.506223,-0.167585,-0.0129798,0.0183211,-0.136352
2.73,0.506056,-0.167708,-0.0129615,0.0183139,-0.136352
2.731,0.505888,-0.167832,-0.0129432,0.018307,-0.136352
2.732,0.50572,-0.167956,-0.0129249,0.0183006,-0.136352
2.733,0.505552,-0.168079,-0.0129066,0.0182945,-0.136352
2.734,0.505384,-0.168203,-0.0128883,0.0182888,-0.136352
2.735,0.505216,-0.168327,-0.01287,0.0182836,-0.136352
2.736,0.505047,-0.16845,-0.0128517,0.0182787,-0.136352
2.737,0.504879,-0.168574,-0.0128334,0.0182742,-0.136352
2.738,0.50471,-0.168698,-0.0128152,0.0182701,-0.136352
2.739,0.504541,-0.168822,-0.0127969,0.0182665,-0.136352
2.74,0.504372,-0.168941,-0.0127786,0.0182552,-0.132364
2.741,0.504203,-0.169061,-0.0127604,0.0182443,-0.132364
2.742,0.504034,-0.169181,-0.0127421,0.0182338,-0.132364
2.743,0.503865,-0.169301,-0.0127239,0.0182237,-0.132364
2.744,0.503696,-0.169421,-0.0127057,0.018214,-0.132364
2.745,0.503526,-0.169541,-0.0126875,0.0182047,-0.132364
2.746,0.503357,-0.169661,-0.0126693,0.0181958,-0.132364
2.747,0.503187,-0.169781,-0.0126511,0.0181873,-0.132364
2.748,0.503017,-0.169901,-0.0126329,0.0181792,-0.132364
2.749,0.502847,-0.170021,-0.0126147,0.0181714,-0.132364
2.75,0.502677,-0.170141,-0.0125966,0.0181641,-0.132364
2.751,0.502507,-0.170261,-0.0125784,0.0181572,-0.132364
2.752,0.502336,-0.170381,-0.0125603,0.0181506,-0.132364
2.753,0.502166,-0.170501,-0.0125421,0.0181444,-0.132364
2.754,0.501995,-0.170621,-0.012524,0.0181387,-0.132364
2.755,0.501825,-0.170741,-0.0125058,0.0181333,-0.132364
2.756,0.501654,-0.170861,-0.0124877,0.0181283,-0.132364
2.757,0.501483,-0.170981,-0.0124696,0.0181237,-0.132364
2.758,0.501312,-0.171101,-0.0124515,0.0181195,-0.132364
2.759,0.501141,-0.171221,-0.0124333,0.0181157,-0.132364
2.76,0.50097,-0.171338,-0.0124152,0.0181043,-0.128411
2.761,0.500798,-0.171454,-0.0123971,0.0180934,-0.128411
2.762,0.500627,-0.17157,-0.012379,0.0180829,-0.128411
2.763,0.500455,-0.171686,-0.012361,0.0180727,-0.128411
2.764,0.500283,-0.171803,-0.0123429,0.0180629,-0.128411
2.765,0.500111,-0.171919,-0.0123248,0.0180535,-0.128411
2.766,0.499939,-0.172035,-0.0123068,0.0180446,-0.128411
2.767,0.499767,-0.172152,-0.0122887,0.018036,-0.128411
2.768,0.499595,-0.172268,-0.0122707,0.0180277,-0.128411
2.769,0.499423,-0.172384,-0.0122527,0.0180199,-0.128411
2.77,0.49925,-0.172501,-0.0122347,0.0180125,-0.128411
2.771,0.499078,-0.172617,-0.0122167,0.0180054,-0.128411
2.772,0.498905,-0.172734,-0.0121987,0.0179988,-0.128411
2.773,0.498732,-0.17285,-0.0121807,0.0179925,-0.128411
2.774,0.498559,-0.172967,-0.0121627,0.0179866,-0.128411
2.775,0.498386,-0.173083,-0.0121447,0.0179812,-0.128411
2.776,0.498213,-0.1732,-0.0121267,0.017976,-0.128411
2.777,0.49804,-0.173316,-0.0121087,0.0179713,-0.128411
2.778,0.497867,-0.173433,-0.0120908,0.017967,-0.128411
2.779,0.497693,-0.173549,-0.0120728,0.0179631,-0.128411
2.78,0.497519,-0.173662,-0.0120548,0.0179517,-0.124493
2.781,0.497346,-0.173775,-0.0120369,0.0179407,-0.124493
2.782,0.497172,-0.173887,-0.012019,0.0179301,-0.124493
2.783,0.496998,-0.174,-0.012001,0.0179198,-0.124493
2.784,0.496824,-0.174113,-0.0119831,0.01791,-0.124493
2.785,0.49665,-0.174225,-0.0119652,0.0179006,-0.124493
2.786,0.496475,-0.174338,-0.0119473,0.0178915,-0.124493
2.787,0.496301,-0.174451,-0.0119294,0.0178828,-0.124493
2.788,0.496127,-0.174564,-0.0119116,0.0178745,-0.124493
2.789,0.495952,-0.174677,-0.0118937,0.0178666,-0.124493
2.79,0.495777,-0.174789,-0.0118758,0.0178591,-0.124493
2.791,0.495602,-0.174902,-0.011858,0.017852,-0.124493
2.792,0.495427,-0.175015,-0.0118401,0.0178452,-0.124493
2.793,0.495252,-0.175128,-0.0118223,0.0178388,-0.124493
2.794,0.495077,-0.175241,-0.0118044,0.0178329,-0.124493
2.795,0.494902,-0.175354,-0.0117866,0.0178273,-0.124493
2.796,0.494726,-0.175467,-0.0117688,0.0178221,-0.124493
2.797,0.494551,-0.17558,-0.011751,0.0178172,-0.124493
2.798,0.494375,-0.175693,-0.0117332,0.0178128,-0.124493
2.799,0.4942,-0.175806,-0.0117153,0.0178087,-0.124493
2.8,0.494024,-0.175915,-0.0116975,0.0177973,-0.120611
2.801,0.493848,-0.176024,-0.0116798,0.0177862,-0.120611
2.802,0.493672,-0.176133,-0.011662,0.0177756,-0.120611
2.803,0.493495,-0.176242,-0.0116442,0.0177653,-0.120611
2.804,0.493319,-0.176352,-0.0116264,0.0177554,-0.120611
2.805,0.493143,-0.176461,-0.0116087,0.0177459,-0.120611
2.806,0.492966,-0.17657,-0.0115909,0.0177367,-0.120611
2.807,0.49279,-0.176679,-0.0115732,0.017728,-0.120611
2.808,0.492613,-0.176789,-0.0115555,0.0177196,-0.120611
2.809,0.492436,-0.176898,-0.0115378,0.0177116,-0.120611
2.81,0.492259,-0.177007,-0.0115201,0.017704,-0.120611
2.811,0.492082,-0.177116,-0.0115024,0.0176968,-0.120611
2.812,0.491905,-0.177226,-0.0114847,0.01769,-0.120611
2.813,0.491728,-0.177335,-0.011467,0.0176835,-0.120611
2.814,0.49155,-0.177444,-0.0114493,0.0176774,-0.120611
2.815,0.491373,-0.177554,-0.0114316,0.0176717,-0.120611
2.816,0.491195,-0.177663,-0.011414,0.0176664,-0.120611
2.817,0.491017,-0.177773,-0.0113963,0.0176615,-0.120611
2.818,0.49084,-0.177882,-0.0113786,0.0176569,-0.120611
2.819,0.490662,-0.177992,-0.011361,0.0176528,-0.120611
2.82,0.490484,-0.178097,-0.0113433,0.0176413,-0.116765
2.821,0.490305,-0.178203,-0.0113257,0.0176302,-0.116765
2.822,0.490127,-0.178309,-0.0113081,0.0176195,-0.116765
2.823,0.489949,-0.178414,-0.0112905,0.0176091,-0.116765
2.824,0.48977,-0.17852,-0.0112729,0.0175991,-0.116765
2.825,0.489592,-0.178626,-0.0112553,0.0175896,-0.116765
2.826,0.489413,-0.178731,-0.0112377,0.0175804,-0.116765
2.827,0.489234,-0.178837,-0.0112201,0.0175715,-0.116765
2.828,0.489055,-0.178943,-0.0112025,0.0175631,-0.116765
2.829,0.488876,-0.179049,-0.011185,0.017555,-0.116765
2.83,0.488697,-0.179154,-0.0111674,0.0175474,-0.116765
2.831,0.488518,-0.17926,-0.0111499,0.0175401,-0.116765
2.832,0.488339,-0.179366,-0.0111323,0.0175331,-0.116765
2.833,0.488159,-0.179472,-0.0111148,0.0175266,-0.116765
2.834,0.48798,-0.179578,-0.0110973,0.0175204,-0.116765
2.835,0.4878,-0.179684,-0.0110798,0.0175146,-0.116765
2.836,0.48762,-0.17979,-0.0110623,0.0175092,-0.116765
2.837,0.487441,-0.179896,-0.0110448,0.0175042,-0.116765
2.838,0.487261,-0.180001,-0.0110273,0.0174995,-0.116765
2.839,0.487081,-0.180107,-0.0110098,0.0174952,-0.116765
2.84,0.4869,-0.18021,-0.0109923,0.0174837,-0.112955
2.841,0.48672,-0.180312,-0.0109748,0.0174726,-0.112955
2.842,0.48654,-0.180414,-0.0109573,0.0174618,-0.112955
2.843,0.486359,-0.180516,-0.0109399,0.0174514,-0.112955
2.844,0.486179,-0.180618,-0.0109224,0.0174414,-0.112955
2.845,0.485998,-0.180721,-0.010905,0.0174317,-0.112955
2.846,0.485817,-0.180823,-0.0108876,0.0174225,-0.112955
2.847,0.485636,-0.180925,-0.0108701,0.0174136,-0.112955
2.848,0.485456,-0.181028,-0.0108527,0.0174051,-0.112955
2.849,0.485274,-0.18113,-0.0108353,0.0173969,-0.112955
2.85,0.485093,-0.181232,-0.0108179,0.0173892,-0.112955
2.851,0.484912,-0.181335,-0.0108006,0.0173818,-0.112955
2.852,0.484731,-0.181437,-0.0107832,0.0173748,-0.112955
2.853,0.484549,-0.181539,-0.0107658,0.0173682,-0.112955
2.854,0.484367,-0.181642,-0.0107484,0.0173619,-0.112955
2.855,0.484186,-0.181744,-0.0107311,0.017356,-0.112955
2.856,0.484004,-0.181847,-0.0107137,0.0173505,-0.112955
2.857,0.483822,-0.181949,-0.0106964,0.0173454,-0.112955
2.858,0.48364,-0.182051,-0.010679,0.0173406,-0.112955
2.859,0.483458,-0.182154,-0.0106617,0.0173362,-0.112955
2.86,0.483276,-0.182253,-0.0106444,0.0173247,-0.109181
2.861,0.483094,-0.182351,-0.010627,0.0173135,-0.109181
2.862,0.482911,-0.18245,-0.0106097,0.0173027,-0.109181
2.863,0.482729,-0.182549,-0.0105924,0.0172922,-0.109181
2.864,0.482546,-0.182648,-0.0105752,0.0172822,-0.109181
2.865,0.482363,-0.182747,-0.0105579,0.0172725,-0.109181
2.866,0.482181,-0.182845,-0.0105406,0.0172631,-0.109181
2.867,0.481998,-0.182944,-0.0105233,0.0172542,-0.109181
2.868,0.481815,-0.183043,-0.0105061,0.0172456,-0.109181
2.869,0.481632,-0.183142,-0.0104889,0.0172374,-0.109181
2.87,0.481448,-0.183241,-0.0104716,0.0172296,-0.109181
2.871,0.481265,-0.18334,-0.0104544,0.0172221,-0.109181
2.872,0.481082,-0.183439,-0.0104372,0.017215,-0.109181
2.873,0.480898,-0.183538,-0.01042,0.0172083,-0.109181
2.874,0.480715,-0.183637,-0.0104028,0.017202,-0.109181
2.875,0.480531,-0.183736,-0.0103856,0.017196,-0.109181
2.876,0.480347,-0.183835,-0.0103684,0.0171904,-0.109181
2.877,0.480163,-0.183934,-0.0103512,0.0171852,-0.109181
2.878,0.479979,-0.184033,-0.010334,0.0171803,-0.109181
2.879,0.479795,-0.184132,-0.0103168,0.0171758,-0.109181
2.88,0.479611,-0.184227,-0.0102997,0.0171642,-0.105443
2.881,0.479427,-0.184322,-0.0102825,0.017153,-0.105443
2.882,0.479242,-0.184418,-0.0102653,0.0171422,-0.105443
2.883,0.479058,-0.184513,-0.0102482,0.0171317,-0.105443
2.884,0.478873,-0.184609,-0.0102311,0.0171216,-0.105443
2.885,0.478689,-0.184704,-0.010214,0.0171118,-0.105443
2.886,0.478504,-0.184799,-0.0101969,0.0171025,-0.105443
2.887,0.478319,-0.184895,-0.0101798,0.0170935,-0.105443
2.888,0.478134,-0.18499,-0.0101627,0.0170848,-0.105443
2.889,0.477949,-0.185086,-0.0101456,0.0170766,-0.105443
2.89,0.477764,-0.185181,-0.0101285,0.0170687,-0.105443
2.891,0.477579,-0.185277,-0.0101115,0.0170611,-0.105443
2.892,0.477393,-0.185372,-0.0100944,0.017054,-0.105443
2.893,0.477208,-0.185468,-0.0100773,0.0170472,-0.105443
2.894,0.477022,-0.185563,-0.0100603,0.0170407,-0.105443
2.895,0.476837,-0.185659,-0.0100433,0.0170347,-0.105443
2.896,0.476651,-0.185755,-0.0100262,0.017029,-0.105443
2.897,0.476465,-0.18585,-0.0100092,0.0170237,-0.105443
2.898,0.476279,-0.185946,-0.00999218,0.0170187,-0.105443
2.899,0.476093,-0.186042,-0.00997517,0.0170141,-0.105443
2.9,0.475907,-0.186134,-0.00995816,0.0170025,-0.101743
2.901,0.475721,-0.186225,-0.00994116,0.0169913,-0.101743
2.902,0.475535,-0.186317,-0.00992418,0.0169804,-0.101743
2.903,0.475349,-0.18641,-0.0099072,0.0169699,-0.101743
2.904,0.475162,-0.186502,-0.00989024,0.0169597,-0.101743
2.905,0.474976,-0.186594,-0.00987328,0.0169499,-0.101743
2.906,0.474789,-0.186686,-0.00985634,0.0169405,-0.101743
2.907,0.474602,-0.186778,-0.0098394,0.0169314,-0.101743
2.908,0.474415,-0.18687,-0.00982247,0.0169227,-0.101743
2.909,0.474228,-0.186962,-0.00980556,0.0169144,-0.101743
2.91,0.474041,-0.187054,-0.00978865,0.0169065,-0.101743
2.911,0.473854,-0.187146,-0.00977174,0.0168989,-0.101743
2.912,0.473667,-0.187238,-0.00975485,0.0168916,-0.101743
2.913,0.47348,-0.187331,-0.00973796,0.0168848,-0.101743
2.914,0.473292,-0.187423,-0.00972108,0.0168783,-0.101743
2.915,0.473105,-0.187515,-0.0097042,0.0168721,-0.101743
2.916,0.472917,-0.187607,-0.00968733,0.0168663,-0.101743
2.917,0.47273,-0.187699,-0.00967047,0.0168609,-0.101743
2.918,0.472542,-0.187792,-0.00965361,0.0168559,-0.101743
2.919,0.472354,-0.187884,-0.00963676,0.0168512,-0.101743
2.92,0.472166,-0.187973,-0.00961991,0.0168396,-0.0980795
2.921,0.471978,-0.188061,-0.00960308,0.0168283,-0.0980795
2.922,0.47179,-0.18815,-0.00958626,0.0168174,-0.0980795
2.923,0.471602,-0.188239,-0.00956944,0.0168068,-0.0980795
2.924,0.471414,-0.188327,-0.00955264,0.0167966,-0.0980795
2.925,0.471225,-0.188416,-0.00953585,0.0167868,-0.0980795
2.926,0.471037,-0.188505,-0.00951907,0.0167773,-0.0980795
2.927,0.470848,-0.188594,-0.0095023,0.0167682,-0.0980795
2.928,0.47066,-0.188682,-0.00948553,0.0167595,-0.0980795
2.929,0.470471,-0.188771,-0.00946878,0.0167511,-0.0980795
2.93,0.470282,-0.18886,-0.00945203,0.0167431,-0.0980795
2.931,0.470093,-0.188949,-0.00943529,0.0167354,-0.0980795
2.932,0.469904,-0.189038,-0.00941856,0.0167281,-0.0980795
2.933,0.469715,-0.189126,-0.00940183,0.0167212,-0.0980795
2.934,0.469526,-0.189215,-0.00938512,0.0167146,-0.0980795
2.935,0.469337,-0.189304,-0.00936841,0.0167084,-0.0980795
2.936,0.469147,-0.189393,-0.0093517,0.0167025,-0.0980795
2.937,0.468958,-0.189482,-0.009335,0.016697,-0.0980795
2.938,0.468768,-0.189571,-0.00931831,0.0166919,-0.0980795
2.939,0.468579,-0.18966,-0.00930162,0.0166871,-0.0980795
2.94,0.468389,-0.189745,-0.00928493,0.0166754,-0.0944532
2.941,0.468199,-0.189831,-0.00926827,0.0166641,-0.0944532
2.942,0.468009,-0.189916,-0.00925161,0.0166532,-0.0944532
2.943,0.467819,-0.190001,-0.00923496,0.0166426,-0.0944532
2.944,0.467629,-0.190087,-0.00921832,0.0166324,-0.0944532
2.945,0.467439,-0.190172,-0.00920169,0.0166225,-0.0944532
2.946,0.467249,-0.190258,-0.00918508,0.016613,-0.0944532
2.947,0.467059,-0.190343,-0.00916847,0.0166038,-0.0944532
2.948,0.466868,-0.190428,-0.00915187,0.0165951,-0.0944532
2.949,0.466678,-0.190514,-0.00913528,0.0165866,-0.0944532
2.95,0.466487,-0.190599,-0.00911869,0.0165785,-0.0944532
2.951,0.466297,-0.190685,-0.00910212,0.0165708,-0.0944532
2.952,0.466106,-0.19077,-0.00908555,0.0165635,-0.0944532
2.953,0.465915,-0.190856,-0.00906899,0.0165565,-0.0944532
2.954,0.465724,-0.190942,-0.00905244,0.0165498,-0.0944532
2.955,0.465533,-0.191027,-0.00903589,0.0165435,-0.0944532
2.956,0.465342,-0.191113,-0.00901935,0.0165376,-0.0944532
2.957,0.465151,-0.191198,-0.00900282,0.016532,-0.0944532
2.958,0.46496,-0.191284,-0.00898629,0.0165268,-0.0944532
2.959,0.464768,-0.19137,-0.00896976,0.0165219,-0.0944532
2.96,0.464577,-0.191452,-0.00895325,0.0165103,-0.0908644
2.961,0.464386,-0.191534,-0.00893674,0.0164989,-0.0908644
2.962,0.464194,-0.191616,-0.00892025,0.016488,-0.0908644
2.963,0.464002,-0.191698,-0.00890377,0.0164773,-0.0908644
2.964,0.463811,-0.19178,-0.0088873,0.0164671,-0.0908644
2.965,0.463619,-0.191862,-0.00887083,0.0164572,-0.0908644
2.966,0.463427,-0.191944,-0.00885438,0.0164476,-0.0908644
2.967,0.463235,-0.192027,-0.00883794,0.0164384,-0.0908644
2.968,0.463043,-0.192109,-0.0088215,0.0164296,-0.0908644
2.969,0.462851,-0.192191,-0.00880508,0.0164211,-0.0908644
2.97,0.462658,-0.192273,-0.00878866,0.016413,-0.0908644
2.971,0.462466,-0.192356,-0.00877225,0.0164052,-0.0908644
2.972,0.462274,-0.192438,-0.00875585,0.0163978,-0.0908644
2.973,0.462081,-0.19252,-0.00873946,0.0163907,-0.0908644
2.974,0.461889,-0.192602,-0.00872307,0.016384,-0.0908644
2.975,0.461696,-0.192685,-0.00870669,0.0163776,-0.0908644
2.976,0.461503,-0.192767,-0.00869031,0.0163716,-0.0908644
2.977,0.461311,-0.192849,-0.00867395,0.016366,-0.0908644
2.978,0.461118,-0.192932,-0.00865758,0.0163607,-0.0908644
2.979,0.460925,-0.193014,-0.00864122,0.0163557,-0.0908644
2.98,0.460732,-0.193093,-0.00862487,0.016344,-0.087313
2.981,0.460538,-0.193172,-0.00860854,0.0163327,-0.087313
2.982,0.460345,-0.193251,-0.00859221,0.0163217,-0.087313
2.983,0.460152,-0.19333,-0.00857589,0.0163111,-0.087313
2.984,0.459959,-0.193409,-0.00855959,0.0163008,-0.087313
2.985,0.459765,-0.193487,-0.00854329,0.0162908,-0.087313
2.986,0.459572,-0.193566,-0.008527,0.0162813,-0.087313
2.987,0.459378,-0.193645,-0.00851073,0.016272,-0.087313
2.988,0.459184,-0.193724,-0.00849446,0.0162632,-0.087313
2.989,0.458991,-0.193803,-0.0084782,0.0162546,-0.087313
2.99,0.458797,-0.193882,-0.00846195,0.0162464,-0.087313
2.991,0.458603,-0.193961,-0.00844571,0.0162386,-0.087313
2.992,0.458409,-0.19404,-0.00842947,0.0162311,-0.087313
2.993,0.458215,-0.194119,-0.00841325,0.016224,-0.087313
2.994,0.458021,-0.194199,-0.00839703,0.0162172,-0.087313
2.995,0.457826,-0.194278,-0.00838081,0.0162108,-0.087313
2.996,0.457632,-0.194357,-0.0083646,0.0162047,-0.087313
2.997,0.457438,-0.194436,-0.0083484,0.016199,-0.087313
2.998,0.457243,-0.194515,-0.00833221,0.0161936,-0.087313
2.999,0.457049,-0.194594,-0.00831601,0.0161886,-0.087313
3,0.456854,-0.19467,-0.00829983,0.0161769,-0.0837994
3.001,0.456659,-0.194745,-0.00828366,0.0161655,-0.0837994
3.002,0.456464,-0.194821,-0.0082675,0.0161545,-0.0837994
3.003,0.45627,-0.194897,-0.00825135,0.0161439,-0.0837994
3.004,0.456075,-0.194972,-0.00823521,0.0161336,-0.0837994
3.005,0.45588,-0.195048,-0.00821908,0.0161236,-0.0837994
3.006,0.455685,-0.195124,-0.00820297,0.016114,-0.0837994
3.007,0.455489,-0.1952,-0.00818686,0.0161047,-0.0837994
3.008,0.455294,-0.195276,-0.00817076,0.0160958,-0.0837994
3.009,0.455099,-0.195351,-0.00815466,0.0160872,-0.0837994
3.01,0.454903,-0.195427,-0.00813858,0.016079,-0.0837994
3.011,0.454708,-0.195503,-0.00812251,0.0160711,-0.0837994
3.012,0.454512,-0.195579,-0.00810644,0.0160636,-0.0837994
3.013,0.454317,-0.195655,-0.00809038,0.0160564,-0.0837994
3.014,0.454121,-0.19573,-0.00807433,0.0160496,-0.0837994
3.015,0.453925,-0.195806,-0.00805828,0.0160431,-0.0837994
3.016,0.45373,-0.195882,-0.00804224,0.0160369,-0.0837994
3.017,0.453534,-0.195958,-0.00802621,0.0160311,-0.0837994
3.018,0.453338,-0.196034,-0.00801018,0.0160257,-0.0837994
3.019,0.453142,-0.19611,-0.00799415,0.0160206,-0.0837994
3.02,0.452945,-0.196183,-0.00797814,0.0160088,-0.0803236
3.021,0.452749,-0.196255,-0.00796214,0.0159975,-0.0803236
3.022,0.452553,-0.196328,-0.00794614,0.0159865,-0.0803236
3.023,0.452357,-0.1964,-0.00793016,0.0159758,-0.0803236
3.024,0.45216,-0.196473,-0.00791419,0.0159655,-0.0803236
3.025,0.451964,-0.196545,-0.00789823,0.0159555,-0.0803236
3.026,0.451767,-0.196618,-0.00788228,0.0159458,-0.0803236
3.027,0.45157,-0.19669,-0.00786634,0.0159365,-0.0803236
3.028,0.451374,-0.196763,-0.00785041,0.0159276,-0.0803236
3.029,0.451177,-0.196836,-0.00783449,0.015919,-0.0803236
3.03,0.45098,-0.196908,-0.00781857,0.0159107,-0.0803236
3.031,0.450783,-0.196981,-0.00780266,0.0159028,-0.0803236
3.032,0.450586,-0.197054,-0.00778677,0.0158952,-0.0803236
3.033,0.450389,-0.197126,-0.00777087,0.0158879,-0.0803236
3.034,0.450192,-0.197199,-0.00775499,0.015881,-0.0803236
3.035,0.449995,-0.197272,-0.00773911,0.0158745,-0.0803236
3.036,0.449797,-0.197345,-0.00772324,0.0158683,-0.0803236
3.037,0.4496,-0.197417,-0.00770737,0.0158624,-0.0803236
3.038,0.449402,-0.19749,-0.00769152,0.0158569,-0.0803236
3.039,0.449205,-0.197563,-0.00767566,0.0158517,-0.0803236
3.04,0.449007,-0.197632,-0.00765981,0.01584,-0.0768858
3.041,0.44881,-0.197702,-0.00764398,0.0158286,-0.0768858
3.042,0.448612,-0.197771,-0.00762816,0.0158176,-0.0768858
3.043,0.448414,-0.19784,-0.00761235,0.0158069,-0.0768858
3.044,0.448216,-0.19791,-0.00759654,0.0157965,-0.0768858
3.045,0.448018,-0.197979,-0.00758075,0.0157865,-0.0768858
3.046,0.44782,-0.198049,-0.00756497,0.0157769,-0.0768858
3.047,0.447622,-0.198118,-0.0075492,0.0157675,-0.0768858
3.048,0.447424,-0.198188,-0.00753344,0.0157586,-0.0768858
3.049,0.447226,-0.198257,-0.00751768,0.0157499,-0.0768858
3.05,0.447027,-0.198327,-0.00750194,0.0157416,-0.0768858
3.051,0.446829,-0.198396,-0.0074862,0.0157336,-0.0768858
3.052,0.446631,-0.198466,-0.00747047,0.015726,-0.0768858
3.053,0.446432,-0.198535,-0.00745475,0.0157187,-0.0768858
3.054,0.446234,-0.198605,-0.00743903,0.0157118,-0.0768858
3.055,0.446035,-0.198675,-0.00742332,0.0157052,-0.0768858
3.056,0.445836,-0.198744,-0.00740762,0.0156989,-0.0768858
3.057,0.445637,-0.198814,-0.00739192,0.0156929,-0.0768858
3.058,0.445439,-0.198883,-0.00737623,0.0156874,-0.0768858
3.059,0.44524,-0.198953,-0.00736055,0.0156821,-0.0768858
3.06,0.445041,-0.199019,-0.00734487,0.0156704,-0.0734861
3.061,0.444842,-0.199086,-0.00732921,0.015659,-0.0734861
3.062,0.444643,-0.199152,-0.00731356,0.015648,-0.0734861
3.063,0.444443,-0.199218,-0.00729791,0.0156373,-0.0734861
3.064,0.444244,-0.199285,-0.00728228,0.0156269,-0.0734861
3.065,0.444045,-0.199351,-0.00726666,0.0156169,-0.0734861
3.066,0.443845,-0.199417,-0.00725105,0.0156072,-0.0734861
3.067,0.443646,-0.199484,-0.00723544,0.0155978,-0.0734861
3.068,0.443446,-0.19955,-0.00721985,0.0155888,-0.0734861
3.069,0.443247,-0.199616,-0.00720427,0.0155801,-0.0734861
3.07,0.443047,-0.199683,-0.00718869,0.0155718,-0.0734861
3.071,0.442847,-0.199749,-0.00717312,0.0155638,-0.0734861
3.072,0.442648,-0.199816,-0.00715756,0.0155561,-0.0734861
3.073,0.442448,-0.199882,-0.00714201,0.0155488,-0.0734861
3.074,0.442248,-0.199949,-0.00712647,0.0155418,-0.0734861
3.075,0.442048,-0.200015,-0.00711093,0.0155351,-0.0734861
3.076,0.441848,-0.200082,-0.00709539,0.0155288,-0.0734861
3.077,0.441648,-0.200148,-0.00707987,0.0155228,-0.0734861
3.078,0.441448,-0.200215,-0.00706435,0.0155171,-0.0734861
3.079,0.441247,-0.200281,-0.00704883,0.0155118,-0.0734861
3.08,0.441047,-0.200345,-0.00703333,0.0155001,-0.0701245
3.081,0.440847,-0.200408,-0.00701783,0.0154887,-0.0701245
3.082,0.440646,-0.200471,-0.00700235,0.0154776,-0.0701245
3.083,0.440446,-0.200534,-0.00698688,0.0154669,-0.0701245
3.084,0.440245,-0.200598,-0.00697142,0.0154566,-0.0701245
3.085,0.440045,-0.200661,-0.00695597,0.0154465,-0.0701245
3.086,0.439844,-0.200724,-0.00694052,0.0154368,-0.0701245
3.087,0.439643,-0.200788,-0.00692509,0.0154274,-0.0701245
3.088,0.439442,-0.200851,-0.00690967,0.0154184,-0.0701245
3.089,0.439241,-0.200914,-0.00689426,0.0154097,-0.0701245
3.09,0.43904,-0.200978,-0.00687885,0.0154013,-0.0701245
3.091,0.438839,-0.201041,-0.00686345,0.0153932,-0.0701245
3.092,0.438638,-0.201104,-0.00684806,0.0153855,-0.0701245
3.093,0.438437,-0.201168,-0.00683268,0.0153782,-0.0701245
3.094,0.438236,-0.201231,-0.00681731,0.0153711,-0.0701245
3.095,0.438035,-0.201295,-0.00680194,0.0153644,-0.0701245
3.096,0.437833,-0.201358,-0.00678658,0.015358,-0.0701245
3.097,0.437632,-0.201422,-0.00677122,0.0153519,-0.0701245
3.098,0.437431,-0.201485,-0.00675587,0.0153462,-0.0701245
3.099,0.437229,-0.201549,-0.00674053,0.0153408,-0.0701245
3.1,0.437027,-0.201609,-0.0067252,0.0153291,-0.0668013
3.101,0.436826,-0.201669,-0.00670987,0.0153177,-0.0668013
3.102,0.436624,-0.201729,-0.00669456,0.0153067,-0.0668013
3.103,0.436422,-0.20179,-0.00667926,0.015296,-0.0668013
3.104,0.436221,-0.20185,-0.00666397,0.0152856,-0.0668013
3.105,0.436019,-0.20191,-0.00664869,0.0152755,-0.0668013
3.106,0.435817,-0.20197,-0.00663342,0.0152658,-0.0668013
3.107,0.435615,-0.202031,-0.00661816,0.0152564,-0.0668013
3.108,0.435413,-0.202091,-0.0066029,0.0152473,-0.0668013
3.109,0.435211,-0.202151,-0.00658766,0.0152386,-0.0668013
3.11,0.435008,-0.202212,-0.00657243,0.0152302,-0.0668013
3.111,0.434806,-0.202272,-0.0065572,0.0152221,-0.0668013
3.112,0.434604,-0.202332,-0.00654198,0.0152144,-0.0668013
3.113,0.434401,-0.202393,-0.00652677,0.0152069,-0.0668013
3.114,0.434199,-0.202453,-0.00651157,0.0151998,-0.0668013
3.115,0.433997,-0.202514,-0.00649637,0.0151931,-0.0668013
3.116,0.433794,-0.202574,-0.00648118,0.0151866,-0.0668013
3.117,0.433591,-0.202634,-0.006466,0.0151805,-0.0668013
3.118,0.433389,-0.202695,-0.00645082,0.0151747,-0.0668013
3.119,0.433186,-0.202755,-0.00643565,0.0151693,-0.0668013
3.12,0.432983,-0.202813,-0.00642049,0.0151576,-0.0635164
3.121,0.43278,-0.20287,-0.00640533,0.0151462,-0.0635164
3.122,0.432578,-0.202927,-0.00639019,0.0151352,-0.0635164
3.123,0.432375,-0.202984,-0.00637506,0.0151245,-0.0635164
3.124,0.432172,-0.203042,-0.00635994,0.0151141,-0.0635164
3.125,0.431968,-0.203099,-0.00634483,0.015104,-0.0635164
3.126,0.431765,-0.203156,-0.00632974,0.0150943,-0.0635164
3.127,0.431562,-0.203214,-0.00631465,0.0150848,-0.0635164
3.128,0.431359,-0.203271,-0.00629957,0.0150757,-0.0635164
3.129,0.431156,-0.203328,-0.00628449,0.015067,-0.0635164
3.13,0.430952,-0.203386,-0.00626943,0.0150585,-0.0635164
3.131,0.430749,-0.203443,-0.00625438,0.0150504,-0.0635164
3.132,0.430545,-0.2035,-0.00623933,0.0150426,-0.0635164
3.133,0.430342,-0.203558,-0.00622429,0.0150352,-0.0635164
3.134,0.430138,-0.203615,-0.00620926,0.015028,-0.0635164
3.135,0.429935,-0.203673,-0.00619424,0.0150212,-0.0635164
3.136,0.429731,-0.20373,-0.00617922,0.0150147,-0.0635164
3.137,0.429527,-0.203787,-0.00616421,0.0150086,-0.0635164
3.138,0.429323,-0.203845,-0.0061492,0.0150027,-0.0635164
3.139,0.429119,-0.203902,-0.0061342,0.0149972,-0.0635164
3.14,0.428916,-0.203957,-0.00611921,0.0149855,-0.06027
3.141,0.428712,-0.204011,-0.00610423,0.0149742,-0.06027
3.142,0.428508,-0.204065,-0.00608926,0.0149631,-0.06027
3.143,0.428303,-0.20412,-0.0060743,0.0149524,-0.06027
3.144,0.428099,-0.204174,-0.00605936,0.014942,-0.06027
3.145,0.427895,-0.204228,-0.00604442,0.0149319,-0.06027
3.146,0.427691,-0.204283,-0.00602949,0.0149222,-0.06027
3.147,0.427487,-0.204337,-0.00601457,0.0149128,-0.06027
3.148,0.427282,-0.204391,-0.00599967,0.0149036,-0.06027
3.149,0.427078,-0.204446,-0.00598477,0.0148949,-0.06027
3.15,0.426873,-0.2045,-0.00596988,0.0148864,-0.06027
3.151,0.426669,-0.204555,-0.00595499,0.0148783,-0.06027
3.152,0.426464,-0.204609,-0.00594012,0.0148704,-0.06027
3.153,0.42626,-0.204663,-0.00592525,0.0148629,-0.06027
3.154,0.426055,-0.204718,-0.00591039,0.0148558,-0.06027
3.155,0.42585,-0.204772,-0.00589554,0.0148489,-0.06027
3.156,0.425645,-0.204827,-0.0058807,0.0148424,-0.06027
3.157,0.42544,-0.204881,-0.00586586,0.0148361,-0.06027
3.158,0.425236,-0.204936,-0.00585102,0.0148302,-0.06027
3.159,0.425031,-0.20499,-0.0058362,0.0148247,-0.06027
3.16,0.424826,-0.205042,-0.00582138,0.014813,-0.0570622
3.161,0.42462,-0.205093,-0.00580657,0.0148016,-0.0570622
3.162,0.424415,-0.205144,-0.00579177,0.0147906,-0.0570622
3.163,0.42421,-0.205196,-0.00577699,0.0147799,-0.0570622
3.164,0.424005,-0.205247,-0.00576221,0.0147695,-0.0570622
3.165,0.4238,-0.205299,-0.00574745,0.0147594,-0.0570622
3.166,0.423594,-0.20535,-0.0057327,0.0147497,-0.0570622
3.167,0.423389,-0.205402,-0.00571795,0.0147402,-0.0570622
3.168,0.423184,-0.205453,-0.00570321,0.0147311,-0.0570622
3.169,0.422978,-0.205505,-0.00568849,0.0147223,-0.0570622
3.17,0.422773,-0.205556,-0.00567377,0.0147138,-0.0570622
3.171,0.422567,-0.205608,-0.00565906,0.0147056,-0.0570622
3.172,0.422361,-0.205659,-0.00564436,0.0146978,-0.0570622
3.173,0.422156,-0.205711,-0.00562966,0.0146902,-0.0570622
3.174,0.42195,-0.205762,-0.00561498,0.014683,-0.0570622
3.175,0.421744,-0.205814,-0.0056003,0.0146761,-0.0570622
3.176,0.421538,-0.205865,-0.00558563,0.0146695,-0.0570622
3.177,0.421332,-0.205917,-0.00557096,0.0146633,-0.0570622
3.178,0.421126,-0.205968,-0.0055563,0.0146573,-0.0570622
3.179,0.42092,-0.20602,-0.00554164,0.0146517,-0.0570622
3.18,0.420714,-0.206069,-0.005527,0.01464,-0.0538929
3.181,0.420508,-0.206117,-0.00551236,0.0146287,-0.0538929
3.182,0.420302,-0.206165,-0.00549774,0.0146177,-0.0538929
3.183,0.420096,-0.206214,-0.00548313,0.014607,-0.0538929
3.184,0.41989,-0.206263,-0.00546853,0.0145966,-0.0538929
3.185,0.419683,-0.206311,-0.00545394,0.0145865,-0.0538929
3.186,0.419477,-0.20636,-0.00543935,0.0145767,-0.0538929
3.187,0.419271,-0.206408,-0.00542478,0.0145673,-0.0538929
3.188,0.419064,-0.206457,-0.00541022,0.0145581,-0.0538929
3.189,0.418858,-0.206505,-0.00539567,0.0145493,-0.0538929
3.19,0.418651,-0.206554,-0.00538112,0.0145408,-0.0538929
3.191,0.418445,-0.206603,-0.00536658,0.0145326,-0.0538929
3.192,0.418238,-0.206651,-0.00535206,0.0145247,-0.0538929
3.193,0.418031,-0.2067,-0.00533753,0.0145172,-0.0538929
3.194,0.417825,-0.206749,-0.00532302,0.0145099,-0.0538929
3.195,0.417618,-0.206797,-0.00530851,0.014503,-0.0538929
3.196,0.417411,-0.206846,-0.00529401,0.0144963,-0.0538929
3.197,0.417204,-0.206895,-0.00527952,0.01449,-0.0538929
3.198,0.416997,-0.206943,-0.00526503,0.014484,-0.0538929
3.199,0.41679,-0.206992,-0.00525055,0.0144783,-0.0538929
3.2,0.416583,-0.207038,-0.00523608,0.0144667,-0.0507622
3.201,0.416376,-0.207083,-0.00522162,0.0144554,-0.0507622
3.202,0.416169,-0.207129,-0.00520717,0.0144444,-0.0507622
3.203,0.415962,-0.207175,-0.00519273,0.0144337,-0.0507622
3.204,0.415755,-0.20722,-0.0051783,0.0144233,-0.0507622
3.205,0.415548,-0.207266,-0.00516388,0.0144132,-0.0507622
3.206,0.41534,-0.207312,-0.00514948,0.0144034,-0.0507622
3.207,0.415133,-0.207357,-0.00513508,0.014394,-0.0507622
3.208,0.414926,-0.207403,-0.00512069,0.0143848,-0.0507622
3.209,0.414718,-0.207449,-0.00510631,0.014376,-0.0507622
3.21,0.414511,-0.207495,-0.00509194,0.0143675,-0.0507622
3.211,0.414303,-0.20754,-0.00507757,0.0143592,-0.0507622
3.212,0.414096,-0.207586,-0.00506322,0.0143513,-0.0507622
3.213,0.413888,-0.207632,-0.00504887,0.0143437,-0.0507622
3.214,0.41368,-0.207678,-0.00503453,0.0143365,-0.0507622
3.215,0.413473,-0.207724,-0.0050202,0.0143295,-0.0507622
3.216,0.413265,-0.207769,-0.00500587,0.0143228,-0.0507622
3.217,0.413057,-0.207815,-0.00499155,0.0143165,-0.0507622
3.218,0.412849,-0.207861,-0.00497724,0.0143104,-0.0507622
3.219,0.412641,-0.207907,-0.00496293,0.0143047,-0.0507622
3.22,0.412433,-0.20795,-0.00494863,0.0142931,-0.0476703
3.221,0.412225,-0.207993,-0.00493434,0.0142817,-0.0476703
3.222,0.412017,-0.208036,-0.00492007,0.0142707,-0.0476703
3.223,0.411809,-0.208078,-0.0049058,0.0142601,-0.0476703
3.224,0.411601,-0.208121,-0.00489155,0.0142497,-0.0476703
3.225,0.411393,-0.208164,-0.0048773,0.0142396,-0.0476703
3.226,0.411185,-0.208207,-0.00486307,0.0142298,-0.0476703
3.227,0.410977,-0.20825,-0.00484884,0.0142204,-0.0476703
3.228,0.410768,-0.208293,-0.00483463,0.0142112,-0.0476703
3.229,0.41056,-0.208336,-0.00482042,0.0142024,-0.0476703
3.23,0.410352,-0.208379,-0.00480622,0.0141938,-0.0476703
3.231,0.410143,-0.208422,-0.00479203,0.0141856,-0.0476703
3.232,0.409935,-0.208465,-0.00477785,0.0141777,-0.0476703
3.233,0.409726,-0.208508,-0.00476368,0.01417,-0.0476703
3.234,0.409518,-0.208551,-0.00474951,0.0141627,-0.0476703
3.235,0.409309,-0.208594,-0.00473535,0.0141557,-0.0476703
3.236,0.409101,-0.208637,-0.0047212,0.014149,-0.0476703
3.237,0.408892,-0.20868,-0.00470705,0.0141426,-0.0476703
3.238,0.408683,-0.208723,-0.00469291,0.0141365,-0.0476703
3.239,0.408475,-0.208766,-0.00467878,0.0141307,-0.0476703
3.24,0.408266,-0.208806,-0.00466466,0.0141191,-0.044617
3.241,0.408057,-0.208846,-0.00465054,0.0141078,-0.044617
3.242,0.407848,-0.208886,-0.00463644,0.0140969,-0.044617
3.243,0.407639,-0.208926,-0.00462235,0.0140862,-0.044617
3.244,0.40743,-0.208966,-0.00460827,0.0140758,-0.044617
3.245,0.407221,-0.209006,-0.0045942,0.0140657,-0.044617
3.246,0.407012,-0.209046,-0.00458014,0.014056,-0.044617
3.247,0.406803,-0.209087,-0.00456609,0.0140465,-0.044617
3.248,0.406594,-0.209127,-0.00455204,0.0140373,-0.044617
3.249,0.406385,-0.209167,-0.00453801,0.0140285,-0.044617
3.25,0.406176,-0.209207,-0.00452399,0.0140199,-0.044617
3.251,0.405967,-0.209247,-0.00450997,0.0140117,-0.044617
3.252,0.405757,-0.209287,-0.00449596,0.0140037,-0.044617
3.253,0.405548,-0.209328,-0.00448196,0.0139961,-0.044617
3.254,0.405339,-0.209368,-0.00446797,0.0139887,-0.044617
3.255,0.405129,-0.209408,-0.00445399,0.0139817,-0.044617
3.256,0.40492,-0.209448,-0.00444001,0.013975,-0.044617
3.257,0.40471,-0.209489,-0.00442604,0.0139685,-0.044617
3.258,0.404501,-0.209529,-0.00441207,0.0139624,-0.044617
3.259,0.404291,-0.209569,-0.00439811,0.0139565,-0.044617
3.26,0.404082,-0.209607,-0.00438416,0.013945,-0.0416024
3.261,0.403872,-0.209644,-0.00437022,0.0139337,-0.0416024
3.262,0.403662,-0.209681,-0.00435629,0.0139227,-0.0416024
3.263,0.403453,-0.209718,-0.00434237,0.0139121,-0.0416024
3.264,0.403243,-0.209756,-0.00432847,0.0139017,-0.0416024
3.265,0.403033,-0.209793,-0.00431457,0.0138917,-0.0416024
3.266,0.402823,-0.209831,-0.00430068,0.0138819,-0.0416024
3.267,0.402614,-0.209868,-0.00428681,0.0138724,-0.0416024
3.268,0.402404,-0.209905,-0.00427294,0.0138633,-0.0416024
3.269,0.402194,-0.209943,-0.00425908,0.0138544,-0.0416024
3.27,0.401984,-0.20998,-0.00424523,0.0138458,-0.0416024
3.271,0.401774,-0.210018,-0.00423139,0.0138376,-0.0416024
3.272,0.401564,-0.210055,-0.00421756,0.0138296,-0.0416024
3.273,0.401354,-0.210093,-0.00420373,0.0138219,-0.0416024
3.274,0.401144,-0.21013,-0.00418991,0.0138146,-0.0416024
3.275,0.400933,-0.210168,-0.0041761,0.0138075,-0.0416024
3.276,0.400723,-0.210205,-0.0041623,0.0138007,-0.0416024
3.277,0.400513,-0.210243,-0.0041485,0.0137942,-0.0416024
3.278,0.400303,-0.21028,-0.00413471,0.0137881,-0.0416024
3.279,0.400092,-0.210318,-0.00412092,0.0137822,-0.0416024
3.28,0.399882,-0.210352,-0.00410715,0.0137706,-0.0386265
3.281,0.399672,-0.210387,-0.00409338,0.0137594,-0.0386265
3.282,0.399461,-0.210422,-0.00407963,0.0137485,-0.0386265
3.283,0.399251,-0.210456,-0.00406588,0.0137378,-0.0386265
3.284,0.39904,-0.210491,-0.00405215,0.0137275,-0.0386265
3.285,0.39883,-0.210525,-0.00403843,0.0137174,-0.0386265
3.286,0.398619,-0.21056,-0.00402472,0.0137077,-0.0386265
3.287,0.398409,-0.210595,-0.00401101,0.0136982,-0.0386265
3.288,0.398198,-0.21063,-0.00399732,0.013689,-0.0386265
3.289,0.397988,-0.210664,-0.00398364,0.0136802,-0.0386265
3.29,0.397777,-0.210699,-0.00396996,0.0136716,-0.0386265
3.291,0.397566,-0.210734,-0.00395629,0.0136633,-0.0386265
3.292,0.397355,-0.210768,-0.00394263,0.0136553,-0.0386265
3.293,0.397145,-0.210803,-0.00392898,0.0136476,-0.0386265
3.294,0.396934,-0.210838,-0.00391534,0.0136402,-0.0386265
3.295,0.396723,-0.210873,-0.0039017,0.0136331,-0.0386265
3.296,0.396512,-0.210908,-0.00388807,0.0136263,-0.0386265
3.297,0.396301,-0.210942,-0.00387445,0.0136198,-0.0386265
3.298,0.39609,-0.210977,-0.00386083,0.0136136,-0.0386265
3.299,0.395879,-0.211012,-0.00384722,0.0136077,-0.0386265
3.3,0.395668,-0.211044,-0.00383362,0.0135962,-0.0356894
3.301,0.395457,-0.211076,-0.00382003,0.013585,-0.0356894
3.302,0.395246,-0.211108,-0.00380645,0.013574,-0.0356894
3.303,0.395035,-0.21114,-0.00379288,0.0135634,-0.0356894
3.304,0.394824,-0.211172,-0.00377932,0.0135531,-0.0356894
3.305,0.394612,-0.211204,-0.00376577,0.013543,-0.0356894
3.306,0.394401,-0.211236,-0.00375224,0.0135333,-0.0356894
3.307,0.39419,-0.211268,-0.00373871,0.0135238,-0.0356894
3.308,0.393979,-0.2113,-0.00372519,0.0135147,-0.0356894
3.309,0.393767,-0.211332,-0.00371168,0.0135058,-0.0356894
3.31,0.393556,-0.211364,-0.00369818,0.0134972,-0.0356894
3.311,0.393345,-0.211396,-0.00368468,0.0134889,-0.0356894
3.312,0.393133,-0.211428,-0.0036712,0.0134809,-0.0356894
3.313,0.392922,-0.21146,-0.00365772,0.0134732,-0.0356894
3.314,0.39271,-0.211492,-0.00364425,0.0134658,-0.0356894
3.315,0.392499,-0.211524,-0.00363079,0.0134587,-0.0356894
3.316,0.392287,-0.211557,-0.00361733,0.0134518,-0.0356894
3.317,0.392076,-0.211589,-0.00360389,0.0134453,-0.0356894
3.318,0.391864,-0.211621,-0.00359044,0.013439,-0.0356894
3.319,0.391653,-0.211653,-0.00357701,0.0134331,-0.0356894
3.32,0.391441,-0.211682,-0.00356358,0.0134216,-0.032791
3.321,0.391229,-0.211712,-0.00355016,0.0134104,-0.032791
3.322,0.391017,-0.211741,-0.00353676,0.0133995,-0.032791
3.323,0.390806,-0.21177,-0.00352337,0.0133889,-0.032791
3.324,0.390594,-0.2118,-0.00350998,0.0133786,-0.032791
3.325,0.390382,-0.211829,-0.00349661,0.0133686,-0.032791
3.326,0.39017,-0.211858,-0.00348324,0.0133588,-0.032791
3.327,0.389958,-0.211888,-0.00346989,0.0133494,-0.032791
3.328,0.389746,-0.211917,-0.00345655,0.0133402,-0.032791
3.329,0.389535,-0.211947,-0.00344321,0.0133314,-0.032791
3.33,0.389323,-0.211976,-0.00342988,0.0133228,-0.032791
3.331,0.389111,-0.212005,-0.00341656,0.0133145,-0.032791
3.332,0.388899,-0.212035,-0.00340325,0.0133065,-0.032791
3.333,0.388686,-0.212064,-0.00338995,0.0132987,-0.032791
3.334,0.388474,-0.212094,-0.00337666,0.0132913,-0.032791
3.335,0.388262,-0.212123,-0.00336337,0.0132842,-0.032791
3.336,0.38805,-0.212153,-0.00335009,0.0132773,-0.032791
3.337,0.387838,-0.212182,-0.00333681,0.0132707,-0.032791
3.338,0.387626,-0.212212,-0.00332355,0.0132644,-0.032791
3.339,0.387414,-0.212241,-0.00331029,0.0132584,-0.032791
3.34,0.387201,-0.212268,-0.00329703,0.013247,-0.0299313
3.341,0.386989,-0.212295,-0.00328379,0.0132358,-0.0299313
3.342,0.386777,-0.212321,-0.00327056,0.013225,-0.0299313
3.343,0.386564,-0.212348,-0.00325734,0.0132144,-0.0299313
3.344,0.386352,-0.212375,-0.00324413,0.0132041,-0.0299313
3.345,0.38614,-0.212402,-0.00323093,0.0131941,-0.0299313
3.346,0.385927,-0.212428,-0.00321774,0.0131844,-0.0299313
3.347,0.385715,-0.212455,-0.00320456,0.0131749,-0.0299313
3.348,0.385502,-0.212482,-0.00319139,0.0131658,-0.0299313
3.349,0.38529,-0.212509,-0.00317823,0.0131569,-0.0299313
3.35,0.385077,-0.212536,-0.00316508,0.0131483,-0.0299313
3.351,0.384865,-0.212562,-0.00315194,0.01314,-0.0299313
3.352,0.384652,-0.212589,-0.0031388,0.013132,-0.0299313
3.353,0.38444,-0.212616,-0.00312567,0.0131242,-0.0299313
3.354,0.384227,-0.212643,-0.00311255,0.0131168,-0.0299313
3.355,0.384014,-0.21267,-0.00309944,0.0131096,-0.0299313
3.356,0.383802,-0.212697,-0.00308633,0.0131027,-0.0299313
3.357,0.383589,-0.212724,-0.00307323,0.0130961,-0.0299313
3.358,0.383376,-0.212751,-0.00306014,0.0130898,-0.0299313
3.359,0.383163,-0.212778,-0.00304705,0.0130838,-0.0299313
3.36,0.382951,-0.212802,-0.00303397,0.0130724,-0.0271103
3.361,0.382738,-0.212826,-0.00302091,0.0130612,-0.0271103
3.362,0.382525,-0.21285,-0.00300785,0.0130504,-0.0271103
3.363,0.382312,-0.212874,-0.00299481,0.0130398,-0.0271103
3.364,0.382099,-0.212898,-0.00298177,0.0130296,-0.0271103
3.365,0.381886,-0.212923,-0.00296875,0.0130196,-0.0271103
3.366,0.381673,-0.212947,-0.00295573,0.0130099,-0.0271103
3.367,0.38146,-0.212971,-0.00294273,0.0130004,-0.0271103
3.368,0.381247,-0.212995,-0.00292973,0.0129913,-0.0271103
3.369,0.381034,-0.213019,-0.00291675,0.0129824,-0.0271103
3.37,0.380821,-0.213044,-0.00290377,0.0129738,-0.0271103
3.371,0.380608,-0.213068,-0.0028908,0.0129655,-0.0271103
3.372,0.380395,-0.213092,-0.00287784,0.0129575,-0.0271103
3.373,0.380182,-0.213117,-0.00286488,0.0129497,-0.0271103
3.374,0.379969,-0.213141,-0.00285194,0.0129423,-0.0271103
3.375,0.379756,-0.213165,-0.002839,0.0129351,-0.0271103
3.376,0.379543,-0.213189,-0.00282607,0.0129282,-0.0271103
3.377,0.379329,-0.213214,-0.00281314,0.0129215,-0.0271103
3.378,0.379116,-0.213238,-0.00280022,0.0129152,-0.0271103
3.379,0.378903,-0.213263,-0.00278731,0.0129091,-0.0271103
3.38,0.37869,-0.213284,-0.00277441,0.0128978,-0.024328
3.381,0.378476,-0.213306,-0.00276152,0.0128867,-0.024328
3.382,0.378263,-0.213327,-0.00274863,0.0128759,-0.024328
3.383,0.37805,-0.213349,-0.00273576,0.0128653,-0.024328
3.384,0.377836,-0.213371,-0.0027229,0.0128551,-0.024328
3.385,0.377623,-0.213392,-0.00271005,0.0128451,-0.024328
3.386,0.37741,-0.213414,-0.00269721,0.0128354,-0.024328
3.387,0.377196,-0.213436,-0.00268438,0.012826,-0.024328
3.388,0.376983,-0.213457,-0.00267156,0.0128169,-0.024328
3.389,0.376769,-0.213479,-0.00265875,0.012808,-0.024328
3.39,0.376556,-0.213501,-0.00264594,0.0127994,-0.024328
3.391,0.376342,-0.213523,-0.00263315,0.0127911,-0.024328
3.392,0.376129,-0.213544,-0.00262036,0.0127831,-0.024328
3.393,0.375915,-0.213566,-0.00260758,0.0127753,-0.024328
3.394,0.375702,-0.213588,-0.00259481,0.0127678,-0.024328
3.395,0.375488,-0.21361,-0.00258205,0.0127606,-0.024328
3.396,0.375274,-0.213631,-0.00256929,0.0127537,-0.024328
3.397,0.375061,-0.213653,-0.00255654,0.012747,-0.024328
3.398,0.374847,-0.213675,-0.0025438,0.0127407,-0.024328
3.399,0.374633,-0.213697,-0.00253106,0.0127345,-0.024328
3.4,0.37442,-0.213716,-0.00251833,0.0127232,-0.0215842
3.401,0.374206,-0.213735,-0.00250561,0.0127122,-0.0215842
3.402,0.373992,-0.213754,-0.00249291,0.0127014,-0.0215842
3.403,0.373778,-0.213773,-0.00248021,0.0126909,-0.0215842
3.404,0.373565,-0.213793,-0.00246752,0.0126807,-0.0215842
3.405,0.373351,-0.213812,-0.00245485,0.0126707,-0.0215842
3.406,0.373137,-0.213831,-0.00244218,0.0126611,-0.0215842
3.407,0.372923,-0.21385,-0.00242953,0.0126517,-0.0215842
3.408,0.372709,-0.213869,-0.00241688,0.0126425,-0.0215842
3.409,0.372495,-0.213889,-0.00240424,0.0126337,-0.0215842
3.41,0.372282,-0.213908,-0.00239161,0.0126251,-0.0215842
3.411,0.372068,-0.213927,-0.00237899,0.0126168,-0.0215842
3.412,0.371854,-0.213946,-0.00236638,0.0126087,-0.0215842
3.413,0.37164,-0.213966,-0.00235377,0.012601,-0.0215842
3.414,0.371426,-0.213985,-0.00234118,0.0125935,-0.0215842
3.415,0.371212,-0.214004,-0.00232859,0.0125863,-0.0215842
3.416,0.370998,-0.214023,-0.002316,0.0125793,-0.0215842
3.417,0.370784,-0.214043,-0.00230343,0.0125726,-0.0215842
3.418,0.37057,-0.214062,-0.00229086,0.0125662,-0.0215842
3.419,0.370356,-0.214081,-0.00227829,0.0125601,-0.0215842
3.42,0.370142,-0.214098,-0.00226574,0.0125488,-0.018879
3.421,0.369927,-0.214115,-0.0022532,0.0125378,-0.018879
3.422,0.369713,-0.214131,-0.00224066,0.0125271,-0.018879
3.423,0.369499,-0.214148,-0.00222814,0.0125166,-0.018879
3.424,0.369285,-0.214165,-0.00221563,0.0125064,-0.018879
3.425,0.369071,-0.214182,-0.00220313,0.0124965,-0.018879
3.426,0.368857,-0.214198,-0.00219064,0.0124868,-0.018879
3.427,0.368642,-0.214215,-0.00217816,0.0124774,-0.018879
3.428,0.368428,-0.214232,-0.00216568,0.0124683,-0.018879
3.429,0.368214,-0.214249,-0.00215322,0.0124595,-0.018879
3.43,0.368,-0.214265,-0.00214076,0.0124509,-0.018879
3.431,0.367785,-0.214282,-0.00212832,0.0124426,-0.018879
3.432,0.367571,-0.214299,-0.00211588,0.0124346,-0.018879
3.433,0.367357,-0.214316,-0.00210345,0.0124268,-0.018879
3.434,0.367143,-0.214332,-0.00209102,0.0124193,-0.018879
3.435,0.366928,-0.214349,-0.00207861,0.012412,-0.018879
3.436,0.366714,-0.214366,-0.0020662,0.0124051,-0.018879
3.437,0.366499,-0.214383,-0.0020538,0.0123984,-0.018879
3.438,0.366285,-0.2144,-0.0020414,0.0123919,-0.018879
3.439,0.366071,-0.214417,-0.00202901,0.0123858,-0.018879
3.44,0.365856,-0.214431,-0.00201663,0.0123745,-0.0162124
3.441,0.365642,-0.214445,-0.00200427,0.0123636,-0.0162124
3.442,0.365427,-0.21446,-0.00199191,0.0123529,-0.0162124
3.443,0.365213,-0.214474,-0.00197956,0.0123424,-0.0162124
3.444,0.364998,-0.214488,-0.00196722,0.0123323,-0.0162124
3.445,0.364784,-0.214502,-0.0019549,0.0123224,-0.0162124
3.446,0.364569,-0.214517,-0.00194258,0.0123127,-0.0162124
3.447,0.364355,-0.214531,-0.00193027,0.0123034,-0.0162124
3.448,0.36414,-0.214545,-0.00191797,0.0122943,-0.0162124
3.449,0.363926,-0.21456,-0.00190568,0.0122854,-0.0162124
3.45,0.363711,-0.214574,-0.0018934,0.0122769,-0.0162124
3.451,0.363497,-0.214588,-0.00188113,0.0122686,-0.0162124
3.452,0.363282,-0.214603,-0.00186886,0.0122605,-0.0162124
3.453,0.363067,-0.214617,-0.00185661,0.0122527,-0.0162124
3.454,0.362853,-0.214631,-0.00184436,0.0122452,-0.0162124
3.455,0.362638,-0.214646,-0.00183212,0.012238,-0.0162124
3.456,0.362424,-0.21466,-0.00181988,0.012231,-0.0162124
3.457,0.362209,-0.214675,-0.00180765,0.0122243,-0.0162124
3.458,0.361994,-0.214689,-0.00179543,0.0122178,-0.0162124
3.459,0.361779,-0.214704,-0.00178322,0.0122116,-0.0162124
3.46,0.361565,-0.214715,-0.00177101,0.0122004,-0.0135841
3.461,0.36135,-0.214727,-0.00175882,0.0121895,-0.0135841
3.462,0.361135,-0.214739,-0.00174663,0.0121789,-0.0135841
3.463,0.360921,-0.214751,-0.00173446,0.0121685,-0.0135841
3.464,0.360706,-0.214763,-0.0017223,0.0121583,-0.0135841
3.465,0.360491,-0.214775,-0.00171014,0.0121485,-0.0135841
3.466,0.360276,-0.214787,-0.001698,0.0121389,-0.0135841
3.467,0.360061,-0.214799,-0.00168586,0.0121295,-0.0135841
3.468,0.359847,-0.214811,-0.00167374,0.0121204,-0.0135841
3.469,0.359632,-0.214823,-0.00166162,0.0121116,-0.0135841
3.47,0.359417,-0.214835,-0.00164952,0.012103,-0.0135841
3.471,0.359202,-0.214847,-0.00163742,0.0120947,-0.0135841
3.472,0.358987,-0.214858,-0.00162533,0.0120867,-0.0135841
3.473,0.358772,-0.21487,-0.00161324,0.0120789,-0.0135841
3.474,0.358558,-0.214883,-0.00160117,0.0120714,-0.0135841
3.475,0.358343,-0.214895,-0.0015891,0.0120641,-0.0135841
3.476,0.358128,-0.214907,-0.00157704,0.0120571,-0.0135841
3.477,0.357913,-0.214919,-0.00156499,0.0120504,-0.0135841
3.478,0.357698,-0.214931,-0.00155294,0.0120439,-0.0135841
3.479,0.357483,-0.214943,-0.0015409,0.0120377,-0.0135841
3.48,0.357268,-0.214952,-0.00152887,0.0120266,-0.0109943
3.481,0.357053,-0.214962,-0.00151684,0.0120157,-0.0109943
3.482,0.356838,-0.214971,-0.00150483,0.0120051,-0.0109943
3.483,0.356623,-0.214981,-0.00149283,0.0119947,-0.0109943
3.484,0.356408,-0.21499,-0.00148085,0.0119846,-0.0109943
3.485,0.356193,-0.215,-0.00146887,0.0119748,-0.0109943
3.486,0.355978,-0.215009,-0.0014569,0.0119652,-0.0109943
3.487,0.355763,-0.215019,-0.00144493,0.0119559,-0.0109943
3.488,0.355548,-0.215029,-0.00143298,0.0119468,-0.0109943
3.489,0.355333,-0.215038,-0.00142104,0.011938,-0.0109943
3.49,0.355118,-0.215048,-0.00140911,0.0119294,-0.0109943
3.491,0.354903,-0.215057,-0.00139718,0.0119212,-0.0109943
3.492,0.354688,-0.215067,-0.00138527,0.0119131,-0.0109943
3.493,0.354473,-0.215077,-0.00137336,0.0119053,-0.0109943
3.494,0.354258,-0.215086,-0.00136145,0.0118978,-0.0109943
3.495,0.354043,-0.215096,-0.00134956,0.0118905,-0.0109943
3.496,0.353828,-0.215106,-0.00133767,0.0118835,-0.0109943
3.497,0.353612,-0.215115,-0.00132579,0.0118768,-0.0109943
3.498,0.353397,-0.215125,-0.00131392,0.0118703,-0.0109943
3.499,0.353182,-0.215135,-0.00130205,0.011864,-0.0109943
3.5,0.352967,-0.215142,-0.00129019,0.011853,-0.0084428
3.501,0.352752,-0.215149,-0.00127835,0.0118421,-0.0084428
3.502,0.352537,-0.215156,-0.00126651,0.0118316,-0.0084428
3.503,0.352322,-0.215163,-0.00125468,0.0118212,-0.0084428
3.504,0.352106,-0.215171,-0.00124287,0.0118112,-0.0084428
3.505,0.351891,-0.215178,-0.00123106,0.0118014,-0.0084428
3.506,0.351676,-0.215185,-0.00121926,0.0117918,-0.0084428
3.507,0.351461,-0.215192,-0.00120748,0.0117825,-0.0084428
3.508,0.351246,-0.2152,-0.0011957,0.0117735,-0.0084428
3.509,0.351031,-0.215207,-0.00118393,0.0117647,-0.0084428
3.51,0.350815,-0.215214,-0.00117217,0.0117561,-0.0084428
3.511,0.3506,-0.215222,-0.00116042,0.0117478,-0.0084428
3.512,0.350385,-0.215229,-0.00114867,0.0117398,-0.0084428
3.513,0.35017,-0.215236,-0.00113694,0.011732,-0.0084428
3.514,0.349954,-0.215244,-0.00112521,0.0117245,-0.0084428
3.515,0.349739,-0.215251,-0.00111349,0.0117172,-0.0084428
3.516,0.349524,-0.215258,-0.00110178,0.0117102,-0.0084428
3.517,0.349309,-0.215266,-0.00109007,0.0117034,-0.0084428
3.518,0.349093,-0.215273,-0.00107837,0.0116969,-0.0084428
3.519,0.348878,-0.21528,-0.00106667,0.0116907,-0.0084428
3.52,0.348663,-0.215285,-0.00105499,0.0116796,-0.0059295
3.521,0.348448,-0.21529,-0.00104332,0.0116688,-0.0059295
3.522,0.348232,-0.215295,-0.00103165,0.0116583,-0.0059295
3.523,0.348017,-0.2153,-0.00102,0.011648,-0.0059295
3.524,0.347802,-0.215305,-0.00100836,0.011638,-0.0059295
3.525,0.347586,-0.21531,-0.000996722,0.0116282,-0.0059295
3.526,0.347371,-0.215315,-0.000985099,0.0116187,-0.0059295
3.527,0.347156,-0.21532,-0.000973485,0.0116094,-0.0059295
3.528,0.34694,-0.215325,-0.00096188,0.0116004,-0.0059295
3.529,0.346725,-0.21533,-0.000950284,0.0115916,-0.0059295
3.53,0.34651,-0.215335,-0.000938697,0.0115831,-0.0059295
3.531,0.346294,-0.21534,-0.000927118,0.0115748,-0.0059295
3.532,0.346079,-0.215345,-0.000915547,0.0115668,-0.0059295
3.533,0.345864,-0.21535,-0.000903984,0.011559,-0.0059295
3.534,0.345648,-0.215355,-0.000892429,0.0115515,-0.0059295
3.535,0.345433,-0.21536,-0.000880881,0.0115442,-0.0059295
3.536,0.345218,-0.215365,-0.00086934,0.0115372,-0.0059295
3.537,0.345002,-0.21537,-0.000857807,0.0115304,-0.0059295
3.538,0.344787,-0.215375,-0.000846279,0.0115239,-0.0059295
3.539,0.344572,-0.21538,-0.000834759,0.0115176,-0.0059295
3.54,0.344356,-0.215383,-0.000823247,0.0115066,-0.00345434
3.541,0.344141,-0.215386,-0.000811745,0.0114959,-0.00345434
3.542,0.343925,-0.215388,-0.000800255,0.0114854,-0.00345434
3.543,0.34371,-0.215391,-0.000788774,0.0114752,-0.00345434
3.544,0.343495,-0.215394,-0.000777304,0.0114652,-0.00345434
3.545,0.343279,-0.215396,-0.000765844,0.0114554,-0.00345434
3.546,0.343064,-0.215399,-0.000754393,0.0114459,-0.00345434
3.547,0.342848,-0.215402,-0.000742952,0.0114367,-0.00345434
3.548,0.342633,-0.215404,-0.00073152,0.0114277,-0.00345434
3.549,0.342418,-0.215407,-0.000720097,0.0114189,-0.00345434
3.55,0.342202,-0.21541,-0.000708682,0.0114104,-0.00345434
3.551,0.341987,-0.215413,-0.000697276,0.0114022,-0.00345434
3.552,0.341771,-0.215415,-0.000685878,0.0113941,-0.00345434
3.553,0.341556,-0.215418,-0.000674487,0.0113864,-0.00345434
3.554,0.34134,-0.215421,-0.000663105,0.0113788,-0.00345434
3.555,0.341125,-0.215424,-0.00065173,0.0113716,-0.00345434
3.556,0.34091,-0.215427,-0.000640362,0.0113645,-0.00345434
3.557,0.340694,-0.21543,-0.000629001,0.0113577,-0.00345434
3.558,0.340479,-0.215432,-0.000617646,0.0113512,-0.00345434
3.559,0.340263,-0.215435,-0.000606298,0.0113449,-0.00345434
3.56,0.340048,-0.215436,-0.000594959,0.011334,-0.00101723
3.561,0.339832,-0.215436,-0.00058363,0.0113233,-0.00101723
3.562,0.339617,-0.215437,-0.000572312,0.0113128,-0.00101723
3.563,0.339402,-0.215437,-0.000561004,0.0113026,-0.00101723
3.564,0.339186,-0.215437,-0.000549707,0.0112927,-0.00101723
3.565,0.338971,-0.215438,-0.000538419,0.011283,-0.00101723
3.566,0.338755,-0.215438,-0.000527141,0.0112735,-0.00101723
3.567,0.33854,-0.215439,-0.000515872,0.0112643,-0.00101723
3.568,0.338324,-0.215439,-0.000504612,0.0112553,-0.00101723
3.569,0.338109,-0.21544,-0.000493361,0.0112466,-0.00101723
3.57,0.337894,-0.215441,-0.000482119,0.0112381,-0.00101723
3.571,0.337678,-0.215441,-0.000470885,0.0112298,-0.00101723
3.572,0.337463,-0.215442,-0.000459659,0.0112218,-0.00101723
3.573,0.337247,-0.215442,-0.000448441,0.0112141,-0.00101723
3.574,0.337032,-0.215443,-0.000437231,0.0112066,-0.00101723
3.575,0.336816,-0.215443,-0.000426028,0.0111993,-0.00101723
3.576,0.336601,-0.215444,-0.000414832,0.0111922,-0.00101723
3.577,0.336385,-0.215445,-0.000403643,0.0111854,-0.00101723
3.578,0.33617,-0.215445,-0.000392461,0.0111789,-0.00101723
3.579,0.335955,-0.215446,-0.000381285,0.0111726,-0.00101723
3.58,0.335739,-0.215444,-0.000370118,0.0111617,0.00138194
3.581,0.335524,-0.215442,-0.000358962,0.0111511,0.00138194
3.582,0.335308,-0.215441,-0.000347816,0.0111407,0.00138194
3.583,0.335093,-0.215439,-0.00033668,0.0111305,0.00138194
3.584,0.334877,-0.215437,-0.000325555,0.0111206,0.00138194
3.585,0.334662,-0.215436,-0.000314439,0.0111109,0.00138194
3.586,0.334446,-0.215434,-0.000303333,0.0111015,0.00138194
3.587,0.334231,-0.215432,-0.000292236,0.0110923,0.00138194
3.588,0.334016,-0.215431,-0.000281148,0.0110834,0.00138194
3.589,0.3338,-0.215429,-0.000270069,0.0110747,0.00138194
3.59,0.333585,-0.215427,-0.000258999,0.0110662,0.00138194
3.591,0.333369,-0.215426,-0.000247937,0.0110579,0.00138194
3.592,0.333154,-0.215424,-0.000236883,0.01105,0.00138194
3.593,0.332938,-0.215422,-0.000225837,0.0110422,0.00138194
3.594,0.332723,-0.215421,-0.000214798,0.0110347,0.00138194
3.595,0.332508,-0.215419,-0.000203767,0.0110274,0.00138194
3.596,0.332292,-0.215418,-0.000192743,0.0110204,0.00138194
3.597,0.332077,-0.215416,-0.000181727,0.0110136,0.00138194
3.598,0.331861,-0.215415,-0.000170716,0.011007,0.00138194
3.599,0.331646,-0.215413,-0.000159712,0.0110007,0.00138194
3.6,0.331431,-0.215409,-0.000148717,0.0109898,0.00374328
3.601,0.331215,-0.215405,-0.000137733,0.0109793,0.00374328
3.602,0.331,-0.215401,-0.000126759,0.0109689,0.00374328
3.603,0.330784,-0.215397,-0.000115795,0.0109588,0.00374328
3.604,0.330569,-0.215394,-0.000104841,0.0109489,0.00374328
3.605,0.330354,-0.21539,-9.38968e-05,0.0109393,0.00374328
3.606,0.330138,-0.215386,-8.29622e-05,0.0109299,0.00374328
3.607,0.329923,-0.215382,-7.20369e-05,0.0109208,0.00374328
3.608,0.329707,-0.215378,-6.11206e-05,0.0109118,0.00374328
3.609,0.329492,-0.215375,-5.02132e-05,0.0109032,0.00374328
3.61,0.329277,-0.215371,-3.93142e-05,0.0108947,0.00374328
3.611,0.329061,-0.215367,-2.84237e-05,0.0108865,0.00374328
3.612,0.328846,-0.215363,-1.75412e-05,0.0108785,0.00374328
3.613,0.328631,-0.215359,-6.6666e-06,0.0108708,0.00374328
3.614,0.328415,-0.215356,4.20038e-06,0.0108632,0.00374328
3.615,0.3282,-0.215352,1.506e-05,0.010856,0.00374328
3.616,0.327985,-0.215348,2.59124e-05,0.0108489,0.00374328
3.617,0.327769,-0.215345,3.67579e-05,0.0108421,0.00374328
3.618,0.327554,-0.215341,4.75967e-05,0.0108355,0.00374328
3.619,0.327338,-0.215337,5.8429e-05,0.0108292,0.00374328
3.62,0.327123,-0.215331,6.92528e-05,0.0108184,0.0060669
3.621,0.326908,-0.215325,8.00659e-05,0.0108079,0.0060669
3.622,0.326692,-0.215319,9.08687e-05,0.0107976,0.0060669
3.623,0.326477,-0.215313,0.000101661,0.0107876,0.0060669
3.624,0.326262,-0.215307,0.000112444,0.0107777,0.0060669
3.625,0.326047,-0.215301,0.000123217,0.0107681,0.0060669
3.626,0.325831,-0.215295,0.00013398,0.0107588,0.0060669
3.627,0.325616,-0.215289,0.000144734,0.0107497,0.0060669
3.628,0.325401,-0.215283,0.00015548,0.0107408,0.0060669
3.629,0.325185,-0.215278,0.000166216,0.0107321,0.0060669
3.63,0.32497,-0.215272,0.000176944,0.0107237,0.0060669
3.631,0.324755,-0.215266,0.000187664,0.0107155,0.0060669
3.632,0.32454,-0.21526,0.000198375,0.0107075,0.0060669
3.633,0.324324,-0.215254,0.000209079,0.0106998,0.0060669
3.634,0.324109,-0.215248,0.000219775,0.0106923,0.0060669
3.635,0.323894,-0.215242,0.000230463,0.010685,0.0060669
3.636,0.323679,-0.215236,0.000241145,0.0106779,0.0060669
3.637,0.323463,-0.215231,0.000251819,0.0106711,0.0060669
3.638,0.323248,-0.215225,0.000262487,0.0106645,0.0060669
3.639,0.323033,-0.215219,0.000273148,0.0106582,0.0060669
3.64,0.322818,-0.215211,0.000283801,0.0106475,0.00835292
3.641,0.322602,-0.215203,0.000294443,0.010637,0.00835292
3.642,0.322387,-0.215195,0.000305075,0.0106268,0.00835292
3.643,0.322172,-0.215187,0.000315697,0.0106168,0.00835292
3.644,0.321957,-0.215179,0.000326309,0.010607,0.00835292
3.645,0.321742,-0.215171,0.000336911,0.0105975,0.00835292
3.646,0.321527,-0.215163,0.000347504,0.0105881,0.00835292
3.647,0.321311,-0.215155,0.000358088,0.0105791,0.00835292
3.648,0.321096,-0.215147,0.000368662,0.0105702,0.00835292
3.649,0.320881,-0.215139,0.000379228,0.0105616,0.00835292
3.65,0.320666,-0.215131,0.000389785,0.0105531,0.00835292
3.651,0.320451,-0.215123,0.000400334,0.010545,0.00835292
3.652,0.320236,-0.215115,0.000410875,0.010537,0.00835292
3.653,0.320021,-0.215107,0.000421408,0.0105293,0.00835292
3.654,0.319806,-0.215099,0.000431934,0.0105218,0.00835292
3.655,0.31959,-0.215091,0.000442452,0.0105145,0.00835292
3.656,0.319375,-0.215083,0.000452963,0.0105075,0.00835292
3.657,0.31916,-0.215075,0.000463467,0.0105007,0.00835292
3.658,0.318945,-0.215067,0.000473965,0.0104941,0.00835292
3.659,0.31873,-0.215059,0.000484455,0.0104877,0.00835292
3.66,0.318515,-0.215049,0.000494938,0.0104771,0.0106015
3.661,0.3183,-0.215039,0.00050541,0.0104667,0.0106015
3.662,0.318085,-0.215029,0.000515871,0.0104565,0.0106015
3.663,0.31787,-0.215019,0.000526323,0.0104465,0.0106015
3.664,0.317655,-0.215009,0.000536764,0.0104368,0.0106015
3.665,0.31744,-0.214999,0.000547196,0.0104273,0.0106015
3.666,0.317225,-0.214989,0.000557619,0.010418,0.0106015
3.667,0.31701,-0.214979,0.000568032,0.010409,0.0106015
3.668,0.316795,-0.214969,0.000578437,0.0104001,0.0106015
3.669,0.31658,-0.214959,0.000588833,0.0103915,0.0106015
3.67,0.316365,-0.214949,0.00059922,0.0103831,0.0106015
3.671,0.31615,-0.214939,0.000609599,0.010375,0.0106015
3.672,0.315935,-0.214929,0.00061997,0.010367,0.0106015
3.673,0.31572,-0.214919,0.000630333,0.0103593,0.0106015
3.674,0.315505,-0.214909,0.000640689,0.0103518,0.0106015
3.675,0.31529,-0.214899,0.000651037,0.0103446,0.0106015
3.676,0.315076,-0.214889,0.000661378,0.0103375,0.0106015
3.677,0.314861,-0.214879,0.000671712,0.0103307,0.0106015
3.678,0.314646,-0.214869,0.000682039,0.0103241,0.0106015
3.679,0.314431,-0.214859,0.00069236,0.0103178,0.0106015
3.68,0.314216,-0.214847,0.000702673,0.0103072,0.0128127
3.681,0.314001,-0.214835,0.000712975,0.0102968,0.0128127
3.682,0.313786,-0.214823,0.000723267,0.0102867,0.0128127
3.683,0.313572,-0.21481,0.000733548,0.0102768,0.0128127
3.684,0.313357,-0.214798,0.00074382,0.0102671,0.0128127
3.685,0.313142,-0.214786,0.000754083,0.0102577,0.0128127
3.686,0.312927,-0.214774,0.000764336,0.0102484,0.0128127
3.687,0.312712,-0.214762,0.00077458,0.0102394,0.0128127
3.688,0.312498,-0.21475,0.000784814,0.0102306,0.0128127
3.689,0.312283,-0.214738,0.000795041,0.010222,0.0128127
3.69,0.312068,-0.214726,0.000805259,0.0102137,0.0128127
3.691,0.311854,-0.214714,0.000815468,0.0102055,0.0128127
3.692,0.311639,-0.214702,0.00082567,0.0101976,0.0128127
3.693,0.311424,-0.21469,0.000835863,0.0101899,0.0128127
3.694,0.311209,-0.214678,0.00084605,0.0101824,0.0128127
3.695,0.310995,-0.214666,0.000856228,0.0101752,0.0128127
3.696,0.31078,-0.214654,0.0008664,0.0101681,0.0128127
3.697,0.310565,-0.214642,0.000876565,0.0101613,0.0128127
3.698,0.310351,-0.21463,0.000886723,0.0101547,0.0128127
3.699,0.310136,-0.214618,0.000896874,0.0101484,0.0128127
3.7,0.309922,-0.214604,0.000907017,0.0101378,0.0149867
3.701,0.309707,-0.21459,0.00091715,0.0101276,0.0149867
3.702,0.309492,-0.214576,0.000927273,0.0101175,0.0149867
3.703,0.309278,-0.214562,0.000937385,0.0101076,0.0149867
3.704,0.309063,-0.214548,0.000947488,0.010098,0.0149867
3.705,0.308849,-0.214534,0.000957581,0.0100886,0.0149867
3.706,0.308634,-0.21452,0.000967665,0.0100794,0.0149867
3.707,0.30842,-0.214506,0.00097774,0.0100704,0.0149867
3.708,0.308205,-0.214492,0.000987806,0.0100616,0.0149867
3.709,0.307991,-0.214478,0.000997863,0.0100531,0.0149867
3.71,0.307776,-0.214464,0.00100791,0.0100448,0.0149867
3.711,0.307562,-0.21445,0.00101795,0.0100367,0.0149867
3.712,0.307347,-0.214436,0.00102799,0.0100288,0.0149867
3.713,0.307133,-0.214422,0.00103801,0.0100211,0.0149867
3.714,0.306919,-0.214408,0.00104803,0.0100136,0.0149867
3.715,0.306704,-0.214394,0.00105804,0.0100064,0.0149867
3.716,0.30649,-0.21438,0.00106804,0.00999934,0.0149867
3.717,0.306275,-0.214366,0.00107804,0.00999253,0.0149867
3.718,0.306061,-0.214352,0.00108803,0.00998593,0.0149867
3.719,0.305847,-0.214338,0.00109801,0.00997954,0.0149867
3.72,0.305632,-0.214322,0.00110798,0.0099691,0.0171236
3.721,0.305418,-0.214306,0.00111795,0.00995887,0.0171236
3.722,0.305204,-0.21429,0.0011279,0.00994886,0.0171236
3.723,0.304989,-0.214274,0.00113784,0.00993906,0.0171236
3.724,0.304775,-0.214258,0.00114778,0.00992948,0.0171236
3.725,0.304561,-0.214242,0.0011577,0.00992011,0.0171236
3.726,0.304347,-0.214226,0.00116762,0.00991096,0.0171236
3.727,0.304132,-0.21421,0.00117753,0.00990202,0.0171236
3.728,0.303918,-0.214194,0.00118742,0.00989329,0.0171236
3.729,0.303704,-0.214178,0.00119731,0.00988478,0.0171236
3.73,0.30349,-0.214162,0.00120719,0.00987648,0.0171236
3.731,0.303276,-0.214146,0.00121707,0.00986839,0.0171236
3.732,0.303062,-0.21413,0.00122693,0.00986052,0.0171236
3.733,0.302847,-0.214114,0.00123679,0.00985285,0.0171236
3.734,0.302633,-0.214099,0.00124664,0.00984541,0.0171236
3.735,0.302419,-0.214083,0.00125648,0.00983817,0.0171236
3.736,0.302205,-0.214067,0.00126631,0.00983115,0.0171236
3.737,0.301991,-0.214051,0.00127614,0.00982433,0.0171236
3.738,0.301777,-0.214035,0.00128596,0.00981773,0.0171236
3.739,0.301563,-0.214019,0.00129578,0.00981135,0.0171236
3.74,0.301349,-0.214001,0.00130558,0.00980097,0.0192236
3.741,0.301135,-0.213983,0.00131538,0.00979081,0.0192236
3.742,0.300921,-0.213965,0.00132516,0.00978085,0.0192236
3.743,0.300707,-0.213947,0.00133494,0.00977111,0.0192236
3.744,0.300493,-0.213929,0.00134471,0.00976158,0.0192236
3.745,0.300279,-0.213912,0.00135446,0.00975226,0.0192236
3.746,0.300065,-0.213894,0.00136421,0.00974315,0.0192236
3.747,0.299851,-0.213876,0.00137395,0.00973425,0.0192236
3.748,0.299638,-0.213858,0.00138368,0.00972556,0.0192236
3.749,0.299424,-0.21384,0.0013934,0.00971708,0.0192236
3.75,0.29921,-0.213822,0.00140311,0.00970881,0.0192236
3.751,0.298996,-0.213804,0.00141282,0.00970075,0.0192236
3.752,0.298782,-0.213787,0.00142251,0.0096929,0.0192236
3.753,0.298569,-0.213769,0.0014322,0.00968526,0.0192236
3.754,0.298355,-0.213751,0.00144188,0.00967782,0.0192236
3.755,0.298141,-0.213733,0.00145156,0.0096706,0.0192236
3.756,0.297927,-0.213715,0.00146123,0.00966358,0.0192236
3.757,0.297714,-0.213698,0.00147089,0.00965678,0.0192236
3.758,0.2975,-0.21368,0.00148054,0.00965018,0.0192236
3.759,0.297286,-0.213662,0.00149019,0.00964379,0.0192236
3.76,0.297073,-0.213642,0.00149983,0.00963348,0.0212869
3.761,0.296859,-0.213622,0.00150945,0.00962338,0.0212869
3.762,0.296645,-0.213603,0.00151907,0.00961349,0.0212869
3.763,0.296432,-0.213583,0.00152868,0.0096038,0.0212869
3.764,0.296218,-0.213563,0.00153828,0.00959432,0.0212869
3.765,0.296005,-0.213543,0.00154787,0.00958505,0.0212869
3.766,0.295791,-0.213523,0.00155745,0.00957599,0.0212869
3.767,0.295578,-0.213504,0.00156702,0.00956713,0.0212869
3.768,0.295364,-0.213484,0.00157658,0.00955848,0.0212869
3.769,0.295151,-0.213464,0.00158614,0.00955003,0.0212869
3.77,0.294937,-0.213444,0.00159568,0.0095418,0.0212869
3.771,0.294724,-0.213425,0.00160522,0.00953376,0.0212869
3.772,0.29451,-0.213405,0.00161475,0.00952594,0.0212869
3.773,0.294297,-0.213385,0.00162427,0.00951831,0.0212869
3.774,0.294084,-0.213366,0.00163379,0.0095109,0.0212869
3.775,0.29387,-0.213346,0.0016433,0.00950369,0.0212869
3.776,0.293657,-0.213326,0.0016528,0.00949668,0.0212869
3.777,0.293444,-0.213307,0.00166229,0.00948988,0.0212869
3.778,0.29323,-0.213287,0.00167178,0.00948328,0.0212869
3.779,0.293017,-0.213267,0.00168126,0.00947689,0.0212869
3.78,0.292804,-0.213246,0.00169073,0.00946665,0.0233136
3.781,0.29259,-0.213224,0.00170019,0.00945662,0.0233136
3.782,0.292377,-0.213202,0.00170964,0.00944679,0.0233136
3.783,0.292164,-0.213181,0.00171908,0.00943716,0.0233136
3.784,0.291951,-0.213159,0.00172852,0.00942773,0.0233136
3.785,0.291738,-0.213138,0.00173794,0.00941851,0.0233136
3.786,0.291525,-0.213116,0.00174735,0.0094095,0.0233136
3.787,0.291312,-0.213094,0.00175676,0.00940068,0.0233136
3.788,0.291098,-0.213073,0.00176615,0.00939207,0.0233136
3.789,0.290885,-0.213051,0.00177554,0.00938366,0.0233136
3.79,0.290672,-0.21303,0.00178492,0.00937546,0.0233136
3.791,0.290459,-0.213008,0.00179429,0.00936745,0.0233136
3.792,0.290246,-0.212987,0.00180366,0.00935965,0.0233136
3.793,0.290033,-0.212965,0.00181301,0.00935205,0.0233136
3.794,0.28982,-0.212943,0.00182236,0.00934465,0.0233136
3.795,0.289607,-0.212922,0.0018317,0.00933746,0.0233136
3.796,0.289395,-0.2129,0.00184104,0.00933046,0.0233136
3.797,0.289182,-0.212879,0.00185036,0.00932367,0.0233136
3.798,0.288969,-0.212857,0.00185968,0.00931708,0.0233136
3.799,0.288756,-0.212836,0.001869,0.00931069,0.0233136
3.8,0.288543,-0.212812,0.0018783,0.00930052,0.0253038
3.801,0.28833,-0.212789,0.0018876,0.00929055,0.0253038
3.802,0.288118,-0.212766,0.00189688,0.00928078,0.0253038
3.803,0.287905,-0.212742,0.00190616,0.00927121,0.0253038
3.804,0.287692,-0.212719,0.00191543,0.00926184,0.0253038
3.805,0.287479,-0.212695,0.00192468,0.00925267,0.0253038
3.806,0.287267,-0.212672,0.00193393,0.0092437,0.0253038
3.807,0.287054,-0.212648,0.00194317,0.00923493,0.0253038
3.808,0.286841,-0.212625,0.0019524,0.00922636,0.0253038
3.809,0.286629,-0.212602,0.00196162,0.00921799,0.0253038
3.81,0.286416,-0.212578,0.00197084,0.00920982,0.0253038
3.811,0.286204,-0.212555,0.00198004,0.00920184,0.0253038
3.812,0.285991,-0.212532,0.00198924,0.00919407,0.0253038
3.813,0.285779,-0.212508,0.00199843,0.00918649,0.0253038
3.814,0.285566,-0.212485,0.00200761,0.00917911,0.0253038
3.815,0.285354,-0.212462,0.00201679,0.00917193,0.0253038
3.816,0.285141,-0.212438,0.00202596,0.00916495,0.0253038
3.817,0.284929,-0.212415,0.00203512,0.00915817,0.0253038
3.818,0.284716,-0.212392,0.00204427,0.00915158,0.0253038
3.819,0.284504,-0.212368,0.00205342,0.00914519,0.0253038
3.82,0.284292,-0.212343,0.00206256,0.00913509,0.0272578
3.821,0.284079,-0.212318,0.00207169,0.00912519,0.0272578
3.822,0.283867,-0.212293,0.00208081,0.00911548,0.0272578
3.823,0.283655,-0.212267,0.00208992,0.00910597,0.0272578
3.824,0.283442,-0.212242,0.00209903,0.00909666,0.0272578
3.825,0.28323,-0.212217,0.00210812,0.00908755,0.0272578
3.826,0.283018,-0.212192,0.0021172,0.00907863,0.0272578
3.827,0.282806,-0.212167,0.00212628,0.0090699,0.0272578
3.828,0.282594,-0.212142,0.00213534,0.00906137,0.0272578
3.829,0.282381,-0.212116,0.0021444,0.00905304,0.0272578
3.83,0.282169,-0.212091,0.00215345,0.0090449,0.0272578
3.831,0.281957,-0.212066,0.00216249,0.00903696,0.0272578
3.832,0.281745,-0.212041,0.00217152,0.00902921,0.0272578
3.833,0.281533,-0.212016,0.00218055,0.00902166,0.0272578
3.834,0.281321,-0.211991,0.00218956,0.0090143,0.0272578
3.835,0.281109,-0.211966,0.00219857,0.00900714,0.0272578
3.836,0.280897,-0.21194,0.00220758,0.00900017,0.0272578
3.837,0.280685,-0.211915,0.00221658,0.0089934,0.0272578
3.838,0.280473,-0.21189,0.00222557,0.00898682,0.0272578
3.839,0.280262,-0.211865,0.00223455,0.00898043,0.0272578
3.84,0.28005,-0.211838,0.00224352,0.0089704,0.0291756
3.841,0.279838,-0.211811,0.00225249,0.00896057,0.0291756
3.842,0.279626,-0.211784,0.00226145,0.00895093,0.0291756
3.843,0.279414,-0.211757,0.00227039,0.00894148,0.0291756
3.844,0.279203,-0.21173,0.00227933,0.00893222,0.0291756
3.845,0.278991,-0.211704,0.00228826,0.00892316,0.0291756
3.846,0.278779,-0.211677,0.00229718,0.00891429,0.0291756
3.847,0.278568,-0.21165,0.00230608,0.00890562,0.0291756
3.848,0.278356,-0.211623,0.00231499,0.00889713,0.0291756
3.849,0.278144,-0.211596,0.00232388,0.00888884,0.0291756
3.85,0.277933,-0.211569,0.00233276,0.00888074,0.0291756
3.851,0.277721,-0.211542,0.00234164,0.00887283,0.0291756
3.852,0.27751,-0.211515,0.00235051,0.00886511,0.0291756
3.853,0.277298,-0.211488,0.00235937,0.00885758,0.0291756
3.854,0.277087,-0.211461,0.00236823,0.00885025,0.0291756
3.855,0.276875,-0.211435,0.00237707,0.0088431,0.0291756
3.856,0.276664,-0.211408,0.00238591,0.00883615,0.0291756
3.857,0.276452,-0.211381,0.00239474,0.00882938,0.0291756
3.858,0.276241,-0.211354,0.00240357,0.00882281,0.0291756
3.859,0.27603,-0.211327,0.00241239,0.00881643,0.0291756
3.86,0.275818,-0.211299,0.0024212,0.00880647,0.0310575
3.861,0.275607,-0.21127,0.00243,0.00879671,0.0310575
3.862,0.275396,-0.211241,0.00243879,0.00878713,0.0310575
3.863,0.275185,-0.211213,0.00244758,0.00877775,0.0310575
3.864,0.274973,-0.211184,0.00245635,0.00876855,0.0310575
3.865,0.274762,-0.211155,0.00246511,0.00875954,0.0310575
3.866,0.274551,-0.211127,0.00247387,0.00875072,0.0310575
3.867,0.27434,-0.211098,0.00248262,0.00874209,0.0310575
3.868,0.274129,-0.211069,0.00249135,0.00873365,0.0310575
3.869,0.273918,-0.211041,0.00250008,0.0087254,0.0310575
3.87,0.273707,-0.211012,0.0025088,0.00871734,0.0310575
3.871,0.273496,-0.210984,0.00251752,0.00870946,0.0310575
3.872,0.273285,-0.210955,0.00252622,0.00870177,0.0310575
3.873,0.273074,-0.210927,0.00253492,0.00869427,0.0310575
3.874,0.272863,-0.210898,0.00254361,0.00868696,0.0310575
3.875,0.272652,-0.210869,0.0025523,0.00867984,0.0310575
3.876,0.272441,-0.210841,0.00256097,0.0086729,0.0310575
3.877,0.27223,-0.210812,0.00256964,0.00866615,0.0310575
3.878,0.27202,-0.210784,0.0025783,0.00865958,0.0310575
3.879,0.271809,-0.210755,0.00258696,0.00865321,0.0310575
3.88,0.271598,-0.210725,0.00259561,0.00864333,0.0329038
3.881,0.271387,-0.210695,0.00260425,0.00863363,0.0329038
3.882,0.271177,-0.210664,0.00261288,0.00862412,0.0329038
3.883,0.270966,-0.210634,0.0026215,0.0086148,0.0329038
3.884,0.270755,-0.210604,0.00263011,0.00860566,0.0329038
3.885,0.270545,-0.210573,0.00263871,0.00859671,0.0329038
3.886,0.270334,-0.210543,0.0026473,0.00858794,0.0329038
3.887,0.270124,-0.210513,0.00265588,0.00857936,0.0329038
3.888,0.269913,-0.210482,0.00266446,0.00857097,0.0329038
3.889,0.269703,-0.210452,0.00267302,0.00856276,0.0329038
3.89,0.269492,-0.210422,0.00268158,0.00855473,0.0329038
3.891,0.269282,-0.210391,0.00269013,0.00854689,0.0329038
3.892,0.269072,-0.210361,0.00269868,0.00853923,0.0329038
3.893,0.268861,-0.210331,0.00270721,0.00853176,0.0329038
3.894,0.268651,-0.210301,0.00271574,0.00852447,0.0329038
3.895,0.268441,-0.21027,0.00272426,0.00851737,0.0329038
3.896,0.26823,-0.21024,0.00273278,0.00851045,0.0329038
3.897,0.26802,-0.21021,0.00274128,0.00850371,0.0329038
3.898,0.26781,-0.21018,0.00274978,0.00849716,0.0329038
3.899,0.2676,-0.21015,0.00275828,0.00849079,0.0329038
3.9,0.26739,-0.210118,0.00276676,0.00848098,0.0347144
3.901,0.26718,-0.210086,0.00277524,0.00847135,0.0347144
3.902,0.26697,-0.210054,0.00278371,0.00846191,0.0347144
3.903,0.266759,-0.210022,0.00279216,0.00845265,0.0347144
3.904,0.266549,-0.20999,0.00280061,0.00844358,0.0347144
3.905,0.266339,-0.209958,0.00280905,0.00843468,0.0347144
3.906,0.26613,-0.209926,0.00281748,0.00842597,0.0347144
3.907,0.26592,-0.209894,0.0028259,0.00841744,0.0347144
3.908,0.26571,-0.209862,0.00283432,0.00840909,0.0347144
3.909,0.2655,-0.20983,0.00284272,0.00840092,0.0347144
3.91,0.26529,-0.209798,0.00285112,0.00839293,0.0347144
3.911,0.26508,-0.209766,0.00285951,0.00838513,0.0347144
3.912,0.264871,-0.209734,0.00286789,0.0083775,0.0347144
3.913,0.264661,-0.209702,0.00287626,0.00837006,0.0347144
3.914,0.264451,-0.20967,0.00288463,0.0083628,0.0347144
3.915,0.264242,-0.209639,0.00289299,0.00835572,0.0347144
3.916,0.264032,-0.209607,0.00290134,0.00834881,0.0347144
3.917,0.263822,-0.209575,0.00290968,0.00834209,0.0347144
3.918,0.263613,-0.209543,0.00291802,0.00833555,0.0347144
3.919,0.263403,-0.209511,0.00292636,0.00832919,0.0347144
3.92,0.263194,-0.209477,0.00293468,0.00831946,0.0364897
3.921,0.262984,-0.209444,0.002943,0.0083099,0.0364897
3.922,0.262775,-0.20941,0.0029513,0.00830053,0.0364897
3.923,0.262565,-0.209377,0.0029596,0.00829133,0.0364897
3.924,0.262356,-0.209343,0.00296788,0.00828232,0.0364897
3.925,0.262147,-0.20931,0.00297616,0.00827348,0.0364897
3.926,0.261937,-0.209276,0.00298443,0.00826482,0.0364897
3.927,0.261728,-0.209242,0.00299269,0.00825634,0.0364897
3.928,0.261519,-0.209209,0.00300094,0.00824804,0.0364897
3.929,0.26131,-0.209175,0.00300919,0.00823992,0.0364897
3.93,0.261101,-0.209142,0.00301742,0.00823197,0.0364897
3.931,0.260891,-0.209108,0.00302565,0.0082242,0.0364897
3.932,0.260682,-0.209075,0.00303387,0.00821661,0.0364897
3.933,0.260473,-0.209041,0.00304208,0.0082092,0.0364897
3.934,0.260264,-0.209008,0.00305029,0.00820196,0.0364897
3.935,0.260055,-0.208974,0.00305849,0.0081949,0.0364897
3.936,0.259846,-0.208941,0.00306668,0.00818802,0.0364897
3.937,0.259637,-0.208907,0.00307486,0.00818131,0.0364897
3.938,0.259429,-0.208874,0.00308304,0.00817478,0.0364897
3.939,0.25922,-0.20884,0.00309121,0.00816843,0.0364897
3.94,0.259011,-0.208805,0.00309938,0.00815878,0.0382298
3.941,0.258802,-0.20877,0.00310753,0.00814929,0.0382298
3.942,0.258593,-0.208735,0.00311568,0.00813999,0.0382298
3.943,0.258385,-0.2087,0.00312381,0.00813086,0.0382298
3.944,0.258176,-0.208664,0.00313194,0.00812191,0.0382298
3.945,0.257967,-0.208629,0.00314006,0.00811313,0.0382298
3.946,0.257759,-0.208594,0.00314816,0.00810453,0.0382298
3.947,0.25755,-0.208559,0.00315626,0.0080961,0.0382298
3.948,0.257342,-0.208524,0.00316436,0.00808784,0.0382298
3.949,0.257133,-0.208489,0.00317244,0.00807976,0.0382298
3.95,0.256925,-0.208454,0.00318052,0.00807186,0.0382298
3.951,0.256716,-0.208419,0.00318858,0.00806413,0.0382298
3.952,0.256508,-0.208383,0.00319664,0.00805657,0.0382298
3.953,0.256299,-0.208348,0.0032047,0.00804919,0.0382298
3.954,0.256091,-0.208313,0.00321274,0.00804198,0.0382298
3.955,0.255883,-0.208278,0.00322078,0.00803495,0.0382298
3.956,0.255674,-0.208243,0.00322881,0.00802808,0.0382298
3.957,0.255466,-0.208208,0.00323684,0.0080214,0.0382298
3.958,0.255258,-0.208173,0.00324486,0.00801488,0.0382298
3.959,0.25505,-0.208138,0.00325287,0.00800854,0.0382298
3.96,0.254842,-0.208101,0.00326087,0.00799896,0.039935
3.961,0.254634,-0.208065,0.00326887,0.00798955,0.039935
3.962,0.254426,-0.208028,0.00327685,0.00798032,0.039935
3.963,0.254218,-0.207991,0.00328483,0.00797125,0.039935
3.964,0.25401,-0.207954,0.00329279,0.00796236,0.039935
3.965,0.253802,-0.207918,0.00330075,0.00795364,0.039935
3.966,0.253594,-0.207881,0.0033087,0.0079451,0.039935
3.967,0.253386,-0.207844,0.00331664,0.00793672,0.039935
3.968,0.253178,-0.207808,0.00332457,0.00792852,0.039935
3.969,0.25297,-0.207771,0.0033325,0.00792048,0.039935
3.97,0.252763,-0.207734,0.00334041,0.00791262,0.039935
3.971,0.252555,-0.207698,0.00334832,0.00790493,0.039935
3.972,0.252347,-0.207661,0.00335622,0.00789741,0.039935
3.973,0.25214,-0.207624,0.00336412,0.00789006,0.039935
3.974,0.251932,-0.207588,0.003372,0.00788288,0.039935
3.975,0.251724,-0.207551,0.00337988,0.00787587,0.039935
3.976,0.251517,-0.207514,0.00338776,0.00786903,0.039935
3.977,0.251309,-0.207478,0.00339562,0.00786236,0.039935
3.978,0.251102,-0.207441,0.00340348,0.00785586,0.039935
3.979,0.250894,-0.207405,0.00341133,0.00784953,0.039935
3.98,0.250687,-0.207366,0.00341918,0.00784002,0.0416054
3.981,0.25048,-0.207328,0.00342701,0.00783069,0.0416054
3.982,0.250272,-0.20729,0.00343484,0.00782153,0.0416054
3.983,0.250065,-0.207252,0.00344266,0.00781253,0.0416054
3.984,0.249858,-0.207213,0.00345047,0.0078037,0.0416054
3.985,0.249651,-0.207175,0.00345826,0.00779505,0.0416054
3.986,0.249444,-0.207137,0.00346606,0.00778656,0.0416054
3.987,0.249236,-0.207099,0.00347384,0.00777823,0.0416054
3.988,0.249029,-0.207061,0.00348161,0.00777008,0.0416054
3.989,0.248822,-0.207022,0.00348938,0.00776209,0.0416054
3.99,0.248615,-0.206984,0.00349714,0.00775427,0.0416054
3.991,0.248408,-0.206946,0.00350489,0.00774662,0.0416054
3.992,0.248201,-0.206908,0.00351263,0.00773914,0.0416054
3.993,0.247995,-0.20687,0.00352036,0.00773182,0.0416054
3.994,0.247788,-0.206832,0.00352809,0.00772467,0.0416054
3.995,0.247581,-0.206793,0.00353581,0.00771769,0.0416054
3.996,0.247374,-0.206755,0.00354353,0.00771087,0.0416054
3.997,0.247167,-0.206717,0.00355124,0.00770422,0.0416054
3.998,0.246961,-0.206679,0.00355894,0.00769773,0.0416054
3.999,0.246754,-0.206641,0.00356663,0.00769142,0.0416054
4,0.246547,-0.206601,0.00357432,0.00768199,0.0432412
4.001,0.246341,-0.206562,0.003582,0.00767273,0.0432412
4.002,0.246134,-0.206522,0.00358966,0.00766364,0.0432412
4.003,0.245928,-0.206482,0.00359732,0.00765471,0.0432412
4.004,0.245721,-0.206442,0.00360497,0.00764595,0.0432412
4.005,0.245515,-0.206403,0.00361261,0.00763735,0.0432412
4.006,0.245309,-0.206363,0.00362025,0.00762892,0.0432412
4.007,0.245102,-0.206323,0.00362787,0.00762065,0.0432412
4.008,0.244896,-0.206284,0.00363549,0.00761255,0.0432412
4.009,0.24469,-0.206244,0.0036431,0.00760461,0.0432412
4.01,0.244483,-0.206204,0.0036507,0.00759684,0.0432412
4.011,0.244277,-0.206165,0.00365829,0.00758923,0.0432412
4.012,0.244071,-0.206125,0.00366588,0.00758178,0.0432412
4.013,0.243865,-0.206085,0.00367346,0.0075745,0.0432412
4.014,0.243659,-0.206046,0.00368103,0.00756738,0.0432412
4.015,0.243453,-0.206006,0.00368859,0.00756042,0.0432412
4.016,0.243247,-0.205966,0.00369615,0.00755363,0.0432412
4.017,0.243041,-0.205927,0.0037037,0.007547,0.0432412
4.018,0.242835,-0.205887,0.00371124,0.00754053,0.0432412
4.019,0.242629,-0.205848,0.00371878,0.00753422,0.0432412
4.02,0.242423,-0.205806,0.00372631,0.00752488,0.0448428
4.021,0.242218,-0.205765,0.00373383,0.0075157,0.0448428
4.022,0.242012,-0.205724,0.00374134,0.00750668,0.0448428
4.023,0.241806,-0.205683,0.00374884,0.00749782,0.0448428
4.024,0.2416,-0.205642,0.00375634,0.00748912,0.0448428
4.025,0.241395,-0.205601,0.00376382,0.00748059,0.0448428
4.026,0.241189,-0.205559,0.0037713,0.00747221,0.0448428
4.027,0.240984,-0.205518,0.00377876,0.007464,0.0448428
4.028,0.240778,-0.205477,0.00378622,0.00745595,0.0448428
4.029,0.240573,-0.205436,0.00379368,0.00744806,0.0448428
4.03,0.240367,-0.205395,0.00380112,0.00744033,0.0448428
4.031,0.240162,-0.205354,0.00380856,0.00743276,0.0448428
4.032,0.239957,-0.205313,0.00381599,0.00742535,0.0448428
4.033,0.239751,-0.205272,0.00382341,0.0074181,0.0448428
4.034,0.239546,-0.205231,0.00383082,0.00741101,0.0448428
4.035,0.239341,-0.205189,0.00383823,0.00740409,0.0448428
4.036,0.239136,-0.205148,0.00384563,0.00739732,0.0448428
4.037,0.238931,-0.205107,0.00385302,0.00739071,0.0448428
4.038,0.238725,-0.205066,0.00386041,0.00738426,0.0448428
4.039,0.23852,-0.205025,0.00386779,0.00737797,0.0448428
4.04,0.238315,-0.204983,0.00387517,0.0073687,0.0464101
4.041,0.23811,-0.20494,0.00388253,0.0073596,0.0464101
4.042,0.237906,-0.204897,0.00388989,0.00735065,0.0464101
4.043,0.237701,-0.204855,0.00389723,0.00734186,0.0464101
4.044,0.237496,-0.204812,0.00390457,0.00733323,0.0464101
4.045,0.237291,-0.20477,0.0039119,0.00732476,0.0464101
4.046,0.237086,-0.204727,0.00391922,0.00731644,0.0464101
4.047,0.236882,-0.204685,0.00392653,0.00730829,0.0464101
4.048,0.236677,-0.204642,0.00393384,0.00730029,0.0464101
4.049,0.236472,-0.204599,0.00394113,0.00729245,0.0464101
4.05,0.236268,-0.204557,0.00394842,0.00728476,0.0464101
4.051,0.236063,-0.204514,0.0039557,0.00727724,0.0464101
4.052,0.235859,-0.204472,0.00396298,0.00726987,0.0464101
4.053,0.235654,-0.204429,0.00397024,0.00726266,0.0464101
4.054,0.23545,-0.204387,0.0039775,0.0072556,0.0464101
4.055,0.235245,-0.204344,0.00398475,0.0072487,0.0464101
4.056,0.235041,-0.204302,0.003992,0.00724196,0.0464101
4.057,0.234837,-0.204259,0.00399924,0.00723537,0.0464101
4.058,0.234633,-0.204217,0.00400647,0.00722894,0.0464101
4.059,0.234428,-0.204174,0.00401369,0.00722267,0.0464101
4.06,0.234224,-0.20413,0.00402091,0.00721348,0.0479436
4.061,0.23402,-0.204086,0.00402812,0.00720445,0.0479436
4.062,0.233816,-0.204042,0.00403532,0.00719558,0.0479436
4.063,0.233612,-0.203998,0.00404251,0.00718686,0.0479436
4.064,0.233408,-0.203954,0.0040497,0.0071783,0.0479436
4.065,0.233204,-0.20391,0.00405687,0.00716989,0.0479436
4.066,0.233,-0.203866,0.00406404,0.00716163,0.0479436
4.067,0.232796,-0.203823,0.00407119,0.00715353,0.0479436
4.068,0.232593,-0.203779,0.00407834,0.00714559,0.0479436
4.069,0.232389,-0.203735,0.00408548,0.0071378,0.0479436
4.07,0.232185,-0.203691,0.00409262,0.00713016,0.0479436
4.071,0.231982,-0.203647,0.00409974,0.00712268,0.0479436
4.072,0.231778,-0.203603,0.00410686,0.00711535,0.0479436
4.073,0.231574,-0.203559,0.00411398,0.00710817,0.0479436
4.074,0.231371,-0.203515,0.00412108,0.00710115,0.0479436
4.075,0.231167,-0.203471,0.00412818,0.00709428,0.0479436
4.076,0.230964,-0.203427,0.00413527,0.00708757,0.0479436
4.077,0.23076,-0.203383,0.00414235,0.00708101,0.0479436
4.078,0.230557,-0.20334,0.00414943,0.0070746,0.0479436
4.079,0.230354,-0.203296,0.0041565,0.00706834,0.0479436
4.08,0.23015,-0.20325,0.00416357,0.00705923,0.0494434
4.081,0.229947,-0.203205,0.00417062,0.00705028,0.0494434
4.082,0.229744,-0.20316,0.00417767,0.00704148,0.0494434
4.083,0.229541,-0.203114,0.0041847,0.00703283,0.0494434
4.084,0.229338,-0.203069,0.00419173,0.00702434,0.0494434
4.085,0.229135,-0.203024,0.00419875,0.00701599,0.0494434
4.086,0.228932,-0.202978,0.00420576,0.0070078,0.0494434
4.087,0.228729,-0.202933,0.00421277,0.00699976,0.0494434
4.088,0.228526,-0.202888,0.00421976,0.00699187,0.0494434
4.089,0.228323,-0.202842,0.00422675,0.00698413,0.0494434
4.09,0.22812,-0.202797,0.00423373,0.00697654,0.0494434
4.091,0.227917,-0.202752,0.0042407,0.0069691,0.0494434
4.092,0.227715,-0.202706,0.00424767,0.00696181,0.0494434
4.093,0.227512,-0.202661,0.00425463,0.00695467,0.0494434
4.094,0.227309,-0.202616,0.00426158,0.00694769,0.0494434
4.095,0.227107,-0.202571,0.00426852,0.00694085,0.0494434
4.096,0.226904,-0.202525,0.00427546,0.00693416,0.0494434
4.097,0.226702,-0.20248,0.00428239,0.00692762,0.0494434
4.098,0.226499,-0.202435,0.00428932,0.00692123,0.0494434
4.099,0.226297,-0.20239,0.00429623,0.00691499,0.0494434
4.1,0.226095,-0.202343,0.00430315,0.00690597,0.0509097
4.101,0.225892,-0.202296,0.00431005,0.0068971,0.0509097
4.102,0.22569,-0.20225,0.00431694,0.00688837,0.0509097
4.103,0.225488,-0.202203,0.00432382,0.0068798,0.0509097
4.104,0.225286,-0.202156,0.0043307,0.00687137,0.0509097
4.105,0.225083,-0.20211,0.00433757,0.00686309,0.0509097
4.106,0.224881,-0.202063,0.00434443,0.00685496,0.0509097
4.107,0.224679,-0.202016,0.00435128,0.00684698,0.0509097
4.108,0.224477,-0.20197,0.00435812,0.00683914,0.0509097
4.109,0.224275,-0.201923,0.00436495,0.00683145,0.0509097
4.11,0.224073,-0.201876,0.00437178,0.00682391,0.0509097
4.111,0.223872,-0.20183,0.0043786,0.00681652,0.0509097
4.112,0.22367,-0.201783,0.00438542,0.00680927,0.0509097
4.113,0.223468,-0.201737,0.00439222,0.00680217,0.0509097
4.114,0.223266,-0.20169,0.00439902,0.00679522,0.0509097
4.115,0.223065,-0.201643,0.00440581,0.00678841,0.0509097
4.116,0.222863,-0.201597,0.0044126,0.00678176,0.0509097
4.117,0.222661,-0.20155,0.00441938,0.00677524,0.0509097
4.118,0.22246,-0.201504,0.00442615,0.00676888,0.0509097
4.119,0.222258,-0.201457,0.00443291,0.00676265,0.0509097
4.12,0.222057,-0.201409,0.00443967,0.00675371,0.0523428
4.121,0.221856,-0.201361,0.00444642,0.00674492,0.0523428
4.122,0.221654,-0.201313,0.00445316,0.00673627,0.0523428
4.123,0.221453,-0.201265,0.00445989,0.00672777,0.0523428
4.124,0.221252,-0.201217,0.00446662,0.00671941,0.0523428
4.125,0.221051,-0.201169,0.00447333,0.00671119,0.0523428
4.126,0.220849,-0.201121,0.00448004,0.00670312,0.0523428
4.127,0.220648,-0.201073,0.00448674,0.0066952,0.0523428
4.128,0.220447,-0.201025,0.00449343,0.00668742,0.0523428
4.129,0.220246,-0.200978,0.00450011,0.00667978,0.0523428
4.13,0.220045,-0.20093,0.00450679,0.00667229,0.0523428
4.131,0.219844,-0.200882,0.00451346,0.00666495,0.0523428
4.132,0.219644,-0.200834,0.00452012,0.00665774,0.0523428
4.133,0.219443,-0.200786,0.00452677,0.00665068,0.0523428
4.134,0.219242,-0.200738,0.00453342,0.00664377,0.0523428
4.135,0.219041,-0.20069,0.00454006,0.00663699,0.0523428
4.136,0.218841,-0.200642,0.00454669,0.00663036,0.0523428
4.137,0.21864,-0.200594,0.00455332,0.00662388,0.0523428
4.138,0.218439,-0.200546,0.00455994,0.00661753,0.0523428
4.139,0.218239,-0.200499,0.00456656,0.00661133,0.0523428
4.14,0.218038,-0.200449,0.00457316,0.00660248,0.0537428
4.141,0.217838,-0.2004,0.00457976,0.00659376,0.0537428
4.142,0.217638,-0.200351,0.00458635,0.00658519,0.0537428
4.143,0.217437,-0.200302,0.00459293,0.00657676,0.0537428
4.144,0.217237,-0.200252,0.0045995,0.00656847,0.0537428
4.145,0.217037,-0.200203,0.00460607,0.00656032,0.0537428
4.146,0.216837,-0.200154,0.00461263,0.00655231,0.0537428
4.147,0.216636,-0.200105,0.00461917,0.00654445,0.0537428
4.148,0.216436,-0.200055,0.00462571,0.00653672,0.0537428
4.149,0.216236,-0.200006,0.00463225,0.00652914,0.0537428
4.15,0.216036,-0.199957,0.00463877,0.0065217,0.0537428
4.151,0.215836,-0.199908,0.00464529,0.0065144,0.0537428
4.152,0.215637,-0.199859,0.0046518,0.00650724,0.0537428
4.153,0.215437,-0.19981,0.00465831,0.00650022,0.0537428
4.154,0.215237,-0.19976,0.0046648,0.00649334,0.0537428
4.155,0.215037,-0.199711,0.00467129,0.0064866,0.0537428
4.156,0.214838,-0.199662,0.00467778,0.00648,0.0537428
4.157,0.214638,-0.199613,0.00468425,0.00647354,0.0537428
4.158,0.214438,-0.199564,0.00469072,0.00646723,0.0537428
4.159,0.214239,-0.199515,0.00469719,0.00646105,0.0537428
4.16,0.214039,-0.199464,0.00470364,0.00645227,0.0551101
4.161,0.21384,-0.199414,0.00471009,0.00644363,0.0551101
4.162,0.21364,-0.199363,0.00471653,0.00643514,0.0551101
4.163,0.213441,-0.199313,0.00472296,0.00642678,0.0551101
4.164,0.213242,-0.199262,0.00472938,0.00641856,0.0551101
4.165,0.213043,-0.199212,0.0047358,0.00641048,0.0551101
4.166,0.212843,-0.199161,0.00474221,0.00640254,0.0551101
4.167,0.212644,-0.199111,0.0047486,0.00639473,0.0551101
4.168,0.212445,-0.19906,0.00475499,0.00638707,0.0551101
4.169,0.212246,-0.19901,0.00476138,0.00637954,0.0551101
4.17,0.212047,-0.198959,0.00476775,0.00637215,0.0551101
4.171,0.211848,-0.198909,0.00477412,0.0063649,0.0551101
4.172,0.211649,-0.198859,0.00478048,0.00635778,0.0551101
4.173,0.211451,-0.198808,0.00478684,0.0063508,0.0551101
4.174,0.211252,-0.198758,0.00479319,0.00634396,0.0551101
4.175,0.211053,-0.198707,0.00479953,0.00633726,0.0551101
4.176,0.210854,-0.198657,0.00480586,0.00633069,0.0551101
4.177,0.210656,-0.198607,0.00481219,0.00632426,0.0551101
4.178,0.210457,-0.198556,0.00481851,0.00631796,0.0551101
4.179,0.210259,-0.198506,0.00482482,0.0063118,0.0551101
4.18,0.21006,-0.198454,0.00483113,0.00630311,0.0564449
4.181,0.209862,-0.198402,0.00483743,0.00629456,0.0564449
4.182,0.209663,-0.198351,0.00484372,0.00628614,0.0564449
4.183,0.209465,-0.198299,0.00485,0.00627785,0.0564449
4.184,0.209267,-0.198247,0.00485628,0.00626971,0.0564449
4.185,0.209068,-0.198196,0.00486254,0.00626169,0.0564449
4.186,0.20887,-0.198144,0.0048688,0.00625381,0.0564449
4.187,0.208672,-0.198092,0.00487505,0.00624607,0.0564449
4.188,0.208474,-0.198041,0.00488129,0.00623846,0.0564449
4.189,0.208276,-0.197989,0.00488753,0.00623099,0.0564449
4.19,0.208078,-0.197937,0.00489375,0.00622365,0.0564449
4.191,0.20788,-0.197886,0.00489997,0.00621645,0.0564449
4.192,0.207682,-0.197834,0.00490619,0.00620938,0.0564449
4.193,0.207485,-0.197782,0.00491239,0.00620244,0.0564449
4.194,0.207287,-0.197731,0.00491859,0.00619564,0.0564449
4.195,0.207089,-0.197679,0.00492478,0.00618897,0.0564449
4.196,0.206891,-0.197628,0.00493097,0.00618243,0.0564449
4.197,0.206694,-0.197576,0.00493715,0.00617603,0.0564449
4.198,0.206496,-0.197524,0.00494332,0.00616976,0.0564449
4.199,0.206299,-0.197473,0.00494949,0.00616363,0.0564449
4.2,0.206101,-0.19742,0.00495565,0.00615502,0.0577474
4.201,0.205904,-0.197367,0.0049618,0.00614654,0.0577474
4.202,0.205707,-0.197314,0.00496794,0.0061382,0.0577474
4.203,0.205509,-0.197261,0.00497407,0.00612999,0.0577474
4.204,0.205312,-0.197208,0.0049802,0.00612192,0.0577474
4.205,0.205115,-0.197156,0.00498632,0.00611397,0.0577474
4.206,0.204918,-0.197103,0.00499243,0.00610616,0.0577474
4.207,0.204721,-0.19705,0.00499853,0.00609848,0.0577474
4.208,0.204524,-0.196997,0.00500463,0.00609093,0.0577474
4.209,0.204327,-0.196944,0.00501071,0.00608351,0.0577474
4.21,0.20413,-0.196891,0.00501679,0.00607622,0.0577474
4.211,0.203933,-0.196839,0.00502287,0.00606907,0.0577474
4.212,0.203736,-0.196786,0.00502893,0.00606204,0.0577474
4.213,0.203539,-0.196733,0.00503499,0.00605515,0.0577474
4.214,0.203343,-0.19668,0.00504104,0.00604838,0.0577474
4.215,0.203146,-0.196627,0.00504709,0.00604175,0.0577474
4.216,0.202949,-0.196575,0.00505312,0.00603525,0.0577474
4.217,0.202753,-0.196522,0.00505916,0.00602888,0.0577474
4.218,0.202556,-0.196469,0.00506518,0.00602263,0.0577474
4.219,0.20236,-0.196416,0.0050712,0.00601652,0.0577474
4.22,0.202164,-0.196362,0.00507721,0.006008,0.0590178
4.221,0.201967,-0.196308,0.00508322,0.00599961,0.0590178
4.222,0.201771,-0.196254,0.00508921,0.00599134,0.0590178
4.223,0.201575,-0.1962,0.0050952,0.00598321,0.0590178
4.224,0.201378,-0.196146,0.00510118,0.0059752,0.0590178
4.225,0.201182,-0.196092,0.00510715,0.00596733,0.0590178
4.226,0.200986,-0.196038,0.00511311,0.00595958,0.0590178
4.227,0.20079,-0.195984,0.00511907,0.00595196,0.0590178
4.228,0.200594,-0.19593,0.00512502,0.00594447,0.0590178
4.229,0.200398,-0.195876,0.00513096,0.00593711,0.0590178
4.23,0.200203,-0.195822,0.00513689,0.00592987,0.0590178
4.231,0.200007,-0.195768,0.00514282,0.00592277,0.0590178
4.232,0.199811,-0.195714,0.00514874,0.00591579,0.0590178
4.233,0.199615,-0.19566,0.00515465,0.00590894,0.0590178
4.234,0.19942,-0.195606,0.00516056,0.00590221,0.0590178
4.235,0.199224,-0.195552,0.00516646,0.00589562,0.0590178
4.236,0.199029,-0.195498,0.00517235,0.00588915,0.0590178
4.237,0.198833,-0.195444,0.00517823,0.00588281,0.0590178
4.238,0.198638,-0.19539,0.00518411,0.00587659,0.0590178
4.239,0.198442,-0.195336,0.00518999,0.00587051,0.0590178
4.24,0.198247,-0.195281,0.00519585,0.00586207,0.0602564
4.241,0.198052,-0.195226,0.00520171,0.00585376,0.0602564
4.242,0.197857,-0.195171,0.00520756,0.00584557,0.0602564
4.243,0.197661,-0.195116,0.0052134,0.00583751,0.0602564
4.244,0.197466,-0.195061,0.00521924,0.00582958,0.0602564
4.245,0.197271,-0.195006,0.00522506,0.00582177,0.0602564
4.246,0.197076,-0.19495,0.00523088,0.00581409,0.0602564
4.247,0.196881,-0.194895,0.00523669,0.00580653,0.0602564
4.248,0.196687,-0.19484,0.00524249,0.0057991,0.0602564
4.249,0.196492,-0.194785,0.00524829,0.0057918,0.0602564
4.25,0.196297,-0.19473,0.00525408,0.00578462,0.0602564
4.251,0.196102,-0.194675,0.00525986,0.00577756,0.0602564
4.252,0.195908,-0.19462,0.00526563,0.00577063,0.0602564
4.253,0.195713,-0.194565,0.0052714,0.00576382,0.0602564
4.254,0.195519,-0.19451,0.00527716,0.00575714,0.0602564
4.255,0.195324,-0.194455,0.00528291,0.00575058,0.0602564
4.256,0.19513,-0.1944,0.00528866,0.00574415,0.0602564
4.257,0.194935,-0.194344,0.0052944,0.00573784,0.0602564
4.258,0.194741,-0.194289,0.00530014,0.00573165,0.0602564
4.259,0.194547,-0.194234,0.00530586,0.00572559,0.0602564
4.26,0.194352,-0.194178,0.00531159,0.00571724,0.0614635
4.261,0.194158,-0.194122,0.0053173,0.00570901,0.0614635
4.262,0.193964,-0.194066,0.005323,0.0057009,0.0614635
4.263,0.19377,-0.194009,0.0053287,0.00569292,0.0614635
4.264,0.193576,-0.193953,0.00533439,0.00568506,0.0614635
4.265,0.193382,-0.193897,0.00534007,0.00567732,0.0614635
4.266,0.193188,-0.193841,0.00534574,0.00566971,0.0614635
4.267,0.192995,-0.193784,0.00535141,0.00566221,0.0614635
4.268,0.192801,-0.193728,0.00535707,0.00565484,0.0614635
4.269,0.192607,-0.193672,0.00536272,0.0056476,0.0614635
4.27,0.192413,-0.193616,0.00536836,0.00564047,0.0614635
4.271,0.19222,-0.19356,0.005374,0.00563346,0.0614635
4.272,0.192026,-0.193503,0.00537963,0.00562658,0.0614635
4.273,0.191833,-0.193447,0.00538525,0.00561982,0.0614635
4.274,0.191639,-0.193391,0.00539087,0.00561318,0.0614635
4.275,0.191446,-0.193335,0.00539648,0.00560666,0.0614635
4.276,0.191253,-0.193279,0.00540208,0.00560026,0.0614635
4.277,0.19106,-0.193223,0.00540768,0.00559398,0.0614635
4.278,0.190866,-0.193166,0.00541327,0.00558783,0.0614635
4.279,0.190673,-0.19311,0.00541886,0.00558179,0.0614635
4.28,0.19048,-0.193053,0.00542443,0.00557352,0.0626392
4.281,0.190287,-0.192996,0.00543,0.00556538,0.0626392
4.282,0.190094,-0.192938,0.00543557,0.00555735,0.0626392
4.283,0.189901,-0.192881,0.00544112,0.00554944,0.0626392
4.284,0.189708,-0.192824,0.00544666,0.00554165,0.0626392
4.285,0.189516,-0.192766,0.0054522,0.00553399,0.0626392
4.286,0.189323,-0.192709,0.00545773,0.00552644,0.0626392
4.287,0.18913,-0.192652,0.00546325,0.00551901,0.0626392
4.288,0.188938,-0.192595,0.00546877,0.0055117,0.0626392
4.289,0.188745,-0.192537,0.00547428,0.00550451,0.0626392
4.29,0.188552,-0.19248,0.00547978,0.00549744,0.0626392
4.291,0.18836,-0.192423,0.00548527,0.00549048,0.0626392
4.292,0.188168,-0.192366,0.00549076,0.00548365,0.0626392
4.293,0.187975,-0.192308,0.00549624,0.00547693,0.0626392
4.294,0.187783,-0.192251,0.00550171,0.00547034,0.0626392
4.295,0.187591,-0.192194,0.00550718,0.00546386,0.0626392
4.296,0.187399,-0.192137,0.00551264,0.00545749,0.0626392
4.297,0.187207,-0.192079,0.0055181,0.00545125,0.0626392
4.298,0.187014,-0.192022,0.00552354,0.00544512,0.0626392
4.299,0.186822,-0.191965,0.00552899,0.00543911,0.0626392
4.3,0.186631,-0.191907,0.00553442,0.00543093,0.0637839
4.301,0.186439,-0.191848,0.00553985,0.00542287,0.0637839
4.302,0.186247,-0.19179,0.00554527,0.00541492,0.0637839
4.303,0.186055,-0.191731,0.00555068,0.00540709,0.0637839
4.304,0.185863,-0.191673,0.00555608,0.00539938,0.0637839
4.305,0.185672,-0.191615,0.00556148,0.00539178,0.0637839
4.306,0.18548,-0.191557,0.00556687,0.0053843,0.0637839
4.307,0.185289,-0.191498,0.00557225,0.00537694,0.0637839
4.308,0.185097,-0.19144,0.00557762,0.00536969,0.0637839
4.309,0.184906,-0.191382,0.00558299,0.00536255,0.0637839
4.31,0.184714,-0.191323,0.00558834,0.00535554,0.0637839
4.311,0.184523,-0.191265,0.0055937,0.00534864,0.0637839
4.312,0.184332,-0.191207,0.00559904,0.00534185,0.0637839
4.313,0.184141,-0.191148,0.00560438,0.00533518,0.0637839
4.314,0.18395,-0.19109,0.00560971,0.00532863,0.0637839
4.315,0.183759,-0.191032,0.00561504,0.00532219,0.0637839
4.316,0.183568,-0.190974,0.00562036,0.00531586,0.0637839
4.317,0.183377,-0.190915,0.00562567,0.00530965,0.0637839
4.318,0.183186,-0.190857,0.00563098,0.00530355,0.0637839
4.319,0.182995,-0.190799,0.00563628,0.00529757,0.0637839
4.32,0.182804,-0.190739,0.00564157,0.00528948,0.0648978
4.321,0.182613,-0.19068,0.00564686,0.0052815,0.0648978
4.322,0.182423,-0.190621,0.00565213,0.00527363,0.0648978
4.323,0.182232,-0.190561,0.0056574,0.00526588,0.0648978
4.324,0.182042,-0.190502,0.00566266,0.00525824,0.0648978
4.325,0.181851,-0.190443,0.00566792,0.00525071,0.0648978
4.326,0.181661,-0.190383,0.00567317,0.0052433,0.0648978
4.327,0.18147,-0.190324,0.00567841,0.005236,0.0648978
4.328,0.18128,-0.190265,0.00568364,0.00522881,0.0648978
4.329,0.18109,-0.190205,0.00568886,0.00522174,0.0648978
4.33,0.1809,-0.190146,0.00569408,0.00521478,0.0648978
4.331,0.18071,-0.190087,0.00569929,0.00520793,0.0648978
4.332,0.180519,-0.190027,0.0057045,0.00520119,0.0648978
4.333,0.180329,-0.189968,0.0057097,0.00519457,0.0648978
4.334,0.18014,-0.189909,0.00571489,0.00518806,0.0648978
4.335,0.17995,-0.18985,0.00572007,0.00518166,0.0648978
4.336,0.17976,-0.18979,0.00572525,0.00517537,0.0648978
4.337,0.17957,-0.189731,0.00573042,0.0051692,0.0648978
4.338,0.17938,-0.189672,0.00573559,0.00516313,0.0648978
4.339,0.179191,-0.189612,0.00574075,0.00515718,0.0648978
4.34,0.179001,-0.189552,0.0057459,0.00514917,0.0659812
4.341,0.178812,-0.189492,0.00575105,0.00514127,0.0659812
4.342,0.178622,-0.189431,0.00575618,0.00513349,0.0659812
4.343,0.178433,-0.189371,0.00576131,0.00512581,0.0659812
4.344,0.178243,-0.189311,0.00576644,0.00511825,0.0659812
4.345,0.178054,-0.18925,0.00577155,0.00511079,0.0659812
4.346,0.177865,-0.18919,0.00577666,0.00510345,0.0659812
4.347,0.177676,-0.18913,0.00578176,0.00509621,0.0659812
4.348,0.177487,-0.189069,0.00578685,0.00508909,0.0659812
4.349,0.177298,-0.189009,0.00579194,0.00508207,0.0659812
4.35,0.177109,-0.188949,0.00579701,0.00507517,0.0659812
4.351,0.17692,-0.188889,0.00580209,0.00506837,0.0659812
4.352,0.176731,-0.188828,0.00580715,0.00506169,0.0659812
4.353,0.176542,-0.188768,0.00581221,0.00505511,0.0659812
4.354,0.176353,-0.188708,0.00581726,0.00504865,0.0659812
4.355,0.176165,-0.188647,0.00582231,0.00504229,0.0659812
4.356,0.175976,-0.188587,0.00582735,0.00503604,0.0659812
4.357,0.175787,-0.188527,0.00583238,0.0050299,0.0659812
4.358,0.175599,-0.188467,0.00583741,0.00502387,0.0659812
4.359,0.175411,-0.188406,0.00584243,0.00501794,0.0659812
4.36,0.175222,-0.188345,0.00584744,0.00501002,0.0670343
4.361,0.175034,-0.188284,0.00585245,0.00500221,0.0670343
4.362,0.174846,-0.188223,0.00585745,0.0049945,0.0670343
4.363,0.174657,-0.188161,0.00586244,0.0049869,0.0670343
4.364,0.174469,-0.1881,0.00586742,0.00497941,0.0670343
4.365,0.174281,-0.188039,0.00587239,0.00497203,0.0670343
4.366,0.174093,-0.187977,0.00587736,0.00496475,0.0670343
4.367,0.173905,-0.187916,0.00588232,0.00495759,0.0670343
4.368,0.173717,-0.187855,0.00588728,0.00495053,0.0670343
4.369,0.17353,-0.187794,0.00589223,0.00494357,0.0670343
4.37,0.173342,-0.187732,0.00589717,0.00493672,0.0670343
4.371,0.173154,-0.187671,0.0059021,0.00492998,0.0670343
4.372,0.172966,-0.18761,0.00590703,0.00492335,0.0670343
4.373,0.172779,-0.187549,0.00591195,0.00491682,0.0670343
4.374,0.172591,-0.187487,0.00591686,0.0049104,0.0670343
4.375,0.172404,-0.187426,0.00592177,0.00490408,0.0670343
4.376,0.172216,-0.187365,0.00592667,0.00489787,0.0670343
4.377,0.172029,-0.187304,0.00593156,0.00489177,0.0670343
4.378,0.171842,-0.187243,0.00593645,0.00488577,0.0670343
4.379,0.171655,-0.187181,0.00594133,0.00487987,0.0670343
4.38,0.171468,-0.187119,0.00594621,0.00487204,0.0680574
4.381,0.17128,-0.187057,0.00595108,0.00486431,0.0680574
4.382,0.171093,-0.186995,0.00595594,0.00485668,0.0680574
4.383,0.170906,-0.186932,0.00596079,0.00484916,0.0680574
4.384,0.17072,-0.18687,0.00596564,0.00484175,0.0680574
4.385,0.170533,-0.186808,0.00597047,0.00483444,0.0680574
4.386,0.170346,-0.186746,0.00597531,0.00482723,0.0680574
4.387,0.170159,-0.186684,0.00598013,0.00482013,0.0680574
4.388,0.169973,-0.186621,0.00598495,0.00481313,0.0680574
4.389,0.169786,-0.186559,0.00598976,0.00480624,0.0680574
4.39,0.169599,-0.186497,0.00599456,0.00479945,0.0680574
4.391,0.169413,-0.186435,0.00599935,0.00479276,0.0680574
4.392,0.169227,-0.186373,0.00600414,0.00478618,0.0680574
4.393,0.16904,-0.186311,0.00600893,0.0047797,0.0680574
4.394,0.168854,-0.186248,0.0060137,0.00477332,0.0680574
4.395,0.168668,-0.186186,0.00601847,0.00476705,0.0680574
4.396,0.168482,-0.186124,0.00602324,0.00476088,0.0680574
4.397,0.168295,-0.186062,0.006028,0.00475481,0.0680574
4.398,0.168109,-0.186,0.00603275,0.00474884,0.0680574
4.399,0.167923,-0.185938,0.00603749,0.00474298,0.0680574
4.4,0.167738,-0.185875,0.00604223,0.00473523,0.0690507
4.401,0.167552,-0.185811,0.00604696,0.00472759,0.0690507
4.402,0.167366,-0.185748,0.00605169,0.00472005,0.0690507
4.403,0.16718,-0.185685,0.0060564,0.0047126,0.0690507
4.404,0.166995,-0.185622,0.00606111,0.00470526,0.0690507
4.405,0.166809,-0.185559,0.00606581,0.00469803,0.0690507
4.406,0.166623,-0.185496,0.00607051,0.00469089,0.0690507
4.407,0.166438,-0.185433,0.0060752,0.00468386,0.0690507
4.408,0.166253,-0.18537,0.00607988,0.00467692,0.0690507
4.409,0.166067,-0.185307,0.00608455,0.00467009,0.0690507
4.41,0.165882,-0.185244,0.00608922,0.00466336,0.0690507
4.411,0.165697,-0.185181,0.00609388,0.00465672,0.0690507
4.412,0.165512,-0.185117,0.00609853,0.00465019,0.0690507
4.413,0.165327,-0.185054,0.00610318,0.00464376,0.0690507
4.414,0.165142,-0.184991,0.00610782,0.00463743,0.0690507
4.415,0.164957,-0.184928,0.00611245,0.0046312,0.0690507
4.416,0.164772,-0.184865,0.00611708,0.00462507,0.0690507
4.417,0.164587,-0.184802,0.0061217,0.00461904,0.0690507
4.418,0.164402,-0.184739,0.00612632,0.00461311,0.0690507
4.419,0.164217,-0.184676,0.00613093,0.00460728,0.0690507
4.42,0.164033,-0.184612,0.00613553,0.00459962,0.0700145
4.421,0.163848,-0.184548,0.00614013,0.00459206,0.0700145
4.422,0.163664,-0.184484,0.00614472,0.00458459,0.0700145
4.423,0.163479,-0.18442,0.0061493,0.00457723,0.0700145
4.424,0.163295,-0.184356,0.00615387,0.00456997,0.0700145
4.425,0.16311,-0.184292,0.00615844,0.0045628,0.0700145
4.426,0.162926,-0.184228,0.006163,0.00455574,0.0700145
4.427,0.162742,-0.184164,0.00616755,0.00454877,0.0700145
4.428,0.162558,-0.1841,0.00617209,0.0045419,0.0700145
4.429,0.162374,-0.184036,0.00617663,0.00453513,0.0700145
4.43,0.16219,-0.183972,0.00618116,0.00452845,0.0700145
4.431,0.162006,-0.183908,0.00618569,0.00452188,0.0700145
4.432,0.161822,-0.183844,0.00619021,0.0045154,0.0700145
4.433,0.161638,-0.183781,0.00619472,0.00450902,0.0700145
4.434,0.161454,-0.183717,0.00619923,0.00450273,0.0700145
4.435,0.161271,-0.183653,0.00620373,0.00449654,0.0700145
4.436,0.161087,-0.183589,0.00620822,0.00449045,0.0700145
4.437,0.160904,-0.183525,0.00621271,0.00448446,0.0700145
4.438,0.16072,-0.183461,0.00621719,0.00447857,0.0700145
4.439,0.160537,-0.183397,0.00622166,0.00447277,0.0700145
4.44,0.160353,-0.183332,0.00622613,0.00446519,0.0709491
4.441,0.16017,-0.183267,0.00623059,0.00445772,0.0709491
4.442,0.159987,-0.183202,0.00623505,0.00445034,0.0709491
4.443,0.159804,-0.183138,0.00623949,0.00444306,0.0709491
4.444,0.15962,-0.183073,0.00624393,0.00443587,0.0709491
4.445,0.159437,-0.183008,0.00624837,0.00442878,0.0709491
4.446,0.159254,-0.182943,0.00625279,0.00442178,0.0709491
4.447,0.159072,-0.182878,0.00625721,0.00441488,0.0709491
4.448,0.158889,-0.182814,0.00626162,0.00440807,0.0709491
4.449,0.158706,-0.182749,0.00626603,0.00440136,0.0709491
4.45,0.158523,-0.182684,0.00627042,0.00439475,0.0709491
4.451,0.158341,-0.182619,0.00627482,0.00438823,0.0709491
4.452,0.158158,-0.182554,0.0062792,0.0043818,0.0709491
4.453,0.157975,-0.18249,0.00628358,0.00437547,0.0709491
4.454,0.157793,-0.182425,0.00628795,0.00436923,0.0709491
4.455,0.157611,-0.18236,0.00629232,0.00436309,0.0709491
4.456,0.157428,-0.182295,0.00629668,0.00435704,0.0709491
4.457,0.157246,-0.18223,0.00630103,0.00435109,0.0709491
4.458,0.157064,-0.182166,0.00630538,0.00434523,0.0709491
4.459,0.156882,-0.182101,0.00630972,0.00433946,0.0709491
4.46,0.1567,-0.182035,0.00631406,0.00433198,0.0718547
4.461,0.156518,-0.18197,0.00631839,0.00432459,0.0718547
4.462,0.156336,-0.181904,0.00632271,0.00431729,0.0718547
4.463,0.156154,-0.181838,0.00632702,0.00431008,0.0718547
4.464,0.155972,-0.181773,0.00633133,0.00430297,0.0718547
4.465,0.15579,-0.181707,0.00633563,0.00429595,0.0718547
4.466,0.155609,-0.181641,0.00633992,0.00428903,0.0718547
4.467,0.155427,-0.181576,0.00634421,0.0042822,0.0718547
4.468,0.155245,-0.18151,0.00634848,0.00427545,0.0718547
4.469,0.155064,-0.181444,0.00635276,0.00426881,0.0718547
4.47,0.154883,-0.181379,0.00635702,0.00426225,0.0718547
4.471,0.154701,-0.181313,0.00636128,0.00425579,0.0718547
4.472,0.15452,-0.181248,0.00636553,0.00424941,0.0718547
4.473,0.154339,-0.181182,0.00636978,0.00424313,0.0718547
4.474,0.154158,-0.181116,0.00637402,0.00423694,0.0718547
4.475,0.153976,-0.181051,0.00637825,0.00423085,0.0718547
4.476,0.153795,-0.180985,0.00638248,0.00422484,0.0718547
4.477,0.153614,-0.18092,0.0063867,0.00421892,0.0718547
4.478,0.153434,-0.180854,0.00639092,0.0042131,0.0718547
4.479,0.153253,-0.180788,0.00639513,0.00420737,0.0718547
4.48,0.153072,-0.180722,0.00639933,0.00419997,0.0727317
4.481,0.152891,-0.180656,0.00640353,0.00419267,0.0727317
4.482,0.152711,-0.180589,0.00640772,0.00418545,0.0727317
4.483,0.15253,-0.180523,0.0064119,0.00417833,0.0727317
4.484,0.15235,-0.180456,0.00641608,0.00417129,0.0727317
4.485,0.152169,-0.18039,0.00642024,0.00416435,0.0727317
4.486,0.151989,-0.180323,0.0064244,0.00415749,0.0727317
4.487,0.151809,-0.180257,0.00642856,0.00415073,0.0727317
4.488,0.151628,-0.180191,0.00643271,0.00414405,0.0727317
4.489,0.151448,-0.180124,0.00643685,0.00413746,0.0727317
4.49,0.151268,-0.180058,0.00644098,0.00413097,0.0727317
4.491,0.151088,-0.179991,0.00644511,0.00412456,0.0727317
4.492,0.150908,-0.179925,0.00644923,0.00411824,0.0727317
4.493,0.150728,-0.179858,0.00645334,0.00411201,0.0727317
4.494,0.150548,-0.179792,0.00645745,0.00410587,0.0727317
4.495,0.150369,-0.179726,0.00646156,0.00409982,0.0727317
4.496,0.150189,-0.179659,0.00646565,0.00409386,0.0727317
4.497,0.150009,-0.179593,0.00646974,0.00408798,0.0727317
4.498,0.14983,-0.179527,0.00647383,0.00408219,0.0727317
4.499,0.14965,-0.17946,0.00647791,0.00407649,0.0727317
4.5,0.149471,-0.179393,0.00648198,0.00406919,0.0735803
4.501,0.149291,-0.179326,0.00648605,0.00406196,0.0735803
4.502,0.149112,-0.179258,0.00649011,0.00405483,0.0735803
4.503,0.148933,-0.179191,0.00649416,0.00404779,0.0735803
4.504,0.148754,-0.179124,0.0064982,0.00404083,0.0735803
4.505,0.148575,-0.179057,0.00650224,0.00403396,0.0735803
4.506,0.148396,-0.17899,0.00650627,0.00402717,0.0735803
4.507,0.148217,-0.178922,0.00651029,0.00402048,0.0735803
4.508,0.148038,-0.178855,0.00651431,0.00401387,0.0735803
4.509,0.147859,-0.178788,0.00651832,0.00400735,0.0735803
4.51,0.14768,-0.178721,0.00652232,0.00400091,0.0735803
4.511,0.147502,-0.178654,0.00652632,0.00399456,0.0735803
4.512,0.147323,-0.178587,0.00653031,0.00398829,0.0735803
4.513,0.147144,-0.178519,0.0065343,0.00398212,0.0735803
4.514,0.146966,-0.178452,0.00653828,0.00397602,0.0735803
4.515,0.146788,-0.178385,0.00654225,0.00397002,0.0735803
4.516,0.146609,-0.178318,0.00654622,0.0039641,0.0735803
4.517,0.146431,-0.178251,0.00655018,0.00395826,0.0735803
4.518,0.146253,-0.178184,0.00655413,0.00395251,0.0735803
4.519,0.146075,-0.178116,0.00655808,0.00394685,0.0735803
4.52,0.145896,-0.178048,0.00656203,0.00393963,0.0744007
4.521,0.145718,-0.17798,0.00656596,0.00393249,0.0744007
4.522,0.14554,-0.177913,0.00656989,0.00392544,0.0744007
4.523,0.145363,-0.177845,0.00657381,0.00391848,0.0744007
4.524,0.145185,-0.177777,0.00657773,0.0039116,0.0744007
4.525,0.145007,-0.177709,0.00658164,0.0039048,0.0744007
4.526,0.144829,-0.177641,0.00658554,0.00389809,0.0744007
4.527,0.144652,-0.177573,0.00658943,0.00389146,0.0744007
4.528,0.144474,-0.177505,0.00659332,0.00388492,0.0744007
4.529,0.144297,-0.177437,0.0065972,0.00387845,0.0744007
4.53,0.144119,-0.177369,0.00660108,0.00387208,0.0744007
4.531,0.143942,-0.177301,0.00660495,0.00386579,0.0744007
4.532,0.143765,-0.177233,0.00660881,0.00385958,0.0744007
4.533,0.143588,-0.177165,0.00661267,0.00385345,0.0744007
4.534,0.14341,-0.177097,0.00661652,0.00384741,0.0744007
4.535,0.143233,-0.177029,0.00662036,0.00384145,0.0744007
4.536,0.143056,-0.176962,0.0066242,0.00383557,0.0744007
4.537,0.142879,-0.176894,0.00662803,0.00382978,0.0744007
4.538,0.142703,-0.176826,0.00663186,0.00382406,0.0744007
4.539,0.142526,-0.176758,0.00663568,0.00381843,0.0744007
4.54,0.142349,-0.176689,0.0066395,0.0038113,0.0751932
4.541,0.142172,-0.17662,0.0066433,0.00380425,0.0751932
4.542,0.141996,-0.176552,0.0066471,0.00379729,0.0751932
4.543,0.141819,-0.176483,0.0066509,0.0037904,0.0751932
4.544,0.141643,-0.176414,0.00665469,0.0037836,0.0751932
4.545,0.141466,-0.176346,0.00665847,0.00377688,0.0751932
4.546,0.14129,-0.176277,0.00666224,0.00377023,0.0751932
4.547,0.141114,-0.176208,0.00666601,0.00376368,0.0751932
4.548,0.140938,-0.17614,0.00666977,0.0037572,0.0751932
4.549,0.140762,-0.176071,0.00667352,0.0037508,0.0751932
4.55,0.140586,-0.176003,0.00667727,0.00374449,0.0751932
4.551,0.14041,-0.175934,0.00668101,0.00373825,0.0751932
4.552,0.140234,-0.175865,0.00668474,0.0037321,0.0751932
4.553,0.140058,-0.175797,0.00668847,0.00372602,0.0751932
4.554,0.139882,-0.175728,0.0066922,0.00372003,0.0751932
4.555,0.139706,-0.175659,0.00669591,0.00371412,0.0751932
4.556,0.139531,-0.175591,0.00669962,0.00370828,0.0751932
4.557,0.139355,-0.175522,0.00670333,0.00370253,0.0751932
4.558,0.13918,-0.175454,0.00670703,0.00369686,0.0751932
4.559,0.139004,-0.175385,0.00671072,0.00369126,0.0751932
4.56,0.138829,-0.175316,0.00671441,0.00368422,0.0759582
4.561,0.138654,-0.175246,0.00671809,0.00367726,0.0759582
4.562,0.138479,-0.175177,0.00672177,0.00367037,0.0759582
4.563,0.138303,-0.175107,0.00672543,0.00366357,0.0759582
4.564,0.138128,-0.175038,0.00672909,0.00365684,0.0759582
4.565,0.137953,-0.174969,0.00673275,0.00365019,0.0759582
4.566,0.137778,-0.174899,0.00673639,0.00364362,0.0759582
4.567,0.137603,-0.17483,0.00674003,0.00363713,0.0759582
4.568,0.137429,-0.174761,0.00674367,0.00363072,0.0759582
4.569,0.137254,-0.174691,0.0067473,0.00362439,0.0759582
4.57,0.137079,-0.174622,0.00675092,0.00361813,0.0759582
4.571,0.136905,-0.174553,0.00675453,0.00361196,0.0759582
4.572,0.13673,-0.174483,0.00675814,0.00360586,0.0759582
4.573,0.136556,-0.174414,0.00676174,0.00359984,0.0759582
4.574,0.136381,-0.174345,0.00676534,0.00359389,0.0759582
4.575,0.136207,-0.174275,0.00676893,0.00358803,0.0759582
4.576,0.136033,-0.174206,0.00677252,0.00358224,0.0759582
4.577,0.135859,-0.174137,0.0067761,0.00357653,0.0759582
4.578,0.135685,-0.174067,0.00677967,0.0035709,0.0759582
4.579,0.135511,-0.173998,0.00678324,0.00356534,0.0759582
4.58,0.135337,-0.173928,0.0067868,0.00355838,0.0766959
4.581,0.135163,-0.173858,0.00679035,0.00355151,0.0766959
4.582,0.134989,-0.173788,0.0067939,0.0035447,0.0766959
4.583,0.134815,-0.173718,0.00679744,0.00353798,0.0766959
4.584,0.134641,-0.173648,0.00680098,0.00353133,0.0766959
4.585,0.134468,-0.173578,0.00680451,0.00352476,0.0766959
4.586,0.134294,-0.173508,0.00680803,0.00351826,0.0766959
4.587,0.134121,-0.173438,0.00681154,0.00351184,0.0766959
4.588,0.133947,-0.173368,0.00681505,0.0035055,0.0766959
4.589,0.133774,-0.173298,0.00681855,0.00349923,0.0766959
4.59,0.133601,-0.173228,0.00682205,0.00349303,0.0766959
4.591,0.133428,-0.173158,0.00682554,0.00348692,0.0766959
4.592,0.133254,-0.173088,0.00682902,0.00348087,0.0766959
4.593,0.133081,-0.173018,0.0068325,0.0034749,0.0766959
4.594,0.132908,-0.172948,0.00683597,0.00346901,0.0766959
4.595,0.132736,-0.172878,0.00683944,0.00346319,0.0766959
4.596,0.132563,-0.172808,0.0068429,0.00345745,0.0766959
4.597,0.13239,-0.172738,0.00684636,0.00345178,0.0766959
4.598,0.132217,-0.172668,0.0068498,0.00344619,0.0766959
4.599,0.132045,-0.172598,0.00685325,0.00344067,0.0766959
4.6,0.131872,-0.172527,0.00685668,0.0034338,0.0774065
4.601,0.1317,-0.172457,0.00686012,0.00342701,0.0774065
4.602,0.131527,-0.172386,0.00686354,0.00342029,0.0774065
4.603,0.131355,-0.172315,0.00686696,0.00341365,0.0774065
4.604,0.131182,-0.172245,0.00687037,0.00340707,0.0774065
4.605,0.13101,-0.172174,0.00687377,0.00340058,0.0774065
4.606,0.130838,-0.172103,0.00687717,0.00339415,0.0774065
4.607,0.130666,-0.172033,0.00688056,0.0033878,0.0774065
4.608,0.130494,-0.171962,0.00688394,0.00338152,0.0774065
4.609,0.130322,-0.171891,0.00688732,0.00337532,0.0774065
4.61,0.13015,-0.171821,0.00689069,0.00336919,0.0774065
4.611,0.129978,-0.17175,0.00689406,0.00336313,0.0774065
4.612,0.129807,-0.171679,0.00689742,0.00335714,0.0774065
4.613,0.129635,-0.171609,0.00690077,0.00335123,0.0774065
4.614,0.129464,-0.171538,0.00690412,0.00334538,0.0774065
4.615,0.129292,-0.171467,0.00690747,0.00333962,0.0774065
4.616,0.129121,-0.171397,0.0069108,0.00333392,0.0774065
4.617,0.128949,-0.171326,0.00691413,0.00332829,0.0774065
4.618,0.128778,-0.171256,0.00691746,0.00332274,0.0774065
4.619,0.128607,-0.171185,0.00692078,0.00331726,0.0774065
4.62,0.128436,-0.171114,0.00692409,0.00331048,0.0780904
4.621,0.128265,-0.171042,0.0069274,0.00330377,0.0780904
4.622,0.128093,-0.170971,0.0069307,0.00329714,0.0780904
4.623,0.127923,-0.1709,0.00693399,0.00329057,0.0780904
4.624,0.127752,-0.170829,0.00693728,0.00328408,0.0780904
4.625,0.127581,-0.170757,0.00694056,0.00327765,0.0780904
4.626,0.12741,-0.170686,0.00694384,0.0032713,0.0780904
4.627,0.12724,-0.170615,0.0069471,0.00326502,0.0780904
4.628,0.127069,-0.170543,0.00695037,0.00325881,0.0780904
4.629,0.126898,-0.170472,0.00695362,0.00325267,0.0780904
4.63,0.126728,-0.170401,0.00695687,0.0032466,0.0780904
4.631,0.126558,-0.17033,0.00696012,0.0032406,0.0780904
4.632,0.126387,-0.170258,0.00696335,0.00323467,0.0780904
4.633,0.126217,-0.170187,0.00696658,0.00322881,0.0780904
4.634,0.126047,-0.170116,0.00696981,0.00322302,0.0780904
4.635,0.125877,-0.170045,0.00697303,0.0032173,0.0780904
4.636,0.125707,-0.169973,0.00697625,0.00321165,0.0780904
4.637,0.125537,-0.169902,0.00697945,0.00320606,0.0780904
4.638,0.125367,-0.169831,0.00698266,0.00320055,0.0780904
4.639,0.125197,-0.16976,0.00698586,0.00319511,0.0780904
4.64,0.125028,-0.169688,0.00698905,0.00318842,0.0787479
4.641,0.124858,-0.169616,0.00699223,0.0031818,0.0787479
4.642,0.124688,-0.169544,0.00699541,0.00317524,0.0787479
4.643,0.124519,-0.169472,0.00699858,0.00316876,0.0787479
4.644,0.124349,-0.1694,0.00700175,0.00316234,0.0787479
4.645,0.12418,-0.169328,0.00700491,0.003156,0.0787479
4.646,0.124011,-0.169256,0.00700806,0.00314972,0.0787479
4.647,0.123842,-0.169185,0.00701121,0.00314351,0.0787479
4.648,0.123672,-0.169113,0.00701435,0.00313736,0.0787479
4.649,0.123503,-0.169041,0.00701748,0.00313129,0.0787479
4.65,0.123334,-0.168969,0.00702061,0.00312528,0.0787479
4.651,0.123165,-0.168897,0.00702373,0.00311934,0.0787479
4.652,0.122996,-0.168825,0.00702685,0.00311347,0.0787479
4.653,0.122828,-0.168753,0.00702996,0.00310766,0.0787479
4.654,0.122659,-0.168682,0.00703306,0.00310192,0.0787479
4.655,0.12249,-0.16861,0.00703616,0.00309625,0.0787479
4.656,0.122322,-0.168538,0.00703926,0.00309064,0.0787479
4.657,0.122153,-0.168466,0.00704234,0.00308511,0.0787479
4.658,0.121985,-0.168394,0.00704543,0.00307963,0.0787479
4.659,0.121816,-0.168322,0.0070485,0.00307423,0.0787479
4.66,0.121648,-0.16825,0.00705157,0.00306763,0.0793791
4.661,0.12148,-0.168177,0.00705464,0.00306109,0.0793791
4.662,0.121312,-0.168105,0.0070577,0.00305462,0.0793791
4.663,0.121144,-0.168032,0.00706075,0.00304822,0.0793791
4.664,0.120976,-0.16796,0.00706379,0.00304188,0.0793791
4.665,0.120808,-0.167888,0.00706683,0.00303561,0.0793791
4.666,0.12064,-0.167815,0.00706986,0.0030294,0.0793791
4.667,0.120472,-0.167743,0.00707289,0.00302326,0.0793791
4.668,0.120305,-0.16767,0.00707591,0.00301719,0.0793791
4.669,0.120137,-0.167598,0.00707893,0.00301117,0.0793791
4.67,0.119969,-0.167525,0.00708193,0.00300523,0.0793791
4.671,0.119802,-0.167453,0.00708494,0.00299935,0.0793791
4.672,0.119634,-0.167381,0.00708793,0.00299353,0.0793791
4.673,0.119467,-0.167308,0.00709092,0.00298778,0.0793791
4.674,0.1193,-0.167236,0.00709391,0.00298209,0.0793791
4.675,0.119133,-0.167163,0.00709689,0.00297647,0.0793791
4.676,0.118965,-0.167091,0.00709986,0.00297091,0.0793791
4.677,0.118798,-0.167018,0.00710283,0.00296542,0.0793791
4.678,0.118631,-0.166946,0.00710579,0.00295999,0.0793791
4.679,0.118465,-0.166874,0.00710875,0.00295462,0.0793791
4.68,0.118298,-0.166801,0.0071117,0.00294811,0.0799845
4.681,0.118131,-0.166728,0.00711464,0.00294166,0.0799845
4.682,0.117964,-0.166655,0.00711758,0.00293527,0.0799845
4.683,0.117798,-0.166582,0.00712052,0.00292895,0.0799845
4.684,0.117631,-0.166509,0.00712344,0.00292269,0.0799845
4.685,0.117465,-0.166436,0.00712636,0.00291649,0.0799845
4.686,0.117298,-0.166363,0.00712927,0.00291036,0.0799845
4.687,0.117132,-0.16629,0.00713218,0.00290429,0.0799845
4.688,0.116966,-0.166217,0.00713508,0.00289828,0.0799845
4.689,0.116799,-0.166144,0.00713798,0.00289234,0.0799845
4.69,0.116633,-0.166071,0.00714087,0.00288645,0.0799845
4.691,0.116467,-0.165998,0.00714375,0.00288063,0.0799845
4.692,0.116301,-0.165925,0.00714663,0.00287487,0.0799845
4.693,0.116135,-0.165852,0.0071495,0.00286918,0.0799845
4.694,0.11597,-0.165779,0.00715237,0.00286354,0.0799845
4.695,0.115804,-0.165706,0.00715523,0.00285797,0.0799845
4.696,0.115638,-0.165633,0.00715808,0.00285246,0.0799845
4.697,0.115473,-0.16556,0.00716093,0.00284701,0.0799845
4.698,0.115307,-0.165487,0.00716378,0.00284162,0.0799845
4.699,0.115142,-0.165414,0.00716662,0.00283629,0.0799845
4.7,0.114976,-0.16534,0.00716945,0.00282987,0.0805642
4.701,0.114811,-0.165267,0.00717228,0.0028235,0.0805642
4.702,0.114646,-0.165193,0.0071751,0.0028172,0.0805642
4.703,0.114481,-0.16512,0.00717791,0.00281096,0.0805642
4.704,0.114315,-0.165046,0.00718072,0.00280478,0.0805642
4.705,0.11415,-0.164973,0.00718352,0.00279866,0.0805642
4.706,0.113986,-0.164899,0.00718632,0.00279259,0.0805642
4.707,0.113821,-0.164826,0.00718911,0.00278659,0.0805642
4.708,0.113656,-0.164752,0.00719189,0.00278065,0.0805642
4.709,0.113491,-0.164679,0.00719467,0.00277477,0.0805642
4.71,0.113327,-0.164605,0.00719744,0.00276895,0.0805642
4.711,0.113162,-0.164532,0.0072002,0.00276319,0.0805642
4.712,0.112997,-0.164458,0.00720296,0.00275749,0.0805642
4.713,0.112833,-0.164385,0.00720572,0.00275185,0.0805642
4.714,0.112669,-0.164311,0.00720847,0.00274627,0.0805642
4.715,0.112504,-0.164238,0.00721121,0.00274075,0.0805642
4.716,0.11234,-0.164164,0.00721395,0.00273528,0.0805642
4.717,0.112176,-0.164091,0.00721668,0.00272988,0.0805642
4.718,0.112012,-0.164017,0.00721941,0.00272453,0.0805642
4.719,0.111848,-0.163944,0.00722213,0.00271925,0.0805642
4.72,0.111684,-0.16387,0.00722485,0.00271291,0.0811186
4.721,0.11152,-0.163796,0.00722756,0.00270663,0.0811186
4.722,0.111357,-0.163722,0.00723026,0.00270041,0.0811186
4.723,0.111193,-0.163648,0.00723296,0.00269425,0.0811186
4.724,0.111029,-0.163574,0.00723565,0.00268814,0.0811186
4.725,0.110866,-0.1635,0.00723833,0.0026821,0.0811186
4.726,0.110702,-0.163426,0.00724101,0.00267611,0.0811186
4.727,0.110539,-0.163352,0.00724369,0.00267018,0.0811186
4.728,0.110376,-0.163278,0.00724635,0.00266431,0.0811186
4.729,0.110212,-0.163204,0.00724902,0.00265849,0.0811186
4.73,0.110049,-0.16313,0.00725167,0.00265274,0.0811186
4.731,0.109886,-0.163056,0.00725432,0.00264704,0.0811186
4.732,0.109723,-0.162982,0.00725697,0.00264139,0.0811186
4.733,0.10956,-0.162908,0.0072596,0.00263581,0.0811186
4.734,0.109397,-0.162834,0.00726224,0.00263028,0.0811186
4.735,0.109234,-0.16276,0.00726486,0.00262481,0.0811186
4.736,0.109072,-0.162686,0.00726749,0.00261939,0.0811186
4.737,0.108909,-0.162612,0.0072701,0.00261403,0.0811186
4.738,0.108746,-0.162538,0.00727271,0.00260873,0.0811186
4.739,0.108584,-0.162464,0.00727532,0.00260348,0.0811186
4.74,0.108422,-0.162389,0.00727792,0.00259723,0.081648
4.741,0.108259,-0.162315,0.00728052,0.00259104,0.081648
4.742,0.108097,-0.16224,0.0072831,0.0025849,0.081648
4.743,0.107935,-0.162166,0.00728568,0.00257882,0.081648
4.744,0.107773,-0.162091,0.00728826,0.0025728,0.081648
4.745,0.107611,-0.162017,0.00729083,0.00256683,0.081648
4.746,0.107449,-0.161942,0.00729339,0.00256091,0.081648
4.747,0.107287,-0.161868,0.00729595,0.00255505,0.081648
4.748,0.107125,-0.161793,0.0072985,0.00254925,0.081648
4.749,0.106963,-0.161719,0.00730105,0.0025435,0.081648
4.75,0.106801,-0.161644,0.00730359,0.00253781,0.081648
4.751,0.10664,-0.16157,0.00730613,0.00253217,0.081648
4.752,0.106478,-0.161495,0.00730866,0.00252658,0.081648
4.753,0.106317,-0.161421,0.00731118,0.00252105,0.081648
4.754,0.106155,-0.161346,0.0073137,0.00251558,0.081648
4.755,0.105994,-0.161272,0.00731621,0.00251015,0.081648
4.756,0.105833,-0.161197,0.00731872,0.00250479,0.081648
4.757,0.105672,-0.161123,0.00732122,0.00249947,0.081648
4.758,0.105511,-0.161048,0.00732372,0.00249421,0.081648
4.759,0.10535,-0.160974,0.00732621,0.00248901,0.081648
4.76,0.105189,-0.160899,0.00732869,0.00248285,0.0821525
4.761,0.105028,-0.160824,0.00733117,0.00247674,0.0821525
4.762,0.104867,-0.160749,0.00733365,0.00247069,0.0821525
4.763,0.104706,-0.160674,0.00733612,0.00246469,0.0821525
4.764,0.104546,-0.160599,0.00733858,0.00245874,0.0821525
4.765,0.104385,-0.160524,0.00734103,0.00245284,0.0821525
4.766,0.104225,-0.160449,0.00734348,0.002447,0.0821525
4.767,0.104064,-0.160374,0.00734593,0.00244121,0.0821525
4.768,0.103904,-0.160299,0.00734837,0.00243548,0.0821525
4.769,0.103744,-0.160224,0.0073508,0.00242979,0.0821525
4.77,0.103583,-0.16015,0.00735323,0.00242416,0.0821525
4.771,0.103423,-0.160075,0.00735565,0.00241859,0.0821525
4.772,0.103263,-0.16,0.00735806,0.00241306,0.0821525
4.773,0.103103,-0.159925,0.00736047,0.00240758,0.0821525
4.774,0.102943,-0.15985,0.00736288,0.00240216,0.0821525
4.775,0.102784,-0.159775,0.00736528,0.00239679,0.0821525
4.776,0.102624,-0.1597,0.00736767,0.00239147,0.0821525
4.777,0.102464,-0.159625,0.00737006,0.00238621,0.0821525
4.778,0.102305,-0.15955,0.00737244,0.00238099,0.0821525
4.779,0.102145,-0.159475,0.00737482,0.00237583,0.0821525
4.78,0.101986,-0.1594,0.0073772,0.00236975,0.0826326
4.781,0.101826,-0.159324,0.00737956,0.00236373,0.0826326
4.782,0.101667,-0.159249,0.00738192,0.00235776,0.0826326
4.783,0.101508,-0.159174,0.00738428,0.00235184,0.0826326
4.784,0.101349,-0.159098,0.00738663,0.00234597,0.0826326
4.785,0.10119,-0.159023,0.00738897,0.00234015,0.0826326
4.786,0.101031,-0.158947,0.00739131,0.00233438,0.0826326
4.787,0.100872,-0.158872,0.00739364,0.00232867,0.0826326
4.788,0.100713,-0.158797,0.00739596,0.002323,0.0826326
4.789,0.100554,-0.158721,0.00739828,0.00231738,0.0826326
4.79,0.100395,-0.158646,0.0074006,0.00231181,0.0826326
4.791,0.100237,-0.158571,0.00740291,0.0023063,0.0826326
4.792,0.100078,-0.158495,0.00740521,0.00230083,0.0826326
4.793,0.0999199,-0.15842,0.00740751,0.00229541,0.0826326
4.794,0.0997615,-0.158344,0.0074098,0.00229004,0.0826326
4.795,0.0996032,-0.158269,0.00741209,0.00228472,0.0826326
4.796,0.0994449,-0.158194,0.00741437,0.00227945,0.0826326
4.797,0.0992868,-0.158118,0.00741665,0.00227423,0.0826326
4.798,0.0991287,-0.158043,0.00741892,0.00226906,0.0826326
4.799,0.0989707,-0.157968,0.00742119,0.00226394,0.0826326
4.8,0.0988128,-0.157892,0.00742345,0.00225795,0.0830886
4.801,0.0986549,-0.157816,0.0074257,0.00225201,0.0830886
4.802,0.0984971,-0.15774,0.00742795,0.00224613,0.0830886
4.803,0.0983394,-0.157664,0.00743019,0.00224029,0.0830886
4.804,0.0981818,-0.157589,0.00743243,0.0022345,0.0830886
4.805,0.0980243,-0.157513,0.00743466,0.00222875,0.0830886
4.806,0.0978668,-0.157437,0.00743689,0.00222306,0.0830886
4.807,0.0977094,-0.157361,0.00743911,0.00221741,0.0830886
4.808,0.0975521,-0.157286,0.00744132,0.00221181,0.0830886
4.809,0.0973948,-0.15721,0.00744353,0.00220626,0.0830886
4.81,0.0972376,-0.157134,0.00744574,0.00220076,0.0830886
4.811,0.0970805,-0.157058,0.00744794,0.0021953,0.0830886
4.812,0.0969235,-0.156982,0.00745013,0.00218989,0.0830886
4.813,0.0967666,-0.156907,0.00745231,0.00218453,0.0830886
4.814,0.0966097,-0.156831,0.0074545,0.00217921,0.0830886
4.815,0.0964529,-0.156755,0.00745667,0.00217395,0.0830886
4.816,0.0962962,-0.156679,0.00745884,0.00216873,0.0830886
4.817,0.0961396,-0.156603,0.00746101,0.00216355,0.0830886
4.818,0.095983,-0.156528,0.00746317,0.00215842,0.0830886
4.819,0.0958265,-0.156452,0.00746533,0.00215334,0.0830886
4.82,0.0956701,-0.156376,0.00746748,0.00214745,0.0835206
4.821,0.0955137,-0.1563,0.00746962,0.00214159,0.0835206
4.822,0.0953575,-0.156223,0.00747176,0.00213579,0.0835206
4.823,0.0952013,-0.156147,0.00747389,0.00213003,0.0835206
4.824,0.0950452,-0.156071,0.00747602,0.00212432,0.0835206
4.825,0.0948892,-0.155995,0.00747814,0.00211865,0.0835206
4.826,0.0947332,-0.155919,0.00748026,0.00211303,0.0835206
4.827,0.0945773,-0.155842,0.00748237,0.00210745,0.0835206
4.828,0.0944215,-0.155766,0.00748447,0.00210192,0.0835206
4.829,0.0942658,-0.15569,0.00748657,0.00209643,0.0835206
4.83,0.0941101,-0.155614,0.00748867,0.00209099,0.0835206
4.831,0.0939546,-0.155538,0.00749075,0.0020856,0.0835206
4.832,0.0937991,-0.155462,0.00749284,0.00208025,0.0835206
4.833,0.0936436,-0.155385,0.00749492,0.00207494,0.0835206
4.834,0.0934883,-0.155309,0.00749699,0.00206968,0.0835206
4.835,0.093333,-0.155233,0.00749905,0.00206447,0.0835206
4.836,0.0931778,-0.155157,0.00750112,0.0020593,0.0835206
4.837,0.0930227,-0.155081,0.00750317,0.00205417,0.0835206
4.838,0.0928677,-0.155005,0.00750522,0.00204909,0.0835206
4.839,0.0927127,-0.154928,0.00750727,0.00204405,0.0835206
4.84,0.0925578,-0.154852,0.00750931,0.00203824,0.083929
4.841,0.092403,-0.154775,0.00751135,0.00203247,0.083929
4.842,0.0922483,-0.154699,0.00751338,0.00202675,0.083929
4.843,0.0920936,-0.154622,0.0075154,0.00202107,0.083929
4.844,0.091939,-0.154546,0.00751742,0.00201543,0.083929
4.845,0.0917845,-0.154469,0.00751943,0.00200984,0.083929
4.846,0.0916301,-0.154393,0.00752144,0.00200429,0.083929
4.847,0.0914757,-0.154316,0.00752344,0.00199879,0.083929
4.848,0.0913214,-0.154239,0.00752544,0.00199333,0.083929
4.849,0.0911672,-0.154163,0.00752743,0.00198791,0.083929
4.85,0.0910131,-0.154086,0.00752941,0.00198253,0.083929
4.851,0.0908591,-0.15401,0.00753139,0.0019772,0.083929
4.852,0.0907051,-0.153933,0.00753337,0.00197191,0.083929
4.853,0.0905512,-0.153857,0.00753534,0.00196666,0.083929
4.854,0.0903974,-0.15378,0.0075373,0.00196145,0.083929
4.855,0.0902436,-0.153704,0.00753926,0.00195629,0.083929
4.856,0.09009,-0.153627,0.00754121,0.00195117,0.083929
4.857,0.0899364,-0.153551,0.00754316,0.00194609,0.083929
4.858,0.0897829,-0.153474,0.00754511,0.00194105,0.083929
4.859,0.0896294,-0.153398,0.00754704,0.00193606,0.083929
4.86,0.0894761,-0.153321,0.00754898,0.00193033,0.0843141
4.861,0.0893228,-0.153244,0.0075509,0.00192465,0.0843141
4.862,0.0891696,-0.153167,0.00755283,0.00191901,0.0843141
4.863,0.0890165,-0.15309,0.00755474,0.00191341,0.0843141
4.864,0.0888634,-0.153013,0.00755665,0.00190785,0.0843141
4.865,0.0887104,-0.152936,0.00755856,0.00190234,0.0843141
4.866,0.0885575,-0.152859,0.00756046,0.00189686,0.0843141
4.867,0.0884047,-0.152782,0.00756235,0.00189143,0.0843141
4.868,0.088252,-0.152705,0.00756424,0.00188603,0.0843141
4.869,0.0880993,-0.152629,0.00756612,0.00188068,0.0843141
4.87,0.0879467,-0.152552,0.007568,0.00187537,0.0843141
4.871,0.0877942,-0.152475,0.00756987,0.00187009,0.0843141
4.872,0.0876418,-0.152398,0.00757174,0.00186486,0.0843141
4.873,0.0874894,-0.152321,0.0075736,0.00185967,0.0843141
4.874,0.0873371,-0.152244,0.00757546,0.00185452,0.0843141
4.875,0.0871849,-0.152167,0.00757731,0.00184941,0.0843141
4.876,0.0870328,-0.15209,0.00757916,0.00184434,0.0843141
4.877,0.0868807,-0.152013,0.007581,0.00183931,0.0843141
4.878,0.0867288,-0.151937,0.00758284,0.00183431,0.0843141
4.879,0.0865769,-0.15186,0.00758467,0.00182936,0.0843141
4.88,0.086425,-0.151782,0.0075865,0.00182373,0.0846761
4.881,0.0862733,-0.151705,0.00758832,0.00181813,0.0846761
4.882,0.0861216,-0.151628,0.00759013,0.00181257,0.0846761
4.883,0.08597,-0.151551,0.00759194,0.00180705,0.0846761
4.884,0.0858185,-0.151474,0.00759375,0.00180157,0.0846761
4.885,0.0856671,-0.151396,0.00759555,0.00179613,0.0846761
4.886,0.0855157,-0.151319,0.00759734,0.00179073,0.0846761
4.887,0.0853645,-0.151242,0.00759913,0.00178536,0.0846761
4.888,0.0852133,-0.151165,0.00760091,0.00178004,0.0846761
4.889,0.0850621,-0.151087,0.00760269,0.00177475,0.0846761
4.89,0.0849111,-0.15101,0.00760446,0.0017695,0.0846761
4.891,0.0847601,-0.150933,0.00760623,0.00176429,0.0846761
4.892,0.0846092,-0.150856,0.00760799,0.00175912,0.0846761
4.893,0.0844584,-0.150779,0.00760975,0.00175399,0.0846761
4.894,0.0843077,-0.150701,0.0076115,0.00174889,0.0846761
4.895,0.084157,-0.150624,0.00761324,0.00174383,0.0846761
4.896,0.0840064,-0.150547,0.00761498,0.00173881,0.0846761
4.897,0.0838559,-0.15047,0.00761672,0.00173383,0.0846761
4.898,0.0837055,-0.150393,0.00761845,0.00172888,0.0846761
4.899,0.0835551,-0.150315,0.00762018,0.00172397,0.0846761
4.9,0.0834048,-0.150238,0.0076219,0.00171842,0.0850154
4.901,0.0832546,-0.15016,0.00762362,0.00171291,0.0850154
4.902,0.0831045,-0.150083,0.00762533,0.00170743,0.0850154
4.903,0.0829545,-0.150005,0.00762703,0.00170199,0.0850154
4.904,0.0828045,-0.149928,0.00762873,0.00169659,0.0850154
4.905,0.0826546,-0.14985,0.00763042,0.00169123,0.0850154
4.906,0.0825048,-0.149773,0.00763211,0.0016859,0.0850154
4.907,0.0823551,-0.149695,0.0076338,0.0016806,0.0850154
4.908,0.0822054,-0.149618,0.00763547,0.00167535,0.0850154
4.909,0.0820558,-0.14954,0.00763715,0.00167013,0.0850154
4.91,0.0819063,-0.149463,0.00763881,0.00166494,0.0850154
4.911,0.0817569,-0.149385,0.00764048,0.00165979,0.0850154
4.912,0.0816076,-0.149307,0.00764213,0.00165468,0.0850154
4.913,0.0814583,-0.14923,0.00764379,0.0016496,0.0850154
4.914,0.0813091,-0.149152,0.00764543,0.00164456,0.0850154
4.915,0.08116,-0.149075,0.00764707,0.00163956,0.0850154
4.916,0.081011,-0.148997,0.00764871,0.00163459,0.0850154
4.917,0.080862,-0.14892,0.00765034,0.00162965,0.0850154
4.918,0.0807131,-0.148842,0.00765197,0.00162475,0.0850154
4.919,0.0805643,-0.148765,0.00765359,0.00161989,0.0850154
4.92,0.0804156,-0.148687,0.00765521,0.00161442,0.0853322
4.921,0.0802669,-0.148609,0.00765682,0.00160899,0.0853322
4.922,0.0801184,-0.148531,0.00765843,0.0016036,0.0853322
4.923,0.0799699,-0.148454,0.00766003,0.00159824,0.0853322
4.924,0.0798215,-0.148376,0.00766162,0.00159291,0.0853322
4.925,0.0796731,-0.148298,0.00766322,0.00158762,0.0853322
4.926,0.0795249,-0.14822,0.0076648,0.00158237,0.0853322
4.927,0.0793767,-0.148142,0.00766638,0.00157714,0.0853322
4.928,0.0792286,-0.148065,0.00766795,0.00157196,0.0853322
4.929,0.0790806,-0.147987,0.00766952,0.0015668,0.0853322
4.93,0.0789326,-0.147909,0.00767109,0.00156168,0.0853322
4.931,0.0787847,-0.147831,0.00767265,0.0015566,0.0853322
4.932,0.0786369,-0.147753,0.0076742,0.00155154,0.0853322
4.933,0.0784892,-0.147676,0.00767575,0.00154652,0.0853322
4.934,0.0783416,-0.147598,0.00767729,0.00154154,0.0853322
4.935,0.078194,-0.14752,0.00767883,0.00153658,0.0853322
4.936,0.0780466,-0.147442,0.00768037,0.00153166,0.0853322
4.937,0.0778992,-0.147364,0.0076819,0.00152678,0.0853322
4.938,0.0777518,-0.147287,0.00768342,0.00152192,0.0853322
4.939,0.0776046,-0.147209,0.00768494,0.0015171,0.0853322
4.94,0.0774574,-0.147131,0.00768646,0.00151172,0.0856268
4.941,0.0773103,-0.147053,0.00768796,0.00150638,0.0856268
4.942,0.0771633,-0.146974,0.00768947,0.00150107,0.0856268
4.943,0.0770164,-0.146896,0.00769097,0.00149579,0.0856268
4.944,0.0768695,-0.146818,0.00769246,0.00149054,0.0856268
4.945,0.0767227,-0.14674,0.00769395,0.00148532,0.0856268
4.946,0.076576,-0.146662,0.00769543,0.00148014,0.0856268
4.947,0.0764294,-0.146584,0.00769691,0.00147499,0.0856268
4.948,0.0762829,-0.146506,0.00769838,0.00146987,0.0856268
4.949,0.0761364,-0.146428,0.00769985,0.00146478,0.0856268
4.95,0.07599,-0.14635,0.00770131,0.00145973,0.0856268
4.951,0.0758437,-0.146272,0.00770277,0.0014547,0.0856268
4.952,0.0756975,-0.146194,0.00770422,0.00144971,0.0856268
4.953,0.0755513,-0.146116,0.00770567,0.00144475,0.0856268
4.954,0.0754052,-0.146038,0.00770711,0.00143981,0.0856268
4.955,0.0752592,-0.14596,0.00770855,0.00143491,0.0856268
4.956,0.0751133,-0.145881,0.00770998,0.00143005,0.0856268
4.957,0.0749675,-0.145803,0.00771141,0.00142521,0.0856268
4.958,0.0748217,-0.145725,0.00771283,0.0014204,0.0856268
4.959,0.074676,-0.145647,0.00771425,0.00141562,0.0856268
4.96,0.0745304,-0.145569,0.00771566,0.00141033,0.0858996
4.961,0.0743849,-0.145491,0.00771707,0.00140507,0.0858996
4.962,0.0742394,-0.145412,0.00771847,0.00139984,0.0858996
4.963,0.0740941,-0.145334,0.00771987,0.00139464,0.0858996
4.964,0.0739488,-0.145256,0.00772126,0.00138947,0.0858996
4.965,0.0738035,-0.145177,0.00772265,0.00138433,0.0858996
4.966,0.0736584,-0.145099,0.00772403,0.00137922,0.0858996
4.967,0.0735134,-0.145021,0.0077254,0.00137414,0.0858996
4.968,0.0733684,-0.144942,0.00772678,0.00136909,0.0858996
4.969,0.0732235,-0.144864,0.00772814,0.00136406,0.0858996
4.97,0.0730786,-0.144786,0.0077295,0.00135907,0.0858996
4.971,0.0729339,-0.144707,0.00773086,0.00135411,0.0858996
4.972,0.0727892,-0.144629,0.00773221,0.00134918,0.0858996
4.973,0.0726446,-0.144551,0.00773356,0.00134427,0.0858996
4.974,0.0725001,-0.144472,0.0077349,0.0013394,0.0858996
4.975,0.0723557,-0.144394,0.00773624,0.00133455,0.0858996
4.976,0.0722113,-0.144316,0.00773757,0.00132973,0.0858996
4.977,0.0720671,-0.144238,0.0077389,0.00132494,0.0858996
4.978,0.0719229,-0.144159,0.00774022,0.00132018,0.0858996
4.979,0.0717787,-0.144081,0.00774154,0.00131545,0.0858996
4.98,0.0716347,-0.144002,0.00774285,0.00131024,0.0861507
4.981,0.0714907,-0.143924,0.00774416,0.00130507,0.0861507
4.982,0.0713469,-0.143845,0.00774546,0.00129992,0.0861507
4.983,0.071203,-0.143767,0.00774676,0.0012948,0.0861507
4.984,0.0710593,-0.143688,0.00774805,0.0012897,0.0861507
4.985,0.0709157,-0.14361,0.00774934,0.00128464,0.0861507
4.986,0.0707721,-0.143531,0.00775062,0.0012796,0.0861507
4.987,0.0706286,-0.143452,0.0077519,0.00127459,0.0861507
4.988,0.0704852,-0.143374,0.00775317,0.00126961,0.0861507
4.989,0.0703419,-0.143295,0.00775444,0.00126465,0.0861507
4.99,0.0701986,-0.143217,0.0077557,0.00125972,0.0861507
4.991,0.0700554,-0.143138,0.00775696,0.00125482,0.0861507
4.992,0.0699123,-0.14306,0.00775821,0.00124995,0.0861507
4.993,0.0697693,-0.142981,0.00775946,0.0012451,0.0861507
4.994,0.0696264,-0.142903,0.0077607,0.00124028,0.0861507
4.995,0.0694835,-0.142824,0.00776194,0.00123549,0.0861507
4.996,0.0693407,-0.142746,0.00776317,0.00123072,0.0861507
4.997,0.069198,-0.142667,0.0077644,0.00122598,0.0861507
4.998,0.0690554,-0.142589,0.00776562,0.00122127,0.0861507
4.999,0.0689128,-0.14251,0.00776684,0.00121658,0.0861507
5,0.0687704,-0.142431,0.00776805,0.00121146,0.0863806
5.001,0.068628,-0.142353,0.00776926,0.00120636,0.0863806
5.002,0.0684857,-0.142274,0.00777047,0.0012013,0.0863806
5.003,0.0683434,-0.142195,0.00777167,0.00119625,0.0863806
5.004,0.0682013,-0.142116,0.00777286,0.00119124,0.0863806
5.005,0.0680592,-0.142037,0.00777405,0.00118625,0.0863806
5.006,0.0679172,-0.141959,0.00777523,0.00118128,0.0863806
5.007,0.0677753,-0.14188,0.00777641,0.00117634,0.0863806
5.008,0.0676334,-0.141801,0.00777758,0.00117143,0.0863806
5.009,0.0674917,-0.141722,0.00777875,0.00116654,0.0863806
5.01,0.06735,-0.141644,0.00777992,0.00116167,0.0863806
5.011,0.0672084,-0.141565,0.00778108,0.00115683,0.0863806
5.012,0.0670669,-0.141486,0.00778223,0.00115202,0.0863806
5.013,0.0669254,-0.141407,0.00778338,0.00114723,0.0863806
5.014,0.066784,-0.141329,0.00778453,0.00114247,0.0863806
5.015,0.0666428,-0.14125,0.00778567,0.00113773,0.0863806
5.016,0.0665015,-0.141171,0.0077868,0.00113301,0.0863806
5.017,0.0663604,-0.141093,0.00778793,0.00112832,0.0863806
5.018,0.0662194,-0.141014,0.00778906,0.00112366,0.0863806
5.019,0.0660784,-0.140935,0.00779018,0.00111901,0.0863806
5.02,0.0659375,-0.140856,0.0077913,0.00111398,0.0865894
5.021,0.0657967,-0.140777,0.00779241,0.00110897,0.0865894
5.022,0.0656559,-0.140698,0.00779351,0.00110398,0.0865894
5.023,0.0655153,-0.140619,0.00779462,0.00109902,0.0865894
5.024,0.0653747,-0.14054,0.00779571,0.00109408,0.0865894
5.025,0.0652342,-0.140461,0.0077968,0.00108916,0.0865894
5.026,0.0650938,-0.140382,0.00779789,0.00108427,0.0865894
5.027,0.0649534,-0.140303,0.00779897,0.0010794,0.0865894
5.028,0.0648132,-0.140225,0.00780005,0.00107455,0.0865894
5.029,0.064673,-0.140146,0.00780112,0.00106973,0.0865894
5.03,0.0645329,-0.140067,0.00780219,0.00106493,0.0865894
5.031,0.0643928,-0.139988,0.00780325,0.00106015,0.0865894
5.032,0.0642529,-0.139909,0.00780431,0.0010554,0.0865894
5.033,0.064113,-0.13983,0.00780536,0.00105067,0.0865894
5.034,0.0639732,-0.139751,0.00780641,0.00104596,0.0865894
5.035,0.0638335,-0.139672,0.00780745,0.00104127,0.0865894
5.036,0.0636939,-0.139593,0.00780849,0.00103661,0.0865894
5.037,0.0635543,-0.139514,0.00780953,0.00103197,0.0865894
5.038,0.0634149,-0.139435,0.00781056,0.00102735,0.0865894
5.039,0.0632755,-0.139356,0.00781158,0.00102275,0.0865894
5.04,0.0631362,-0.139277,0.0078126,0.0010178,0.0867775
5.041,0.0629969,-0.139198,0.00781362,0.00101287,0.0867775
5.042,0.0628578,-0.139119,0.00781463,0.00100796,0.0867775
5.043,0.0627187,-0.13904,0.00781563,0.00100308,0.0867775
5.044,0.0625797,-0.138961,0.00781663,0.000998216,0.0867775
5.045,0.0624408,-0.138882,0.00781763,0.000993374,0.0867775
5.046,0.0623019,-0.138803,0.00781862,0.000988553,0.0867775
5.047,0.0621632,-0.138723,0.00781961,0.000983754,0.0867775
5.048,0.0620245,-0.138644,0.00782059,0.000978976,0.0867775
5.049,0.0618859,-0.138565,0.00782156,0.000974219,0.0867775
5.05,0.0617473,-0.138486,0.00782254,0.000969483,0.0867775
5.051,0.0616089,-0.138407,0.0078235,0.000964768,0.0867775
5.052,0.0614705,-0.138328,0.00782447,0.000960074,0.0867775
5.053,0.0613322,-0.138249,0.00782542,0.000955401,0.0867775
5.054,0.061194,-0.13817,0.00782638,0.000950748,0.0867775
5.055,0.0610559,-0.138091,0.00782733,0.000946116,0.0867775
5.056,0.0609178,-0.138012,0.00782827,0.000941504,0.0867775
5.057,0.0607799,-0.137932,0.00782921,0.000936913,0.0867775
5.058,0.060642,-0.137853,0.00783014,0.000932341,0.0867775
5.059,0.0605042,-0.137774,0.00783107,0.00092779,0.0867775
5.06,0.0603664,-0.137695,0.007832,0.000922924,0.0869451
5.061,0.0602288,-0.137616,0.00783292,0.000918077,0.0869451
5.062,0.0600912,-0.137536,0.00783383,0.000913251,0.0869451
5.063,0.0599537,-0.137457,0.00783475,0.000908444,0.0869451
5.064,0.0598163,-0.137378,0.00783565,0.000903656,0.0869451
5.065,0.0596789,-0.137299,0.00783655,0.000898889,0.0869451
5.066,0.0595417,-0.137219,0.00783745,0.00089414,0.0869451
5.067,0.0594045,-0.13714,0.00783834,0.000889411,0.0869451
5.068,0.0592674,-0.137061,0.00783923,0.000884701,0.0869451
5.069,0.0591304,-0.136982,0.00784011,0.00088001,0.0869451
5.07,0.0589934,-0.136902,0.00784099,0.000875338,0.0869451
5.071,0.0588566,-0.136823,0.00784186,0.000870686,0.0869451
5.072,0.0587198,-0.136744,0.00784273,0.000866051,0.0869451
5.073,0.0585831,-0.136665,0.00784359,0.000861436,0.0869451
5.074,0.0584465,-0.136585,0.00784445,0.000856839,0.0869451
5.075,0.0583099,-0.136506,0.00784531,0.000852261,0.0869451
5.076,0.0581735,-0.136427,0.00784616,0.000847701,0.0869451
5.077,0.0580371,-0.136348,0.007847,0.000843159,0.0869451
5.078,0.0579008,-0.136268,0.00784784,0.000838635,0.0869451
5.079,0.0577645,-0.136189,0.00784868,0.00083413,0.0869451
5.08,0.0576284,-0.13611,0.00784951,0.000829348,0.0870926
5.081,0.0574923,-0.13603,0.00785034,0.000824583,0.0870926
5.082,0.0573563,-0.135951,0.00785116,0.000819837,0.0870926
5.083,0.0572204,-0.135872,0.00785198,0.000815108,0.0870926
5.084,0.0570846,-0.135792,0.00785279,0.000810397,0.0870926
5.085,0.0569488,-0.135713,0.0078536,0.000805703,0.0870926
5.086,0.0568132,-0.135633,0.0078544,0.000801026,0.0870926
5.087,0.0566776,-0.135554,0.0078552,0.000796367,0.0870926
5.088,0.056542,-0.135475,0.00785599,0.000791725,0.0870926
5.089,0.0564066,-0.135395,0.00785678,0.0007871,0.0870926
5.09,0.0562713,-0.135316,0.00785757,0.000782492,0.0870926
5.091,0.056136,-0.135236,0.00785835,0.000777901,0.0870926
5.092,0.0560008,-0.135157,0.00785912,0.000773327,0.0870926
5.093,0.0558657,-0.135078,0.0078599,0.00076877,0.0870926
5.094,0.0557306,-0.134998,0.00786066,0.000764229,0.0870926
5.095,0.0555957,-0.134919,0.00786142,0.000759704,0.0870926
5.096,0.0554608,-0.13484,0.00786218,0.000755196,0.0870926
5.097,0.055326,-0.13476,0.00786293,0.000750704,0.0870926
5.098,0.0551913,-0.134681,0.00786368,0.000746229,0.0870926
5.099,0.0550566,-0.134601,0.00786443,0.000741769,0.0870926
5.1,0.0549221,-0.134522,0.00786517,0.000737071,0.0872202
5.101,0.0547876,-0.134442,0.0078659,0.000732388,0.0872202
5.102,0.0546532,-0.134363,0.00786663,0.000727721,0.0872202
5.103,0.0545189,-0.134283,0.00786736,0.00072307,0.0872202
5.104,0.0543846,-0.134204,0.00786808,0.000718435,0.0872202
5.105,0.0542504,-0.134124,0.00786879,0.000713814,0.0872202
5.106,0.0541164,-0.134045,0.0078695,0.00070921,0.0872202
5.107,0.0539824,-0.133965,0.00787021,0.00070462,0.0872202
5.108,0.0538484,-0.133886,0.00787091,0.000700046,0.0872202
5.109,0.0537146,-0.133806,0.00787161,0.000695487,0.0872202
5.11,0.0535808,-0.133727,0.00787231,0.000690943,0.0872202
5.111,0.0534471,-0.133647,0.00787299,0.000686414,0.0872202
5.112,0.0533135,-0.133568,0.00787368,0.0006819,0.0872202
5.113,0.05318,-0.133488,0.00787436,0.0006774,0.0872202
5.114,0.0530465,-0.133409,0.00787503,0.000672915,0.0872202
5.115,0.0529132,-0.133329,0.0078757,0.000668445,0.0872202
5.116,0.0527799,-0.13325,0.00787637,0.000663989,0.0872202
5.117,0.0526467,-0.13317,0.00787703,0.000659547,0.0872202
5.118,0.0525135,-0.133091,0.00787769,0.00065512,0.0872202
5.119,0.0523805,-0.133011,0.00787834,0.000650706,0.0872202
5.12,0.0522475,-0.132932,0.00787899,0.000646091,0.0873282
5.121,0.0521146,-0.132852,0.00787963,0.00064149,0.0873282
5.122,0.0519818,-0.132773,0.00788027,0.000636902,0.0873282
5.123,0.0518491,-0.132693,0.00788091,0.000632329,0.0873282
5.124,0.0517164,-0.132613,0.00788154,0.000627769,0.0873282
5.125,0.0515839,-0.132534,0.00788216,0.000623222,0.0873282
5.126,0.0514514,-0.132454,0.00788278,0.000618689,0.0873282
5.127,0.051319,-0.132375,0.0078834,0.000614169,0.0873282
5.128,0.0511866,-0.132295,0.00788401,0.000609663,0.0873282
5.129,0.0510544,-0.132216,0.00788462,0.00060517,0.0873282
5.13,0.0509222,-0.132136,0.00788522,0.000600689,0.0873282
5.131,0.0507901,-0.132056,0.00788582,0.000596222,0.0873282
5.132,0.0506581,-0.131977,0.00788642,0.000591768,0.0873282
5.133,0.0505261,-0.131897,0.007887,0.000587326,0.0873282
5.134,0.0503943,-0.131818,0.00788759,0.000582897,0.0873282
5.135,0.0502625,-0.131738,0.00788817,0.000578481,0.0873282
5.136,0.0501308,-0.131658,0.00788875,0.000574077,0.0873282
5.137,0.0499992,-0.131579,0.00788932,0.000569685,0.0873282
5.138,0.0498676,-0.131499,0.00788989,0.000565306,0.0873282
5.139,0.0497362,-0.13142,0.00789045,0.000560939,0.0873282
5.14,0.0496048,-0.13134,0.00789101,0.000556407,0.0874168
5.141,0.0494735,-0.13126,0.00789156,0.000551887,0.0874168
5.142,0.0493423,-0.131181,0.00789211,0.000547378,0.0874168
5.143,0.0492111,-0.131101,0.00789266,0.000542882,0.0874168
5.144,0.0490801,-0.131021,0.0078932,0.000538397,0.0874168
5.145,0.0489491,-0.130942,0.00789373,0.000533924,0.0874168
5.146,0.0488182,-0.130862,0.00789427,0.000529462,0.0874168
5.147,0.0486874,-0.130782,0.00789479,0.000525012,0.0874168
5.148,0.0485566,-0.130703,0.00789532,0.000520573,0.0874168
5.149,0.048426,-0.130623,0.00789583,0.000516145,0.0874168
5.15,0.0482954,-0.130543,0.00789635,0.000511729,0.0874168
5.151,0.0481649,-0.130464,0.00789686,0.000507323,0.0874168
5.152,0.0480345,-0.130384,0.00789736,0.000502929,0.0874168
5.153,0.0479041,-0.130304,0.00789786,0.000498545,0.0874168
5.154,0.0477739,-0.130225,0.00789836,0.000494172,0.0874168
5.155,0.0476437,-0.130145,0.00789885,0.00048981,0.0874168
5.156,0.0475136,-0.130065,0.00789934,0.000485458,0.0874168
5.157,0.0473835,-0.129986,0.00789982,0.000481117,0.0874168
5.158,0.0472536,-0.129906,0.0079003,0.000476786,0.0874168
5.159,0.0471237,-0.129826,0.00790078,0.000472465,0.0874168
5.16,0.0469939,-0.129746,0.00790125,0.000468016,0.0874865
5.161,0.0468642,-0.129667,0.00790171,0.000463576,0.0874865
5.162,0.0467346,-0.129587,0.00790217,0.000459147,0.0874865
5.163,0.0466051,-0.129507,0.00790263,0.000454727,0.0874865
5.164,0.0464756,-0.129428,0.00790308,0.000450317,0.0874865
5.165,0.0463462,-0.129348,0.00790353,0.000445917,0.0874865
5.166,0.0462169,-0.129268,0.00790397,0.000441526,0.0874865
5.167,0.0460877,-0.129188,0.00790441,0.000437146,0.0874865
5.168,0.0459585,-0.129109,0.00790485,0.000432774,0.0874865
5.169,0.0458295,-0.129029,0.00790528,0.000428412,0.0874865
5.17,0.0457005,-0.128949,0.00790571,0.000424059,0.0874865
5.171,0.0455716,-0.128869,0.00790613,0.000419715,0.0874865
5.172,0.0454427,-0.12879,0.00790655,0.00041538,0.0874865
5.173,0.045314,-0.12871,0.00790696,0.000411054,0.0874865
5.174,0.0451853,-0.12863,0.00790737,0.000406738,0.0874865
5.175,0.0450567,-0.12855,0.00790777,0.000402429,0.0874865
5.176,0.0449282,-0.128471,0.00790817,0.00039813,0.0874865
5.177,0.0447998,-0.128391,0.00790857,0.000393839,0.0874865
5.178,0.0446714,-0.128311,0.00790896,0.000389557,0.0874865
5.179,0.0445432,-0.128232,0.00790935,0.000385283,0.0874865
5.18,0.044415,-0.128152,0.00790973,0.000380915,0.0875374
5.181,0.0442868,-0.128072,0.00791011,0.000376556,0.0875374
5.182,0.0441588,-0.127992,0.00791048,0.000372205,0.0875374
5.183,0.0440309,-0.127912,0.00791085,0.000367862,0.0875374
5.184,0.043903,-0.127833,0.00791122,0.000363527,0.0875374
5.185,0.0437752,-0.127753,0.00791158,0.000359199,0.0875374
5.186,0.0436475,-0.127673,0.00791194,0.00035488,0.0875374
5.187,0.0435199,-0.127593,0.00791229,0.000350568,0.0875374
5.188,0.0433923,-0.127514,0.00791264,0.000346264,0.0875374
5.189,0.0432648,-0.127434,0.00791298,0.000341967,0.0875374
5.19,0.0431374,-0.127354,0.00791332,0.000337677,0.0875374
5.191,0.0430101,-0.127274,0.00791366,0.000333395,0.0875374
5.192,0.0428829,-0.127194,0.00791399,0.00032912,0.0875374
5.193,0.0427557,-0.127115,0.00791432,0.000324852,0.0875374
5.194,0.0426287,-0.127035,0.00791464,0.000320591,0.0875374
5.195,0.0425017,-0.126955,0.00791496,0.000316337,0.0875374
5.196,0.0423747,-0.126875,0.00791527,0.00031209,0.0875374
5.197,0.0422479,-0.126796,0.00791558,0.00030785,0.0875374
5.198,0.0421212,-0.126716,0.00791589,0.000303616,0.0875374
5.199,0.0419945,-0.126636,0.00791619,0.000299389,0.0875374
5.2,0.0418679,-0.126556,0.00791649,0.000295103,0.0875699
5.201,0.0417414,-0.126476,0.00791678,0.000290824,0.0875699
5.202,0.0416149,-0.126397,0.00791707,0.000286551,0.0875699
5.203,0.0414886,-0.126317,0.00791735,0.000282284,0.0875699
5.204,0.0413623,-0.126237,0.00791763,0.000278023,0.0875699
5.205,0.0412361,-0.126157,0.00791791,0.000273768,0.0875699
5.206,0.04111,-0.126077,0.00791818,0.000269519,0.0875699
5.207,0.0409839,-0.125998,0.00791845,0.000265276,0.0875699
5.208,0.040858,-0.125918,0.00791871,0.000261039,0.0875699
5.209,0.0407321,-0.125838,0.00791897,0.000256807,0.0875699
5.21,0.0406063,-0.125758,0.00791922,0.000252581,0.0875699
5.211,0.0404806,-0.125678,0.00791947,0.000248361,0.0875699
5.212,0.040355,-0.125599,0.00791972,0.000244145,0.0875699
5.213,0.0402294,-0.125519,0.00791996,0.000239935,0.0875699
5.214,0.0401039,-0.125439,0.0079202,0.00023573,0.0875699
5.215,0.0399785,-0.125359,0.00792043,0.00023153,0.0875699
5.216,0.0398532,-0.125279,0.00792066,0.000227336,0.0875699
5.217,0.039728,-0.1252,0.00792089,0.000223146,0.0875699
5.218,0.0396028,-0.12512,0.00792111,0.000218961,0.0875699
5.219,0.0394777,-0.12504,0.00792133,0.00021478,0.0875699
5.22,0.0393527,-0.12496,0.00792154,0.000210576,0.0875842
5.221,0.0392278,-0.12488,0.00792175,0.000206376,0.0875842
5.222,0.039103,-0.124801,0.00792195,0.000202181,0.0875842
5.223,0.0389782,-0.124721,0.00792215,0.00019799,0.0875842
5.224,0.0388535,-0.124641,0.00792235,0.000193803,0.0875842
5.225,0.0387289,-0.124561,0.00792254,0.000189621,0.0875842
5.226,0.0386044,-0.124481,0.00792273,0.000185442,0.0875842
5.227,0.0384799,-0.124402,0.00792291,0.000181268,0.0875842
5.228,0.0383556,-0.124322,0.00792309,0.000177097,0.0875842
5.229,0.0382313,-0.124242,0.00792327,0.000172931,0.0875842
5.23,0.0381071,-0.124162,0.00792344,0.000168768,0.0875842
5.231,0.037983,-0.124082,0.0079236,0.000164609,0.0875842
5.232,0.0378589,-0.124003,0.00792377,0.000160453,0.0875842
5.233,0.037735,-0.123923,0.00792392,0.0001563,0.0875842
5.234,0.0376111,-0.123843,0.00792408,0.000152152,0.0875842
5.235,0.0374873,-0.123763,0.00792423,0.000148006,0.0875842
5.236,0.0373636,-0.123683,0.00792437,0.000143864,0.0875842
5.237,0.0372399,-0.123603,0.00792452,0.000139724,0.0875842
5.238,0.0371164,-0.123524,0.00792465,0.000135588,0.0875842
5.239,0.0369929,-0.123444,0.00792479,0.000131454,0.0875842
5.24,0.0368695,-0.123364,0.00792492,0.000127331,0.0875806
5.241,0.0367461,-0.123284,0.00792504,0.00012321,0.0875806
5.242,0.0366229,-0.123204,0.00792516,0.000119092,0.0875806
5.243,0.0364997,-0.123125,0.00792528,0.000114977,0.0875806
5.244,0.0363767,-0.123045,0.00792539,0.000110864,0.0875806
5.245,0.0362536,-0.122965,0.0079255,0.000106754,0.0875806
5.246,0.0361307,-0.122885,0.00792561,0.000102645,0.0875806
5.247,0.0360079,-0.122805,0.00792571,9.85394e-05,0.0875806
5.248,0.0358851,-0.122726,0.0079258,9.44355e-05,0.0875806
5.249,0.0357624,-0.122646,0.0079259,9.03337e-05,0.0875806
5.25,0.0356398,-0.122566,0.00792598,8.62338e-05,0.0875806
5.251,0.0355173,-0.122486,0.00792607,8.21358e-05,0.0875806
5.252,0.0353948,-0.122406,0.00792615,7.80395e-05,0.0875806
5.253,0.0352725,-0.122327,0.00792622,7.39449e-05,0.0875806
5.254,0.0351502,-0.122247,0.0079263,6.9852e-05,0.0875806
5.255,0.035028,-0.122167,0.00792636,6.57605e-05,0.0875806
5.256,0.0349059,-0.122087,0.00792643,6.16705e-05,0.0875806
5.257,0.0347838,-0.122007,0.00792649,5.75817e-05,0.0875806
5.258,0.0346618,-0.121928,0.00792654,5.34943e-05,0.0875806
5.259,0.03454,-0.121848,0.00792659,4.94079e-05,0.0875806
5.26,0.0344182,-0.121768,0.00792664,4.53651e-05,0.0875594
5.261,0.0342964,-0.121688,0.00792669,4.13232e-05,0.0875594
5.262,0.0341748,-0.121608,0.00792672,3.72822e-05,0.0875594
5.263,0.0340532,-0.121529,0.00792676,3.3242e-05,0.0875594
5.264,0.0339317,-0.121449,0.00792679,2.92025e-05,0.0875594
5.265,0.0338103,-0.121369,0.00792682,2.51637e-05,0.0875594
5.266,0.033689,-0.121289,0.00792684,2.11254e-05,0.0875594
5.267,0.0335677,-0.121209,0.00792686,1.70875e-05,0.0875594
5.268,0.0334466,-0.12113,0.00792688,1.305e-05,0.0875594
5.269,0.0333255,-0.12105,0.00792689,9.01284e-06,0.0875594
5.27,0.0332045,-0.12097,0.00792689,4.97584e-06,0.0875594
5.271,0.0330835,-0.12089,0.0079269,9.38951e-07,0.0875594
5.272,0.0329627,-0.120811,0.0079269,-3.09792e-06,0.0875594
5.273,0.0328419,-0.120731,0.00792689,-7.13486e-06,0.0875594
5.274,0.0327212,-0.120651,0.00792688,-1.1172e-05,0.0875594
5.275,0.0326006,-0.120571,0.00792687,-1.52093e-05,0.0875594
5.276,0.0324801,-0.120491,0.00792685,-1.9247e-05,0.0875594
5.277,0.0323596,-0.120412,0.00792683,-2.3285e-05,0.0875594
5.278,0.0322393,-0.120332,0.0079268,-2.73236e-05,0.0875594
5.279,0.032119,-0.120252,0.00792677,-3.13628e-05,0.0875594
5.28,0.0319988,-0.120172,0.00792674,-3.53256e-05,0.0875209
5.281,0.0318786,-0.120093,0.0079267,-3.92892e-05,0.0875209
5.282,0.0317586,-0.120013,0.00792666,-4.32536e-05,0.0875209
5.283,0.0316386,-0.119933,0.00792662,-4.72189e-05,0.0875209
5.284,0.0315187,-0.119853,0.00792657,-5.11853e-05,0.0875209
5.285,0.0313989,-0.119774,0.00792652,-5.51528e-05,0.0875209
5.286,0.0312792,-0.119694,0.00792646,-5.91214e-05,0.0875209
5.287,0.0311595,-0.119614,0.0079264,-6.30914e-05,0.0875209
5.288,0.0310399,-0.119534,0.00792633,-6.70627e-05,0.0875209
5.289,0.0309204,-0.119455,0.00792626,-7.10354e-05,0.0875209
5.29,0.030801,-0.119375,0.00792619,-7.50097e-05,0.0875209
5.291,0.0306817,-0.119295,0.00792611,-7.89856e-05,0.0875209
5.292,0.0305624,-0.119215,0.00792603,-8.29632e-05,0.0875209
5.293,0.0304432,-0.119136,0.00792595,-8.69426e-05,0.0875209
5.294,0.0303242,-0.119056,0.00792586,-9.09239e-05,0.0875209
5.295,0.0302051,-0.118976,0.00792577,-9.49071e-05,0.0875209
5.296,0.0300862,-0.118896,0.00792567,-9.88924e-05,0.0875209
5.297,0.0299673,-0.118817,0.00792557,-0.00010288,0.0875209
5.298,0.0298486,-0.118737,0.00792546,-0.000106869,0.0875209
5.299,0.0297299,-0.118657,0.00792535,-0.000110861,0.0875209
5.3,0.0296113,-0.118577,0.00792524,-0.000114745,0.0874653
5.301,0.0294927,-0.118498,0.00792512,-0.00011863,0.0874653
5.302,0.0293743,-0.118418,0.007925,-0.000122518,0.0874653
5.303,0.0292559,-0.118338,0.00792488,-0.000126409,0.0874653
5.304,0.0291376,-0.118259,0.00792475,-0.000130303,0.0874653
5.305,0.0290194,-0.118179,0.00792462,-0.000134199,0.0874653
5.306,0.0289012,-0.118099,0.00792448,-0.000138099,0.0874653
5.307,0.0287832,-0.11802,0.00792434,-0.000142001,0.0874653
5.308,0.0286652,-0.11794,0.0079242,-0.000145906,0.0874653
5.309,0.0285473,-0.11786,0.00792405,-0.000149815,0.0874653
5.31,0.0284295,-0.117781,0.0079239,-0.000153727,0.0874653
5.311,0.0283117,-0.117701,0.00792374,-0.000157642,0.0874653
5.312,0.0281941,-0.117621,0.00792358,-0.00016156,0.0874653
5.313,0.0280765,-0.117541,0.00792342,-0.000165482,0.0874653
5.314,0.027959,-0.117462,0.00792325,-0.000169408,0.0874653
5.315,0.0278416,-0.117382,0.00792308,-0.000173337,0.0874653
5.316,0.0277242,-0.117302,0.00792291,-0.00017727,0.0874653
5.317,0.027607,-0.117223,0.00792273,-0.000181206,0.0874653
5.318,0.0274898,-0.117143,0.00792254,-0.000185147,0.0874653
5.319,0.0273727,-0.117063,0.00792236,-0.000189092,0.0874653
5.32,0.0272556,-0.116984,0.00792217,-0.000192896,0.087393
5.321,0.0271387,-0.116904,0.00792197,-0.000196704,0.087393
5.322,0.0270218,-0.116824,0.00792177,-0.000200516,0.087393
5.323,0.026905,-0.116745,0.00792157,-0.000204333,0.087393
5.324,0.0267883,-0.116665,0.00792136,-0.000208154,0.087393
5.325,0.0266717,-0.116586,0.00792115,-0.00021198,0.087393
5.326,0.0265552,-0.116506,0.00792094,-0.00021581,0.087393
5.327,0.0264387,-0.116426,0.00792072,-0.000219645,0.087393
5.328,0.0263223,-0.116347,0.0079205,-0.000223485,0.087393
5.329,0.026206,-0.116267,0.00792027,-0.000227329,0.087393
5.33,0.0260898,-0.116187,0.00792005,-0.000231179,0.087393
5.331,0.0259736,-0.116108,0.00791981,-0.000235033,0.087393
5.332,0.0258576,-0.116028,0.00791958,-0.000238893,0.087393
5.333,0.0257416,-0.115949,0.00791933,-0.000242757,0.087393
5.334,0.0256257,-0.115869,0.00791909,-0.000246627,0.087393
5.335,0.0255098,-0.115789,0.00791884,-0.000250502,0.087393
5.336,0.0253941,-0.11571,0.00791859,-0.000254383,0.087393
5.337,0.0252784,-0.11563,0.00791833,-0.000258269,0.087393
5.338,0.0251628,-0.11555,0.00791807,-0.000262161,0.087393
5.339,0.0250473,-0.115471,0.00791781,-0.000266058,0.087393
5.34,0.0249319,-0.115391,0.00791754,-0.000269783,0.0873042
5.341,0.0248165,-0.115312,0.00791727,-0.000273514,0.0873042
5.342,0.0247013,-0.115232,0.00791699,-0.000277252,0.0873042
5.343,0.0245861,-0.115153,0.00791671,-0.000280995,0.0873042
5.344,0.024471,-0.115073,0.00791643,-0.000284744,0.0873042
5.345,0.0243559,-0.114994,0.00791614,-0.000288499,0.0873042
5.346,0.024241,-0.114914,0.00791585,-0.000292261,0.0873042
5.347,0.0241261,-0.114835,0.00791556,-0.000296028,0.0873042
5.348,0.0240113,-0.114755,0.00791526,-0.000299803,0.0873042
5.349,0.0238966,-0.114675,0.00791496,-0.000303583,0.0873042
5.35,0.023782,-0.114596,0.00791465,-0.000307371,0.0873042
5.351,0.0236674,-0.114516,0.00791435,-0.000311164,0.0873042
5.352,0.0235529,-0.114437,0.00791403,-0.000314965,0.0873042
5.353,0.0234385,-0.114357,0.00791372,-0.000318772,0.0873042
5.354,0.0233242,-0.114278,0.00791339,-0.000322587,0.0873042
5.355,0.02321,-0.114198,0.00791307,-0.000326408,0.0873042
5.356,0.0230958,-0.114119,0.00791274,-0.000330236,0.0873042
5.357,0.0229817,-0.114039,0.00791241,-0.000334072,0.0873042
5.358,0.0228677,-0.11396,0.00791207,-0.000337914,0.0873042
5.359,0.0227538,-0.11388,0.00791173,-0.000341764,0.0873042
5.36,0.02264,-0.113801,0.00791139,-0.000345411,0.0871991
5.361,0.0225262,-0.113721,0.00791104,-0.000349066,0.0871991
5.362,0.0224125,-0.113642,0.00791069,-0.000352728,0.0871991
5.363,0.0222989,-0.113562,0.00791034,-0.000356398,0.0871991
5.364,0.0221854,-0.113483,0.00790998,-0.000360075,0.0871991
5.365,0.022072,-0.113403,0.00790962,-0.000363761,0.0871991
5.366,0.0219586,-0.113324,0.00790925,-0.000367454,0.0871991
5.367,0.0218453,-0.113245,0.00790888,-0.000371155,0.0871991
5.368,0.0217321,-0.113165,0.00790851,-0.000374864,0.0871991
5.369,0.021619,-0.113086,0.00790813,-0.000378581,0.0871991
5.37,0.0215059,-0.113006,0.00790775,-0.000382306,0.0871991
5.371,0.021393,-0.112927,0.00790737,-0.00038604,0.0871991
5.372,0.0212801,-0.112847,0.00790698,-0.000389782,0.0871991
5.373,0.0211673,-0.112768,0.00790659,-0.000393532,0.0871991
5.374,0.0210545,-0.112688,0.00790619,-0.000397291,0.0871991
5.375,0.0209419,-0.112609,0.00790579,-0.000401058,0.0871991
5.376,0.0208293,-0.11253,0.00790539,-0.000404834,0.0871991
5.377,0.0207168,-0.11245,0.00790498,-0.000408619,0.0871991
5.378,0.0206044,-0.112371,0.00790457,-0.000412412,0.0871991
5.379,0.0204921,-0.112291,0.00790416,-0.000416215,0.0871991
5.38,0.0203798,-0.112212,0.00790374,-0.000419784,0.0870781
5.381,0.0202677,-0.112133,0.00790332,-0.000423363,0.0870781
5.382,0.0201556,-0.112053,0.00790289,-0.000426951,0.0870781
5.383,0.0200436,-0.111974,0.00790247,-0.000430547,0.0870781
5.384,0.0199316,-0.111895,0.00790203,-0.000434154,0.0870781
5.385,0.0198198,-0.111815,0.0079016,-0.000437769,0.0870781
5.386,0.019708,-0.111736,0.00790116,-0.000441394,0.0870781
5.387,0.0195963,-0.111657,0.00790072,-0.000445029,0.0870781
5.388,0.0194847,-0.111577,0.00790027,-0.000448673,0.0870781
5.389,0.0193732,-0.111498,0.00789982,-0.000452327,0.0870781
5.39,0.0192617,-0.111419,0.00789936,-0.00045599,0.0870781
5.391,0.0191503,-0.111339,0.00789891,-0.000459664,0.0870781
5.392,0.019039,-0.11126,0.00789844,-0.000463347,0.0870781
5.393,0.0189278,-0.111181,0.00789798,-0.00046704,0.0870781
5.394,0.0188167,-0.111101,0.00789751,-0.000470744,0.0870781
5.395,0.0187056,-0.111022,0.00789704,-0.000474457,0.0870781
5.396,0.0185946,-0.110943,0.00789656,-0.000478181,0.0870781
5.397,0.0184837,-0.110863,0.00789608,-0.000481915,0.0870781
5.398,0.0183729,-0.110784,0.0078956,-0.00048566,0.0870781
5.399,0.0182621,-0.110705,0.00789511,-0.000489415,0.0870781
5.4,0.0181515,-0.110625,0.00789462,-0.000492907,0.0869415
5.401,0.0180409,-0.110546,0.00789412,-0.00049641,0.0869415
5.402,0.0179304,-0.110467,0.00789363,-0.000499924,0.0869415
5.403,0.01782,-0.110388,0.00789312,-0.000503448,0.0869415
5.404,0.0177096,-0.110309,0.00789262,-0.000506983,0.0869415
5.405,0.0175993,-0.110229,0.00789211,-0.00051053,0.0869415
5.406,0.0174891,-0.11015,0.0078916,-0.000514087,0.0869415
5.407,0.017379,-0.110071,0.00789108,-0.000517655,0.0869415
5.408,0.017269,-0.109992,0.00789056,-0.000521235,0.0869415
5.409,0.0171591,-0.109913,0.00789004,-0.000524825,0.0869415
5.41,0.0170492,-0.109833,0.00788951,-0.000528428,0.0869415
5.411,0.0169394,-0.109754,0.00788898,-0.000532041,0.0869415
5.412,0.0168297,-0.109675,0.00788845,-0.000535666,0.0869415
5.413,0.01672,-0.109596,0.00788791,-0.000539303,0.0869415
5.414,0.0166105,-0.109517,0.00788737,-0.000542951,0.0869415
5.415,0.016501,-0.109437,0.00788683,-0.000546611,0.0869415
5.416,0.0163916,-0.109358,0.00788628,-0.000550282,0.0869415
5.417,0.0162823,-0.109279,0.00788572,-0.000553966,0.0869415
5.418,0.016173,-0.1092,0.00788517,-0.000557661,0.0869415
5.419,0.0160639,-0.109121,0.00788461,-0.000561369,0.0869415
5.42,0.0159548,-0.109042,0.00788405,-0.000564785,0.0867894
5.421,0.0158458,-0.108963,0.00788348,-0.000568212,0.0867894
5.422,0.0157369,-0.108883,0.00788291,-0.000571652,0.0867894
5.423,0.015628,-0.108804,0.00788234,-0.000575105,0.0867894
5.424,0.0155193,-0.108725,0.00788176,-0.000578569,0.0867894
5.425,0.0154106,-0.108646,0.00788118,-0.000582047,0.0867894
5.426,0.015302,-0.108567,0.0078806,-0.000585537,0.0867894
5.427,0.0151935,-0.108488,0.00788001,-0.000589039,0.0867894
5.428,0.015085,-0.108409,0.00787942,-0.000592554,0.0867894
5.429,0.0149766,-0.10833,0.00787882,-0.000596082,0.0867894
5.43,0.0148683,-0.108251,0.00787823,-0.000599623,0.0867894
5.431,0.0147601,-0.108172,0.00787762,-0.000603177,0.0867894
5.432,0.014652,-0.108093,0.00787702,-0.000606744,0.0867894
5.433,0.0145439,-0.108014,0.00787641,-0.000610323,0.0867894
5.434,0.014436,-0.107935,0.0078758,-0.000613916,0.0867894
5.435,0.0143281,-0.107856,0.00787518,-0.000617523,0.0867894
5.436,0.0142203,-0.107777,0.00787456,-0.000621142,0.0867894
5.437,0.0141125,-0.107698,0.00787394,-0.000624775,0.0867894
5.438,0.0140049,-0.107619,0.00787331,-0.000628422,0.0867894
5.439,0.0138973,-0.107539,0.00787268,-0.000632082,0.0867894
5.44,0.0137898,-0.107461,0.00787205,-0.000635421,0.0866222
5.441,0.0136824,-0.107382,0.00787141,-0.000638775,0.0866222
5.442,0.013575,-0.107303,0.00787077,-0.000642141,0.0866222
5.443,0.0134678,-0.107224,0.00787013,-0.000645522,0.0866222
5.444,0.0133606,-0.107145,0.00786948,-0.000648917,0.0866222
5.445,0.0132535,-0.107066,0.00786883,-0.000652326,0.0866222
5.446,0.0131464,-0.106987,0.00786818,-0.000655748,0.0866222
5.447,0.0130395,-0.106908,0.00786752,-0.000659185,0.0866222
5.448,0.0129326,-0.106829,0.00786686,-0.000662636,0.0866222
5.449,0.0128258,-0.10675,0.00786619,-0.000666102,0.0866222
5.45,0.0127191,-0.106672,0.00786553,-0.000669582,0.0866222
5.451,0.0126125,-0.106593,0.00786485,-0.000673076,0.0866222
5.452,0.0125059,-0.106514,0.00786418,-0.000676585,0.0866222
5.453,0.0123995,-0.106435,0.0078635,-0.000680108,0.0866222
5.454,0.0122931,-0.106356,0.00786282,-0.000683646,0.0866222
5.455,0.0121868,-0.106277,0.00786213,-0.000687199,0.0866222
5.456,0.0120805,-0.106198,0.00786145,-0.000690767,0.0866222
5.457,0.0119744,-0.106119,0.00786075,-0.000694349,0.0866222
5.458,0.0118683,-0.10604,0.00786006,-0.000697947,0.0866222
5.459,0.0117623,-0.105961,0.00785936,-0.000701559,0.0866222
5.46,0.0116564,-0.105883,0.00785865,-0.000704823,0.0864402
5.461,0.0115505,-0.105804,0.00785795,-0.000708102,0.0864402
5.462,0.0114447,-0.105725,0.00785724,-0.000711396,0.0864402
5.463,0.0113391,-0.105646,0.00785652,-0.000714706,0.0864402
5.464,0.0112335,-0.105568,0.00785581,-0.000718031,0.0864402
5.465,0.0111279,-0.105489,0.00785509,-0.000721371,0.0864402
5.466,0.0110225,-0.10541,0.00785437,-0.000724727,0.0864402
5.467,0.0109171,-0.105331,0.00785364,-0.000728099,0.0864402
5.468,0.0108118,-0.105253,0.00785291,-0.000731486,0.0864402
5.469,0.0107066,-0.105174,0.00785218,-0.00073489,0.0864402
5.47,0.0106015,-0.105095,0.00785144,-0.000738309,0.0864402
5.471,0.0104964,-0.105017,0.0078507,-0.000741744,0.0864402
5.472,0.0103914,-0.104938,0.00784996,-0.000745195,0.0864402
5.473,0.0102865,-0.104859,0.00784921,-0.000748662,0.0864402
5.474,0.0101817,-0.10478,0.00784846,-0.000752145,0.0864402
5.475,0.010077,-0.104702,0.0078477,-0.000755644,0.0864402
5.476,0.00997231,-0.104623,0.00784695,-0.00075916,0.0864402
5.477,0.00986773,-0.104544,0.00784619,-0.000762692,0.0864402
5.478,0.00976322,-0.104465,0.00784542,-0.000766241,0.0864402
5.479,0.0096588,-0.104387,0.00784465,-0.000769806,0.0864402
5.48,0.00955445,-0.104308,0.00784388,-0.000772995,0.0862436
5.481,0.00945018,-0.10423,0.00784311,-0.0007762,0.0862436
5.482,0.00934599,-0.104151,0.00784233,-0.000779422,0.0862436
5.483,0.00924188,-0.104072,0.00784155,-0.000782661,0.0862436
5.484,0.00913785,-0.103994,0.00784076,-0.000785917,0.0862436
5.485,0.00903389,-0.103915,0.00783998,-0.000789189,0.0862436
5.486,0.00893001,-0.103837,0.00783919,-0.000792479,0.0862436
5.487,0.00882622,-0.103758,0.00783839,-0.000795786,0.0862436
5.488,0.0087225,-0.10368,0.00783759,-0.00079911,0.0862436
5.489,0.00861886,-0.103601,0.00783679,-0.000802451,0.0862436
5.49,0.0085153,-0.103523,0.00783599,-0.00080581,0.0862436
5.491,0.00841181,-0.103444,0.00783518,-0.000809186,0.0862436
5.492,0.00830841,-0.103365,0.00783437,-0.000812579,0.0862436
5.493,0.00820508,-0.103287,0.00783356,-0.00081599,0.0862436
5.494,0.00810183,-0.103208,0.00783274,-0.000819418,0.0862436
5.495,0.00799867,-0.10313,0.00783192,-0.000822865,0.0862436
5.496,0.00789558,-0.103051,0.00783109,-0.000826329,0.0862436
5.497,0.00779256,-0.102973,0.00783027,-0.000829811,0.0862436
5.498,0.00768963,-0.102894,0.00782943,-0.00083331,0.0862436
5.499,0.00758678,-0.102815,0.0078286,-0.000836828,0.0862436
5.5,0.007484,-0.102737,0.00782776,-0.000839942,0.0860327
5.501,0.0073813,-0.102659,0.00782692,-0.000843074,0.0860327
5.502,0.00727868,-0.10258,0.00782607,-0.000846224,0.0860327
5.503,0.00717614,-0.102502,0.00782523,-0.000849393,0.0860327
5.504,0.00707368,-0.102424,0.00782438,-0.00085258,0.0860327
5.505,0.00697129,-0.102345,0.00782352,-0.000855785,0.0860327
5.506,0.00686899,-0.102267,0.00782266,-0.000859009,0.0860327
5.507,0.00676676,-0.102189,0.0078218,-0.000862251,0.0860327
5.508,0.00666461,-0.10211,0.00782094,-0.000865512,0.0860327
5.509,0.00656254,-0.102032,0.00782007,-0.000868792,0.0860327
5.51,0.00646055,-0.101954,0.0078192,-0.00087209,0.0860327
5.511,0.00635863,-0.101875,0.00781833,-0.000875407,0.0860327
5.512,0.00625679,-0.101797,0.00781745,-0.000878743,0.0860327
5.513,0.00615504,-0.101718,0.00781657,-0.000882098,0.0860327
5.514,0.00605336,-0.10164,0.00781569,-0.000885472,0.0860327
5.515,0.00595176,-0.101562,0.0078148,-0.000888866,0.0860327
5.516,0.00585023,-0.101483,0.00781391,-0.000892278,0.0860327
5.517,0.00574879,-0.101405,0.00781302,-0.000895709,0.0860327
5.518,0.00564742,-0.101327,0.00781212,-0.00089916,0.0860327
5.519,0.00554614,-0.101248,0.00781122,-0.000902631,0.0860327
5.52,0.00544493,-0.10117,0.00781031,-0.000905671,0.0858077
5.521,0.0053438,-0.101092,0.00780941,-0.00090873,0.0858077
5.522,0.00524274,-0.101014,0.0078085,-0.000911809,0.0858077
5.523,0.00514177,-0.100936,0.00780758,-0.000914908,0.0858077
5.524,0.00504087,-0.100858,0.00780667,-0.000918026,0.0858077
5.525,0.00494005,-0.100779,0.00780575,-0.000921165,0.0858077
5.526,0.00483931,-0.100701,0.00780482,-0.000924323,0.0858077
5.527,0.00473865,-0.100623,0.0078039,-0.000927501,0.0858077
5.528,0.00463807,-0.100545,0.00780297,-0.000930699,0.0858077
5.529,0.00453756,-0.100467,0.00780204,-0.000933917,0.0858077
5.53,0.00443713,-0.100389,0.0078011,-0.000937156,0.0858077
5.531,0.00433678,-0.10031,0.00780016,-0.000940414,0.0858077
5.532,0.00423651,-0.100232,0.00779922,-0.000943693,0.0858077
5.533,0.00413632,-0.100154,0.00779827,-0.000946993,0.0858077
5.534,0.0040362,-0.100076,0.00779733,-0.000950312,0.0858077
5.535,0.00393617,-0.0999978,0.00779637,-0.000953652,0.0858077
5.536,0.00383621,-0.0999197,0.00779542,-0.000957013,0.0858077
5.537,0.00373633,-0.0998415,0.00779446,-0.000960395,0.0858077
5.538,0.00363653,-0.0997634,0.0077935,-0.000963797,0.0858077
5.539,0.0035368,-0.0996852,0.00779253,-0.00096722,0.0858077
5.54,0.00343716,-0.0996073,0.00779156,-0.000970186,0.0855689
5.541,0.00333759,-0.0995293,0.00779059,-0.000973174,0.0855689
5.542,0.0032381,-0.0994514,0.00778962,-0.000976182,0.0855689
5.543,0.00313868,-0.0993735,0.00778864,-0.000979211,0.0855689
5.544,0.00303935,-0.0992956,0.00778766,-0.000982262,0.0855689
5.545,0.00294009,-0.0992176,0.00778667,-0.000985334,0.0855689
5.546,0.00284091,-0.0991397,0.00778569,-0.000988427,0.0855689
5.547,0.00274181,-0.0990618,0.0077847,-0.000991541,0.0855689
5.548,0.00264279,-0.0989838,0.0077837,-0.000994677,0.0855689
5.549,0.00254385,-0.0989059,0.00778271,-0.000997834,0.0855689
5.55,0.00244498,-0.098828,0.00778171,-0.00100101,0.0855689
5.551,0.00234619,-0.09875,0.00778071,-0.00100421,0.0855689
5.552,0.00224748,-0.0986721,0.0077797,-0.00100743,0.0855689
5.553,0.00214885,-0.0985942,0.00777869,-0.00101068,0.0855689
5.554,0.00205029,-0.0985162,0.00777768,-0.00101394,0.0855689
5.555,0.00195181,-0.0984383,0.00777666,-0.00101723,0.0855689
5.556,0.00185341,-0.0983603,0.00777564,-0.00102054,0.0855689
5.557,0.00175509,-0.0982824,0.00777462,-0.00102387,0.0855689
5.558,0.00165685,-0.0982045,0.0077736,-0.00102723,0.0855689
5.559,0.00155868,-0.0981265,0.00777257,-0.0010306,0.0855689
5.56,0.0014606,-0.0980488,0.00777154,-0.0010335,0.0853167
5.561,0.00136259,-0.0979711,0.0077705,-0.00103641,0.0853167
5.562,0.00126465,-0.0978934,0.00776946,-0.00103935,0.0853167
5.563,0.0011668,-0.0978157,0.00776842,-0.00104231,0.0853167
5.564,0.00106902,-0.097738,0.00776738,-0.00104529,0.0853167
5.565,0.000971323,-0.0976604,0.00776633,-0.0010483,0.0853167
5.566,0.000873701,-0.0975827,0.00776528,-0.00105133,0.0853167
5.567,0.000776158,-0.097505,0.00776423,-0.00105438,0.0853167
5.568,0.000678692,-0.0974273,0.00776317,-0.00105745,0.0853167
5.569,0.000581303,-0.0973496,0.00776211,-0.00106055,0.0853167
5.57,0.000483992,-0.0972719,0.00776105,-0.00106367,0.0853167
5.571,0.000386759,-0.0971941,0.00775999,-0.00106681,0.0853167
5.572,0.000289604,-0.0971164,0.00775892,-0.00106997,0.0853167
5.573,0.000192527,-0.0970387,0.00775785,-0.00107316,0.0853167
5.574,9.55267e-05,-0.096961,0.00775677,-0.00107637,0.0853167
5.575,-1.39549e-06,-0.0968833,0.00775569,-0.00107961,0.0853167
5.576,-9.824e-05,-0.0968056,0.00775461,-0.00108287,0.0853167
5.577,-0.000195007,-0.0967279,0.00775353,-0.00108615,0.0853167
5.578,-0.000291696,-0.0966502,0.00775244,-0.00108945,0.0853167
5.579,-0.000388307,-0.0965725,0.00775135,-0.00109278,0.0853167
5.58,-0.000484841,-0.096495,0.00775026,-0.0010956,0.0850511
5.581,-0.000581297,-0.0964176,0.00774916,-0.00109845,0.0850511
5.582,-0.000677676,-0.0963401,0.00774806,-0.00110132,0.0850511
5.583,-0.000773977,-0.0962627,0.00774696,-0.00110421,0.0850511
5.584,-0.000870201,-0.0961852,0.00774585,-0.00110712,0.0850511
5.585,-0.000966348,-0.0961078,0.00774474,-0.00111006,0.0850511
5.586,-0.00106242,-0.0960303,0.00774363,-0.00111303,0.0850511
5.587,-0.00115841,-0.0959529,0.00774252,-0.00111602,0.0850511
5.588,-0.00125432,-0.0958754,0.0077414,-0.00111903,0.0850511
5.589,-0.00135016,-0.095798,0.00774028,-0.00112206,0.0850511
5.59,-0.00144592,-0.0957205,0.00773915,-0.00112512,0.0850511
5.591,-0.0015416,-0.095643,0.00773803,-0.00112821,0.0850511
5.592,-0.0016372,-0.0955656,0.0077369,-0.00113132,0.0850511
5.593,-0.00173273,-0.0954881,0.00773576,-0.00113445,0.0850511
5.594,-0.00182818,-0.0954107,0.00773463,-0.00113761,0.0850511
5.595,-0.00192355,-0.0953332,0.00773349,-0.00114079,0.0850511
5.596,-0.00201885,-0.0952557,0.00773235,-0.001144,0.0850511
5.597,-0.00211406,-0.0951783,0.0077312,-0.00114723,0.0850511
5.598,-0.0022092,-0.0951008,0.00773005,-0.00115049,0.0850511
5.599,-0.00230427,-0.0950233,0.0077289,-0.00115377,0.0850511
5.6,-0.00239925,-0.0949461,0.00772774,-0.00115652,0.0847726
5.601,-0.00249416,-0.0948689,0.00772659,-0.00115929,0.0847726
5.602,-0.00258899,-0.0947917,0.00772543,-0.00116209,0.0847726
5.603,-0.00268374,-0.0947146,0.00772426,-0.00116491,0.0847726
5.604,-0.00277842,-0.0946374,0.0077231,-0.00116776,0.0847726
5.605,-0.00287302,-0.0945602,0.00772193,-0.00117064,0.0847726
5.606,-0.00296754,-0.094483,0.00772076,-0.00117354,0.0847726
5.607,-0.00306198,-0.0944058,0.00771958,-0.00117646,0.0847726
5.608,-0.00315635,-0.0943286,0.0077184,-0.00117941,0.0847726
5.609,-0.00325064,-0.0942514,0.00771722,-0.00118239,0.0847726
5.61,-0.00334485,-0.0941742,0.00771604,-0.00118539,0.0847726
5.611,-0.00343899,-0.094097,0.00771485,-0.00118842,0.0847726
5.612,-0.00353305,-0.0940198,0.00771366,-0.00119147,0.0847726
5.613,-0.00362703,-0.0939425,0.00771247,-0.00119455,0.0847726
5.614,-0.00372093,-0.0938653,0.00771127,-0.00119765,0.0847726
5.615,-0.00381476,-0.0937881,0.00771007,-0.00120078,0.0847726
5.616,-0.00390851,-0.0937109,0.00770887,-0.00120394,0.0847726
5.617,-0.00400218,-0.0936337,0.00770766,-0.00120712,0.0847726
5.618,-0.00409577,-0.0935565,0.00770646,-0.00121033,0.0847726
5.619,-0.00418929,-0.0934793,0.00770524,-0.00121356,0.0847726
5.62,-0.00428273,-0.0934024,0.00770403,-0.00121624,0.0844814
5.621,-0.0043761,-0.0933254,0.00770281,-0.00121895,0.0844814
5.622,-0.00446938,-0.0932485,0.00770159,-0.00122168,0.0844814
5.623,-0.00456259,-0.0931716,0.00770037,-0.00122443,0.0844814
5.624,-0.00465573,-0.0930947,0.00769914,-0.00122722,0.0844814
5.625,-0.00474878,-0.0930177,0.00769791,-0.00123003,0.0844814
5.626,-0.00484176,-0.0929408,0.00769668,-0.00123286,0.0844814
5.627,-0.00493467,-0.0928639,0.00769545,-0.00123573,0.0844814
5.628,-0.00502749,-0.0927869,0.00769421,-0.00123862,0.0844814
5.629,-0.00512024,-0.09271,0.00769297,-0.00124153,0.0844814
5.63,-0.00521291,-0.0926331,0.00769173,-0.00124447,0.0844814
5.631,-0.00530551,-0.0925561,0.00769048,-0.00124744,0.0844814
5.632,-0.00539802,-0.0924792,0.00768923,-0.00125044,0.0844814
5.633,-0.00549046,-0.0924023,0.00768798,-0.00125347,0.0844814
5.634,-0.00558283,-0.0923253,0.00768673,-0.00125652,0.0844814
5.635,-0.00567511,-0.0922484,0.00768547,-0.00125959,0.0844814
5.636,-0.00576732,-0.0921714,0.00768421,-0.0012627,0.0844814
5.637,-0.00585946,-0.0920945,0.00768294,-0.00126583,0.0844814
5.638,-0.00595151,-0.0920175,0.00768167,-0.00126899,0.0844814
5.639,-0.00604349,-0.0919406,0.0076804,-0.00127218,0.0844814
5.64,-0.00613539,-0.091864,0.00767913,-0.00127479,0.0841776
5.641,-0.00622722,-0.0917873,0.00767785,-0.00127742,0.0841776
5.642,-0.00631897,-0.0917107,0.00767658,-0.00128008,0.0841776
5.643,-0.00641064,-0.091634,0.00767529,-0.00128277,0.0841776
5.644,-0.00650224,-0.0915574,0.00767401,-0.00128549,0.0841776
5.645,-0.00659376,-0.0914807,0.00767272,-0.00128824,0.0841776
5.646,-0.0066852,-0.0914041,0.00767143,-0.00129101,0.0841776
5.647,-0.00677656,-0.0913274,0.00767014,-0.00129381,0.0841776
5.648,-0.00686785,-0.0912508,0.00766885,-0.00129664,0.0841776
5.649,-0.00695907,-0.0911741,0.00766755,-0.0012995,0.0841776
5.65,-0.0070502,-0.0910974,0.00766625,-0.00130238,0.0841776
5.651,-0.00714126,-0.0910208,0.00766494,-0.00130529,0.0841776
5.652,-0.00723224,-0.0909441,0.00766364,-0.00130824,0.0841776
5.653,-0.00732315,-0.0908675,0.00766233,-0.0013112,0.0841776
5.654,-0.00741398,-0.0907908,0.00766101,-0.0013142,0.0841776
5.655,-0.00750473,-0.0907141,0.0076597,-0.00131723,0.0841776
5.656,-0.00759541,-0.0906375,0.00765838,-0.00132028,0.0841776
5.657,-0.00768601,-0.0905608,0.00765706,-0.00132337,0.0841776
5.658,-0.00777653,-0.0904842,0.00765573,-0.00132648,0.0841776
5.659,-0.00786697,-0.0904075,0.0076544,-0.00132962,0.0841776
5.66,-0.00795734,-0.0903311,0.00765307,-0.00133216,0.0838617
5.661,-0.00804764,-0.0902548,0.00765174,-0.00133472,0.0838617
5.662,-0.00813785,-0.0901784,0.0076504,-0.00133732,0.0838617
5.663,-0.00822799,-0.0901021,0.00764907,-0.00133994,0.0838617
5.664,-0.00831806,-0.0900257,0.00764772,-0.00134259,0.0838617
5.665,-0.00840804,-0.0899493,0.00764638,-0.00134527,0.0838617
5.666,-0.00849796,-0.089873,0.00764503,-0.00134798,0.0838617
5.667,-0.00858779,-0.0897966,0.00764368,-0.00135072,0.0838617
5.668,-0.00867755,-0.0897203,0.00764233,-0.00135349,0.0838617
5.669,-0.00876723,-0.0896439,0.00764098,-0.00135629,0.0838617
5.67,-0.00885684,-0.0895675,0.00763962,-0.00135912,0.0838617
5.671,-0.00894637,-0.0894912,0.00763826,-0.00136197,0.0838617
5.672,-0.00903582,-0.0894148,0.0076369,-0.00136486,0.0838617
5.673,-0.0091252,-0.0893384,0.00763553,-0.00136777,0.0838617
5.674,-0.0092145,-0.089262,0.00763416,-0.00137072,0.0838617
5.675,-0.00930372,-0.0891857,0.00763279,-0.00137369,0.0838617
5.676,-0.00939287,-0.0891093,0.00763141,-0.0013767,0.0838617
5.677,-0.00948194,-0.0890329,0.00763004,-0.00137973,0.0838617
5.678,-0.00957093,-0.0889565,0.00762865,-0.0013828,0.0838617
5.679,-0.00965985,-0.0888802,0.00762727,-0.00138589,0.0838617
5.68,-0.00974869,-0.0888041,0.00762588,-0.00138836,0.0835338
5.681,-0.00983746,-0.0887281,0.00762449,-0.00139085,0.0835338
5.682,-0.00992615,-0.088652,0.0076231,-0.00139338,0.0835338
5.683,-0.0100148,-0.088576,0.00762171,-0.00139594,0.0835338
5.684,-0.0101033,-0.0884999,0.00762031,-0.00139853,0.0835338
5.685,-0.0101918,-0.0884238,0.00761891,-0.00140114,0.0835338
5.686,-0.0102801,-0.0883478,0.00761751,-0.00140379,0.0835338
5.687,-0.0103685,-0.0882717,0.0076161,-0.00140647,0.0835338
5.688,-0.0104567,-0.0881957,0.00761469,-0.00140918,0.0835338
5.689,-0.0105449,-0.0881196,0.00761328,-0.00141192,0.0835338
5.69,-0.0106329,-0.0880435,0.00761187,-0.00141469,0.0835338
5.691,-0.0107209,-0.0879675,0.00761045,-0.00141749,0.0835338
5.692,-0.0108089,-0.0878914,0.00760903,-0.00142032,0.0835338
5.693,-0.0108967,-0.0878153,0.00760761,-0.00142318,0.0835338
5.694,-0.0109845,-0.0877392,0.00760619,-0.00142607,0.0835338
5.695,-0.0110722,-0.0876632,0.00760476,-0.001429,0.0835338
5.696,-0.0111598,-0.0875871,0.00760333,-0.00143195,0.0835338
5.697,-0.0112474,-0.087511,0.0076019,-0.00143494,0.0835338
5.698,-0.0113348,-0.0874349,0.00760046,-0.00143795,0.0835338
5.699,-0.0114222,-0.0873589,0.00759902,-0.001441,0.0835338
5.7,-0.0115096,-0.0872831,0.00759758,-0.0014434,0.0831942
5.701,-0.0115968,-0.0872074,0.00759613,-0.00144583,0.0831942
5.702,-0.011684,-0.0871316,0.00759469,-0.00144829,0.0831942
5.703,-0.0117711,-0.0870559,0.00759324,-0.00145078,0.0831942
5.704,-0.0118581,-0.0869802,0.00759179,-0.0014533,0.0831942
5.705,-0.011945,-0.0869044,0.00759033,-0.00145586,0.0831942
5.706,-0.0120319,-0.0868287,0.00758887,-0.00145844,0.0831942
5.707,-0.0121187,-0.0867529,0.00758741,-0.00146106,0.0831942
5.708,-0.0122054,-0.0866772,0.00758595,-0.00146371,0.0831942
5.709,-0.012292,-0.0866014,0.00758449,-0.00146639,0.0831942
5.71,-0.0123786,-0.0865256,0.00758302,-0.00146911,0.0831942
5.711,-0.0124651,-0.0864499,0.00758155,-0.00147185,0.0831942
5.712,-0.0125515,-0.0863741,0.00758008,-0.00147463,0.0831942
5.713,-0.0126378,-0.0862984,0.0075786,-0.00147743,0.0831942
5.714,-0.0127241,-0.0862226,0.00757712,-0.00148027,0.0831942
5.715,-0.0128103,-0.0861469,0.00757564,-0.00148315,0.0831942
5.716,-0.0128964,-0.0860711,0.00757415,-0.00148605,0.0831942
5.717,-0.0129824,-0.0859953,0.00757267,-0.00148898,0.0831942
5.718,-0.0130684,-0.0859196,0.00757118,-0.00149195,0.0831942
5.719,-0.0131543,-0.0858438,0.00756968,-0.00149495,0.0831942
5.72,-0.0132401,-0.0857684,0.00756819,-0.00149728,0.0828431
5.721,-0.0133258,-0.085693,0.00756669,-0.00149965,0.0828431
5.722,-0.0134115,-0.0856175,0.00756519,-0.00150204,0.0828431
5.723,-0.013497,-0.0855421,0.00756368,-0.00150447,0.0828431
5.724,-0.0135825,-0.0854667,0.00756218,-0.00150693,0.0828431
5.725,-0.013668,-0.0853913,0.00756067,-0.00150942,0.0828431
5.726,-0.0137533,-0.0853158,0.00755916,-0.00151195,0.0828431
5.727,-0.0138386,-0.0852404,0.00755765,-0.0015145,0.0828431
5.728,-0.0139238,-0.085165,0.00755613,-0.00151709,0.0828431
5.729,-0.0140089,-0.0850895,0.00755461,-0.00151972,0.0828431
5.73,-0.014094,-0.0850141,0.00755309,-0.00152237,0.0828431
5.731,-0.014179,-0.0849387,0.00755157,-0.00152506,0.0828431
5.732,-0.0142639,-0.0848632,0.00755004,-0.00152778,0.0828431
5.733,-0.0143487,-0.0847878,0.00754851,-0.00153054,0.0828431
5.734,-0.0144334,-0.0847124,0.00754698,-0.00153332,0.0828431
5.735,-0.0145181,-0.0846369,0.00754544,-0.00153615,0.0828431
5.736,-0.0146027,-0.0845615,0.00754391,-0.001539,0.0828431
5.737,-0.0146872,-0.084486,0.00754237,-0.00154189,0.0828431
5.738,-0.0147717,-0.0844106,0.00754082,-0.00154481,0.0828431
5.739,-0.0148561,-0.0843352,0.00753928,-0.00154776,0.0828431
5.74,-0.0149404,-0.0842601,0.00753773,-0.00155002,0.0824808
5.741,-0.0150246,-0.084185,0.00753618,-0.00155232,0.0824808
5.742,-0.0151087,-0.0841099,0.00753462,-0.00155465,0.0824808
5.743,-0.0151928,-0.0840348,0.00753307,-0.00155701,0.0824808
5.744,-0.0152768,-0.0839597,0.00753151,-0.00155941,0.0824808
5.745,-0.0153607,-0.0838846,0.00752995,-0.00156184,0.0824808
5.746,-0.0154446,-0.0838095,0.00752839,-0.0015643,0.0824808
5.747,-0.0155283,-0.0837344,0.00752682,-0.0015668,0.0824808
5.748,-0.015612,-0.0836593,0.00752525,-0.00156933,0.0824808
5.749,-0.0156957,-0.0835842,0.00752368,-0.0015719,0.0824808
5.75,-0.0157792,-0.0835091,0.00752211,-0.0015745,0.0824808
5.751,-0.0158627,-0.083434,0.00752053,-0.00157713,0.0824808
5.752,-0.0159461,-0.0833589,0.00751895,-0.0015798,0.0824808
5.753,-0.0160294,-0.0832838,0.00751737,-0.0015825,0.0824808
5.754,-0.0161126,-0.0832087,0.00751579,-0.00158523,0.0824808
5.755,-0.0161958,-0.0831336,0.0075142,-0.001588,0.0824808
5.756,-0.0162789,-0.0830585,0.00751261,-0.00159081,0.0824808
5.757,-0.0163619,-0.0829834,0.00751102,-0.00159365,0.0824808
5.758,-0.0164449,-0.0829083,0.00750943,-0.00159652,0.0824808
5.759,-0.0165277,-0.0828332,0.00750783,-0.00159943,0.0824808
5.76,-0.0166105,-0.0827584,0.00750623,-0.00160162,0.0821076
5.761,-0.0166933,-0.0826837,0.00750462,-0.00160385,0.0821076
5.762,-0.0167759,-0.0826089,0.00750302,-0.00160612,0.0821076
5.763,-0.0168585,-0.0825342,0.00750141,-0.00160842,0.0821076
5.764,-0.016941,-0.0824594,0.0074998,-0.00161075,0.0821076
5.765,-0.0170234,-0.0823847,0.00749819,-0.00161312,0.0821076
5.766,-0.0171057,-0.0823099,0.00749658,-0.00161552,0.0821076
5.767,-0.017188,-0.0822352,0.00749496,-0.00161796,0.0821076
5.768,-0.0172702,-0.0821604,0.00749334,-0.00162044,0.0821076
5.769,-0.0173523,-0.0820857,0.00749172,-0.00162294,0.0821076
5.77,-0.0174344,-0.0820109,0.00749009,-0.00162549,0.0821076
5.771,-0.0175164,-0.0819361,0.00748847,-0.00162807,0.0821076
5.772,-0.0175983,-0.0818614,0.00748684,-0.00163068,0.0821076
5.773,-0.0176801,-0.0817866,0.00748521,-0.00163333,0.0821076
5.774,-0.0177618,-0.0817118,0.00748357,-0.00163601,0.0821076
5.775,-0.0178435,-0.0816371,0.00748193,-0.00163873,0.0821076
5.776,-0.0179251,-0.0815623,0.00748029,-0.00164149,0.0821076
5.777,-0.0180066,-0.0814875,0.00747865,-0.00164428,0.0821076
5.778,-0.0180881,-0.0814128,0.00747701,-0.0016471,0.0821076
5.779,-0.0181695,-0.081338,0.00747536,-0.00164996,0.0821076
5.78,-0.0182508,-0.0812636,0.00747371,-0.00165209,0.0817237
5.781,-0.018332,-0.0811892,0.00747205,-0.00165426,0.0817237
5.782,-0.0184131,-0.0811148,0.0074704,-0.00165646,0.0817237
5.783,-0.0184942,-0.0810404,0.00746874,-0.00165869,0.0817237
5.784,-0.0185752,-0.080966,0.00746708,-0.00166096,0.0817237
5.785,-0.0186561,-0.0808916,0.00746542,-0.00166327,0.0817237
5.786,-0.018737,-0.0808172,0.00746375,-0.00166562,0.0817237
5.787,-0.0188178,-0.0807428,0.00746209,-0.00166799,0.0817237
5.788,-0.0188985,-0.0806684,0.00746042,-0.00167041,0.0817237
5.789,-0.0189791,-0.080594,0.00745875,-0.00167286,0.0817237
5.79,-0.0190597,-0.0805196,0.00745707,-0.00167535,0.0817237
5.791,-0.0191402,-0.0804452,0.0074554,-0.00167787,0.0817237
5.792,-0.0192206,-0.0803708,0.00745372,-0.00168043,0.0817237
5.793,-0.0193009,-0.0802964,0.00745203,-0.00168303,0.0817237
5.794,-0.0193812,-0.080222,0.00745035,-0.00168566,0.0817237
5.795,-0.0194613,-0.0801475,0.00744866,-0.00168833,0.0817237
5.796,-0.0195415,-0.0800731,0.00744697,-0.00169104,0.0817237
5.797,-0.0196215,-0.0799987,0.00744528,-0.00169378,0.0817237
5.798,-0.0197015,-0.0799243,0.00744359,-0.00169656,0.0817237
5.799,-0.0197813,-0.0798499,0.00744189,-0.00169937,0.0817237
5.8,-0.0198611,-0.0797758,0.00744019,-0.00170144,0.0813293
5.801,-0.0199409,-0.0797018,0.00743849,-0.00170354,0.0813293
5.802,-0.0200206,-0.0796278,0.00743678,-0.00170567,0.0813293
5.803,-0.0201001,-0.0795537,0.00743507,-0.00170784,0.0813293
5.804,-0.0201797,-0.0794797,0.00743336,-0.00171006,0.0813293
5.805,-0.0202591,-0.0794057,0.00743165,-0.0017123,0.0813293
5.806,-0.0203385,-0.0793316,0.00742994,-0.00171459,0.0813293
5.807,-0.0204178,-0.0792576,0.00742822,-0.00171691,0.0813293
5.808,-0.020497,-0.0791835,0.00742651,-0.00171927,0.0813293
5.809,-0.0205761,-0.0791095,0.00742479,-0.00172166,0.0813293
5.81,-0.0206552,-0.0790354,0.00742306,-0.00172409,0.0813293
5.811,-0.0207342,-0.0789614,0.00742134,-0.00172656,0.0813293
5.812,-0.0208131,-0.0788873,0.00741961,-0.00172907,0.0813293
5.813,-0.020892,-0.0788133,0.00741788,-0.00173161,0.0813293
5.814,-0.0209708,-0.0787392,0.00741615,-0.00173419,0.0813293
5.815,-0.0210495,-0.0786652,0.00741441,-0.00173681,0.0813293
5.816,-0.0211281,-0.0785911,0.00741267,-0.00173947,0.0813293
5.817,-0.0212066,-0.0785171,0.00741093,-0.00174216,0.0813293
5.818,-0.0212851,-0.078443,0.00740919,-0.0017449,0.0813293
5.819,-0.0213635,-0.078369,0.00740744,-0.00174767,0.0813293
5.82,-0.0214419,-0.0782953,0.00740569,-0.00174966,0.0809246
5.821,-0.0215201,-0.0782216,0.00740394,-0.0017517,0.0809246
5.822,-0.0215983,-0.078148,0.00740219,-0.00175377,0.0809246
5.823,-0.0216764,-0.0780743,0.00740044,-0.00175588,0.0809246
5.824,-0.0217545,-0.0780006,0.00739868,-0.00175803,0.0809246
5.825,-0.0218324,-0.077927,0.00739692,-0.00176022,0.0809246
5.826,-0.0219103,-0.0778533,0.00739516,-0.00176244,0.0809246
5.827,-0.0219881,-0.0777796,0.00739339,-0.00176471,0.0809246
5.828,-0.0220659,-0.077706,0.00739163,-0.00176701,0.0809246
5.829,-0.0221435,-0.0776323,0.00738986,-0.00176935,0.0809246
5.83,-0.0222211,-0.0775586,0.00738809,-0.00177172,0.0809246
5.831,-0.0222986,-0.0774849,0.00738632,-0.00177414,0.0809246
5.832,-0.0223761,-0.0774113,0.00738454,-0.00177659,0.0809246
5.833,-0.0224535,-0.0773376,0.00738276,-0.00177909,0.0809246
5.834,-0.0225308,-0.0772639,0.00738098,-0.00178162,0.0809246
5.835,-0.022608,-0.0771902,0.0073792,-0.00178419,0.0809246
5.836,-0.0226852,-0.0771165,0.00737742,-0.00178679,0.0809246
5.837,-0.0227622,-0.0770428,0.00737563,-0.00178944,0.0809246
5.838,-0.0228392,-0.0769691,0.00737384,-0.00179212,0.0809246
5.839,-0.0229162,-0.0768955,0.00737204,-0.00179485,0.0809246
5.84,-0.022993,-0.0768222,0.00737025,-0.00179678,0.08051
5.841,-0.0230698,-0.0767489,0.00736845,-0.00179875,0.08051
5.842,-0.0231465,-0.0766756,0.00736665,-0.00180076,0.08051
5.843,-0.0232232,-0.0766023,0.00736485,-0.00180281,0.08051
5.844,-0.0232997,-0.076529,0.00736304,-0.0018049,0.08051
5.845,-0.0233762,-0.0764558,0.00736124,-0.00180703,0.08051
5.846,-0.0234526,-0.0763825,0.00735943,-0.0018092,0.08051
5.847,-0.023529,-0.0763092,0.00735762,-0.0018114,0.08051
5.848,-0.0236053,-0.0762359,0.00735581,-0.00181365,0.08051
5.849,-0.0236815,-0.0761626,0.00735399,-0.00181593,0.08051
5.85,-0.0237576,-0.0760893,0.00735218,-0.00181825,0.08051
5.851,-0.0238336,-0.076016,0.00735036,-0.00182061,0.08051
5.852,-0.0239096,-0.0759427,0.00734853,-0.00182302,0.08051
5.853,-0.0239855,-0.0758694,0.00734671,-0.00182546,0.08051
5.854,-0.0240614,-0.0757961,0.00734488,-0.00182794,0.08051
5.855,-0.0241371,-0.0757228,0.00734305,-0.00183046,0.08051
5.856,-0.0242128,-0.0756495,0.00734122,-0.00183301,0.08051
5.857,-0.0242884,-0.0755762,0.00733939,-0.00183561,0.08051
5.858,-0.024364,-0.0755028,0.00733755,-0.00183825,0.08051
5.859,-0.0244394,-0.0754295,0.00733571,-0.00184093,0.08051
5.86,-0.0245148,-0.0753566,0.00733387,-0.0018428,0.0800857
5.861,-0.0245901,-0.0752838,0.00733203,-0.00184471,0.0800857
5.862,-0.0246654,-0.0752109,0.00733018,-0.00184666,0.0800857
5.863,-0.0247406,-0.075138,0.00732833,-0.00184864,0.0800857
5.864,-0.0248157,-0.0750651,0.00732648,-0.00185067,0.0800857
5.865,-0.0248907,-0.0749922,0.00732463,-0.00185274,0.0800857
5.866,-0.0249656,-0.0749193,0.00732278,-0.00185485,0.0800857
5.867,-0.0250405,-0.0748464,0.00732092,-0.001857,0.0800857
5.868,-0.0251153,-0.0747735,0.00731906,-0.00185919,0.0800857
5.869,-0.0251901,-0.0747006,0.0073172,-0.00186141,0.0800857
5.87,-0.0252647,-0.0746276,0.00731534,-0.00186368,0.0800857
5.871,-0.0253393,-0.0745547,0.00731348,-0.00186599,0.0800857
5.872,-0.0254138,-0.0744818,0.00731161,-0.00186834,0.0800857
5.873,-0.0254883,-0.0744089,0.00730974,-0.00187073,0.0800857
5.874,-0.0255627,-0.074336,0.00730787,-0.00187316,0.0800857
5.875,-0.025637,-0.0742631,0.00730599,-0.00187563,0.0800857
5.876,-0.0257112,-0.0741902,0.00730412,-0.00187814,0.0800857
5.877,-0.0257853,-0.0741172,0.00730224,-0.00188069,0.0800857
5.878,-0.0258594,-0.0740443,0.00730035,-0.00188328,0.0800857
5.879,-0.0259334,-0.0739714,0.00729847,-0.00188592,0.0800857
5.88,-0.0260074,-0.0738989,0.00729658,-0.00188772,0.0796518
5.881,-0.0260812,-0.0738264,0.00729469,-0.00188957,0.0796518
5.882,-0.026155,-0.0737539,0.0072928,-0.00189146,0.0796518
5.883,-0.0262287,-0.0736814,0.00729091,-0.00189338,0.0796518
5.884,-0.0263024,-0.0736089,0.00728902,-0.00189535,0.0796518
5.885,-0.026376,-0.0735364,0.00728712,-0.00189736,0.0796518
5.886,-0.0264495,-0.0734639,0.00728522,-0.00189941,0.0796518
5.887,-0.0265229,-0.0733914,0.00728332,-0.00190151,0.0796518
5.888,-0.0265962,-0.0733189,0.00728142,-0.00190364,0.0796518
5.889,-0.0266695,-0.0732464,0.00727951,-0.00190581,0.0796518
5.89,-0.0267427,-0.0731739,0.00727761,-0.00190803,0.0796518
5.891,-0.0268159,-0.0731014,0.0072757,-0.00191028,0.0796518
5.892,-0.0268889,-0.0730288,0.00727379,-0.00191258,0.0796518
5.893,-0.0269619,-0.0729563,0.00727187,-0.00191492,0.0796518
5.894,-0.0270348,-0.0728838,0.00726996,-0.0019173,0.0796518
5.895,-0.0271077,-0.0728113,0.00726804,-0.00191972,0.0796518
5.896,-0.0271805,-0.0727388,0.00726612,-0.00192218,0.0796518
5.897,-0.0272532,-0.0726662,0.00726419,-0.00192469,0.0796518
5.898,-0.0273258,-0.0725937,0.00726227,-0.00192723,0.0796518
5.899,-0.0273984,-0.0725212,0.00726034,-0.00192982,0.0796518
5.9,-0.0274708,-0.0724491,0.00725841,-0.00193156,0.0792087
5.901,-0.0275433,-0.072377,0.00725648,-0.00193335,0.0792087
5.902,-0.0276156,-0.0723049,0.00725454,-0.00193517,0.0792087
5.903,-0.0276879,-0.0722328,0.00725261,-0.00193704,0.0792087
5.904,-0.0277601,-0.0721607,0.00725067,-0.00193895,0.0792087
5.905,-0.0278322,-0.0720886,0.00724873,-0.0019409,0.0792087
5.906,-0.0279042,-0.0720165,0.00724679,-0.0019429,0.0792087
5.907,-0.0279762,-0.0719444,0.00724484,-0.00194493,0.0792087
5.908,-0.0280481,-0.0718723,0.0072429,-0.00194701,0.0792087
5.909,-0.02812,-0.0718002,0.00724095,-0.00194913,0.0792087
5.91,-0.0281917,-0.0717281,0.007239,-0.00195129,0.0792087
5.911,-0.0282634,-0.071656,0.00723705,-0.00195349,0.0792087
5.912,-0.028335,-0.0715839,0.00723509,-0.00195574,0.0792087
5.913,-0.0284066,-0.0715118,0.00723313,-0.00195803,0.0792087
5.914,-0.0284781,-0.0714397,0.00723118,-0.00196036,0.0792087
5.915,-0.0285495,-0.0713676,0.00722921,-0.00196273,0.0792087
5.916,-0.0286208,-0.0712954,0.00722725,-0.00196514,0.0792087
5.917,-0.0286921,-0.0712233,0.00722528,-0.0019676,0.0792087
5.918,-0.0287632,-0.0711512,0.00722331,-0.0019701,0.0792087
5.919,-0.0288344,-0.0710791,0.00722134,-0.00197264,0.0792087
5.92,-0.0289054,-0.0710074,0.00721937,-0.00197432,0.0787566
5.921,-0.0289764,-0.0709357,0.00721739,-0.00197605,0.0787566
5.922,-0.0290473,-0.070864,0.00721542,-0.00197781,0.0787566
5.923,-0.0291181,-0.0707924,0.00721344,-0.00197962,0.0787566
5.924,-0.0291889,-0.0707207,0.00721146,-0.00198147,0.0787566
5.925,-0.0292595,-0.070649,0.00720948,-0.00198337,0.0787566
5.926,-0.0293302,-0.0705773,0.00720749,-0.0019853,0.0787566
5.927,-0.0294007,-0.0705056,0.00720551,-0.00198728,0.0787566
5.928,-0.0294712,-0.0704339,0.00720352,-0.00198931,0.0787566
5.929,-0.0295416,-0.0703623,0.00720153,-0.00199137,0.0787566
5.93,-0.0296119,-0.0702906,0.00719953,-0.00199348,0.0787566
5.931,-0.0296822,-0.0702189,0.00719754,-0.00199563,0.0787566
5.932,-0.0297523,-0.0701472,0.00719554,-0.00199783,0.0787566
5.933,-0.0298224,-0.0700755,0.00719354,-0.00200006,0.0787566
5.934,-0.0298925,-0.0700038,0.00719154,-0.00200235,0.0787566
5.935,-0.0299625,-0.0699321,0.00718954,-0.00200467,0.0787566
5.936,-0.0300323,-0.0698604,0.00718753,-0.00200704,0.0787566
5.937,-0.0301022,-0.0697887,0.00718553,-0.00200945,0.0787566
5.938,-0.0301719,-0.0697169,0.00718351,-0.0020119,0.0787566
5.939,-0.0302416,-0.0696452,0.0071815,-0.0020144,0.0787566
5.94,-0.0303112,-0.069574,0.00717949,-0.00201602,0.0782956
5.941,-0.0303808,-0.0695027,0.00717747,-0.00201768,0.0782956
5.942,-0.0304502,-0.0694315,0.00717545,-0.00201939,0.0782956
5.943,-0.0305196,-0.0693602,0.00717343,-0.00202114,0.0782956
5.944,-0.0305889,-0.069289,0.00717141,-0.00202293,0.0782956
5.945,-0.0306582,-0.0692177,0.00716938,-0.00202477,0.0782956
5.946,-0.0307274,-0.0691464,0.00716736,-0.00202665,0.0782956
5.947,-0.0307965,-0.0690752,0.00716533,-0.00202857,0.0782956
5.948,-0.0308655,-0.0690039,0.0071633,-0.00203054,0.0782956
5.949,-0.0309345,-0.0689326,0.00716127,-0.00203255,0.0782956
5.95,-0.0310034,-0.0688614,0.00715924,-0.00203461,0.0782956
5.951,-0.0310722,-0.0687901,0.0071572,-0.00203671,0.0782956
5.952,-0.031141,-0.0687188,0.00715516,-0.00203885,0.0782956
5.953,-0.0312097,-0.0686475,0.00715312,-0.00204104,0.0782956
5.954,-0.0312783,-0.0685763,0.00715108,-0.00204327,0.0782956
5.955,-0.0313468,-0.068505,0.00714904,-0.00204555,0.0782956
5.956,-0.0314153,-0.0684337,0.00714699,-0.00204787,0.0782956
5.957,-0.0314837,-0.0683624,0.00714494,-0.00205023,0.0782956
5.958,-0.031552,-0.0682911,0.00714289,-0.00205264,0.0782956
5.959,-0.0316203,-0.0682198,0.00714084,-0.00205509,0.0782956
5.96,-0.0316884,-0.068149,0.00713878,-0.00205665,0.0778261
5.961,-0.0317566,-0.0680782,0.00713672,-0.00205825,0.0778261
5.962,-0.0318246,-0.0680074,0.00713466,-0.0020599,0.0778261
5.963,-0.0318926,-0.0679365,0.0071326,-0.00206159,0.0778261
5.964,-0.0319605,-0.0678657,0.00713054,-0.00206333,0.0778261
5.965,-0.0320283,-0.0677949,0.00712848,-0.00206511,0.0778261
5.966,-0.0320961,-0.067724,0.00712641,-0.00206694,0.0778261
5.967,-0.0321638,-0.0676532,0.00712434,-0.0020688,0.0778261
5.968,-0.0322314,-0.0675824,0.00712227,-0.00207072,0.0778261
5.969,-0.0322989,-0.0675115,0.0071202,-0.00207268,0.0778261
5.97,-0.0323664,-0.0674407,0.00711813,-0.00207468,0.0778261
5.971,-0.0324338,-0.0673698,0.00711605,-0.00207673,0.0778261
5.972,-0.0325011,-0.067299,0.00711397,-0.00207882,0.0778261
5.973,-0.0325684,-0.0672281,0.00711189,-0.00208096,0.0778261
5.974,-0.0326356,-0.0671573,0.00710981,-0.00208315,0.0778261
5.975,-0.0327027,-0.0670864,0.00710773,-0.00208537,0.0778261
5.976,-0.0327698,-0.0670156,0.00710564,-0.00208765,0.0778261
5.977,-0.0328367,-0.0669447,0.00710355,-0.00208996,0.0778261
5.978,-0.0329037,-0.0668739,0.00710146,-0.00209233,0.0778261
5.979,-0.0329705,-0.066803,0.00709937,-0.00209474,0.0778261
5.98,-0.0330373,-0.0667326,0.00709727,-0.00209623,0.0773483
5.981,-0.033104,-0.0666622,0.00709517,-0.00209778,0.0773483
5.982,-0.0331706,-0.0665919,0.00709308,-0.00209937,0.0773483
5.983,-0.0332371,-0.0665215,0.00709098,-0.002101,0.0773483
5.984,-0.0333036,-0.0664511,0.00708887,-0.00210268,0.0773483
5.985,-0.03337,-0.0663807,0.00708677,-0.0021044,0.0773483
5.986,-0.0334364,-0.0663103,0.00708467,-0.00210617,0.0773483
5.987,-0.0335027,-0.0662399,0.00708256,-0.00210799,0.0773483
5.988,-0.0335689,-0.0661695,0.00708045,-0.00210985,0.0773483
5.989,-0.033635,-0.0660991,0.00707834,-0.00211176,0.0773483
5.99,-0.0337011,-0.0660287,0.00707623,-0.00211371,0.0773483
5.991,-0.0337671,-0.0659583,0.00707411,-0.00211571,0.0773483
5.992,-0.033833,-0.0658878,0.00707199,-0.00211775,0.0773483
5.993,-0.0338988,-0.0658174,0.00706988,-0.00211984,0.0773483
5.994,-0.0339646,-0.065747,0.00706775,-0.00212197,0.0773483
5.995,-0.0340303,-0.0656766,0.00706563,-0.00212415,0.0773483
5.996,-0.034096,-0.0656062,0.00706351,-0.00212638,0.0773483
5.997,-0.0341615,-0.0655358,0.00706138,-0.00212865,0.0773483
5.998,-0.034227,-0.0654653,0.00705925,-0.00213097,0.0773483
5.999,-0.0342925,-0.0653949,0.00705712,-0.00213333,0.0773483
6,-0.0343578,-0.065325,0.00705498,-0.00213477,0.0768623
6.001,-0.0344231,-0.065255,0.00705285,-0.00213626,0.0768623
6.002,-0.0344883,-0.0651851,0.00705071,-0.00213779,0.0768623
6.003,-0.0345535,-0.0651152,0.00704857,-0.00213936,0.0768623
6.004,-0.0346186,-0.0650452,0.00704643,-0.00214099,0.0768623
6.005,-0.0346836,-0.0649753,0.00704429,-0.00214266,0.0768623
6.006,-0.0347485,-0.0649053,0.00704215,-0.00214437,0.0768623
6.007,-0.0348134,-0.0648353,0.00704,-0.00214613,0.0768623
6.008,-0.0348782,-0.0647654,0.00703785,-0.00214794,0.0768623
6.009,-0.0349429,-0.0646954,0.0070357,-0.0021498,0.0768623
6.01,-0.0350076,-0.0646255,0.00703355,-0.0021517,0.0768623
6.011,-0.0350722,-0.0645555,0.0070314,-0.00215364,0.0768623
6.012,-0.0351367,-0.0644855,0.00702925,-0.00215564,0.0768623
6.013,-0.0352011,-0.0644156,0.00702709,-0.00215768,0.0768623
6.014,-0.0352655,-0.0643456,0.00702493,-0.00215976,0.0768623
6.015,-0.0353298,-0.0642756,0.00702277,-0.0021619,0.0768623
6.016,-0.0353941,-0.0642057,0.00702061,-0.00216408,0.0768623
6.017,-0.0354582,-0.0641357,0.00701844,-0.0021663,0.0768623
6.018,-0.0355223,-0.0640657,0.00701628,-0.00216858,0.0768623
6.019,-0.0355864,-0.0639957,0.00701411,-0.0021709,0.0768623
6.02,-0.0356503,-0.0639262,0.00701193,-0.00217228,0.0763685
6.021,-0.0357142,-0.0638567,0.00700976,-0.0021737,0.0763685
6.022,-0.0357781,-0.0637872,0.00700759,-0.00217518,0.0763685
6.023,-0.0358418,-0.0637178,0.00700541,-0.0021767,0.0763685
6.024,-0.0359055,-0.0636483,0.00700323,-0.00217826,0.0763685
6.025,-0.0359691,-0.0635788,0.00700105,-0.00217988,0.0763685
6.026,-0.0360326,-0.0635093,0.00699887,-0.00218154,0.0763685
6.027,-0.0360961,-0.0634398,0.00699669,-0.00218325,0.0763685
6.028,-0.0361595,-0.0633702,0.00699451,-0.002185,0.0763685
6.029,-0.0362229,-0.0633007,0.00699232,-0.0021868,0.0763685
6.03,-0.0362861,-0.0632312,0.00699013,-0.00218865,0.0763685
6.031,-0.0363493,-0.0631617,0.00698794,-0.00219055,0.0763685
6.032,-0.0364125,-0.0630922,0.00698575,-0.0021925,0.0763685
6.033,-0.0364755,-0.0630227,0.00698356,-0.00219449,0.0763685
6.034,-0.0365385,-0.0629532,0.00698136,-0.00219653,0.0763685
6.035,-0.0366014,-0.0628836,0.00697917,-0.00219861,0.0763685
6.036,-0.0366643,-0.0628141,0.00697697,-0.00220075,0.0763685
6.037,-0.036727,-0.0627446,0.00697476,-0.00220293,0.0763685
6.038,-0.0367898,-0.0626751,0.00697256,-0.00220516,0.0763685
6.039,-0.0368524,-0.0626055,0.00697035,-0.00220743,0.0763685
6.04,-0.036915,-0.0625365,0.00696815,-0.00220875,0.075867
6.041,-0.0369775,-0.0624675,0.00696594,-0.00221012,0.075867
6.042,-0.0370399,-0.0623984,0.00696373,-0.00221154,0.075867
6.043,-0.0371023,-0.0623294,0.00696151,-0.002213,0.075867
6.044,-0.0371646,-0.0622604,0.0069593,-0.00221452,0.075867
6.045,-0.0372268,-0.0621913,0.00695708,-0.00221608,0.075867
6.046,-0.0372889,-0.0621223,0.00695487,-0.00221768,0.075867
6.047,-0.037351,-0.0620532,0.00695265,-0.00221934,0.075867
6.048,-0.037413,-0.0619842,0.00695043,-0.00222104,0.075867
6.049,-0.037475,-0.0619151,0.00694821,-0.00222279,0.075867
6.05,-0.0375369,-0.0618461,0.00694598,-0.00222459,0.075867
6.051,-0.0375987,-0.061777,0.00694376,-0.00222644,0.075867
6.052,-0.0376604,-0.061708,0.00694153,-0.00222833,0.075867
6.053,-0.0377221,-0.0616389,0.0069393,-0.00223028,0.075867
6.054,-0.0377837,-0.0615699,0.00693707,-0.00223227,0.075867
6.055,-0.0378452,-0.0615008,0.00693484,-0.00223431,0.075867
6.056,-0.0379067,-0.0614317,0.0069326,-0.0022364,0.075867
6.057,-0.0379681,-0.0613627,0.00693036,-0.00223853,0.075867
6.058,-0.0380294,-0.0612936,0.00692812,-0.00224072,0.075867
6.059,-0.0380907,-0.0612245,0.00692588,-0.00224295,0.075867
6.06,-0.0381519,-0.061156,0.00692364,-0.00224421,0.075358
6.061,-0.038213,-0.0610874,0.00692139,-0.00224553,0.075358
6.062,-0.0382741,-0.0610188,0.00691915,-0.00224689,0.075358
6.063,-0.038335,-0.0609503,0.0069169,-0.0022483,0.075358
6.064,-0.038396,-0.0608817,0.00691465,-0.00224975,0.075358
6.065,-0.0384568,-0.0608131,0.0069124,-0.00225126,0.075358
6.066,-0.0385176,-0.0607445,0.00691015,-0.00225281,0.075358
6.067,-0.0385783,-0.0606759,0.00690789,-0.00225442,0.075358
6.068,-0.0386389,-0.0606074,0.00690564,-0.00225607,0.075358
6.069,-0.0386995,-0.0605388,0.00690338,-0.00225777,0.075358
6.07,-0.03876,-0.0604702,0.00690112,-0.00225952,0.075358
6.071,-0.0388205,-0.0604016,0.00689886,-0.00226132,0.075358
6.072,-0.0388808,-0.060333,0.0068966,-0.00226316,0.075358
6.073,-0.0389411,-0.0602644,0.00689434,-0.00226506,0.075358
6.074,-0.0390013,-0.0601958,0.00689207,-0.002267,0.075358
6.075,-0.0390615,-0.0601272,0.0068898,-0.002269,0.075358
6.076,-0.0391216,-0.0600586,0.00688753,-0.00227104,0.075358
6.077,-0.0391816,-0.05999,0.00688526,-0.00227313,0.075358
6.078,-0.0392416,-0.0599214,0.00688299,-0.00227527,0.075358
6.079,-0.0393015,-0.0598528,0.00688071,-0.00227746,0.075358
6.08,-0.0393613,-0.0597847,0.00687843,-0.00227867,0.0748418
6.081,-0.039421,-0.0597166,0.00687615,-0.00227992,0.0748418
6.082,-0.0394807,-0.0596485,0.00687387,-0.00228123,0.0748418
6.083,-0.0395403,-0.0595804,0.00687159,-0.00228258,0.0748418
6.084,-0.0395999,-0.0595123,0.00686931,-0.00228398,0.0748418
6.085,-0.0396594,-0.0594442,0.00686702,-0.00228544,0.0748418
6.086,-0.0397188,-0.0593761,0.00686474,-0.00228694,0.0748418
6.087,-0.0397781,-0.059308,0.00686245,-0.00228849,0.0748418
6.088,-0.0398374,-0.0592399,0.00686016,-0.00229009,0.0748418
6.089,-0.0398966,-0.0591718,0.00685787,-0.00229174,0.0748418
6.09,-0.0399557,-0.0591037,0.00685558,-0.00229344,0.0748418
6.091,-0.0400148,-0.0590356,0.00685328,-0.00229519,0.0748418
6.092,-0.0400738,-0.0589674,0.00685099,-0.00229699,0.0748418
6.093,-0.0401327,-0.0588993,0.00684869,-0.00229884,0.0748418
6.094,-0.0401916,-0.0588312,0.00684639,-0.00230073,0.0748418
6.095,-0.0402504,-0.0587631,0.00684409,-0.00230268,0.0748418
6.096,-0.0403091,-0.0586949,0.00684178,-0.00230468,0.0748418
6.097,-0.0403678,-0.0586268,0.00683948,-0.00230673,0.0748418
6.098,-0.0404264,-0.0585587,0.00683717,-0.00230882,0.0748418
6.099,-0.0404849,-0.0584905,0.00683486,-0.00231097,0.0748418
6.1,-0.0405434,-0.0584229,0.00683255,-0.00231212,0.0743187
6.101,-0.0406018,-0.0583553,0.00683023,-0.00231332,0.0743187
6.102,-0.0406601,-0.0582877,0.00682792,-0.00231457,0.0743187
6.103,-0.0407183,-0.0582201,0.00682561,-0.00231587,0.0743187
6.104,-0.0407765,-0.0581524,0.00682329,-0.00231722,0.0743187
6.105,-0.0408346,-0.0580848,0.00682097,-0.00231862,0.0743187
6.106,-0.0408927,-0.0580172,0.00681865,-0.00232007,0.0743187
6.107,-0.0409507,-0.0579495,0.00681633,-0.00232157,0.0743187
6.108,-0.0410086,-0.0578819,0.00681401,-0.00232312,0.0743187
6.109,-0.0410664,-0.0578143,0.00681168,-0.00232472,0.0743187
6.11,-0.0411242,-0.0577466,0.00680936,-0.00232637,0.0743187
6.111,-0.0411819,-0.057679,0.00680703,-0.00232807,0.0743187
6.112,-0.0412396,-0.0576114,0.0068047,-0.00232982,0.0743187
6.113,-0.0412971,-0.0575437,0.00680237,-0.00233162,0.0743187
6.114,-0.0413547,-0.0574761,0.00680004,-0.00233347,0.0743187
6.115,-0.0414121,-0.0574084,0.00679771,-0.00233537,0.0743187
6.116,-0.0414695,-0.0573408,0.00679537,-0.00233733,0.0743187
6.117,-0.0415268,-0.0572731,0.00679303,-0.00233933,0.0743187
6.118,-0.041584,-0.0572055,0.00679069,-0.00234138,0.0743187
6.119,-0.0416412,-0.0571378,0.00678835,-0.00234349,0.0743187
6.12,-0.0416983,-0.0570707,0.006786,-0.00234458,0.0737887
6.121,-0.0417553,-0.0570035,0.00678366,-0.00234572,0.0737887
6.122,-0.0418123,-0.0569364,0.00678131,-0.00234692,0.0737887
6.123,-0.0418692,-0.0568693,0.00677896,-0.00234817,0.0737887
6.124,-0.041926,-0.0568021,0.00677662,-0.00234946,0.0737887
6.125,-0.0419828,-0.056735,0.00677427,-0.00235081,0.0737887
6.126,-0.0420395,-0.0566678,0.00677191,-0.00235221,0.0737887
6.127,-0.0420961,-0.0566007,0.00676956,-0.00235366,0.0737887
6.128,-0.0421527,-0.0565335,0.00676721,-0.00235516,0.0737887
6.129,-0.0422092,-0.0564664,0.00676485,-0.00235671,0.0737887
6.13,-0.0422656,-0.0563992,0.00676249,-0.00235831,0.0737887
6.131,-0.042322,-0.0563321,0.00676013,-0.00235996,0.0737887
6.132,-0.0423783,-0.0562649,0.00675777,-0.00236167,0.0737887
6.133,-0.0424345,-0.0561978,0.00675541,-0.00236342,0.0737887
6.134,-0.0424907,-0.0561306,0.00675305,-0.00236523,0.0737887
6.135,-0.0425468,-0.0560634,0.00675068,-0.00236708,0.0737887
6.136,-0.0426028,-0.0559963,0.00674831,-0.00236899,0.0737887
6.137,-0.0426588,-0.0559291,0.00674594,-0.00237095,0.0737887
6.138,-0.0427147,-0.0558619,0.00674357,-0.00237296,0.0737887
6.139,-0.0427705,-0.0557948,0.0067412,-0.00237502,0.0737887
6.14,-0.0428263,-0.0557281,0.00673882,-0.00237606,0.0732522
6.141,-0.042882,-0.0556615,0.00673644,-0.00237715,0.0732522
6.142,-0.0429376,-0.0555948,0.00673407,-0.00237829,0.0732522
6.143,-0.0429932,-0.0555282,0.00673169,-0.00237948,0.0732522
6.144,-0.0430487,-0.0554615,0.00672931,-0.00238073,0.0732522
6.145,-0.0431041,-0.0553949,0.00672693,-0.00238203,0.0732522
6.146,-0.0431594,-0.0553282,0.00672454,-0.00238337,0.0732522
6.147,-0.0432147,-0.0552616,0.00672216,-0.00238477,0.0732522
6.148,-0.04327,-0.0551949,0.00671977,-0.00238622,0.0732522
6.149,-0.0433251,-0.0551283,0.00671739,-0.00238772,0.0732522
6.15,-0.0433802,-0.0550616,0.006715,-0.00238928,0.0732522
6.151,-0.0434353,-0.0549949,0.00671261,-0.00239088,0.0732522
6.152,-0.0434902,-0.0549283,0.00671022,-0.00239254,0.0732522
6.153,-0.0435451,-0.0548616,0.00670782,-0.00239425,0.0732522
6.154,-0.0435999,-0.0547949,0.00670543,-0.00239601,0.0732522
6.155,-0.0436547,-0.0547282,0.00670303,-0.00239782,0.0732522
6.156,-0.0437094,-0.0546616,0.00670063,-0.00239968,0.0732522
6.157,-0.043764,-0.0545949,0.00669823,-0.0024016,0.0732522
6.158,-0.0438186,-0.0545282,0.00669583,-0.00240356,0.0732522
6.159,-0.0438731,-0.0544615,0.00669342,-0.00240558,0.0732522
6.16,-0.0439275,-0.0543954,0.00669102,-0.00240657,0.0727093
6.161,-0.0439819,-0.0543292,0.00668861,-0.0024076,0.0727093
6.162,-0.0440362,-0.0542631,0.0066862,-0.00240869,0.0727093
6.163,-0.0440904,-0.0541969,0.00668379,-0.00240983,0.0727093
6.164,-0.0441446,-0.0541308,0.00668138,-0.00241102,0.0727093
6.165,-0.0441987,-0.0540646,0.00667897,-0.00241227,0.0727093
6.166,-0.0442527,-0.0539985,0.00667656,-0.00241357,0.0727093
6.167,-0.0443067,-0.0539323,0.00667415,-0.00241492,0.0727093
6.168,-0.0443606,-0.0538661,0.00667173,-0.00241632,0.0727093
6.169,-0.0444144,-0.0538,0.00666931,-0.00241777,0.0727093
6.17,-0.0444682,-0.0537338,0.00666689,-0.00241928,0.0727093
6.171,-0.0445219,-0.0536676,0.00666447,-0.00242083,0.0727093
6.172,-0.0445755,-0.0536015,0.00666205,-0.00242244,0.0727093
6.173,-0.0446291,-0.0535353,0.00665963,-0.0024241,0.0727093
6.174,-0.0446826,-0.0534691,0.0066572,-0.00242582,0.0727093
6.175,-0.044736,-0.0534029,0.00665478,-0.00242759,0.0727093
6.176,-0.0447894,-0.0533367,0.00665235,-0.00242941,0.0727093
6.177,-0.0448427,-0.0532706,0.00664992,-0.00243128,0.0727093
6.178,-0.0448959,-0.0532044,0.00664749,-0.0024332,0.0727093
6.179,-0.0449491,-0.0531382,0.00664505,-0.00243518,0.0727093
6.18,-0.0450022,-0.0530725,0.00664262,-0.00243611,0.0721602
6.181,-0.0450552,-0.0530069,0.00664018,-0.00243709,0.0721602
6.182,-0.0451082,-0.0529412,0.00663774,-0.00243813,0.0721602
6.183,-0.0451611,-0.0528756,0.0066353,-0.00243922,0.0721602
6.184,-0.0452139,-0.0528099,0.00663286,-0.00244036,0.0721602
6.185,-0.0452667,-0.0527443,0.00663042,-0.00244155,0.0721602
6.186,-0.0453194,-0.0526786,0.00662798,-0.0024428,0.0721602
6.187,-0.0453721,-0.052613,0.00662554,-0.0024441,0.0721602
6.188,-0.0454247,-0.0525473,0.00662309,-0.00244545,0.0721602
6.189,-0.0454772,-0.0524816,0.00662065,-0.00244686,0.0721602
6.19,-0.0455296,-0.052416,0.0066182,-0.00244832,0.0721602
6.191,-0.045582,-0.0523503,0.00661575,-0.00244983,0.0721602
6.192,-0.0456343,-0.0522846,0.0066133,-0.00245139,0.0721602
6.193,-0.0456866,-0.052219,0.00661085,-0.00245301,0.0721602
6.194,-0.0457388,-0.0521533,0.00660839,-0.00245468,0.0721602
6.195,-0.0457909,-0.0520876,0.00660594,-0.0024564,0.0721602
6.196,-0.0458429,-0.0520219,0.00660348,-0.00245817,0.0721602
6.197,-0.0458949,-0.0519562,0.00660102,-0.00246,0.0721602
6.198,-0.0459469,-0.0518906,0.00659856,-0.00246188,0.0721602
6.199,-0.0459987,-0.0518249,0.0065961,-0.00246382,0.0721602
6.2,-0.0460505,-0.0517597,0.00659363,-0.0024647,0.0716052
6.201,-0.0461022,-0.0516946,0.00659117,-0.00246563,0.0716052
6.202,-0.0461539,-0.0516295,0.0065887,-0.00246661,0.0716052
6.203,-0.0462055,-0.0515643,0.00658623,-0.00246765,0.0716052
6.204,-0.046257,-0.0514992,0.00658377,-0.00246874,0.0716052
6.205,-0.0463085,-0.051434,0.0065813,-0.00246989,0.0716052
6.206,-0.0463599,-0.0513689,0.00657883,-0.00247108,0.0716052
6.207,-0.0464112,-0.0513037,0.00657636,-0.00247233,0.0716052
6.208,-0.0464625,-0.0512386,0.00657388,-0.00247364,0.0716052
6.209,-0.0465137,-0.0511734,0.00657141,-0.002475,0.0716052
6.21,-0.0465648,-0.0511082,0.00656893,-0.00247641,0.0716052
6.211,-0.0466159,-0.0510431,0.00656645,-0.00247787,0.0716052
6.212,-0.0466669,-0.0509779,0.00656398,-0.00247939,0.0716052
6.213,-0.0467179,-0.0509128,0.0065615,-0.00248096,0.0716052
6.214,-0.0467688,-0.0508476,0.00655901,-0.00248259,0.0716052
6.215,-0.0468196,-0.0507824,0.00655653,-0.00248426,0.0716052
6.216,-0.0468703,-0.0507172,0.00655405,-0.002486,0.0716052
6.217,-0.046921,-0.0506521,0.00655156,-0.00248778,0.0716052
6.218,-0.0469716,-0.0505869,0.00654907,-0.00248962,0.0716052
6.219,-0.0470222,-0.0505217,0.00654658,-0.00249151,0.0716052
6.22,-0.0470727,-0.0504571,0.00654409,-0.00249234,0.0710445
6.221,-0.0471231,-0.0503924,0.00654159,-0.00249322,0.0710445
6.222,-0.0471735,-0.0503278,0.0065391,-0.00249415,0.0710445
6.223,-0.0472237,-0.0502632,0.00653661,-0.00249514,0.0710445
6.224,-0.047274,-0.0501986,0.00653411,-0.00249618,0.0710445
6.225,-0.0473241,-0.0501339,0.00653161,-0.00249728,0.0710445
6.226,-0.0473742,-0.0500693,0.00652912,-0.00249842,0.0710445
6.227,-0.0474243,-0.0500046,0.00652662,-0.00249963,0.0710445
6.228,-0.0474743,-0.04994,0.00652412,-0.00250088,0.0710445
6.229,-0.0475242,-0.0498754,0.00652162,-0.00250219,0.0710445
6.23,-0.047574,-0.0498107,0.00651911,-0.00250356,0.0710445
6.231,-0.0476238,-0.0497461,0.00651661,-0.00250498,0.0710445
6.232,-0.0476735,-0.0496814,0.0065141,-0.00250645,0.0710445
6.233,-0.0477231,-0.0496167,0.0065116,-0.00250798,0.0710445
6.234,-0.0477727,-0.0495521,0.00650909,-0.00250956,0.0710445
6.235,-0.0478223,-0.0494874,0.00650658,-0.00251119,0.0710445
6.236,-0.0478717,-0.0494228,0.00650406,-0.00251288,0.0710445
6.237,-0.0479211,-0.0493581,0.00650155,-0.00251462,0.0710445
6.238,-0.0479704,-0.0492934,0.00649904,-0.00251642,0.0710445
6.239,-0.0480197,-0.0492288,0.00649652,-0.00251827,0.0710445
6.24,-0.0480689,-0.0491647,0.006494,-0.00251905,0.0704782
6.241,-0.048118,-0.0491005,0.00649148,-0.00251988,0.0704782
6.242,-0.0481671,-0.0490364,0.00648896,-0.00252076,0.0704782
6.243,-0.0482161,-0.0489723,0.00648644,-0.0025217,0.0704782
6.244,-0.048265,-0.0489082,0.00648392,-0.00252269,0.0704782
6.245,-0.0483139,-0.0488441,0.00648139,-0.00252373,0.0704782
6.246,-0.0483627,-0.04878,0.00647887,-0.00252483,0.0704782
6.247,-0.0484115,-0.0487158,0.00647634,-0.00252599,0.0704782
6.248,-0.0484601,-0.0486517,0.00647382,-0.0025272,0.0704782
6.249,-0.0485088,-0.0485876,0.00647129,-0.00252846,0.0704782
6.25,-0.0485573,-0.0485235,0.00646876,-0.00252978,0.0704782
6.251,-0.0486058,-0.0484593,0.00646623,-0.00253115,0.0704782
6.252,-0.0486542,-0.0483952,0.0064637,-0.00253258,0.0704782
6.253,-0.0487026,-0.0483311,0.00646116,-0.00253406,0.0704782
6.254,-0.0487509,-0.0482669,0.00645863,-0.0025356,0.0704782
6.255,-0.0487991,-0.0482028,0.00645609,-0.00253719,0.0704782
6.256,-0.0488473,-0.0481386,0.00645355,-0.00253884,0.0704782
6.257,-0.0488954,-0.0480745,0.00645101,-0.00254054,0.0704782
6.258,-0.0489435,-0.0480103,0.00644847,-0.00254229,0.0704782
6.259,-0.0489914,-0.0479462,0.00644593,-0.00254411,0.0704782
6.26,-0.0490394,-0.0478826,0.00644339,-0.00254483,0.0699066
6.261,-0.0490872,-0.047819,0.00644084,-0.00254561,0.0699066
6.262,-0.049135,-0.0477554,0.00643829,-0.00254644,0.0699066
6.263,-0.0491827,-0.0476918,0.00643575,-0.00254733,0.0699066
6.264,-0.0492304,-0.0476282,0.0064332,-0.00254827,0.0699066
6.265,-0.049278,-0.0475646,0.00643065,-0.00254927,0.0699066
6.266,-0.0493255,-0.047501,0.0064281,-0.00255032,0.0699066
6.267,-0.049373,-0.0474374,0.00642555,-0.00255143,0.0699066
6.268,-0.0494204,-0.0473738,0.006423,-0.00255259,0.0699066
6.269,-0.0494677,-0.0473102,0.00642045,-0.00255381,0.0699066
6.27,-0.049515,-0.0472466,0.00641789,-0.00255508,0.0699066
6.271,-0.0495622,-0.047183,0.00641534,-0.00255641,0.0699066
6.272,-0.0496094,-0.0471194,0.00641278,-0.00255779,0.0699066
6.273,-0.0496565,-0.0470558,0.00641022,-0.00255923,0.0699066
6.274,-0.0497035,-0.0469921,0.00640766,-0.00256072,0.0699066
6.275,-0.0497504,-0.0469285,0.0064051,-0.00256227,0.0699066
6.276,-0.0497973,-0.0468649,0.00640254,-0.00256387,0.0699066
6.277,-0.0498442,-0.0468013,0.00639997,-0.00256553,0.0699066
6.278,-0.0498909,-0.0467376,0.0063974,-0.00256725,0.0699066
6.279,-0.0499376,-0.046674,0.00639484,-0.00256902,0.0699066
6.28,-0.0499843,-0.0466109,0.00639227,-0.00256969,0.0693298
6.281,-0.0500309,-0.0465479,0.0063897,-0.00257042,0.0693298
6.282,-0.0500774,-0.0464848,0.00638713,-0.0025712,0.0693298
6.283,-0.0501238,-0.0464218,0.00638455,-0.00257204,0.0693298
6.284,-0.0501702,-0.0463587,0.00638198,-0.00257293,0.0693298
6.285,-0.0502165,-0.0462956,0.00637941,-0.00257388,0.0693298
6.286,-0.0502628,-0.0462325,0.00637683,-0.00257489,0.0693298
6.287,-0.050309,-0.0461695,0.00637426,-0.00257595,0.0693298
6.288,-0.0503552,-0.0461064,0.00637168,-0.00257707,0.0693298
6.289,-0.0504012,-0.0460433,0.0063691,-0.00257824,0.0693298
6.29,-0.0504472,-0.0459802,0.00636653,-0.00257947,0.0693298
6.291,-0.0504932,-0.0459171,0.00636395,-0.00258075,0.0693298
6.292,-0.0505391,-0.0458541,0.00636136,-0.00258209,0.0693298
6.293,-0.0505849,-0.045791,0.00635878,-0.00258348,0.0693298
6.294,-0.0506307,-0.0457279,0.0063562,-0.00258493,0.0693298
6.295,-0.0506764,-0.0456648,0.00635361,-0.00258644,0.0693298
6.296,-0.050722,-0.0456017,0.00635102,-0.002588,0.0693298
6.297,-0.0507676,-0.0455386,0.00634844,-0.00258962,0.0693298
6.298,-0.0508131,-0.0454755,0.00634584,-0.00259129,0.0693298
6.299,-0.0508585,-0.0454124,0.00634325,-0.00259302,0.0693298
6.3,-0.0509039,-0.0453498,0.00634066,-0.00259365,0.0687481
6.301,-0.0509492,-0.0452873,0.00633807,-0.00259432,0.0687481
6.302,-0.0509945,-0.0452248,0.00633547,-0.00259506,0.0687481
6.303,-0.0510397,-0.0451623,0.00633288,-0.00259585,0.0687481
6.304,-0.0510848,-0.0450997,0.00633028,-0.0025967,0.0687481
6.305,-0.0511299,-0.0450372,0.00632768,-0.0025976,0.0687481
6.306,-0.0511749,-0.0449746,0.00632508,-0.00259856,0.0687481
6.307,-0.0512198,-0.0449121,0.00632248,-0.00259957,0.0687481
6.308,-0.0512647,-0.0448495,0.00631988,-0.00260064,0.0687481
6.309,-0.0513095,-0.044787,0.00631728,-0.00260177,0.0687481
6.31,-0.0513543,-0.0447244,0.00631468,-0.00260295,0.0687481
6.311,-0.051399,-0.0446619,0.00631208,-0.00260419,0.0687481
6.312,-0.0514436,-0.0445993,0.00630947,-0.00260549,0.0687481
6.313,-0.0514881,-0.0445368,0.00630687,-0.00260684,0.0687481
6.314,-0.0515327,-0.0444742,0.00630426,-0.00260824,0.0687481
6.315,-0.0515771,-0.0444116,0.00630165,-0.00260971,0.0687481
6.316,-0.0516215,-0.0443491,0.00629904,-0.00261123,0.0687481
6.317,-0.0516658,-0.0442865,0.00629643,-0.00261281,0.0687481
6.318,-0.0517101,-0.0442239,0.00629381,-0.00261444,0.0687481
6.319,-0.0517542,-0.0441614,0.0062912,-0.00261613,0.0687481
6.32,-0.0517984,-0.0440994,0.00628858,-0.0026167,0.0681617
6.321,-0.0518424,-0.0440374,0.00628597,-0.00261733,0.0681617
6.322,-0.0518864,-0.0439754,0.00628335,-0.00261802,0.0681617
6.323,-0.0519304,-0.0439134,0.00628073,-0.00261876,0.0681617
6.324,-0.0519743,-0.0438514,0.00627811,-0.00261956,0.0681617
6.325,-0.0520181,-0.0437894,0.00627549,-0.00262042,0.0681617
6.326,-0.0520619,-0.0437274,0.00627287,-0.00262133,0.0681617
6.327,-0.0521056,-0.0436654,0.00627025,-0.0026223,0.0681617
6.328,-0.0521492,-0.0436033,0.00626762,-0.00262332,0.0681617
6.329,-0.0521928,-0.0435413,0.006265,-0.0026244,0.0681617
6.33,-0.0522363,-0.0434793,0.00626238,-0.00262554,0.0681617
6.331,-0.0522797,-0.0434173,0.00625975,-0.00262674,0.0681617
6.332,-0.0523231,-0.0433553,0.00625712,-0.00262799,0.0681617
6.333,-0.0523664,-0.0432932,0.00625449,-0.0026293,0.0681617
6.334,-0.0524097,-0.0432312,0.00625186,-0.00263066,0.0681617
6.335,-0.0524529,-0.0431692,0.00624923,-0.00263209,0.0681617
6.336,-0.052496,-0.0431072,0.0062466,-0.00263357,0.0681617
6.337,-0.0525391,-0.0430451,0.00624396,-0.0026351,0.0681617
6.338,-0.0525821,-0.0429831,0.00624133,-0.00263669,0.0681617
6.339,-0.0526251,-0.042921,0.00623869,-0.00263834,0.0681617
6.34,-0.052668,-0.0428596,0.00623605,-0.00263887,0.0675707
6.341,-0.0527108,-0.0427981,0.00623341,-0.00263945,0.0675707
6.342,-0.0527536,-0.0427367,0.00623077,-0.00264009,0.0675707
6.343,-0.0527963,-0.0426752,0.00622813,-0.00264078,0.0675707
6.344,-0.0528389,-0.0426138,0.00622549,-0.00264154,0.0675707
6.345,-0.0528815,-0.0425523,0.00622285,-0.00264235,0.0675707
6.346,-0.052924,-0.0424908,0.00622021,-0.00264321,0.0675707
6.347,-0.0529665,-0.0424294,0.00621756,-0.00264414,0.0675707
6.348,-0.0530089,-0.0423679,0.00621492,-0.00264512,0.0675707
6.349,-0.0530512,-0.0423064,0.00621227,-0.00264616,0.0675707
6.35,-0.0530935,-0.0422449,0.00620963,-0.00264725,0.0675707
6.351,-0.0531357,-0.0421835,0.00620698,-0.0026484,0.0675707
6.352,-0.0531778,-0.042122,0.00620433,-0.00264961,0.0675707
6.353,-0.0532199,-0.0420605,0.00620168,-0.00265088,0.0675707
6.354,-0.053262,-0.041999,0.00619903,-0.0026522,0.0675707
6.355,-0.0533039,-0.0419375,0.00619638,-0.00265358,0.0675707
6.356,-0.0533458,-0.041876,0.00619372,-0.00265502,0.0675707
6.357,-0.0533877,-0.0418145,0.00619107,-0.00265652,0.0675707
6.358,-0.0534295,-0.041753,0.00618841,-0.00265807,0.0675707
6.359,-0.0534712,-0.0416915,0.00618575,-0.00265968,0.0675707
6.36,-0.0535129,-0.0416306,0.00618309,-0.00266016,0.0669753
6.361,-0.0535545,-0.0415697,0.00618043,-0.00266069,0.0669753
6.362,-0.053596,-0.0415088,0.00617777,-0.00266128,0.0669753
6.363,-0.0536375,-0.0414479,0.00617511,-0.00266193,0.0669753
6.364,-0.0536789,-0.0413869,0.00617244,-0.00266264,0.0669753
6.365,-0.0537202,-0.041326,0.00616978,-0.0026634,0.0669753
6.366,-0.0537615,-0.0412651,0.00616712,-0.00266422,0.0669753
6.367,-0.0538028,-0.0412042,0.00616445,-0.0026651,0.0669753
6.368,-0.053844,-0.0411432,0.00616179,-0.00266604,0.0669753
6.369,-0.0538851,-0.0410823,0.00615912,-0.00266703,0.0669753
6.37,-0.0539261,-0.0410214,0.00615645,-0.00266808,0.0669753
6.371,-0.0539671,-0.0409604,0.00615378,-0.00266919,0.0669753
6.372,-0.054008,-0.0408995,0.00615111,-0.00267036,0.0669753
6.373,-0.0540489,-0.0408386,0.00614844,-0.00267158,0.0669753
6.374,-0.0540897,-0.0407776,0.00614577,-0.00267287,0.0669753
6.375,-0.0541305,-0.0407167,0.0061431,-0.00267421,0.0669753
6.376,-0.0541711,-0.0406557,0.00614042,-0.0026756,0.0669753
6.377,-0.0542118,-0.0405948,0.00613775,-0.00267706,0.0669753
6.378,-0.0542523,-0.0405338,0.00613507,-0.00267857,0.0669753
6.379,-0.0542928,-0.0404729,0.00613239,-0.00268014,0.0669753
6.38,-0.0543333,-0.0404125,0.00612971,-0.00268057,0.0663758
6.381,-0.0543737,-0.0403521,0.00612703,-0.00268106,0.0663758
6.382,-0.054414,-0.0402918,0.00612435,-0.00268161,0.0663758
6.383,-0.0544543,-0.0402314,0.00612167,-0.00268221,0.0663758
6.384,-0.0544945,-0.040171,0.00611898,-0.00268287,0.0663758
6.385,-0.0545346,-0.0401106,0.0061163,-0.00268359,0.0663758
6.386,-0.0545747,-0.0400503,0.00611362,-0.00268437,0.0663758
6.387,-0.0546147,-0.0399899,0.00611093,-0.0026852,0.0663758
6.388,-0.0546547,-0.0399295,0.00610824,-0.00268609,0.0663758
6.389,-0.0546946,-0.0398691,0.00610556,-0.00268704,0.0663758
6.39,-0.0547344,-0.0398087,0.00610287,-0.00268805,0.0663758
6.391,-0.0547742,-0.0397483,0.00610018,-0.00268912,0.0663758
6.392,-0.0548139,-0.039688,0.00609749,-0.00269024,0.0663758
6.393,-0.0548535,-0.0396276,0.0060948,-0.00269143,0.0663758
6.394,-0.0548931,-0.0395672,0.00609211,-0.00269267,0.0663758
6.395,-0.0549327,-0.0395068,0.00608942,-0.00269397,0.0663758
6.396,-0.0549722,-0.0394464,0.00608672,-0.00269532,0.0663758
6.397,-0.0550116,-0.0393859,0.00608403,-0.00269674,0.0663758
6.398,-0.0550509,-0.0393255,0.00608133,-0.00269821,0.0663758
6.399,-0.0550902,-0.0392651,0.00607863,-0.00269975,0.0663758
6.4,-0.0551295,-0.0392053,0.00607593,-0.00270013,0.0657723
6.401,-0.0551686,-0.0391455,0.00607323,-0.00270057,0.0657723
6.402,-0.0552078,-0.0390857,0.00607053,-0.00270107,0.0657723
6.403,-0.0552468,-0.0390259,0.00606783,-0.00270163,0.0657723
6.404,-0.0552858,-0.038966,0.00606512,-0.00270224,0.0657723
6.405,-0.0553247,-0.0389062,0.00606242,-0.00270292,0.0657723
6.406,-0.0553636,-0.0388464,0.00605972,-0.00270365,0.0657723
6.407,-0.0554024,-0.0387866,0.00605702,-0.00270444,0.0657723
6.408,-0.0554412,-0.0387267,0.00605431,-0.00270529,0.0657723
6.409,-0.0554799,-0.0386669,0.0060516,-0.0027062,0.0657723
6.41,-0.0555185,-0.0386071,0.0060489,-0.00270717,0.0657723
6.411,-0.0555571,-0.0385472,0.00604619,-0.00270819,0.0657723
6.412,-0.0555956,-0.0384874,0.00604348,-0.00270927,0.0657723
6.413,-0.0556341,-0.0384275,0.00604077,-0.00271042,0.0657723
6.414,-0.0556725,-0.0383677,0.00603806,-0.00271162,0.0657723
6.415,-0.0557108,-0.0383078,0.00603535,-0.00271288,0.0657723
6.416,-0.0557491,-0.038248,0.00603263,-0.00271419,0.0657723
6.417,-0.0557873,-0.0381881,0.00602992,-0.00271557,0.0657723
6.418,-0.0558255,-0.0381283,0.0060272,-0.002717,0.0657723
6.419,-0.0558636,-0.0380684,0.00602449,-0.0027185,0.0657723
6.42,-0.0559016,-0.0380092,0.00602177,-0.00271883,0.0651649
6.421,-0.0559396,-0.0379499,0.00601905,-0.00271923,0.0651649
6.422,-0.0559775,-0.0378906,0.00601633,-0.00271968,0.0651649
6.423,-0.0560154,-0.0378314,0.00601361,-0.0027202,0.0651649
6.424,-0.0560532,-0.0377721,0.00601089,-0.00272077,0.0651649
6.425,-0.0560909,-0.0377128,0.00600817,-0.0027214,0.0651649
6.426,-0.0561286,-0.0376536,0.00600545,-0.00272209,0.0651649
6.427,-0.0561662,-0.0375943,0.00600272,-0.00272284,0.0651649
6.428,-0.0562038,-0.037535,0.006,-0.00272364,0.0651649
6.429,-0.0562413,-0.0374757,0.00599728,-0.00272451,0.0651649
6.43,-0.0562787,-0.0374165,0.00599455,-0.00272543,0.0651649
6.431,-0.0563161,-0.0373572,0.00599182,-0.00272642,0.0651649
6.432,-0.0563534,-0.0372979,0.0059891,-0.00272746,0.0651649
6.433,-0.0563907,-0.0372386,0.00598637,-0.00272856,0.0651649
6.434,-0.0564279,-0.0371793,0.00598364,-0.00272972,0.0651649
6.435,-0.0564651,-0.03712,0.00598091,-0.00273094,0.0651649
6.436,-0.0565022,-0.0370607,0.00597818,-0.00273222,0.0651649
6.437,-0.0565392,-0.0370014,0.00597545,-0.00273355,0.0651649
6.438,-0.0565762,-0.0369421,0.00597271,-0.00273495,0.0651649
6.439,-0.0566131,-0.0368828,0.00596998,-0.00273641,0.0651649
6.44,-0.0566499,-0.0368241,0.00596724,-0.0027367,0.064554
6.441,-0.0566867,-0.0367654,0.0059645,-0.00273705,0.064554
6.442,-0.0567235,-0.0367067,0.00596177,-0.00273746,0.064554
6.443,-0.0567601,-0.036648,0.00595903,-0.00273793,0.064554
6.444,-0.0567968,-0.0365893,0.00595629,-0.00273846,0.064554
6.445,-0.0568333,-0.0365306,0.00595355,-0.00273904,0.064554
6.446,-0.0568698,-0.0364718,0.00595081,-0.00273969,0.064554
6.447,-0.0569063,-0.0364131,0.00594807,-0.00274039,0.064554
6.448,-0.0569426,-0.0363544,0.00594533,-0.00274116,0.064554
6.449,-0.056979,-0.0362957,0.00594259,-0.00274198,0.064554
6.45,-0.0570152,-0.036237,0.00593985,-0.00274287,0.064554
6.451,-0.0570514,-0.0361782,0.0059371,-0.00274381,0.064554
6.452,-0.0570876,-0.0361195,0.00593436,-0.00274481,0.064554
6.453,-0.0571237,-0.0360608,0.00593161,-0.00274587,0.064554
6.454,-0.0571597,-0.036002,0.00592887,-0.00274699,0.064554
6.455,-0.0571957,-0.0359433,0.00592612,-0.00274817,0.064554
6.456,-0.0572316,-0.0358845,0.00592337,-0.00274941,0.064554
6.457,-0.0572675,-0.0358258,0.00592062,-0.00275071,0.064554
6.458,-0.0573032,-0.035767,0.00591787,-0.00275206,0.064554
6.459,-0.057339,-0.0357083,0.00591512,-0.00275348,0.064554
6.46,-0.0573747,-0.0356502,0.00591236,-0.00275373,0.0639396
6.461,-0.0574103,-0.035592,0.00590961,-0.00275404,0.0639396
6.462,-0.0574459,-0.0355339,0.00590685,-0.0027544,0.0639396
6.463,-0.0574814,-0.0354757,0.0059041,-0.00275483,0.0639396
6.464,-0.0575168,-0.0354176,0.00590135,-0.00275531,0.0639396
6.465,-0.0575522,-0.0353594,0.00589859,-0.00275586,0.0639396
6.466,-0.0575875,-0.0353013,0.00589583,-0.00275646,0.0639396
6.467,-0.0576228,-0.0352431,0.00589308,-0.00275712,0.0639396
6.468,-0.057658,-0.035185,0.00589032,-0.00275785,0.0639396
6.469,-0.0576932,-0.0351268,0.00588756,-0.00275863,0.0639396
6.47,-0.0577283,-0.0350686,0.0058848,-0.00275947,0.0639396
6.471,-0.0577633,-0.0350105,0.00588204,-0.00276037,0.0639396
6.472,-0.0577983,-0.0349523,0.00587928,-0.00276133,0.0639396
6.473,-0.0578332,-0.0348941,0.00587652,-0.00276236,0.0639396
6.474,-0.0578681,-0.0348359,0.00587376,-0.00276344,0.0639396
6.475,-0.0579029,-0.0347778,0.00587099,-0.00276458,0.0639396
6.476,-0.0579376,-0.0347196,0.00586823,-0.00276578,0.0639396
6.477,-0.0579723,-0.0346614,0.00586546,-0.00276704,0.0639396
6.478,-0.0580069,-0.0346032,0.00586269,-0.00276835,0.0639396
6.479,-0.0580415,-0.034545,0.00585992,-0.00276973,0.0639396
6.48,-0.058076,-0.0344874,0.00585715,-0.00276994,0.0633219
6.481,-0.0581105,-0.0344299,0.00585438,-0.0027702,0.0633219
6.482,-0.0581449,-0.0343723,0.00585161,-0.00277052,0.0633219
6.483,-0.0581792,-0.0343147,0.00584884,-0.00277091,0.0633219
6.484,-0.0582135,-0.0342571,0.00584607,-0.00277135,0.0633219
6.485,-0.0582478,-0.0341995,0.0058433,-0.00277185,0.0633219
6.486,-0.0582819,-0.0341419,0.00584053,-0.00277241,0.0633219
6.487,-0.058316,-0.0340843,0.00583776,-0.00277304,0.0633219
6.488,-0.0583501,-0.0340268,0.00583498,-0.00277372,0.0633219
6.489,-0.0583841,-0.0339692,0.00583221,-0.00277446,0.0633219
6.49,-0.058418,-0.0339116,0.00582943,-0.00277526,0.0633219
6.491,-0.0584519,-0.0338539,0.00582666,-0.00277612,0.0633219
6.492,-0.0584857,-0.0337963,0.00582388,-0.00277704,0.0633219
6.493,-0.0585195,-0.0337387,0.0058211,-0.00277802,0.0633219
6.494,-0.0585532,-0.0336811,0.00581833,-0.00277907,0.0633219
6.495,-0.0585869,-0.0336235,0.00581555,-0.00278017,0.0633219
6.496,-0.0586205,-0.0335659,0.00581276,-0.00278133,0.0633219
6.497,-0.058654,-0.0335083,0.00580998,-0.00278255,0.0633219
6.498,-0.0586875,-0.0334506,0.0058072,-0.00278383,0.0633219
6.499,-0.0587209,-0.033393,0.00580442,-0.00278517,0.0633219
6.5,-0.0587543,-0.033336,0.00580163,-0.00278533,0.0627012
6.501,-0.0587876,-0.033279,0.00579884,-0.00278555,0.0627012
6.502,-0.0588208,-0.033222,0.00579606,-0.00278583,0.0627012
6.503,-0.058854,-0.033165,0.00579327,-0.00278617,0.0627012
6.504,-0.0588872,-0.0331079,0.00579049,-0.00278657,0.0627012
6.505,-0.0589202,-0.0330509,0.0057877,-0.00278704,0.0627012
6.506,-0.0589533,-0.0329939,0.00578491,-0.00278756,0.0627012
6.507,-0.0589862,-0.0329369,0.00578212,-0.00278814,0.0627012
6.508,-0.0590191,-0.0328798,0.00577934,-0.00278878,0.0627012
6.509,-0.059052,-0.0328228,0.00577655,-0.00278948,0.0627012
6.51,-0.0590848,-0.0327658,0.00577376,-0.00279024,0.0627012
6.511,-0.0591175,-0.0327087,0.00577097,-0.00279106,0.0627012
6.512,-0.0591502,-0.0326517,0.00576817,-0.00279195,0.0627012
6.513,-0.0591828,-0.0325946,0.00576538,-0.00279289,0.0627012
6.514,-0.0592154,-0.0325376,0.00576259,-0.00279389,0.0627012
6.515,-0.0592479,-0.0324806,0.00575979,-0.00279495,0.0627012
6.516,-0.0592803,-0.0324235,0.005757,-0.00279608,0.0627012
6.517,-0.0593127,-0.0323664,0.0057542,-0.00279726,0.0627012
6.518,-0.0593451,-0.0323094,0.0057514,-0.0027985,0.0627012
6.519,-0.0593774,-0.0322523,0.00574861,-0.00279981,0.0627012
6.52,-0.0594096,-0.0321959,0.00574581,-0.00279993,0.0620775
6.521,-0.0594418,-0.0321394,0.00574301,-0.0028001,0.0620775
6.522,-0.0594739,-0.032083,0.00574021,-0.00280034,0.0620775
6.523,-0.0595059,-0.0320266,0.0057374,-0.00280064,0.0620775
6.524,-0.0595379,-0.0319701,0.0057346,-0.002801,0.0620775
6.525,-0.0595699,-0.0319136,0.0057318,-0.00280142,0.0620775
6.526,-0.0596017,-0.0318572,0.005729,-0.0028019,0.0620775
6.527,-0.0596336,-0.0318007,0.0057262,-0.00280244,0.0620775
6.528,-0.0596653,-0.0317443,0.0057234,-0.00280304,0.0620775
6.529,-0.0596971,-0.0316878,0.00572059,-0.0028037,0.0620775
6.53,-0.0597287,-0.0316313,0.00571779,-0.00280443,0.0620775
6.531,-0.0597603,-0.0315749,0.00571498,-0.00280521,0.0620775
6.532,-0.0597919,-0.0315184,0.00571218,-0.00280605,0.0620775
6.533,-0.0598234,-0.0314619,0.00570937,-0.00280695,0.0620775
6.534,-0.0598548,-0.0314054,0.00570656,-0.00280792,0.0620775
6.535,-0.0598862,-0.031349,0.00570376,-0.00280894,0.0620775
6.536,-0.0599175,-0.0312925,0.00570095,-0.00281003,0.0620775
6.537,-0.0599488,-0.031236,0.00569814,-0.00281118,0.0620775
6.538,-0.05998,-0.0311795,0.00569532,-0.00281238,0.0620775
6.539,-0.0600111,-0.031123,0.00569251,-0.00281365,0.0620775
6.54,-0.0600422,-0.0310671,0.0056897,-0.00281373,0.0614511
6.541,-0.0600732,-0.0310113,0.00568688,-0.00281386,0.0614511
6.542,-0.0601042,-0.0309554,0.00568407,-0.00281406,0.0614511
6.543,-0.0601352,-0.0308995,0.00568126,-0.00281432,0.0614511
6.544,-0.060166,-0.0308436,0.00567844,-0.00281463,0.0614511
6.545,-0.0601968,-0.0307878,0.00567563,-0.00281501,0.0614511
6.546,-0.0602276,-0.0307319,0.00567281,-0.00281545,0.0614511
6.547,-0.0602583,-0.030676,0.00567,-0.00281595,0.0614511
6.548,-0.060289,-0.0306201,0.00566718,-0.00281652,0.0614511
6.549,-0.0603196,-0.0305642,0.00566436,-0.00281714,0.0614511
6.55,-0.0603501,-0.0305083,0.00566154,-0.00281782,0.0614511
6.551,-0.0603806,-0.0304524,0.00565873,-0.00281856,0.0614511
6.552,-0.060411,-0.0303965,0.00565591,-0.00281937,0.0614511
6.553,-0.0604414,-0.0303406,0.00565309,-0.00282023,0.0614511
6.554,-0.0604717,-0.0302847,0.00565027,-0.00282116,0.0614511
6.555,-0.0605019,-0.0302288,0.00564745,-0.00282215,0.0614511
6.556,-0.0605321,-0.0301729,0.00564462,-0.0028232,0.0614511
6.557,-0.0605623,-0.030117,0.0056418,-0.00282431,0.0614511
6.558,-0.0605924,-0.030061,0.00563897,-0.00282548,0.0614511
6.559,-0.0606224,-0.0300051,0.00563615,-0.00282671,0.0614511
6.56,-0.0606524,-0.0299498,0.00563332,-0.00282674,0.0608221
6.561,-0.0606823,-0.0298945,0.00563049,-0.00282684,0.0608221
6.562,-0.0607122,-0.0298392,0.00562767,-0.00282699,0.0608221
6.563,-0.060742,-0.0297839,0.00562484,-0.00282721,0.0608221
6.564,-0.0607717,-0.0297286,0.00562201,-0.00282749,0.0608221
6.565,-0.0608014,-0.0296733,0.00561919,-0.00282783,0.0608221
6.566,-0.0608311,-0.029618,0.00561636,-0.00282823,0.0608221
6.567,-0.0608607,-0.0295627,0.00561353,-0.00282869,0.0608221
6.568,-0.0608902,-0.0295074,0.0056107,-0.00282921,0.0608221
6.569,-0.0609197,-0.0294521,0.00560787,-0.00282979,0.0608221
6.57,-0.0609491,-0.0293967,0.00560504,-0.00283044,0.0608221
6.571,-0.0609785,-0.0293414,0.00560221,-0.00283114,0.0608221
6.572,-0.0610078,-0.0292861,0.00559938,-0.00283191,0.0608221
6.573,-0.0610371,-0.0292308,0.00559655,-0.00283274,0.0608221
6.574,-0.0610663,-0.0291754,0.00559371,-0.00283363,0.0608221
6.575,-0.0610954,-0.0291201,0.00559088,-0.00283458,0.0608221
6.576,-0.0611245,-0.0290647,0.00558804,-0.00283559,0.0608221
6.577,-0.0611535,-0.0290094,0.00558521,-0.00283666,0.0608221
6.578,-0.0611825,-0.0289541,0.00558237,-0.00283779,0.0608221
6.579,-0.0612114,-0.0288987,0.00557953,-0.00283899,0.0608221
6.58,-0.0612403,-0.028844,0.00557669,-0.00283898,0.0601907
6.581,-0.0612691,-0.0287893,0.00557385,-0.00283904,0.0601907
6.582,-0.0612979,-0.0287346,0.00557101,-0.00283915,0.0601907
6.583,-0.0613266,-0.0286798,0.00556818,-0.00283933,0.0601907
6.584,-0.0613552,-0.0286251,0.00556534,-0.00283957,0.0601907
6.585,-0.0613838,-0.0285704,0.0055625,-0.00283987,0.0601907
6.586,-0.0614124,-0.0285156,0.00555966,-0.00284023,0.0601907
6.587,-0.0614409,-0.0284609,0.00555682,-0.00284065,0.0601907
6.588,-0.0614693,-0.0284061,0.00555398,-0.00284114,0.0601907
6.589,-0.0614977,-0.0283514,0.00555113,-0.00284168,0.0601907
6.59,-0.061526,-0.0282967,0.00554829,-0.00284229,0.0601907
6.591,-0.0615543,-0.0282419,0.00554545,-0.00284295,0.0601907
6.592,-0.0615825,-0.0281872,0.00554261,-0.00284368,0.0601907
6.593,-0.0616107,-0.0281324,0.00553976,-0.00284447,0.0601907
6.594,-0.0616388,-0.0280776,0.00553692,-0.00284533,0.0601907
6.595,-0.0616668,-0.0280229,0.00553407,-0.00284624,0.0601907
6.596,-0.0616948,-0.0279681,0.00553122,-0.00284721,0.0601907
6.597,-0.0617227,-0.0279134,0.00552838,-0.00284825,0.0601907
6.598,-0.0617506,-0.0278586,0.00552553,-0.00284935,0.0601907
6.599,-0.0617785,-0.0278038,0.00552268,-0.00285051,0.0601907
6.6,-0.0618062,-0.0277497,0.00551983,-0.00285046,0.0595571
6.601,-0.061834,-0.0276955,0.00551698,-0.00285047,0.0595571
6.602,-0.0618616,-0.0276414,0.00551413,-0.00285055,0.0595571
6.603,-0.0618892,-0.0275872,0.00551128,-0.00285069,0.0595571
6.604,-0.0619168,-0.0275331,0.00550842,-0.00285089,0.0595571
6.605,-0.0619443,-0.0274789,0.00550557,-0.00285115,0.0595571
6.606,-0.0619718,-0.0274248,0.00550272,-0.00285147,0.0595571
6.607,-0.0619992,-0.0273706,0.00549987,-0.00285185,0.0595571
6.608,-0.0620265,-0.0273164,0.00549702,-0.0028523,0.0595571
6.609,-0.0620538,-0.0272623,0.00549417,-0.00285281,0.0595571
6.61,-0.062081,-0.0272081,0.00549131,-0.00285338,0.0595571
6.611,-0.0621082,-0.0271539,0.00548846,-0.00285401,0.0595571
6.612,-0.0621353,-0.0270998,0.00548561,-0.0028547,0.0595571
6.613,-0.0621624,-0.0270456,0.00548275,-0.00285545,0.0595571
6.614,-0.0621894,-0.0269914,0.00547989,-0.00285627,0.0595571
6.615,-0.0622164,-0.0269372,0.00547704,-0.00285714,0.0595571
6.616,-0.0622433,-0.026883,0.00547418,-0.00285808,0.0595571
6.617,-0.0622702,-0.0268289,0.00547132,-0.00285908,0.0595571
6.618,-0.062297,-0.0267747,0.00546846,-0.00286014,0.0595571
6.619,-0.0623237,-0.0267205,0.0054656,-0.00286127,0.0595571
6.62,-0.0623504,-0.0266669,0.00546274,-0.00286118,0.0589214
6.621,-0.062377,-0.0266133,0.00545988,-0.00286116,0.0589214
6.622,-0.0624036,-0.0265598,0.00545702,-0.00286119,0.0589214
6.623,-0.0624302,-0.0265062,0.00545416,-0.00286129,0.0589214
6.624,-0.0624566,-0.0264526,0.0054513,-0.00286145,0.0589214
6.625,-0.0624831,-0.0263991,0.00544843,-0.00286168,0.0589214
6.626,-0.0625094,-0.0263455,0.00544557,-0.00286196,0.0589214
6.627,-0.0625358,-0.0262919,0.00544271,-0.00286231,0.0589214
6.628,-0.062562,-0.0262383,0.00543985,-0.00286272,0.0589214
6.629,-0.0625882,-0.0261847,0.00543698,-0.00286318,0.0589214
6.63,-0.0626144,-0.0261311,0.00543412,-0.00286372,0.0589214
6.631,-0.0626405,-0.0260776,0.00543126,-0.00286431,0.0589214
6.632,-0.0626665,-0.026024,0.00542839,-0.00286496,0.0589214
6.633,-0.0626925,-0.0259704,0.00542553,-0.00286568,0.0589214
6.634,-0.0627185,-0.0259168,0.00542266,-0.00286646,0.0589214
6.635,-0.0627444,-0.0258632,0.00541979,-0.0028673,0.0589214
6.636,-0.0627702,-0.0258096,0.00541693,-0.0028682,0.0589214
6.637,-0.062796,-0.0257559,0.00541406,-0.00286917,0.0589214
6.638,-0.0628217,-0.0257023,0.00541119,-0.00287019,0.0589214
6.639,-0.0628474,-0.0256487,0.00540832,-0.00287128,0.0589214
6.64,-0.062873,-0.0255957,0.00540545,-0.00287116,0.0582837
6.641,-0.0628986,-0.0255428,0.00540257,-0.00287109,0.0582837
6.642,-0.0629241,-0.0254898,0.0053997,-0.00287109,0.0582837
6.643,-0.0629496,-0.0254368,0.00539683,-0.00287115,0.0582837
6.644,-0.062975,-0.0253838,0.00539396,-0.00287128,0.0582837
6.645,-0.0630003,-0.0253308,0.00539109,-0.00287146,0.0582837
6.646,-0.0630256,-0.0252778,0.00538822,-0.00287171,0.0582837
6.647,-0.0630509,-0.0252248,0.00538535,-0.00287202,0.0582837
6.648,-0.0630761,-0.0251718,0.00538247,-0.00287239,0.0582837
6.649,-0.0631012,-0.0251188,0.0053796,-0.00287282,0.0582837
6.65,-0.0631263,-0.0250658,0.00537673,-0.00287332,0.0582837
6.651,-0.0631514,-0.0250128,0.00537385,-0.00287387,0.0582837
6.652,-0.0631764,-0.0249598,0.00537098,-0.00287449,0.0582837
6.653,-0.0632013,-0.0249067,0.00536811,-0.00287517,0.0582837
6.654,-0.0632262,-0.0248537,0.00536523,-0.00287592,0.0582837
6.655,-0.063251,-0.0248007,0.00536235,-0.00287672,0.0582837
6.656,-0.0632758,-0.0247477,0.00535948,-0.00287759,0.0582837
6.657,-0.0633005,-0.0246947,0.0053566,-0.00287852,0.0582837
6.658,-0.0633252,-0.0246416,0.00535372,-0.00287951,0.0582837
6.659,-0.0633498,-0.0245886,0.00535084,-0.00288056,0.0582837
6.66,-0.0633743,-0.0245362,0.00534796,-0.0028804,0.0576444
6.661,-0.0633989,-0.0244838,0.00534508,-0.0028803,0.0576444
6.662,-0.0634233,-0.0244314,0.0053422,-0.00288026,0.0576444
6.663,-0.0634477,-0.024379,0.00533932,-0.00288028,0.0576444
6.664,-0.0634721,-0.0243266,0.00533644,-0.00288037,0.0576444
6.665,-0.0634964,-0.0242742,0.00533356,-0.00288052,0.0576444
6.666,-0.0635206,-0.0242218,0.00533068,-0.00288073,0.0576444
6.667,-0.0635448,-0.0241693,0.0053278,-0.002881,0.0576444
6.668,-0.063569,-0.0241169,0.00532492,-0.00288133,0.0576444
6.669,-0.063593,-0.0240645,0.00532203,-0.00288173,0.0576444
6.67,-0.0636171,-0.0240121,0.00531915,-0.00288219,0.0576444
6.671,-0.0636411,-0.0239596,0.00531627,-0.00288271,0.0576444
6.672,-0.063665,-0.0239072,0.00531339,-0.00288329,0.0576444
6.673,-0.0636889,-0.0238548,0.0053105,-0.00288394,0.0576444
6.674,-0.0637127,-0.0238023,0.00530762,-0.00288464,0.0576444
6.675,-0.0637365,-0.0237499,0.00530473,-0.00288541,0.0576444
6.676,-0.0637602,-0.0236975,0.00530185,-0.00288625,0.0576444
6.677,-0.0637839,-0.023645,0.00529896,-0.00288714,0.0576444
6.678,-0.0638075,-0.0235926,0.00529607,-0.0028881,0.0576444
6.679,-0.0638311,-0.0235401,0.00529318,-0.00288912,0.0576444
6.68,-0.0638546,-0.0234883,0.0052903,-0.00288891,0.0570034
6.681,-0.063878,-0.0234365,0.00528741,-0.00288878,0.0570034
6.682,-0.0639015,-0.0233847,0.00528452,-0.0028887,0.0570034
6.683,-0.0639248,-0.0233329,0.00528163,-0.00288869,0.0570034
6.684,-0.0639481,-0.023281,0.00527874,-0.00288874,0.0570034
6.685,-0.0639714,-0.0232292,0.00527585,-0.00288885,0.0570034
6.686,-0.0639946,-0.0231774,0.00527296,-0.00288902,0.0570034
6.687,-0.0640177,-0.0231255,0.00527007,-0.00288926,0.0570034
6.688,-0.0640408,-0.0230737,0.00526718,-0.00288955,0.0570034
6.689,-0.0640639,-0.0230219,0.00526429,-0.00288991,0.0570034
6.69,-0.0640869,-0.02297,0.0052614,-0.00289034,0.0570034
6.691,-0.0641098,-0.0229182,0.00525851,-0.00289082,0.0570034
6.692,-0.0641327,-0.0228663,0.00525562,-0.00289137,0.0570034
6.693,-0.0641556,-0.0228145,0.00525273,-0.00289198,0.0570034
6.694,-0.0641783,-0.0227626,0.00524984,-0.00289265,0.0570034
6.695,-0.0642011,-0.0227108,0.00524695,-0.00289339,0.0570034
6.696,-0.0642238,-0.0226589,0.00524405,-0.00289418,0.0570034
6.697,-0.0642464,-0.0226071,0.00524116,-0.00289504,0.0570034
6.698,-0.064269,-0.0225552,0.00523826,-0.00289597,0.0570034
6.699,-0.0642915,-0.0225033,0.00523537,-0.00289695,0.0570034
6.7,-0.064314,-0.0224521,0.00523247,-0.00289671,0.0563609
6.701,-0.0643364,-0.0224009,0.00522957,-0.00289654,0.0563609
6.702,-0.0643588,-0.0223497,0.00522668,-0.00289643,0.0563609
6.703,-0.0643811,-0.0222984,0.00522378,-0.00289638,0.0563609
6.704,-0.0644034,-0.0222472,0.00522088,-0.00289639,0.0563609
6.705,-0.0644256,-0.0221959,0.00521799,-0.00289646,0.0563609
6.706,-0.0644478,-0.0221447,0.00521509,-0.0028966,0.0563609
6.707,-0.0644699,-0.0220934,0.00521219,-0.0028968,0.0563609
6.708,-0.064492,-0.0220422,0.0052093,-0.00289706,0.0563609
6.709,-0.064514,-0.0219909,0.0052064,-0.00289739,0.0563609
6.71,-0.0645359,-0.0219397,0.0052035,-0.00289778,0.0563609
6.711,-0.0645579,-0.0218884,0.0052006,-0.00289823,0.0563609
6.712,-0.0645797,-0.0218372,0.0051977,-0.00289874,0.0563609
6.713,-0.0646015,-0.0217859,0.00519481,-0.00289931,0.0563609
6.714,-0.0646233,-0.0217346,0.00519191,-0.00289995,0.0563609
6.715,-0.064645,-0.0216834,0.00518901,-0.00290065,0.0563609
6.716,-0.0646667,-0.0216321,0.0051861,-0.00290142,0.0563609
6.717,-0.0646883,-0.0215808,0.0051832,-0.00290224,0.0563609
6.718,-0.0647098,-0.0215296,0.0051803,-0.00290313,0.0563609
6.719,-0.0647313,-0.0214783,0.0051774,-0.00290408,0.0563609
6.72,-0.0647528,-0.0214276,0.00517449,-0.00290381,0.0557172
6.721,-0.0647742,-0.021377,0.00517159,-0.0029036,0.0557172
6.722,-0.0647955,-0.0213263,0.00516869,-0.00290345,0.0557172
6.723,-0.0648168,-0.0212757,0.00516578,-0.00290336,0.0557172
6.724,-0.0648381,-0.021225,0.00516288,-0.00290334,0.0557172
6.725,-0.0648593,-0.0211744,0.00515998,-0.00290338,0.0557172
6.726,-0.0648804,-0.0211237,0.00515707,-0.00290348,0.0557172
6.727,-0.0649015,-0.0210731,0.00515417,-0.00290364,0.0557172
6.728,-0.0649226,-0.0210224,0.00515126,-0.00290387,0.0557172
6.729,-0.0649436,-0.0209717,0.00514836,-0.00290416,0.0557172
6.73,-0.0649645,-0.0209211,0.00514546,-0.00290451,0.0557172
6.731,-0.0649854,-0.0208704,0.00514255,-0.00290493,0.0557172
6.732,-0.0650063,-0.0208197,0.00513965,-0.00290541,0.0557172
6.733,-0.0650271,-0.0207691,0.00513674,-0.00290595,0.0557172
6.734,-0.0650478,-0.0207184,0.00513383,-0.00290655,0.0557172
6.735,-0.0650685,-0.0206677,0.00513093,-0.00290722,0.0557172
6.736,-0.0650891,-0.020617,0.00512802,-0.00290795,0.0557172
6.737,-0.0651097,-0.0205663,0.00512511,-0.00290874,0.0557172
6.738,-0.0651303,-0.0205156,0.0051222,-0.00290959,0.0557172
6.739,-0.0651508,-0.0204649,0.00511929,-0.00291051,0.0557172
6.74,-0.0651712,-0.0204149,0.00511638,-0.0029102,0.0550723
6.741,-0.0651916,-0.0203648,0.00511347,-0.00290996,0.0550723
6.742,-0.0652119,-0.0203148,0.00511056,-0.00290977,0.0550723
6.743,-0.0652322,-0.0202647,0.00510765,-0.00290965,0.0550723
6.744,-0.0652525,-0.0202147,0.00510474,-0.00290959,0.0550723
6.745,-0.0652726,-0.0201646,0.00510183,-0.0029096,0.0550723
6.746,-0.0652928,-0.0201145,0.00509892,-0.00290966,0.0550723
6.747,-0.0653129,-0.0200644,0.00509601,-0.00290979,0.0550723
6.748,-0.0653329,-0.0200144,0.0050931,-0.00290999,0.0550723
6.749,-0.0653529,-0.0199643,0.00509019,-0.00291024,0.0550723
6.75,-0.0653728,-0.0199142,0.00508728,-0.00291056,0.0550723
6.751,-0.0653927,-0.0198641,0.00508437,-0.00291094,0.0550723
6.752,-0.0654126,-0.019814,0.00508146,-0.00291139,0.0550723
6.753,-0.0654324,-0.019764,0.00507855,-0.00291189,0.0550723
6.754,-0.0654521,-0.0197139,0.00507564,-0.00291246,0.0550723
6.755,-0.0654718,-0.0196638,0.00507273,-0.0029131,0.0550723
6.756,-0.0654914,-0.0196137,0.00506981,-0.00291379,0.0550723
6.757,-0.065511,-0.0195636,0.0050669,-0.00291455,0.0550723
6.758,-0.0655306,-0.0195135,0.00506398,-0.00291537,0.0550723
6.759,-0.06555,-0.0194634,0.00506107,-0.00291626,0.0550723
6.76,-0.0655695,-0.0194139,0.00505815,-0.00291591,0.0544264
6.761,-0.0655889,-0.0193644,0.00505523,-0.00291563,0.0544264
6.762,-0.0656082,-0.019315,0.00505232,-0.00291541,0.0544264
6.763,-0.0656275,-0.0192655,0.0050494,-0.00291526,0.0544264
6.764,-0.0656467,-0.019216,0.00504649,-0.00291516,0.0544264
6.765,-0.0656659,-0.0191665,0.00504357,-0.00291513,0.0544264
6.766,-0.0656851,-0.0191171,0.00504066,-0.00291517,0.0544264
6.767,-0.0657042,-0.0190676,0.00503774,-0.00291526,0.0544264
6.768,-0.0657232,-0.0190181,0.00503483,-0.00291542,0.0544264
6.769,-0.0657422,-0.0189686,0.00503191,-0.00291564,0.0544264
6.77,-0.0657611,-0.0189191,0.005029,-0.00291593,0.0544264
6.771,-0.06578,-0.0188696,0.00502608,-0.00291627,0.0544264
6.772,-0.0657989,-0.0188201,0.00502316,-0.00291668,0.0544264
6.773,-0.0658177,-0.0187706,0.00502025,-0.00291716,0.0544264
6.774,-0.0658364,-0.0187211,0.00501733,-0.00291769,0.0544264
6.775,-0.0658551,-0.0186716,0.00501441,-0.00291829,0.0544264
6.776,-0.0658738,-0.0186221,0.00501149,-0.00291896,0.0544264
6.777,-0.0658924,-0.0185726,0.00500857,-0.00291968,0.0544264
6.778,-0.0659109,-0.0185231,0.00500565,-0.00292047,0.0544264
6.779,-0.0659294,-0.0184736,0.00500273,-0.00292132,0.0544264
6.78,-0.0659479,-0.0184247,0.00499981,-0.00292094,0.0537797
6.781,-0.0659663,-0.0183758,0.00499689,-0.00292063,0.0537797
6.782,-0.0659846,-0.0183269,0.00499397,-0.00292037,0.0537797
6.783,-0.0660029,-0.0182781,0.00499105,-0.00292018,0.0537797
6.784,-0.0660212,-0.0182292,0.00498813,-0.00292006,0.0537797
6.785,-0.0660394,-0.0181803,0.00498521,-0.00291999,0.0537797
6.786,-0.0660575,-0.0181314,0.00498229,-0.00291999,0.0537797
6.787,-0.0660756,-0.0180825,0.00497937,-0.00292005,0.0537797
6.788,-0.0660937,-0.0180336,0.00497645,-0.00292018,0.0537797
6.789,-0.0661117,-0.0179847,0.00497353,-0.00292037,0.0537797
6.79,-0.0661297,-0.0179358,0.00497061,-0.00292062,0.0537797
6.791,-0.0661476,-0.0178869,0.00496769,-0.00292093,0.0537797
6.792,-0.0661654,-0.017838,0.00496477,-0.00292131,0.0537797
6.793,-0.0661833,-0.0177891,0.00496185,-0.00292175,0.0537797
6.794,-0.066201,-0.0177402,0.00495892,-0.00292225,0.0537797
6.795,-0.0662187,-0.0176912,0.004956,-0.00292282,0.0537797
6.796,-0.0662364,-0.0176423,0.00495308,-0.00292345,0.0537797
6.797,-0.066254,-0.0175934,0.00495015,-0.00292414,0.0537797
6.798,-0.0662716,-0.0175445,0.00494723,-0.0029249,0.0537797
6.799,-0.0662891,-0.0174956,0.0049443,-0.00292572,0.0537797
6.8,-0.0663066,-0.0174473,0.00494138,-0.00292531,0.0531322
6.801,-0.066324,-0.017399,0.00493845,-0.00292496,0.0531322
6.802,-0.0663414,-0.0173507,0.00493553,-0.00292467,0.0531322
6.803,-0.0663587,-0.0173024,0.0049326,-0.00292445,0.0531322
6.804,-0.066376,-0.0172541,0.00492968,-0.00292429,0.0531322
6.805,-0.0663932,-0.0172058,0.00492676,-0.00292419,0.0531322
6.806,-0.0664104,-0.0171575,0.00492383,-0.00292415,0.0531322
6.807,-0.0664275,-0.0171092,0.00492091,-0.00292418,0.0531322
6.808,-0.0664446,-0.0170609,0.00491798,-0.00292428,0.0531322
6.809,-0.0664616,-0.0170126,0.00491506,-0.00292443,0.0531322
6.81,-0.0664786,-0.0169643,0.00491213,-0.00292465,0.0531322
6.811,-0.0664956,-0.016916,0.00490921,-0.00292493,0.0531322
6.812,-0.0665125,-0.0168676,0.00490628,-0.00292528,0.0531322
6.813,-0.0665293,-0.0168193,0.00490336,-0.00292568,0.0531322
6.814,-0.0665461,-0.016771,0.00490043,-0.00292615,0.0531322
6.815,-0.0665629,-0.0167227,0.00489751,-0.00292669,0.0531322
6.816,-0.0665796,-0.0166743,0.00489458,-0.00292729,0.0531322
6.817,-0.0665962,-0.016626,0.00489165,-0.00292795,0.0531322
6.818,-0.0666128,-0.0165777,0.00488872,-0.00292867,0.0531322
6.819,-0.0666294,-0.0165293,0.00488579,-0.00292946,0.0531322
6.82,-0.0666459,-0.0164816,0.00488287,-0.00292901,0.0524842
6.821,-0.0666623,-0.016434,0.00487994,-0.00292863,0.0524842
6.822,-0.0666787,-0.0163863,0.00487701,-0.00292831,0.0524842
6.823,-0.0666951,-0.0163386,0.00487408,-0.00292805,0.0524842
6.824,-0.0667114,-0.0162908,0.00487115,-0.00292786,0.0524842
6.825,-0.0667277,-0.0162431,0.00486822,-0.00292773,0.0524842
6.826,-0.0667439,-0.0161954,0.0048653,-0.00292766,0.0524842
6.827,-0.0667601,-0.0161477,0.00486237,-0.00292766,0.0524842
6.828,-0.0667762,-0.0161,0.00485944,-0.00292772,0.0524842
6.829,-0.0667923,-0.0160523,0.00485651,-0.00292784,0.0524842
6.83,-0.0668083,-0.0160046,0.00485359,-0.00292803,0.0524842
6.831,-0.0668243,-0.0159568,0.00485066,-0.00292828,0.0524842
6.832,-0.0668402,-0.0159091,0.00484773,-0.00292859,0.0524842
6.833,-0.0668561,-0.0158614,0.0048448,-0.00292896,0.0524842
6.834,-0.0668719,-0.0158136,0.00484187,-0.0029294,0.0524842
6.835,-0.0668877,-0.0157659,0.00483894,-0.0029299,0.0524842
6.836,-0.0669035,-0.0157182,0.00483601,-0.00293047,0.0524842
6.837,-0.0669192,-0.0156704,0.00483308,-0.0029311,0.0524842
6.838,-0.0669348,-0.0156227,0.00483015,-0.00293179,0.0524842
6.839,-0.0669504,-0.0155749,0.00482722,-0.00293254,0.0524842
6.84,-0.066966,-0.0155278,0.00482428,-0.00293207,0.0518358
6.841,-0.0669815,-0.0154807,0.00482135,-0.00293165,0.0518358
6.842,-0.0669969,-0.0154336,0.00481842,-0.0029313,0.0518358
6.843,-0.0670123,-0.0153865,0.00481549,-0.00293101,0.0518358
6.844,-0.0670277,-0.0153394,0.00481256,-0.00293078,0.0518358
6.845,-0.067043,-0.0152923,0.00480963,-0.00293062,0.0518358
6.846,-0.0670583,-0.0152452,0.0048067,-0.00293052,0.0518358
6.847,-0.0670735,-0.015198,0.00480377,-0.00293049,0.0518358
6.848,-0.0670887,-0.0151509,0.00480084,-0.00293052,0.0518358
6.849,-0.0671038,-0.0151038,0.00479791,-0.00293061,0.0518358
6.85,-0.0671189,-0.0150567,0.00479498,-0.00293076,0.0518358
6.851,-0.0671339,-0.0150095,0.00479205,-0.00293098,0.0518358
6.852,-0.0671489,-0.0149624,0.00478911,-0.00293126,0.0518358
6.853,-0.0671638,-0.0149153,0.00478618,-0.0029316,0.0518358
6.854,-0.0671787,-0.0148681,0.00478325,-0.00293201,0.0518358
6.855,-0.0671936,-0.014821,0.00478032,-0.00293248,0.0518358
6.856,-0.0672084,-0.0147738,0.00477739,-0.00293301,0.0518358
6.857,-0.0672231,-0.0147267,0.00477445,-0.00293361,0.0518358
6.858,-0.0672378,-0.0146795,0.00477152,-0.00293427,0.0518358
6.859,-0.0672525,-0.0146324,0.00476858,-0.00293499,0.0518358
6.86,-0.0672671,-0.0145858,0.00476565,-0.00293448,0.0511871
6.861,-0.0672816,-0.0145393,0.00476271,-0.00293404,0.0511871
6.862,-0.0672962,-0.0144928,0.00475978,-0.00293365,0.0511871
6.863,-0.0673106,-0.0144463,0.00475685,-0.00293333,0.0511871
6.864,-0.0673251,-0.0143998,0.00475391,-0.00293307,0.0511871
6.865,-0.0673394,-0.0143533,0.00475098,-0.00293288,0.0511871
6.866,-0.0673538,-0.0143067,0.00474805,-0.00293275,0.0511871
6.867,-0.067368,-0.0142602,0.00474512,-0.00293268,0.0511871
6.868,-0.0673823,-0.0142137,0.00474218,-0.00293268,0.0511871
6.869,-0.0673965,-0.0141671,0.00473925,-0.00293274,0.0511871
6.87,-0.0674106,-0.0141206,0.00473632,-0.00293286,0.0511871
6.871,-0.0674247,-0.014074,0.00473338,-0.00293305,0.0511871
6.872,-0.0674388,-0.0140275,0.00473045,-0.00293329,0.0511871
6.873,-0.0674528,-0.013981,0.00472752,-0.00293361,0.0511871
6.874,-0.0674667,-0.0139344,0.00472458,-0.00293398,0.0511871
6.875,-0.0674806,-0.0138878,0.00472165,-0.00293442,0.0511871
6.876,-0.0674945,-0.0138413,0.00471872,-0.00293492,0.0511871
6.877,-0.0675083,-0.0137947,0.00471578,-0.00293549,0.0511871
6.878,-0.0675221,-0.0137482,0.00471284,-0.00293612,0.0511871
6.879,-0.0675358,-0.0137016,0.00470991,-0.00293681,0.0511871
6.88,-0.0675495,-0.0136557,0.00470697,-0.00293627,0.0505382
6.881,-0.0675631,-0.0136098,0.00470404,-0.00293579,0.0505382
6.882,-0.0675767,-0.0135638,0.0047011,-0.00293538,0.0505382
6.883,-0.0675903,-0.0135179,0.00469816,-0.00293502,0.0505382
6.884,-0.0676038,-0.013472,0.00469523,-0.00293474,0.0505382
6.885,-0.0676172,-0.013426,0.0046923,-0.00293451,0.0505382
6.886,-0.0676306,-0.0133801,0.00468936,-0.00293435,0.0505382
6.887,-0.067644,-0.0133342,0.00468643,-0.00293425,0.0505382
6.888,-0.0676573,-0.0132882,0.00468349,-0.00293422,0.0505382
6.889,-0.0676705,-0.0132423,0.00468056,-0.00293424,0.0505382
6.89,-0.0676838,-0.0131963,0.00467762,-0.00293434,0.0505382
6.891,-0.0676969,-0.0131504,0.00467469,-0.00293449,0.0505382
6.892,-0.0677101,-0.0131044,0.00467175,-0.00293471,0.0505382
6.893,-0.0677231,-0.0130585,0.00466882,-0.00293499,0.0505382
6.894,-0.0677362,-0.0130125,0.00466588,-0.00293533,0.0505382
6.895,-0.0677492,-0.0129666,0.00466295,-0.00293574,0.0505382
6.896,-0.0677621,-0.0129206,0.00466001,-0.00293621,0.0505382
6.897,-0.067775,-0.0128746,0.00465708,-0.00293675,0.0505382
6.898,-0.0677879,-0.0128286,0.00465414,-0.00293735,0.0505382
6.899,-0.0678007,-0.0127827,0.0046512,-0.00293801,0.0505382
6.9,-0.0678134,-0.0127373,0.00464826,-0.00293744,0.0498893
6.901,-0.0678261,-0.012692,0.00464533,-0.00293693,0.0498893
6.902,-0.0678388,-0.0126467,0.00464239,-0.00293648,0.0498893
6.903,-0.0678514,-0.0126013,0.00463945,-0.0029361,0.0498893
6.904,-0.067864,-0.012556,0.00463652,-0.00293578,0.0498893
6.905,-0.0678765,-0.0125107,0.00463358,-0.00293552,0.0498893
6.906,-0.067889,-0.0124653,0.00463065,-0.00293533,0.0498893
6.907,-0.0679015,-0.01242,0.00462771,-0.0029352,0.0498893
6.908,-0.0679139,-0.0123746,0.00462478,-0.00293514,0.0498893
6.909,-0.0679262,-0.0123293,0.00462184,-0.00293513,0.0498893
6.91,-0.0679385,-0.0122839,0.00461891,-0.0029352,0.0498893
6.911,-0.0679508,-0.0122385,0.00461597,-0.00293532,0.0498893
6.912,-0.067963,-0.0121932,0.00461304,-0.00293551,0.0498893
6.913,-0.0679752,-0.0121478,0.0046101,-0.00293576,0.0498893
6.914,-0.0679873,-0.0121025,0.00460716,-0.00293607,0.0498893
6.915,-0.0679994,-0.0120571,0.00460423,-0.00293645,0.0498893
6.916,-0.0680114,-0.0120117,0.00460129,-0.00293689,0.0498893
6.917,-0.0680234,-0.0119663,0.00459835,-0.0029374,0.0498893
6.918,-0.0680353,-0.011921,0.00459542,-0.00293796,0.0498893
6.919,-0.0680472,-0.0118756,0.00459248,-0.0029386,0.0498893
6.92,-0.0680591,-0.0118308,0.00458954,-0.00293799,0.0492405
6.921,-0.0680709,-0.0117861,0.0045866,-0.00293745,0.0492405
6.922,-0.0680827,-0.0117413,0.00458367,-0.00293698,0.0492405
6.923,-0.0680944,-0.0116966,0.00458073,-0.00293656,0.0492405
6.924,-0.0681061,-0.0116519,0.00457779,-0.00293622,0.0492405
6.925,-0.0681177,-0.0116071,0.00457486,-0.00293593,0.0492405
6.926,-0.0681293,-0.0115624,0.00457192,-0.00293571,0.0492405
6.927,-0.0681408,-0.0115176,0.00456898,-0.00293555,0.0492405
6.928,-0.0681523,-0.0114728,0.00456605,-0.00293545,0.0492405
6.929,-0.0681638,-0.0114281,0.00456311,-0.00293542,0.0492405
6.93,-0.0681752,-0.0113833,0.00456018,-0.00293545,0.0492405
6.931,-0.0681865,-0.0113385,0.00455724,-0.00293554,0.0492405
6.932,-0.0681978,-0.0112938,0.00455431,-0.0029357,0.0492405
6.933,-0.0682091,-0.011249,0.00455137,-0.00293592,0.0492405
6.934,-0.0682203,-0.0112042,0.00454844,-0.00293621,0.0492405
6.935,-0.0682315,-0.0111594,0.0045455,-0.00293656,0.0492405
6.936,-0.0682427,-0.0111147,0.00454256,-0.00293697,0.0492405
6.937,-0.0682538,-0.0110699,0.00453962,-0.00293744,0.0492405
6.938,-0.0682648,-0.0110251,0.00453669,-0.00293798,0.0492405
6.939,-0.0682758,-0.0109803,0.00453375,-0.00293858,0.0492405
6.94,-0.0682868,-0.0109361,0.00453081,-0.00293795,0.048592
6.941,-0.0682977,-0.010892,0.00452787,-0.00293738,0.048592
6.942,-0.0683085,-0.0108478,0.00452494,-0.00293687,0.048592
6.943,-0.0683194,-0.0108037,0.004522,-0.00293643,0.048592
6.944,-0.0683302,-0.0107595,0.00451906,-0.00293605,0.048592
6.945,-0.0683409,-0.0107154,0.00451613,-0.00293574,0.048592
6.946,-0.0683516,-0.0106712,0.00451319,-0.00293548,0.048592
6.947,-0.0683622,-0.010627,0.00451026,-0.0029353,0.048592
6.948,-0.0683728,-0.0105829,0.00450732,-0.00293517,0.048592
6.949,-0.0683834,-0.0105387,0.00450439,-0.00293511,0.048592
6.95,-0.0683939,-0.0104945,0.00450145,-0.00293511,0.048592
6.951,-0.0684044,-0.0104503,0.00449852,-0.00293517,0.048592
6.952,-0.0684148,-0.0104062,0.00449558,-0.0029353,0.048592
6.953,-0.0684252,-0.010362,0.00449264,-0.00293549,0.048592
6.954,-0.0684355,-0.0103178,0.00448971,-0.00293575,0.048592
6.955,-0.0684458,-0.0102736,0.00448677,-0.00293607,0.048592
6.956,-0.0684561,-0.0102294,0.00448384,-0.00293645,0.048592
6.957,-0.0684663,-0.0101852,0.0044809,-0.00293689,0.048592
6.958,-0.0684765,-0.010141,0.00447796,-0.0029374,0.048592
6.959,-0.0684866,-0.0100968,0.00447503,-0.00293797,0.048592
6.96,-0.0684967,-0.0100533,0.00447209,-0.00293731,0.0479438
6.961,-0.0685067,-0.0100097,0.00446915,-0.00293671,0.0479438
6.962,-0.0685167,-0.00996615,0.00446621,-0.00293618,0.0479438
6.963,-0.0685266,-0.00992259,0.00446328,-0.00293571,0.0479438
6.964,-0.0685365,-0.00987902,0.00446034,-0.0029353,0.0479438
6.965,-0.0685464,-0.00983545,0.00445741,-0.00293495,0.0479438
6.966,-0.0685562,-0.00979188,0.00445447,-0.00293467,0.0479438
6.967,-0.068566,-0.0097483,0.00445154,-0.00293445,0.0479438
6.968,-0.0685757,-0.00970472,0.0044486,-0.0029343,0.0479438
6.969,-0.0685854,-0.00966114,0.00444567,-0.00293421,0.0479438
6.97,-0.068595,-0.00961756,0.00444274,-0.00293418,0.0479438
6.971,-0.0686046,-0.00957397,0.0044398,-0.00293422,0.0479438
6.972,-0.0686142,-0.00953038,0.00443687,-0.00293432,0.0479438
6.973,-0.0686237,-0.00948679,0.00443393,-0.00293448,0.0479438
6.974,-0.0686331,-0.00944319,0.004431,-0.0029347,0.0479438
6.975,-0.0686426,-0.0093996,0.00442806,-0.00293499,0.0479438
6.976,-0.0686519,-0.00935599,0.00442513,-0.00293534,0.0479438
6.977,-0.0686613,-0.00931239,0.00442219,-0.00293576,0.0479438
6.978,-0.0686706,-0.00926878,0.00441926,-0.00293624,0.0479438
6.979,-0.0686798,-0.00922517,0.00441632,-0.00293678,0.0479438
6.98,-0.068689,-0.00918221,0.00441338,-0.00293609,0.0472961
6.981,-0.0686982,-0.00913924,0.00441045,-0.00293546,0.0472961
6.982,-0.0687073,-0.00909627,0.00440751,-0.0029349,0.0472961
6.983,-0.0687164,-0.0090533,0.00440458,-0.0029344,0.0472961
6.984,-0.0687254,-0.00901032,0.00440164,-0.00293397,0.0472961
6.985,-0.0687344,-0.00896734,0.00439871,-0.00293359,0.0472961
6.986,-0.0687433,-0.00892436,0.00439578,-0.00293328,0.0472961
6.987,-0.0687522,-0.00888137,0.00439284,-0.00293304,0.0472961
6.988,-0.0687611,-0.00883838,0.00438991,-0.00293285,0.0472961
6.989,-0.0687699,-0.00879539,0.00438698,-0.00293273,0.0472961
6.99,-0.0687787,-0.0087524,0.00438405,-0.00293268,0.0472961
6.991,-0.0687874,-0.0087094,0.00438111,-0.00293268,0.0472961
6.992,-0.0687961,-0.0086664,0.00437818,-0.00293275,0.0472961
6.993,-0.0688047,-0.0086234,0.00437525,-0.00293289,0.0472961
6.994,-0.0688133,-0.00858039,0.00437231,-0.00293308,0.0472961
6.995,-0.0688219,-0.00853739,0.00436938,-0.00293334,0.0472961
6.996,-0.0688304,-0.00849438,0.00436645,-0.00293367,0.0472961
6.997,-0.0688389,-0.00845136,0.00436351,-0.00293405,0.0472961
6.998,-0.0688473,-0.00840834,0.00436058,-0.0029345,0.0472961
6.999,-0.0688557,-0.00836532,0.00435764,-0.00293502,0.0472961
7,-0.0688641,-0.00832295,0.00435471,-0.0029343,0.046649
7.001,-0.0688724,-0.00828057,0.00435178,-0.00293364,0.046649
7.002,-0.0688806,-0.00823819,0.00434884,-0.00293305,0.046649
7.003,-0.0688888,-0.00819581,0.00434591,-0.00293253,0.046649
7.004,-0.068897,-0.00815342,0.00434298,-0.00293206,0.046649
7.005,-0.0689051,-0.00811103,0.00434005,-0.00293166,0.046649
7.006,-0.0689132,-0.00806864,0.00433711,-0.00293132,0.046649
7.007,-0.0689213,-0.00802624,0.00433418,-0.00293105,0.046649
7.008,-0.0689293,-0.00798384,0.00433125,-0.00293084,0.046649
7.009,-0.0689372,-0.00794144,0.00432832,-0.00293069,0.046649
7.01,-0.0689452,-0.00789904,0.00432539,-0.0029306,0.046649
7.011,-0.068953,-0.00785663,0.00432246,-0.00293058,0.046649
7.012,-0.0689609,-0.00781422,0.00431953,-0.00293062,0.046649
7.013,-0.0689687,-0.00777181,0.0043166,-0.00293073,0.046649
7.014,-0.0689764,-0.00772939,0.00431367,-0.0029309,0.046649
7.015,-0.0689841,-0.00768697,0.00431074,-0.00293113,0.046649
7.016,-0.0689918,-0.00764455,0.00430781,-0.00293142,0.046649
7.017,-0.0689994,-0.00760212,0.00430487,-0.00293178,0.046649
7.018,-0.069007,-0.0075597,0.00430194,-0.0029322,0.046649
7.019,-0.0690145,-0.00751727,0.00429901,-0.00293269,0.046649
7.02,-0.069022,-0.00747548,0.00429608,-0.00293194,0.0460027
7.021,-0.0690295,-0.00743369,0.00429315,-0.00293126,0.0460027
7.022,-0.0690369,-0.0073919,0.00429021,-0.00293064,0.0460027
7.023,-0.0690443,-0.0073501,0.00428728,-0.00293009,0.0460027
7.024,-0.0690516,-0.0073083,0.00428435,-0.0029296,0.0460027
7.025,-0.0690589,-0.0072665,0.00428143,-0.00292917,0.0460027
7.026,-0.0690661,-0.0072247,0.0042785,-0.0029288,0.0460027
7.027,-0.0690733,-0.00718289,0.00427557,-0.0029285,0.0460027
7.028,-0.0690805,-0.00714108,0.00427264,-0.00292826,0.0460027
7.029,-0.0690876,-0.00709927,0.00426971,-0.00292808,0.0460027
7.03,-0.0690947,-0.00705745,0.00426678,-0.00292797,0.0460027
7.031,-0.0691017,-0.00701564,0.00426385,-0.00292792,0.0460027
7.032,-0.0691087,-0.00697382,0.00426093,-0.00292794,0.0460027
7.033,-0.0691157,-0.00693199,0.004258,-0.00292801,0.0460027
7.034,-0.0691226,-0.00689016,0.00425507,-0.00292815,0.0460027
7.035,-0.0691295,-0.00684833,0.00425214,-0.00292836,0.0460027
7.036,-0.0691363,-0.0068065,0.00424921,-0.00292862,0.0460027
7.037,-0.0691431,-0.00676467,0.00424629,-0.00292895,0.0460027
7.038,-0.0691498,-0.00672283,0.00424336,-0.00292935,0.0460027
7.039,-0.0691565,-0.00668099,0.00424043,-0.0029298,0.0460027
7.04,-0.0691632,-0.00663979,0.0042375,-0.00292903,0.0453572
7.041,-0.0691698,-0.00659859,0.00423457,-0.00292832,0.0453572
7.042,-0.0691764,-0.00655738,0.00423164,-0.00292768,0.0453572
7.043,-0.0691829,-0.00651617,0.00422871,-0.0029271,0.0453572
7.044,-0.0691894,-0.00647496,0.00422579,-0.00292658,0.0453572
7.045,-0.0691959,-0.00643375,0.00422286,-0.00292612,0.0453572
7.046,-0.0692023,-0.00639253,0.00421993,-0.00292573,0.0453572
7.047,-0.0692087,-0.00635132,0.00421701,-0.0029254,0.0453572
7.048,-0.069215,-0.00631009,0.00421408,-0.00292513,0.0453572
7.049,-0.0692213,-0.00626887,0.00421116,-0.00292493,0.0453572
7.05,-0.0692275,-0.00622764,0.00420823,-0.00292479,0.0453572
7.051,-0.0692337,-0.00618641,0.00420531,-0.00292471,0.0453572
7.052,-0.0692399,-0.00614518,0.00420238,-0.0029247,0.0453572
7.053,-0.069246,-0.00610394,0.00419946,-0.00292475,0.0453572
7.054,-0.0692521,-0.0060627,0.00419653,-0.00292486,0.0453572
7.055,-0.0692581,-0.00602146,0.00419361,-0.00292504,0.0453572
7.056,-0.0692641,-0.00598022,0.00419068,-0.00292528,0.0453572
7.057,-0.0692701,-0.00593897,0.00418776,-0.00292558,0.0453572
7.058,-0.069276,-0.00589772,0.00418483,-0.00292594,0.0453572
7.059,-0.0692819,-0.00585647,0.00418191,-0.00292637,0.0453572
7.06,-0.0692877,-0.00581585,0.00417898,-0.00292558,0.0447126
7.061,-0.0692935,-0.00577524,0.00417606,-0.00292484,0.0447126
7.062,-0.0692993,-0.00573462,0.00417313,-0.00292417,0.0447126
7.063,-0.069305,-0.005694,0.00417021,-0.00292356,0.0447126
7.064,-0.0693107,-0.00565338,0.00416728,-0.00292302,0.0447126
7.065,-0.0693163,-0.00561275,0.00416436,-0.00292253,0.0447126
7.066,-0.0693219,-0.00557212,0.00416144,-0.00292212,0.0447126
7.067,-0.0693274,-0.00553149,0.00415852,-0.00292176,0.0447126
7.068,-0.069333,-0.00549086,0.0041556,-0.00292147,0.0447126
7.069,-0.0693384,-0.00545022,0.00415267,-0.00292124,0.0447126
7.07,-0.0693439,-0.00540958,0.00414975,-0.00292107,0.0447126
7.071,-0.0693493,-0.00536894,0.00414683,-0.00292097,0.0447126
7.072,-0.0693546,-0.00532829,0.00414391,-0.00292093,0.0447126
7.073,-0.0693599,-0.00528764,0.00414099,-0.00292095,0.0447126
7.074,-0.0693652,-0.00524699,0.00413807,-0.00292103,0.0447126
7.075,-0.0693704,-0.00520634,0.00413515,-0.00292118,0.0447126
7.076,-0.0693756,-0.00516568,0.00413223,-0.00292139,0.0447126
7.077,-0.0693807,-0.00512502,0.00412931,-0.00292167,0.0447126
7.078,-0.0693858,-0.00508436,0.00412638,-0.00292201,0.0447126
7.079,-0.0693909,-0.00504369,0.00412346,-0.00292241,0.0447126
7.08,-0.0693959,-0.00500366,0.00412054,-0.00292158,0.0440692
7.081,-0.0694009,-0.00496364,0.00411762,-0.00292082,0.0440692
7.082,-0.0694059,-0.0049236,0.0041147,-0.00292013,0.0440692
7.083,-0.0694108,-0.00488357,0.00411178,-0.00291949,0.0440692
7.084,-0.0694156,-0.00484353,0.00410886,-0.00291892,0.0440692
7.085,-0.0694204,-0.00480349,0.00410594,-0.00291841,0.0440692
7.086,-0.0694252,-0.00476345,0.00410302,-0.00291797,0.0440692
7.087,-0.06943,-0.00472341,0.0041001,-0.00291759,0.0440692
7.088,-0.0694347,-0.00468336,0.00409719,-0.00291727,0.0440692
7.089,-0.0694393,-0.00464331,0.00409427,-0.00291701,0.0440692
7.09,-0.069444,-0.00460325,0.00409135,-0.00291682,0.0440692
7.091,-0.0694485,-0.00456319,0.00408844,-0.00291669,0.0440692
7.092,-0.0694531,-0.00452313,0.00408552,-0.00291662,0.0440692
7.093,-0.0694576,-0.00448307,0.0040826,-0.00291662,0.0440692
7.094,-0.0694621,-0.00444301,0.00407969,-0.00291668,0.0440692
7.095,-0.0694665,-0.00440294,0.00407677,-0.0029168,0.0440692
7.096,-0.0694709,-0.00436287,0.00407385,-0.00291698,0.0440692
7.097,-0.0694752,-0.00432279,0.00407094,-0.00291723,0.0440692
7.098,-0.0694795,-0.00428272,0.00406802,-0.00291754,0.0440692
7.099,-0.0694838,-0.00424264,0.0040651,-0.00291791,0.0440692
7.1,-0.069488,-0.00420319,0.00406218,-0.00291707,0.043427
7.101,-0.0694922,-0.00416375,0.00405927,-0.00291628,0.043427
7.102,-0.0694963,-0.0041243,0.00405635,-0.00291556,0.043427
7.103,-0.0695004,-0.00408486,0.00405343,-0.0029149,0.043427
7.104,-0.0695045,-0.0040454,0.00405052,-0.0029143,0.043427
7.105,-0.0695085,-0.00400595,0.00404761,-0.00291377,0.043427
7.106,-0.0695125,-0.00396649,0.00404469,-0.0029133,0.043427
7.107,-0.0695164,-0.00392703,0.00404178,-0.00291289,0.043427
7.108,-0.0695204,-0.00388757,0.00403887,-0.00291255,0.043427
7.109,-0.0695242,-0.0038481,0.00403595,-0.00291227,0.043427
7.11,-0.069528,-0.00380863,0.00403304,-0.00291205,0.043427
7.111,-0.0695318,-0.00376916,0.00403013,-0.00291189,0.043427
7.112,-0.0695356,-0.00372969,0.00402722,-0.0029118,0.043427
7.113,-0.0695393,-0.00369021,0.00402431,-0.00291177,0.043427
7.114,-0.069543,-0.00365073,0.00402139,-0.0029118,0.043427
7.115,-0.0695466,-0.00361124,0.00401848,-0.00291189,0.043427
7.116,-0.0695502,-0.00357176,0.00401557,-0.00291205,0.043427
7.117,-0.0695537,-0.00353227,0.00401266,-0.00291227,0.043427
7.118,-0.0695573,-0.00349278,0.00400975,-0.00291256,0.043427
7.119,-0.0695607,-0.00345328,0.00400683,-0.0029129,0.043427
7.12,-0.0695642,-0.00341442,0.00400392,-0.00291203,0.0427861
7.121,-0.0695676,-0.00337557,0.00400101,-0.00291122,0.0427861
7.122,-0.0695709,-0.0033367,0.0039981,-0.00291047,0.0427861
7.123,-0.0695742,-0.00329784,0.00399519,-0.00290979,0.0427861
7.124,-0.0695775,-0.00325897,0.00399228,-0.00290917,0.0427861
7.125,-0.0695807,-0.0032201,0.00398937,-0.00290861,0.0427861
7.126,-0.0695839,-0.00318122,0.00398646,-0.00290812,0.0427861
7.127,-0.0695871,-0.00314235,0.00398355,-0.00290768,0.0427861
7.128,-0.0695902,-0.00310347,0.00398065,-0.00290731,0.0427861
7.129,-0.0695933,-0.00306459,0.00397774,-0.002907,0.0427861
7.13,-0.0695964,-0.0030257,0.00397483,-0.00290676,0.0427861
7.131,-0.0695994,-0.00298681,0.00397193,-0.00290658,0.0427861
7.132,-0.0696023,-0.00294792,0.00396902,-0.00290646,0.0427861
7.133,-0.0696053,-0.00290903,0.00396611,-0.0029064,0.0427861
7.134,-0.0696082,-0.00287013,0.00396321,-0.00290641,0.0427861
7.135,-0.069611,-0.00283123,0.0039603,-0.00290648,0.0427861
7.136,-0.0696138,-0.00279233,0.00395739,-0.00290661,0.0427861
7.137,-0.0696166,-0.00275342,0.00395449,-0.00290681,0.0427861
7.138,-0.0696193,-0.00271452,0.00395158,-0.00290706,0.0427861
7.139,-0.069622,-0.0026756,0.00394867,-0.00290738,0.0427861
7.14,-0.0696247,-0.00263733,0.00394577,-0.00290649,0.0421465
7.141,-0.0696273,-0.00259905,0.00394286,-0.00290565,0.0421465
7.142,-0.0696299,-0.00256077,0.00393995,-0.00290488,0.0421465
7.143,-0.0696324,-0.00252249,0.00393705,-0.00290417,0.0421465
7.144,-0.0696349,-0.0024842,0.00393415,-0.00290353,0.0421465
7.145,-0.0696374,-0.00244592,0.00393124,-0.00290295,0.0421465
7.146,-0.0696398,-0.00240762,0.00392834,-0.00290243,0.0421465
7.147,-0.0696422,-0.00236933,0.00392544,-0.00290197,0.0421465
7.148,-0.0696445,-0.00233103,0.00392254,-0.00290157,0.0421465
7.149,-0.0696469,-0.00229273,0.00391963,-0.00290124,0.0421465
7.15,-0.0696491,-0.00225443,0.00391673,-0.00290097,0.0421465
7.151,-0.0696514,-0.00221612,0.00391383,-0.00290076,0.0421465
7.152,-0.0696536,-0.00217782,0.00391093,-0.00290062,0.0421465
7.153,-0.0696557,-0.0021395,0.00390803,-0.00290054,0.0421465
7.154,-0.0696578,-0.00210119,0.00390513,-0.00290052,0.0421465
7.155,-0.0696599,-0.00206287,0.00390223,-0.00290056,0.0421465
7.156,-0.069662,-0.00202455,0.00389933,-0.00290067,0.0421465
7.157,-0.069664,-0.00198623,0.00389643,-0.00290084,0.0421465
7.158,-0.0696659,-0.00194791,0.00389353,-0.00290107,0.0421465
7.159,-0.0696679,-0.00190958,0.00389063,-0.00290136,0.0421465
7.16,-0.0696698,-0.00187188,0.00388773,-0.00290044,0.0415086
7.161,-0.0696716,-0.00183419,0.00388483,-0.00289959,0.0415086
7.162,-0.0696734,-0.00179649,0.00388193,-0.00289879,0.0415086
7.163,-0.0696752,-0.00175879,0.00387903,-0.00289806,0.0415086
7.164,-0.0696769,-0.00172108,0.00387613,-0.00289739,0.0415086
7.165,-0.0696787,-0.00168337,0.00387323,-0.00289678,0.0415086
7.166,-0.0696803,-0.00164566,0.00387034,-0.00289624,0.0415086
7.167,-0.0696819,-0.00160795,0.00386744,-0.00289576,0.0415086
7.168,-0.0696835,-0.00157024,0.00386455,-0.00289534,0.0415086
7.169,-0.0696851,-0.00153252,0.00386165,-0.00289498,0.0415086
7.17,-0.0696866,-0.00149479,0.00385876,-0.00289469,0.0415086
7.171,-0.0696881,-0.00145707,0.00385586,-0.00289446,0.0415086
7.172,-0.0696895,-0.00141934,0.00385297,-0.00289429,0.0415086
7.173,-0.0696909,-0.00138161,0.00385007,-0.00289418,0.0415086
7.174,-0.0696923,-0.00134388,0.00384718,-0.00289414,0.0415086
7.175,-0.0696936,-0.00130614,0.00384428,-0.00289415,0.0415086
7.176,-0.0696949,-0.0012684,0.00384139,-0.00289423,0.0415086
7.177,-0.0696961,-0.00123066,0.0038385,-0.00289438,0.0415086
7.178,-0.0696973,-0.00119292,0.0038356,-0.00289458,0.0415086
7.179,-0.0696985,-0.00115517,0.00383271,-0.00289485,0.0415086
7.18,-0.0696997,-0.00111806,0.00382981,-0.00289391,0.0408722
7.181,-0.0697008,-0.00108094,0.00382692,-0.00289303,0.0408722
7.182,-0.0697018,-0.00104382,0.00382403,-0.00289221,0.0408722
7.183,-0.0697028,-0.0010067,0.00382113,-0.00289146,0.0408722
7.184,-0.0697038,-0.000969575,0.00381824,-0.00289076,0.0408722
7.185,-0.0697048,-0.000932447,0.00381535,-0.00289013,0.0408722
7.186,-0.0697057,-0.000895316,0.00381246,-0.00288957,0.0408722
7.187,-0.0697066,-0.000858182,0.00380957,-0.00288906,0.0408722
7.188,-0.0697074,-0.000821046,0.00380668,-0.00288862,0.0408722
7.189,-0.0697082,-0.000783907,0.0038038,-0.00288824,0.0408722
7.19,-0.069709,-0.000746764,0.00380091,-0.00288792,0.0408722
7.191,-0.0697097,-0.00070962,0.00379802,-0.00288766,0.0408722
7.192,-0.0697104,-0.000672472,0.00379513,-0.00288747,0.0408722
7.193,-0.0697111,-0.000635321,0.00379225,-0.00288734,0.0408722
7.194,-0.0697117,-0.000598168,0.00378936,-0.00288727,0.0408722
7.195,-0.0697123,-0.000561012,0.00378647,-0.00288726,0.0408722
7.196,-0.0697128,-0.000523852,0.00378358,-0.00288732,0.0408722
7.197,-0.0697133,-0.000486691,0.0037807,-0.00288744,0.0408722
7.198,-0.0697138,-0.000449526,0.00377781,-0.00288762,0.0408722
7.199,-0.0697142,-0.000412358,0.00377492,-0.00288786,0.0408722
7.2,-0.0697146,-0.000375822,0.00377203,-0.00288689,0.0402376
7.201,-0.069715,-0.000339284,0.00376915,-0.00288599,0.0402376
7.202,-0.0697153,-0.000302742,0.00376626,-0.00288515,0.0402376
7.203,-0.0697156,-0.000266198,0.00376338,-0.00288438,0.0402376
7.204,-0.0697158,-0.000229651,0.00376049,-0.00288366,0.0402376
7.205,-0.069716,-0.000193101,0.00375761,-0.00288301,0.0402376
7.206,-0.0697162,-0.000156548,0.00375473,-0.00288242,0.0402376
7.207,-0.0697163,-0.000119993,0.00375184,-0.00288189,0.0402376
7.208,-0.0697164,-8.34342e-05,0.00374896,-0.00288142,0.0402376
7.209,-0.0697165,-4.6873e-05,0.00374608,-0.00288102,0.0402376
7.21,-0.0697165,-1.03089e-05,0.0037432,-0.00288067,0.0402376
7.211,-0.0697165,2.6258e-05,0.00374032,-0.00288039,0.0402376
7.212,-0.0697165,6.28278e-05,0.00373744,-0.00288018,0.0402376
7.213,-0.0697164,9.94003e-05,0.00373456,-0.00288002,0.0402376
7.214,-0.0697163,0.000135976,0.00373168,-0.00287993,0.0402376
7.215,-0.0697161,0.000172554,0.0037288,-0.0028799,0.0402376
7.216,-0.0697159,0.000209135,0.00372592,-0.00287993,0.0402376
7.217,-0.0697157,0.000245719,0.00372304,-0.00288002,0.0402376
7.218,-0.0697154,0.000282305,0.00372016,-0.00288018,0.0402376
7.219,-0.0697151,0.000318895,0.00371728,-0.00288039,0.0402376
7.22,-0.0697148,0.000354855,0.0037144,-0.00287941,0.0396048
7.221,-0.0697144,0.000390817,0.00371152,-0.00287848,0.0396048
7.222,-0.069714,0.000426782,0.00370864,-0.00287762,0.0396048
7.223,-0.0697136,0.00046275,0.00370577,-0.00287682,0.0396048
7.224,-0.0697131,0.000498721,0.00370289,-0.00287608,0.0396048
7.225,-0.0697126,0.000534695,0.00370001,-0.00287541,0.0396048
7.226,-0.069712,0.000570671,0.00369714,-0.0028748,0.0396048
7.227,-0.0697114,0.00060665,0.00369426,-0.00287424,0.0396048
7.228,-0.0697108,0.000642633,0.00369139,-0.00287376,0.0396048
7.229,-0.0697101,0.000678617,0.00368852,-0.00287333,0.0396048
7.23,-0.0697095,0.000714605,0.00368564,-0.00287296,0.0396048
7.231,-0.0697087,0.000750596,0.00368277,-0.00287266,0.0396048
7.232,-0.069708,0.000786589,0.0036799,-0.00287242,0.0396048
7.233,-0.0697071,0.000822585,0.00367703,-0.00287224,0.0396048
7.234,-0.0697063,0.000858584,0.00367415,-0.00287212,0.0396048
7.235,-0.0697054,0.000894586,0.00367128,-0.00287207,0.0396048
7.236,-0.0697045,0.000930591,0.00366841,-0.00287207,0.0396048
7.237,-0.0697036,0.000966598,0.00366554,-0.00287214,0.0396048
7.238,-0.0697026,0.00100261,0.00366267,-0.00287227,0.0396048
7.239,-0.0697016,0.00103862,0.00365979,-0.00287246,0.0396048
7.24,-0.0697005,0.00107401,0.00365692,-0.00287146,0.0389739
7.241,-0.0696994,0.00110939,0.00365405,-0.00287051,0.0389739
7.242,-0.0696983,0.00114479,0.00365118,-0.00286963,0.0389739
7.243,-0.0696971,0.00118018,0.00364831,-0.00286881,0.0389739
7.244,-0.0696959,0.00121558,0.00364544,-0.00286805,0.0389739
7.245,-0.0696947,0.00125097,0.00364257,-0.00286735,0.0389739
7.246,-0.0696934,0.00128638,0.00363971,-0.00286672,0.0389739
7.247,-0.0696921,0.00132178,0.00363684,-0.00286614,0.0389739
7.248,-0.0696908,0.00135719,0.00363398,-0.00286563,0.0389739
7.249,-0.0696894,0.0013926,0.00363111,-0.00286518,0.0389739
7.25,-0.069688,0.00142801,0.00362824,-0.00286479,0.0389739
7.251,-0.0696865,0.00146343,0.00362538,-0.00286447,0.0389739
7.252,-0.0696851,0.00149885,0.00362252,-0.0028642,0.0389739
7.253,-0.0696836,0.00153427,0.00361965,-0.002864,0.0389739
7.254,-0.069682,0.00156969,0.00361679,-0.00286386,0.0389739
7.255,-0.0696804,0.00160512,0.00361392,-0.00286378,0.0389739
7.256,-0.0696788,0.00164055,0.00361106,-0.00286376,0.0389739
7.257,-0.0696771,0.00167598,0.0036082,-0.00286381,0.0389739
7.258,-0.0696754,0.00171142,0.00360533,-0.00286391,0.0389739
7.259,-0.0696737,0.00174686,0.00360247,-0.00286408,0.0389739
7.26,-0.0696719,0.00178167,0.00359961,-0.00286305,0.0383451
7.261,-0.0696701,0.00181649,0.00359674,-0.00286209,0.0383451
7.262,-0.0696683,0.0018513,0.00359388,-0.00286118,0.0383451
7.263,-0.0696664,0.00188612,0.00359102,-0.00286034,0.0383451
7.264,-0.0696645,0.00192095,0.00358816,-0.00285956,0.0383451
7.265,-0.0696626,0.00195578,0.0035853,-0.00285884,0.0383451
7.266,-0.0696606,0.0019906,0.00358244,-0.00285818,0.0383451
7.267,-0.0696586,0.00202544,0.00357958,-0.00285759,0.0383451
7.268,-0.0696566,0.00206027,0.00357673,-0.00285705,0.0383451
7.269,-0.0696545,0.00209511,0.00357387,-0.00285658,0.0383451
7.27,-0.0696524,0.00212995,0.00357101,-0.00285617,0.0383451
7.271,-0.0696502,0.00216479,0.00356816,-0.00285582,0.0383451
7.272,-0.0696481,0.00219964,0.0035653,-0.00285554,0.0383451
7.273,-0.0696458,0.00223449,0.00356245,-0.00285531,0.0383451
7.274,-0.0696436,0.00226934,0.00355959,-0.00285515,0.0383451
7.275,-0.0696413,0.00230419,0.00355674,-0.00285504,0.0383451
7.276,-0.069639,0.00233905,0.00355388,-0.002855,0.0383451
7.277,-0.0696366,0.00237391,0.00355103,-0.00285502,0.0383451
7.278,-0.0696342,0.00240877,0.00354817,-0.00285511,0.0383451
7.279,-0.0696318,0.00244364,0.00354532,-0.00285525,0.0383451
7.28,-0.0696293,0.00247788,0.00354246,-0.0028542,0.0377184
7.281,-0.0696269,0.00251213,0.00353961,-0.00285322,0.0377184
7.282,-0.0696243,0.00254637,0.00353676,-0.00285229,0.0377184
7.283,-0.0696218,0.00258062,0.0035339,-0.00285143,0.0377184
7.284,-0.0696192,0.00261488,0.00353105,-0.00285063,0.0377184
7.285,-0.0696165,0.00264913,0.0035282,-0.00284989,0.0377184
7.286,-0.0696139,0.00268339,0.00352535,-0.00284921,0.0377184
7.287,-0.0696112,0.00271765,0.0035225,-0.00284859,0.0377184
7.288,-0.0696084,0.00275192,0.00351966,-0.00284804,0.0377184
7.289,-0.0696057,0.00278618,0.00351681,-0.00284754,0.0377184
7.29,-0.0696029,0.00282045,0.00351396,-0.00284711,0.0377184
7.291,-0.0696,0.00285473,0.00351111,-0.00284674,0.0377184
7.292,-0.0695971,0.002889,0.00350827,-0.00284643,0.0377184
7.293,-0.0695942,0.00292328,0.00350542,-0.00284618,0.0377184
7.294,-0.0695913,0.00295756,0.00350257,-0.00284599,0.0377184
7.295,-0.0695883,0.00299185,0.00349973,-0.00284587,0.0377184
7.296,-0.0695853,0.00302613,0.00349688,-0.00284581,0.0377184
7.297,-0.0695823,0.00306042,0.00349404,-0.0028458,0.0377184
7.298,-0.0695792,0.00309471,0.00349119,-0.00284586,0.0377184
7.299,-0.0695761,0.00312901,0.00348835,-0.00284598,0.0377184
7.3,-0.0695729,0.00316268,0.0034855,-0.00284491,0.0370939
7.301,-0.0695698,0.00319636,0.00348266,-0.00284391,0.0370939
7.302,-0.0695665,0.00323004,0.00347981,-0.00284296,0.0370939
7.303,-0.0695633,0.00326372,0.00347697,-0.00284208,0.0370939
7.304,-0.06956,0.0032974,0.00347413,-0.00284126,0.0370939
7.305,-0.0695567,0.00333109,0.00347129,-0.0028405,0.0370939
7.306,-0.0695534,0.00336478,0.00346845,-0.0028398,0.0370939
7.307,-0.06955,0.00339847,0.00346561,-0.00283916,0.0370939
7.308,-0.0695466,0.00343217,0.00346277,-0.00283859,0.0370939
7.309,-0.0695431,0.00346587,0.00345993,-0.00283807,0.0370939
7.31,-0.0695396,0.00349957,0.00345709,-0.00283762,0.0370939
7.311,-0.0695361,0.00353327,0.00345425,-0.00283722,0.0370939
7.312,-0.0695326,0.00356698,0.00345142,-0.00283689,0.0370939
7.313,-0.069529,0.00360069,0.00344858,-0.00283662,0.0370939
7.314,-0.0695254,0.0036344,0.00344574,-0.00283641,0.0370939
7.315,-0.0695217,0.00366811,0.00344291,-0.00283626,0.0370939
7.316,-0.069518,0.00370183,0.00344007,-0.00283618,0.0370939
7.317,-0.0695143,0.00373555,0.00343724,-0.00283615,0.0370939
7.318,-0.0695105,0.00376928,0.0034344,-0.00283619,0.0370939
7.319,-0.0695068,0.003803,0.00343156,-0.00283629,0.0370939
7.32,-0.0695029,0.00383611,0.00342873,-0.0028352,0.0364717
7.321,-0.0694991,0.00386922,0.00342589,-0.00283417,0.0364717
7.322,-0.0694952,0.00390233,0.00342306,-0.00283321,0.0364717
7.323,-0.0694913,0.00393545,0.00342023,-0.00283231,0.0364717
7.324,-0.0694873,0.00396856,0.00341739,-0.00283147,0.0364717
7.325,-0.0694833,0.00400169,0.00341456,-0.00283069,0.0364717
7.326,-0.0694793,0.00403481,0.00341173,-0.00282997,0.0364717
7.327,-0.0694753,0.00406793,0.0034089,-0.00282931,0.0364717
7.328,-0.0694712,0.00410106,0.00340607,-0.00282871,0.0364717
7.329,-0.0694671,0.0041342,0.00340325,-0.00282817,0.0364717
7.33,-0.0694629,0.00416733,0.00340042,-0.0028277,0.0364717
7.331,-0.0694587,0.00420047,0.00339759,-0.00282729,0.0364717
7.332,-0.0694545,0.00423361,0.00339476,-0.00282693,0.0364717
7.333,-0.0694503,0.00426675,0.00339194,-0.00282664,0.0364717
7.334,-0.069446,0.0042999,0.00338911,-0.00282641,0.0364717
7.335,-0.0694417,0.00433304,0.00338628,-0.00282624,0.0364717
7.336,-0.0694373,0.0043662,0.00338346,-0.00282613,0.0364717
7.337,-0.0694329,0.00439935,0.00338063,-0.00282608,0.0364717
7.338,-0.0694285,0.00443251,0.00337781,-0.0028261,0.0364717
7.339,-0.0694241,0.00446567,0.00337498,-0.00282617,0.0364717
7.34,-0.0694196,0.00449821,0.00337215,-0.00282506,0.035852
7.341,-0.0694151,0.00453075,0.00336933,-0.00282402,0.035852
7.342,-0.0694105,0.0045633,0.00336651,-0.00282304,0.035852
7.343,-0.069406,0.00459585,0.00336368,-0.00282212,0.035852
7.344,-0.0694013,0.00462841,0.00336086,-0.00282126,0.035852
7.345,-0.0693967,0.00466096,0.00335804,-0.00282046,0.035852
7.346,-0.069392,0.00469352,0.00335522,-0.00281972,0.035852
7.347,-0.0693873,0.00472608,0.0033524,-0.00281904,0.035852
7.348,-0.0693826,0.00475865,0.00334958,-0.00281842,0.035852
7.349,-0.0693778,0.00479122,0.00334676,-0.00281786,0.035852
7.35,-0.069373,0.00482379,0.00334395,-0.00281737,0.035852
7.351,-0.0693681,0.00485636,0.00334113,-0.00281693,0.035852
7.352,-0.0693633,0.00488893,0.00333831,-0.00281656,0.035852
7.353,-0.0693584,0.00492151,0.0033355,-0.00281625,0.035852
7.354,-0.0693534,0.00495409,0.00333268,-0.00281599,0.035852
7.355,-0.0693485,0.00498668,0.00332986,-0.0028158,0.035852
7.356,-0.0693435,0.00501926,0.00332705,-0.00281567,0.035852
7.357,-0.0693384,0.00505185,0.00332423,-0.0028156,0.035852
7.358,-0.0693334,0.00508445,0.00332142,-0.00281559,0.035852
7.359,-0.0693283,0.00511704,0.0033186,-0.00281564,0.035852
7.36,-0.0693231,0.00514902,0.00331579,-0.00281452,0.0352347
7.361,-0.069318,0.005181,0.00331297,-0.00281346,0.0352347
7.362,-0.0693128,0.00521299,0.00331016,-0.00281246,0.0352347
7.363,-0.0693075,0.00524498,0.00330735,-0.00281152,0.0352347
7.364,-0.0693023,0.00527697,0.00330454,-0.00281064,0.0352347
7.365,-0.069297,0.00530897,0.00330173,-0.00280982,0.0352347
7.366,-0.0692916,0.00534096,0.00329892,-0.00280906,0.0352347
7.367,-0.0692863,0.00537296,0.00329611,-0.00280836,0.0352347
7.368,-0.0692809,0.00540496,0.0032933,-0.00280772,0.0352347
7.369,-0.0692755,0.00543697,0.00329049,-0.00280715,0.0352347
7.37,-0.06927,0.00546898,0.00328769,-0.00280663,0.0352347
7.371,-0.0692645,0.00550099,0.00328488,-0.00280617,0.0352347
7.372,-0.069259,0.005533,0.00328207,-0.00280578,0.0352347
7.373,-0.0692535,0.00556502,0.00327927,-0.00280545,0.0352347
7.374,-0.0692479,0.00559704,0.00327646,-0.00280517,0.0352347
7.375,-0.0692423,0.00562906,0.00327366,-0.00280496,0.0352347
7.376,-0.0692366,0.00566108,0.00327085,-0.00280481,0.0352347
7.377,-0.069231,0.00569311,0.00326805,-0.00280471,0.0352347
7.378,-0.0692253,0.00572514,0.00326524,-0.00280468,0.0352347
7.379,-0.0692195,0.00575717,0.00326244,-0.00280471,0.0352347
7.38,-0.0692137,0.0057886,0.00325963,-0.00280357,0.0346199
7.381,-0.0692079,0.00582002,0.00325683,-0.00280249,0.0346199
7.382,-0.0692021,0.00585145,0.00325403,-0.00280147,0.0346199
7.383,-0.0691962,0.00588287,0.00325123,-0.00280051,0.0346199
7.384,-0.0691903,0.00591431,0.00324843,-0.00279961,0.0346199
7.385,-0.0691844,0.00594574,0.00324563,-0.00279878,0.0346199
7.386,-0.0691784,0.00597718,0.00324283,-0.002798,0.0346199
7.387,-0.0691724,0.00600862,0.00324003,-0.00279728,0.0346199
7.388,-0.0691664,0.00604006,0.00323724,-0.00279663,0.0346199
7.389,-0.0691604,0.00607151,0.00323444,-0.00279603,0.0346199
7.39,-0.0691543,0.00610296,0.00323164,-0.00279549,0.0346199
7.391,-0.0691482,0.00613441,0.00322885,-0.00279502,0.0346199
7.392,-0.069142,0.00616586,0.00322605,-0.0027946,0.0346199
7.393,-0.0691358,0.00619732,0.00322326,-0.00279425,0.0346199
7.394,-0.0691296,0.00622878,0.00322047,-0.00279395,0.0346199
7.395,-0.0691234,0.00626024,0.00321767,-0.00279372,0.0346199
7.396,-0.0691171,0.0062917,0.00321488,-0.00279355,0.0346199
7.397,-0.0691108,0.00632317,0.00321208,-0.00279343,0.0346199
7.398,-0.0691045,0.00635464,0.00320929,-0.00279338,0.0346199
7.399,-0.0690981,0.00638611,0.0032065,-0.00279339,0.0346199
7.4,-0.0690917,0.00641698,0.00320371,-0.00279223,0.0340079
7.401,-0.0690852,0.00644784,0.00320091,-0.00279113,0.0340079
7.402,-0.0690788,0.00647871,0.00319812,-0.0027901,0.0340079
7.403,-0.0690723,0.00650958,0.00319533,-0.00278912,0.0340079
7.404,-0.0690658,0.00654046,0.00319254,-0.0027882,0.0340079
7.405,-0.0690592,0.00657134,0.00318976,-0.00278735,0.0340079
7.406,-0.0690526,0.00660222,0.00318697,-0.00278655,0.0340079
7.407,-0.069046,0.0066331,0.00318418,-0.00278582,0.0340079
7.408,-0.0690394,0.00666398,0.0031814,-0.00278514,0.0340079
7.409,-0.0690327,0.00669487,0.00317861,-0.00278452,0.0340079
7.41,-0.069026,0.00672576,0.00317583,-0.00278397,0.0340079
7.411,-0.0690192,0.00675666,0.00317305,-0.00278347,0.0340079
7.412,-0.0690125,0.00678755,0.00317026,-0.00278304,0.0340079
7.413,-0.0690057,0.00681845,0.00316748,-0.00278266,0.0340079
7.414,-0.0689988,0.00684936,0.0031647,-0.00278235,0.0340079
7.415,-0.068992,0.00688026,0.00316191,-0.00278209,0.0340079
7.416,-0.0689851,0.00691117,0.00315913,-0.0027819,0.0340079
7.417,-0.0689781,0.00694208,0.00315635,-0.00278176,0.0340079
7.418,-0.0689712,0.00697299,0.00315357,-0.00278169,0.0340079
7.419,-0.0689642,0.00700391,0.00315079,-0.00278167,0.0340079
7.42,-0.0689572,0.00703421,0.00314801,-0.0027805,0.0333985
7.421,-0.0689501,0.00706453,0.00314523,-0.00277939,0.0333985
7.422,-0.068943,0.00709484,0.00314245,-0.00277833,0.0333985
7.423,-0.0689359,0.00712516,0.00313967,-0.00277734,0.0333985
7.424,-0.0689288,0.00715548,0.00313689,-0.00277641,0.0333985
7.425,-0.0689216,0.0071858,0.00313412,-0.00277553,0.0333985
7.426,-0.0689144,0.00721613,0.00313134,-0.00277472,0.0333985
7.427,-0.0689072,0.00724645,0.00312857,-0.00277397,0.0333985
7.428,-0.0688999,0.00727678,0.00312579,-0.00277327,0.0333985
7.429,-0.0688926,0.00730712,0.00312302,-0.00277264,0.0333985
7.43,-0.0688853,0.00733745,0.00312025,-0.00277206,0.0333985
7.431,-0.068878,0.00736779,0.00311748,-0.00277155,0.0333985
7.432,-0.0688706,0.00739813,0.00311471,-0.00277109,0.0333985
7.433,-0.0688632,0.00742848,0.00311193,-0.0027707,0.0333985
7.434,-0.0688557,0.00745883,0.00310916,-0.00277036,0.0333985
7.435,-0.0688482,0.00748918,0.00310639,-0.00277009,0.0333985
7.436,-0.0688407,0.00751953,0.00310362,-0.00276987,0.0333985
7.437,-0.0688332,0.00754988,0.00310085,-0.00276972,0.0333985
7.438,-0.0688256,0.00758024,0.00309808,-0.00276962,0.0333985
7.439,-0.068818,0.0076106,0.00309531,-0.00276959,0.0333985
7.44,-0.0688104,0.00764036,0.00309255,-0.0027684,0.032792
7.441,-0.0688028,0.00767012,0.00308978,-0.00276727,0.032792
7.442,-0.0687951,0.00769988,0.00308701,-0.0027662,0.032792
7.443,-0.0687874,0.00772965,0.00308425,-0.00276519,0.032792
7.444,-0.0687796,0.00775941,0.00308148,-0.00276424,0.032792
7.445,-0.0687718,0.00778918,0.00307872,-0.00276335,0.032792
7.446,-0.068764,0.00781896,0.00307595,-0.00276251,0.032792
7.447,-0.0687562,0.00784873,0.00307319,-0.00276174,0.032792
7.448,-0.0687483,0.00787851,0.00307043,-0.00276103,0.032792
7.449,-0.0687404,0.00790829,0.00306767,-0.00276038,0.032792
7.45,-0.0687325,0.00793808,0.00306491,-0.00275979,0.032792
7.451,-0.0687246,0.00796786,0.00306215,-0.00275925,0.032792
7.452,-0.0687166,0.00799765,0.00305939,-0.00275878,0.032792
7.453,-0.0687086,0.00802745,0.00305663,-0.00275836,0.032792
7.454,-0.0687005,0.00805724,0.00305387,-0.00275801,0.032792
7.455,-0.0686925,0.00808704,0.00305112,-0.00275771,0.032792
7.456,-0.0686844,0.00811684,0.00304836,-0.00275748,0.032792
7.457,-0.0686762,0.00814664,0.0030456,-0.0027573,0.032792
7.458,-0.0686681,0.00817645,0.00304284,-0.00275719,0.032792
7.459,-0.0686599,0.00820625,0.00304009,-0.00275713,0.032792
7.46,-0.0686517,0.00823546,0.00303733,-0.00275592,0.0321884
7.461,-0.0686434,0.00826467,0.00303458,-0.00275478,0.0321884
7.462,-0.0686351,0.00829388,0.00303182,-0.00275369,0.0321884
7.463,-0.0686268,0.0083231,0.00302907,-0.00275267,0.0321884
7.464,-0.0686185,0.00835232,0.00302632,-0.0027517,0.0321884
7.465,-0.0686101,0.00838154,0.00302356,-0.00275079,0.0321884
7.466,-0.0686017,0.00841076,0.00302081,-0.00274994,0.0321884
7.467,-0.0685933,0.00843999,0.00301806,-0.00274915,0.0321884
7.468,-0.0685848,0.00846922,0.00301532,-0.00274842,0.0321884
7.469,-0.0685763,0.00849845,0.00301257,-0.00274775,0.0321884
7.47,-0.0685678,0.00852768,0.00300982,-0.00274714,0.0321884
7.471,-0.0685593,0.00855692,0.00300707,-0.00274659,0.0321884
7.472,-0.0685507,0.00858616,0.00300433,-0.0027461,0.0321884
7.473,-0.0685421,0.0086154,0.00300158,-0.00274567,0.0321884
7.474,-0.0685335,0.00864465,0.00299884,-0.00274529,0.0321884
7.475,-0.0685248,0.0086739,0.00299609,-0.00274498,0.0321884
7.476,-0.0685161,0.00870315,0.00299335,-0.00274472,0.0321884
7.477,-0.0685074,0.0087324,0.0029906,-0.00274453,0.0321884
7.478,-0.0684987,0.00876166,0.00298786,-0.00274439,0.0321884
7.479,-0.0684899,0.00879092,0.00298511,-0.00274431,0.0321884
7.48,-0.0684811,0.00881958,0.00298237,-0.00274309,0.0315877
7.481,-0.0684723,0.00884824,0.00297963,-0.00274193,0.0315877
7.482,-0.0684634,0.00887691,0.00297688,-0.00274083,0.0315877
7.483,-0.0684545,0.00890557,0.00297414,-0.00273979,0.0315877
7.484,-0.0684456,0.00893425,0.00297141,-0.0027388,0.0315877
7.485,-0.0684366,0.00896292,0.00296867,-0.00273788,0.0315877
7.486,-0.0684277,0.0089916,0.00296593,-0.00273701,0.0315877
7.487,-0.0684187,0.00902028,0.00296319,-0.00273621,0.0315877
7.488,-0.0684096,0.00904896,0.00296046,-0.00273546,0.0315877
7.489,-0.0684006,0.00907764,0.00295772,-0.00273477,0.0315877
7.49,-0.0683915,0.00910633,0.00295499,-0.00273415,0.0315877
7.491,-0.0683823,0.00913502,0.00295225,-0.00273358,0.0315877
7.492,-0.0683732,0.00916371,0.00294952,-0.00273307,0.0315877
7.493,-0.068364,0.00919241,0.00294679,-0.00273261,0.0315877
7.494,-0.0683548,0.00922111,0.00294406,-0.00273222,0.0315877
7.495,-0.0683456,0.00924981,0.00294132,-0.00273189,0.0315877
7.496,-0.0683363,0.00927851,0.00293859,-0.00273161,0.0315877
7.497,-0.068327,0.00930722,0.00293586,-0.0027314,0.0315877
7.498,-0.0683177,0.00933593,0.00293313,-0.00273124,0.0315877
7.499,-0.0683083,0.00936464,0.0029304,-0.00273114,0.0315877
7.5,-0.068299,0.00939276,0.00292767,-0.00272991,0.0309901
7.501,-0.0682896,0.00942088,0.00292494,-0.00272873,0.0309901
7.502,-0.0682801,0.009449,0.00292221,-0.00272761,0.0309901
7.503,-0.0682707,0.00947712,0.00291948,-0.00272656,0.0309901
7.504,-0.0682612,0.00950525,0.00291676,-0.00272556,0.0309901
7.505,-0.0682517,0.00953338,0.00291403,-0.00272462,0.0309901
7.506,-0.0682421,0.00956151,0.00291131,-0.00272374,0.0309901
7.507,-0.0682325,0.00958965,0.00290858,-0.00272291,0.0309901
7.508,-0.0682229,0.00961779,0.00290586,-0.00272215,0.0309901
7.509,-0.0682133,0.00964593,0.00290314,-0.00272145,0.0309901
7.51,-0.0682036,0.00967407,0.00290042,-0.0027208,0.0309901
7.511,-0.0681939,0.00970222,0.0028977,-0.00272021,0.0309901
7.512,-0.0681842,0.00973036,0.00289498,-0.00271968,0.0309901
7.513,-0.0681745,0.00975852,0.00289226,-0.00271921,0.0309901
7.514,-0.0681647,0.00978667,0.00288954,-0.0027188,0.0309901
7.515,-0.0681549,0.00981483,0.00288682,-0.00271845,0.0309901
7.516,-0.0681451,0.00984299,0.0028841,-0.00271816,0.0309901
7.517,-0.0681352,0.00987115,0.00288138,-0.00271792,0.0309901
7.518,-0.0681253,0.00989931,0.00287867,-0.00271774,0.0309901
7.519,-0.0681154,0.00992748,0.00287595,-0.00271763,0.0309901
7.52,-0.0681055,0.00995506,0.00287323,-0.00271638,0.0303956
7.521,-0.0680955,0.00998264,0.00287052,-0.00271519,0.0303956
7.522,-0.0680855,0.0100102,0.0028678,-0.00271406,0.0303956
7.523,-0.0680755,0.0100378,0.00286509,-0.00271298,0.0303956
7.524,-0.0680654,0.0100654,0.00286238,-0.00271197,0.0303956
7.525,-0.0680554,0.010093,0.00285966,-0.00271101,0.0303956
7.526,-0.0680453,0.0101206,0.00285695,-0.00271012,0.0303956
7.527,-0.0680351,0.0101482,0.00285424,-0.00270928,0.0303956
7.528,-0.068025,0.0101758,0.00285153,-0.0027085,0.0303956
7.529,-0.0680148,0.0102034,0.00284883,-0.00270778,0.0303956
7.53,-0.0680046,0.010231,0.00284612,-0.00270711,0.0303956
7.531,-0.0679943,0.0102586,0.00284341,-0.00270651,0.0303956
7.532,-0.067984,0.0102862,0.00284071,-0.00270596,0.0303956
7.533,-0.0679737,0.0103138,0.002838,-0.00270548,0.0303956
7.534,-0.0679634,0.0103414,0.0028353,-0.00270505,0.0303956
7.535,-0.0679531,0.010369,0.00283259,-0.00270468,0.0303956
7.536,-0.0679427,0.0103966,0.00282989,-0.00270436,0.0303956
7.537,-0.0679323,0.0104242,0.00282718,-0.00270411,0.0303956
7.538,-0.0679218,0.0104519,0.00282448,-0.00270391,0.0303956
7.539,-0.0679114,0.0104795,0.00282177,-0.00270377,0.0303956
7.54,-0.0679009,0.0105065,0.00281907,-0.00270251,0.0298043
7.541,-0.0678903,0.0105336,0.00281637,-0.00270131,0.0298043
7.542,-0.0678798,0.0105606,0.00281367,-0.00270016,0.0298043
7.543,-0.0678692,0.0105877,0.00281097,-0.00269908,0.0298043
7.544,-0.0678586,0.0106147,0.00280827,-0.00269805,0.0298043
7.545,-0.067848,0.0106418,0.00280557,-0.00269708,0.0298043
7.546,-0.0678373,0.0106688,0.00280288,-0.00269617,0.0298043
7.547,-0.0678267,0.0106959,0.00280018,-0.00269531,0.0298043
7.548,-0.067816,0.0107229,0.00279749,-0.00269452,0.0298043
7.549,-0.0678052,0.01075,0.00279479,-0.00269378,0.0298043
7.55,-0.0677945,0.0107771,0.0027921,-0.0026931,0.0298043
7.551,-0.0677837,0.0108041,0.0027894,-0.00269248,0.0298043
7.552,-0.0677728,0.0108312,0.00278671,-0.00269191,0.0298043
7.553,-0.067762,0.0108583,0.00278402,-0.00269141,0.0298043
7.554,-0.0677511,0.0108853,0.00278133,-0.00269096,0.0298043
7.555,-0.0677402,0.0109124,0.00277864,-0.00269057,0.0298043
7.556,-0.0677293,0.0109395,0.00277595,-0.00269024,0.0298043
7.557,-0.0677183,0.0109666,0.00277326,-0.00268997,0.0298043
7.558,-0.0677074,0.0109937,0.00277057,-0.00268975,0.0298043
7.559,-0.0676964,0.0110208,0.00276788,-0.0026896,0.0298043
7.56,-0.0676853,0.0110473,0.00276519,-0.00268832,0.0292163
7.561,-0.0676743,0.0110738,0.0027625,-0.0026871,0.0292163
7.562,-0.0676632,0.0111003,0.00275982,-0.00268594,0.0292163
7.563,-0.0676521,0.0111268,0.00275713,-0.00268484,0.0292163
7.564,-0.0676409,0.0111533,0.00275445,-0.0026838,0.0292163
7.565,-0.0676298,0.0111798,0.00275176,-0.00268282,0.0292163
7.566,-0.0676186,0.0112063,0.00274908,-0.00268189,0.0292163
7.567,-0.0676073,0.0112328,0.0027464,-0.00268102,0.0292163
7.568,-0.0675961,0.0112594,0.00274372,-0.00268021,0.0292163
7.569,-0.0675848,0.0112859,0.00274104,-0.00267945,0.0292163
7.57,-0.0675735,0.0113124,0.00273836,-0.00267876,0.0292163
7.571,-0.0675622,0.011339,0.00273568,-0.00267812,0.0292163
7.572,-0.0675509,0.0113655,0.002733,-0.00267754,0.0292163
7.573,-0.0675395,0.011392,0.00273033,-0.00267702,0.0292163
7.574,-0.0675281,0.0114186,0.00272765,-0.00267655,0.0292163
7.575,-0.0675166,0.0114451,0.00272497,-0.00267615,0.0292163
7.576,-0.0675052,0.0114716,0.0027223,-0.0026758,0.0292163
7.577,-0.0674937,0.0114982,0.00271962,-0.00267551,0.0292163
7.578,-0.0674822,0.0115247,0.00271695,-0.00267527,0.0292163
7.579,-0.0674706,0.0115513,0.00271427,-0.0026751,0.0292163
7.58,-0.0674591,0.0115773,0.0027116,-0.00267381,0.0286315
7.581,-0.0674475,0.0116032,0.00270892,-0.00267258,0.0286315
7.582,-0.0674359,0.0116292,0.00270625,-0.00267141,0.0286315
7.583,-0.0674242,0.0116552,0.00270358,-0.00267029,0.0286315
7.584,-0.0674126,0.0116812,0.00270091,-0.00266924,0.0286315
7.585,-0.0674009,0.0117072,0.00269824,-0.00266824,0.0286315
7.586,-0.0673891,0.0117331,0.00269557,-0.00266729,0.0286315
7.587,-0.0673774,0.0117591,0.00269291,-0.00266641,0.0286315
7.588,-0.0673656,0.0117851,0.00269024,-0.00266558,0.0286315
7.589,-0.0673538,0.0118111,0.00268758,-0.00266481,0.0286315
7.59,-0.067342,0.0118371,0.00268491,-0.0026641,0.0286315
7.591,-0.0673302,0.0118631,0.00268225,-0.00266345,0.0286315
7.592,-0.0673183,0.0118891,0.00267958,-0.00266285,0.0286315
7.593,-0.0673064,0.0119151,0.00267692,-0.00266231,0.0286315
7.594,-0.0672945,0.0119411,0.00267426,-0.00266183,0.0286315
7.595,-0.0672825,0.0119671,0.0026716,-0.00266141,0.0286315
7.596,-0.0672705,0.0119931,0.00266894,-0.00266104,0.0286315
7.597,-0.0672585,0.0120192,0.00266628,-0.00266073,0.0286315
7.598,-0.0672465,0.0120452,0.00266362,-0.00266048,0.0286315
7.599,-0.0672344,0.0120712,0.00266096,-0.00266029,0.0286315
7.6,-0.0672223,0.0120966,0.0026583,-0.00265899,0.0280502
7.601,-0.0672102,0.0121221,0.00265564,-0.00265774,0.0280502
7.602,-0.0671981,0.0121475,0.00265298,-0.00265656,0.0280502
7.603,-0.0671859,0.012173,0.00265032,-0.00265543,0.0280502
7.604,-0.0671737,0.0121984,0.00264767,-0.00265436,0.0280502
7.605,-0.0671615,0.0122239,0.00264502,-0.00265335,0.0280502
7.606,-0.0671493,0.0122493,0.00264236,-0.00265239,0.0280502
7.607,-0.067137,0.0122748,0.00263971,-0.00265149,0.0280502
7.608,-0.0671247,0.0123003,0.00263706,-0.00265065,0.0280502
7.609,-0.0671124,0.0123257,0.00263441,-0.00264987,0.0280502
7.61,-0.0671001,0.0123512,0.00263176,-0.00264914,0.0280502
7.611,-0.0670877,0.0123767,0.00262911,-0.00264847,0.0280502
7.612,-0.0670753,0.0124021,0.00262646,-0.00264786,0.0280502
7.613,-0.0670629,0.0124276,0.00262382,-0.0026473,0.0280502
7.614,-0.0670505,0.0124531,0.00262117,-0.0026468,0.0280502
7.615,-0.067038,0.0124786,0.00261852,-0.00264636,0.0280502
7.616,-0.0670255,0.0125041,0.00261588,-0.00264598,0.0280502
7.617,-0.067013,0.0125295,0.00261323,-0.00264565,0.0280502
7.618,-0.0670005,0.012555,0.00261058,-0.00264538,0.0280502
7.619,-0.0669879,0.0125805,0.00260794,-0.00264517,0.0280502
7.62,-0.0669753,0.0126054,0.00260529,-0.00264386,0.0274723
7.621,-0.0669627,0.0126303,0.00260265,-0.0026426,0.0274723
7.622,-0.0669501,0.0126553,0.00260001,-0.00264141,0.0274723
7.623,-0.0669374,0.0126802,0.00259737,-0.00264027,0.0274723
7.624,-0.0669247,0.0127051,0.00259473,-0.00263918,0.0274723
7.625,-0.066912,0.01273,0.00259209,-0.00263816,0.0274723
7.626,-0.0668992,0.012755,0.00258945,-0.00263719,0.0274723
7.627,-0.0668865,0.0127799,0.00258682,-0.00263627,0.0274723
7.628,-0.0668737,0.0128048,0.00258418,-0.00263542,0.0274723
7.629,-0.0668609,0.0128298,0.00258154,-0.00263462,0.0274723
7.63,-0.066848,0.0128547,0.00257891,-0.00263388,0.0274723
7.631,-0.0668351,0.0128797,0.00257628,-0.00263319,0.0274723
7.632,-0.0668223,0.0129046,0.00257364,-0.00263256,0.0274723
7.633,-0.0668093,0.0129296,0.00257101,-0.00263199,0.0274723
7.634,-0.0667964,0.0129545,0.00256838,-0.00263148,0.0274723
7.635,-0.0667834,0.0129795,0.00256575,-0.00263102,0.0274723
7.636,-0.0667704,0.0130044,0.00256312,-0.00263062,0.0274723
7.637,-0.0667574,0.0130294,0.00256049,-0.00263028,0.0274723
7.638,-0.0667444,0.0130543,0.00255786,-0.00262999,0.0274723
7.639,-0.0667313,0.0130793,0.00255523,-0.00262976,0.0274723
7.64,-0.0667182,0.0131037,0.0025526,-0.00262843,0.026898
7.641,-0.0667051,0.0131281,0.00254997,-0.00262717,0.026898
7.642,-0.066692,0.0131525,0.00254734,-0.00262596,0.026898
7.643,-0.0666788,0.0131769,0.00254472,-0.00262481,0.026898
7.644,-0.0666656,0.0132013,0.00254209,-0.00262371,0.026898
7.645,-0.0666524,0.0132257,0.00253947,-0.00262267,0.026898
7.646,-0.0666392,0.0132501,0.00253685,-0.00262169,0.026898
7.647,-0.0666259,0.0132745,0.00253423,-0.00262076,0.026898
7.648,-0.0666126,0.0132989,0.00253161,-0.00261989,0.026898
7.649,-0.0665993,0.0133234,0.00252899,-0.00261908,0.026898
7.65,-0.066586,0.0133478,0.00252637,-0.00261832,0.026898
7.651,-0.0665726,0.0133722,0.00252375,-0.00261762,0.026898
7.652,-0.0665592,0.0133966,0.00252113,-0.00261698,0.026898
7.653,-0.0665458,0.013421,0.00251852,-0.00261639,0.026898
7.654,-0.0665324,0.0134455,0.0025159,-0.00261586,0.026898
7.655,-0.0665189,0.0134699,0.00251329,-0.00261539,0.026898
7.656,-0.0665054,0.0134943,0.00251067,-0.00261497,0.026898
7.657,-0.0664919,0.0135188,0.00250806,-0.00261461,0.026898
7.658,-0.0664784,0.0135432,0.00250544,-0.0026143,0.026898
7.659,-0.0664648,0.0135677,0.00250283,-0.00261406,0.026898
7.66,-0.0664513,0.0135915,0.00250021,-0.00261272,0.0263272
7.661,-0.0664377,0.0136154,0.0024976,-0.00261145,0.0263272
7.662,-0.066424,0.0136393,0.00249499,-0.00261022,0.0263272
7.663,-0.0664104,0.0136632,0.00249238,-0.00260906,0.0263272
7.664,-0.0663967,0.013687,0.00248977,-0.00260795,0.0263272
7.665,-0.066383,0.0137109,0.00248717,-0.0026069,0.0263272
7.666,-0.0663693,0.0137348,0.00248456,-0.0026059,0.0263272
7.667,-0.0663555,0.0137587,0.00248195,-0.00260497,0.0263272
7.668,-0.0663418,0.0137826,0.00247935,-0.00260408,0.0263272
7.669,-0.066328,0.0138065,0.00247674,-0.00260326,0.0263272
7.67,-0.0663142,0.0138304,0.00247414,-0.00260248,0.0263272
7.671,-0.0663003,0.0138543,0.00247154,-0.00260177,0.0263272
7.672,-0.0662864,0.0138782,0.00246894,-0.00260111,0.0263272
7.673,-0.0662726,0.0139021,0.00246634,-0.00260051,0.0263272
7.674,-0.0662586,0.013926,0.00246374,-0.00259996,0.0263272
7.675,-0.0662447,0.0139499,0.00246114,-0.00259947,0.0263272
7.676,-0.0662307,0.0139738,0.00245854,-0.00259904,0.0263272
7.677,-0.0662168,0.0139978,0.00245594,-0.00259866,0.0263272
7.678,-0.0662027,0.0140217,0.00245334,-0.00259834,0.0263272
7.679,-0.0661887,0.0140456,0.00245074,-0.00259807,0.0263272
7.68,-0.0661747,0.014069,0.00244815,-0.00259673,0.0257601
7.681,-0.0661606,0.0140923,0.00244555,-0.00259544,0.0257601
7.682,-0.0661465,0.0141157,0.00244295,-0.00259421,0.0257601
7.683,-0.0661323,0.014139,0.00244036,-0.00259303,0.0257601
7.684,-0.0661182,0.0141624,0.00243777,-0.00259191,0.0257601
7.685,-0.066104,0.0141858,0.00243518,-0.00259085,0.0257601
7.686,-0.0660898,0.0142092,0.00243259,-0.00258984,0.0257601
7.687,-0.0660756,0.0142325,0.00243,-0.00258889,0.0257601
7.688,-0.0660614,0.0142559,0.00242741,-0.00258799,0.0257601
7.689,-0.0660471,0.0142793,0.00242482,-0.00258715,0.0257601
7.69,-0.0660328,0.0143027,0.00242223,-0.00258637,0.0257601
7.691,-0.0660185,0.0143261,0.00241965,-0.00258564,0.0257601
7.692,-0.0660041,0.0143494,0.00241706,-0.00258497,0.0257601
7.693,-0.0659898,0.0143728,0.00241448,-0.00258435,0.0257601
7.694,-0.0659754,0.0143962,0.00241189,-0.00258379,0.0257601
7.695,-0.065961,0.0144196,0.00240931,-0.00258328,0.0257601
7.696,-0.0659466,0.014443,0.00240673,-0.00258283,0.0257601
7.697,-0.0659321,0.0144664,0.00240415,-0.00258244,0.0257601
7.698,-0.0659176,0.0144898,0.00240156,-0.0025821,0.0257601
7.699,-0.0659031,0.0145132,0.00239898,-0.00258182,0.0257601
7.7,-0.0658886,0.0145361,0.0023964,-0.00258046,0.0251966
7.701,-0.065874,0.0145589,0.00239382,-0.00257917,0.0251966
7.702,-0.0658595,0.0145818,0.00239124,-0.00257792,0.0251966
7.703,-0.0658449,0.0146046,0.00238866,-0.00257674,0.0251966
7.704,-0.0658303,0.0146275,0.00238609,-0.00257561,0.0251966
7.705,-0.0658156,0.0146503,0.00238351,-0.00257453,0.0251966
7.706,-0.065801,0.0146732,0.00238094,-0.00257351,0.0251966
7.707,-0.0657863,0.0146961,0.00237837,-0.00257255,0.0251966
7.708,-0.0657716,0.0147189,0.00237579,-0.00257164,0.0251966
7.709,-0.0657568,0.0147418,0.00237322,-0.00257078,0.0251966
7.71,-0.0657421,0.0147647,0.00237065,-0.00256998,0.0251966
7.711,-0.0657273,0.0147875,0.00236808,-0.00256924,0.0251966
7.712,-0.0657125,0.0148104,0.00236551,-0.00256856,0.0251966
7.713,-0.0656977,0.0148333,0.00236295,-0.00256792,0.0251966
7.714,-0.0656829,0.0148562,0.00236038,-0.00256735,0.0251966
7.715,-0.065668,0.014879,0.00235781,-0.00256683,0.0251966
7.716,-0.0656531,0.0149019,0.00235524,-0.00256636,0.0251966
7.717,-0.0656382,0.0149248,0.00235268,-0.00256595,0.0251966
7.718,-0.0656232,0.0149477,0.00235011,-0.0025656,0.0251966
7.719,-0.0656083,0.0149706,0.00234755,-0.0025653,0.0251966
7.72,-0.0655933,0.0149929,0.00234498,-0.00256393,0.0246369
7.721,-0.0655783,0.0150153,0.00234242,-0.00256263,0.0246369
7.722,-0.0655633,0.0150376,0.00233986,-0.00256137,0.0246369
7.723,-0.0655482,0.01506,0.0023373,-0.00256018,0.0246369
7.724,-0.0655332,0.0150823,0.00233474,-0.00255903,0.0246369
7.725,-0.0655181,0.0151046,0.00233218,-0.00255795,0.0246369
7.726,-0.0655029,0.015127,0.00232962,-0.00255691,0.0246369
7.727,-0.0654878,0.0151493,0.00232706,-0.00255594,0.0246369
7.728,-0.0654726,0.0151717,0.00232451,-0.00255502,0.0246369
7.729,-0.0654575,0.0151941,0.00232195,-0.00255415,0.0246369
7.73,-0.0654423,0.0152164,0.0023194,-0.00255334,0.0246369
7.731,-0.065427,0.0152388,0.00231685,-0.00255258,0.0246369
7.732,-0.0654118,0.0152611,0.0023143,-0.00255188,0.0246369
7.733,-0.0653965,0.0152835,0.00231174,-0.00255124,0.0246369
7.734,-0.0653812,0.0153059,0.00230919,-0.00255065,0.0246369
7.735,-0.0653659,0.0153283,0.00230664,-0.00255011,0.0246369
7.736,-0.0653506,0.0153506,0.00230409,-0.00254963,0.0246369
7.737,-0.0653352,0.015373,0.00230154,-0.0025492,0.0246369
7.738,-0.0653198,0.0153954,0.00229899,-0.00254883,0.0246369
7.739,-0.0653044,0.0154178,0.00229645,-0.00254852,0.0246369
7.74,-0.065289,0.0154396,0.0022939,-0.00254714,0.024081
7.741,-0.0652735,0.0154614,0.00229135,-0.00254583,0.024081
7.742,-0.0652581,0.0154833,0.00228881,-0.00254456,0.024081
7.743,-0.0652426,0.0155051,0.00228626,-0.00254336,0.024081
7.744,-0.065227,0.0155269,0.00228372,-0.0025422,0.024081
7.745,-0.0652115,0.0155488,0.00228118,-0.00254111,0.024081
7.746,-0.0651959,0.0155706,0.00227864,-0.00254006,0.024081
7.747,-0.0651804,0.0155925,0.0022761,-0.00253908,0.024081
7.748,-0.0651648,0.0156143,0.00227356,-0.00253814,0.024081
7.749,-0.0651491,0.0156362,0.00227102,-0.00253726,0.024081
7.75,-0.0651335,0.015658,0.00226848,-0.00253644,0.024081
7.751,-0.0651178,0.0156799,0.00226595,-0.00253567,0.024081
7.752,-0.0651021,0.0157018,0.00226341,-0.00253496,0.024081
7.753,-0.0650864,0.0157236,0.00226088,-0.0025343,0.024081
7.754,-0.0650707,0.0157455,0.00225834,-0.00253369,0.024081
7.755,-0.0650549,0.0157673,0.00225581,-0.00253314,0.024081
7.756,-0.0650391,0.0157892,0.00225328,-0.00253265,0.024081
7.757,-0.0650233,0.0158111,0.00225075,-0.0025322,0.024081
7.758,-0.0650075,0.015833,0.00224821,-0.00253182,0.024081
7.759,-0.0649917,0.0158548,0.00224568,-0.00253149,0.024081
7.76,-0.0649758,0.0158762,0.00224315,-0.00253011,0.023529
7.761,-0.0649599,0.0158975,0.00224062,-0.00252878,0.023529
7.762,-0.064944,0.0159188,0.00223809,-0.00252751,0.023529
7.763,-0.0649281,0.0159402,0.00223557,-0.00252629,0.023529
7.764,-0.0649121,0.0159615,0.00223304,-0.00252513,0.023529
7.765,-0.0648962,0.0159828,0.00223052,-0.00252402,0.023529
7.766,-0.0648802,0.0160042,0.00222799,-0.00252296,0.023529
7.767,-0.0648642,0.0160255,0.00222547,-0.00252196,0.023529
7.768,-0.0648481,0.0160469,0.00222295,-0.00252102,0.023529
7.769,-0.0648321,0.0160682,0.00222043,-0.00252013,0.023529
7.77,-0.064816,0.0160896,0.00221791,-0.00251929,0.023529
7.771,-0.0647999,0.0161109,0.00221539,-0.00251851,0.023529
7.772,-0.0647838,0.0161323,0.00221287,-0.00251778,0.023529
7.773,-0.0647676,0.0161536,0.00221035,-0.00251711,0.023529
7.774,-0.0647515,0.016175,0.00220784,-0.00251649,0.023529
7.775,-0.0647353,0.0161964,0.00220532,-0.00251593,0.023529
7.776,-0.0647191,0.0162177,0.00220281,-0.00251542,0.023529
7.777,-0.0647028,0.0162391,0.00220029,-0.00251496,0.023529
7.778,-0.0646866,0.0162605,0.00219778,-0.00251456,0.023529
7.779,-0.0646703,0.0162819,0.00219526,-0.00251421,0.023529
7.78,-0.064654,0.0163027,0.00219275,-0.00251282,0.0229809
7.781,-0.0646377,0.0163235,0.00219024,-0.00251149,0.0229809
7.782,-0.0646214,0.0163443,0.00218773,-0.00251021,0.0229809
7.783,-0.064605,0.0163652,0.00218522,-0.00250898,0.0229809
7.784,-0.0645886,0.016386,0.00218271,-0.00250781,0.0229809
7.785,-0.0645722,0.0164069,0.0021802,-0.00250669,0.0229809
7.786,-0.0645558,0.0164277,0.00217769,-0.00250562,0.0229809
7.787,-0.0645394,0.0164486,0.00217519,-0.00250461,0.0229809
7.788,-0.0645229,0.0164694,0.00217268,-0.00250366,0.0229809
7.789,-0.0645065,0.0164903,0.00217018,-0.00250276,0.0229809
7.79,-0.06449,0.0165111,0.00216768,-0.00250191,0.0229809
7.791,-0.0644734,0.016532,0.00216518,-0.00250111,0.0229809
7.792,-0.0644569,0.0165528,0.00216268,-0.00250037,0.0229809
7.793,-0.0644403,0.0165737,0.00216018,-0.00249969,0.0229809
7.794,-0.0644237,0.0165945,0.00215768,-0.00249905,0.0229809
7.795,-0.0644071,0.0166154,0.00215518,-0.00249848,0.0229809
7.796,-0.0643905,0.0166363,0.00215268,-0.00249795,0.0229809
7.797,-0.0643739,0.0166571,0.00215018,-0.00249748,0.0229809
7.798,-0.0643572,0.016678,0.00214769,-0.00249706,0.0229809
7.799,-0.0643405,0.0166989,0.00214519,-0.0024967,0.0229809
7.8,-0.0643238,0.0167192,0.00214269,-0.0024953,0.0224367
7.801,-0.0643071,0.0167396,0.0021402,-0.00249396,0.0224367
7.802,-0.0642903,0.0167599,0.0021377,-0.00249267,0.0224367
7.803,-0.0642735,0.0167802,0.00213521,-0.00249144,0.0224367
7.804,-0.0642568,0.0168006,0.00213272,-0.00249025,0.0224367
7.805,-0.0642399,0.0168209,0.00213023,-0.00248913,0.0224367
7.806,-0.0642231,0.0168413,0.00212774,-0.00248805,0.0224367
7.807,-0.0642063,0.0168616,0.00212526,-0.00248703,0.0224367
7.808,-0.0641894,0.016882,0.00212277,-0.00248606,0.0224367
7.809,-0.0641725,0.0169023,0.00212028,-0.00248515,0.0224367
7.81,-0.0641556,0.0169227,0.0021178,-0.00248429,0.0224367
7.811,-0.0641387,0.0169431,0.00211532,-0.00248348,0.0224367
7.812,-0.0641217,0.0169634,0.00211283,-0.00248273,0.0224367
7.813,-0.0641047,0.0169838,0.00211035,-0.00248203,0.0224367
7.814,-0.0640877,0.0170042,0.00210787,-0.00248139,0.0224367
7.815,-0.0640707,0.0170245,0.00210539,-0.00248079,0.0224367
7.816,-0.0640537,0.0170449,0.00210291,-0.00248026,0.0224367
7.817,-0.0640366,0.0170653,0.00210043,-0.00247977,0.0224367
7.818,-0.0640196,0.0170856,0.00209795,-0.00247934,0.0224367
7.819,-0.0640025,0.017106,0.00209547,-0.00247896,0.0224367
7.82,-0.0639853,0.0171259,0.00209299,-0.00247756,0.0218965
7.821,-0.0639682,0.0171457,0.00209051,-0.00247621,0.0218965
7.822,-0.0639511,0.0171656,0.00208804,-0.00247491,0.0218965
7.823,-0.0639339,0.0171854,0.00208556,-0.00247366,0.0218965
7.824,-0.0639167,0.0172053,0.00208309,-0.00247247,0.0218965
7.825,-0.0638995,0.0172251,0.00208062,-0.00247134,0.0218965
7.826,-0.0638822,0.017245,0.00207815,-0.00247025,0.0218965
7.827,-0.063865,0.0172648,0.00207568,-0.00246922,0.0218965
7.828,-0.0638477,0.0172847,0.00207321,-0.00246824,0.0218965
7.829,-0.0638304,0.0173046,0.00207074,-0.00246732,0.0218965
7.83,-0.0638131,0.0173244,0.00206827,-0.00246645,0.0218965
7.831,-0.0637958,0.0173443,0.00206581,-0.00246563,0.0218965
7.832,-0.0637784,0.0173642,0.00206334,-0.00246486,0.0218965
7.833,-0.063761,0.017384,0.00206088,-0.00246415,0.0218965
7.834,-0.0637436,0.0174039,0.00205841,-0.0024635,0.0218965
7.835,-0.0637262,0.0174238,0.00205595,-0.00246289,0.0218965
7.836,-0.0637088,0.0174437,0.00205349,-0.00246234,0.0218965
7.837,-0.0636913,0.0174636,0.00205103,-0.00246184,0.0218965
7.838,-0.0636739,0.0174834,0.00204856,-0.00246139,0.0218965
7.839,-0.0636564,0.0175033,0.0020461,-0.002461,0.0218965
7.84,-0.0636389,0.0175227,0.00204364,-0.00245959,0.0213604
7.841,-0.0636213,0.017542,0.00204118,-0.00245823,0.0213604
7.842,-0.0636038,0.0175614,0.00203873,-0.00245693,0.0213604
7.843,-0.0635862,0.0175808,0.00203627,-0.00245567,0.0213604
7.844,-0.0635686,0.0176001,0.00203382,-0.00245447,0.0213604
7.845,-0.063551,0.0176195,0.00203136,-0.00245333,0.0213604
7.846,-0.0635334,0.0176389,0.00202891,-0.00245223,0.0213604
7.847,-0.0635157,0.0176582,0.00202646,-0.00245119,0.0213604
7.848,-0.0634981,0.0176776,0.00202401,-0.0024502,0.0213604
7.849,-0.0634804,0.017697,0.00202156,-0.00244927,0.0213604
7.85,-0.0634627,0.0177164,0.00201911,-0.00244839,0.0213604
7.851,-0.0634449,0.0177357,0.00201666,-0.00244756,0.0213604
7.852,-0.0634272,0.0177551,0.00201421,-0.00244678,0.0213604
7.853,-0.0634094,0.0177745,0.00201177,-0.00244606,0.0213604
7.854,-0.0633916,0.0177939,0.00200932,-0.00244539,0.0213604
7.855,-0.0633738,0.0178133,0.00200688,-0.00244477,0.0213604
7.856,-0.063356,0.0178327,0.00200443,-0.0024442,0.0213604
7.857,-0.0633382,0.0178521,0.00200199,-0.00244369,0.0213604
7.858,-0.0633203,0.0178715,0.00199954,-0.00244323,0.0213604
7.859,-0.0633024,0.0178909,0.0019971,-0.00244282,0.0213604
7.86,-0.0632845,0.0179097,0.00199466,-0.00244141,0.0208284
7.861,-0.0632666,0.0179286,0.00199222,-0.00244004,0.0208284
7.862,-0.0632487,0.0179475,0.00198978,-0.00243873,0.0208284
7.863,-0.0632307,0.0179664,0.00198734,-0.00243747,0.0208284
7.864,-0.0632127,0.0179852,0.0019849,-0.00243626,0.0208284
7.865,-0.0631947,0.0180041,0.00198247,-0.0024351,0.0208284
7.866,-0.0631767,0.018023,0.00198003,-0.002434,0.0208284
7.867,-0.0631587,0.0180419,0.0019776,-0.00243295,0.0208284
7.868,-0.0631406,0.0180608,0.00197517,-0.00243195,0.0208284
7.869,-0.0631226,0.0180797,0.00197274,-0.00243101,0.0208284
7.87,-0.0631045,0.0180986,0.00197031,-0.00243012,0.0208284
7.871,-0.0630864,0.0181175,0.00196788,-0.00242928,0.0208284
7.872,-0.0630683,0.0181364,0.00196545,-0.00242849,0.0208284
7.873,-0.0630501,0.0181553,0.00196302,-0.00242775,0.0208284
7.874,-0.0630319,0.0181742,0.00196059,-0.00242707,0.0208284
7.875,-0.0630138,0.0181931,0.00195816,-0.00242644,0.0208284
7.876,-0.0629956,0.018212,0.00195574,-0.00242586,0.0208284
7.877,-0.0629773,0.0182309,0.00195331,-0.00242534,0.0208284
7.878,-0.0629591,0.0182498,0.00195089,-0.00242486,0.0208284
7.879,-0.0629408,0.0182687,0.00194846,-0.00242444,0.0208284
7.88,-0.0629226,0.0182871,0.00194604,-0.00242302,0.0203005
7.881,-0.0629043,0.0183055,0.00194362,-0.00242164,0.0203005
7.882,-0.0628859,0.0183239,0.0019412,-0.00242032,0.0203005
7.883,-0.0628676,0.0183423,0.00193878,-0.00241906,0.0203005
7.884,-0.0628493,0.0183607,0.00193636,-0.00241784,0.0203005
7.885,-0.0628309,0.0183791,0.00193394,-0.00241668,0.0203005
7.886,-0.0628125,0.0183975,0.00193152,-0.00241557,0.0203005
7.887,-0.0627941,0.0184159,0.00192911,-0.00241451,0.0203005
7.888,-0.0627757,0.0184343,0.0019267,-0.0024135,0.0203005
7.889,-0.0627572,0.0184527,0.00192428,-0.00241254,0.0203005
7.89,-0.0627388,0.0184712,0.00192187,-0.00241164,0.0203005
7.891,-0.0627203,0.0184896,0.00191946,-0.00241079,0.0203005
7.892,-0.0627018,0.018508,0.00191705,-0.00240999,0.0203005
7.893,-0.0626833,0.0185264,0.00191464,-0.00240925,0.0203005
7.894,-0.0626647,0.0185448,0.00191223,-0.00240855,0.0203005
7.895,-0.0626462,0.0185633,0.00190982,-0.00240791,0.0203005
7.896,-0.0626276,0.0185817,0.00190741,-0.00240732,0.0203005
7.897,-0.062609,0.0186001,0.00190501,-0.00240678,0.0203005
7.898,-0.0625904,0.0186186,0.0019026,-0.00240629,0.0203005
7.899,-0.0625718,0.018637,0.00190019,-0.00240586,0.0203005
7.9,-0.0625531,0.0186549,0.00189779,-0.00240443,0.0197768
7.901,-0.0625345,0.0186728,0.00189539,-0.00240305,0.0197768
7.902,-0.0625158,0.0186907,0.00189298,-0.00240172,0.0197768
7.903,-0.0624971,0.0187087,0.00189058,-0.00240045,0.0197768
7.904,-0.0624784,0.0187266,0.00188818,-0.00239922,0.0197768
7.905,-0.0624596,0.0187445,0.00188578,-0.00239805,0.0197768
7.906,-0.0624409,0.0187624,0.00188339,-0.00239693,0.0197768
7.907,-0.0624221,0.0187804,0.00188099,-0.00239586,0.0197768
7.908,-0.0624033,0.0187983,0.00187859,-0.00239485,0.0197768
7.909,-0.0623845,0.0188162,0.0018762,-0.00239388,0.0197768
7.91,-0.0623657,0.0188342,0.00187381,-0.00239297,0.0197768
7.911,-0.0623468,0.0188521,0.00187141,-0.00239211,0.0197768
7.912,-0.062328,0.0188701,0.00186902,-0.0023913,0.0197768
7.913,-0.0623091,0.018888,0.00186663,-0.00239054,0.0197768
7.914,-0.0622902,0.0189059,0.00186424,-0.00238984,0.0197768
7.915,-0.0622713,0.0189239,0.00186185,-0.00238918,0.0197768
7.916,-0.0622524,0.0189418,0.00185946,-0.00238858,0.0197768
7.917,-0.0622334,0.0189598,0.00185707,-0.00238803,0.0197768
7.918,-0.0622144,0.0189778,0.00185469,-0.00238753,0.0197768
7.919,-0.0621955,0.0189957,0.0018523,-0.00238708,0.0197768
7.92,-0.0621764,0.0190132,0.00184991,-0.00238564,0.0192573
7.921,-0.0621574,0.0190306,0.00184753,-0.00238426,0.0192573
7.922,-0.0621384,0.019048,0.00184514,-0.00238292,0.0192573
7.923,-0.0621193,0.0190655,0.00184276,-0.00238164,0.0192573
7.924,-0.0621003,0.0190829,0.00184038,-0.00238041,0.0192573
7.925,-0.0620812,0.0191004,0.001838,-0.00237923,0.0192573
7.926,-0.0620621,0.0191179,0.00183562,-0.00237811,0.0192573
7.927,-0.0620429,0.0191353,0.00183325,-0.00237703,0.0192573
7.928,-0.0620238,0.0191528,0.00183087,-0.00237601,0.0192573
7.929,-0.0620046,0.0191702,0.00182849,-0.00237503,0.0192573
7.93,-0.0619854,0.0191877,0.00182612,-0.00237411,0.0192573
7.931,-0.0619662,0.0192052,0.00182375,-0.00237324,0.0192573
7.932,-0.061947,0.0192226,0.00182137,-0.00237242,0.0192573
7.933,-0.0619278,0.0192401,0.001819,-0.00237165,0.0192573
7.934,-0.0619086,0.0192576,0.00181663,-0.00237093,0.0192573
7.935,-0.0618893,0.0192751,0.00181426,-0.00237027,0.0192573
7.936,-0.06187,0.0192925,0.00181189,-0.00236965,0.0192573
7.937,-0.0618507,0.01931,0.00180952,-0.00236909,0.0192573
7.938,-0.0618314,0.0193275,0.00180715,-0.00236857,0.0192573
7.939,-0.061812,0.019345,0.00180478,-0.00236811,0.0192573
7.94,-0.0617927,0.019362,0.00180241,-0.00236667,0.0187421
7.941,-0.0617733,0.0193789,0.00180005,-0.00236528,0.0187421
7.942,-0.0617539,0.0193959,0.00179768,-0.00236394,0.0187421
7.943,-0.0617345,0.0194129,0.00179532,-0.00236265,0.0187421
7.944,-0.0617151,0.0194299,0.00179296,-0.00236142,0.0187421
7.945,-0.0616957,0.0194469,0.0017906,-0.00236023,0.0187421
7.946,-0.0616762,0.0194638,0.00178824,-0.0023591,0.0187421
7.947,-0.0616567,0.0194808,0.00178588,-0.00235801,0.0187421
7.948,-0.0616373,0.0194978,0.00178352,-0.00235698,0.0187421
7.949,-0.0616177,0.0195148,0.00178117,-0.002356,0.0187421
7.95,-0.0615982,0.0195318,0.00177881,-0.00235507,0.0187421
7.951,-0.0615787,0.0195488,0.00177646,-0.00235418,0.0187421
7.952,-0.0615591,0.0195658,0.0017741,-0.00235335,0.0187421
7.953,-0.0615396,0.0195828,0.00177175,-0.00235258,0.0187421
7.954,-0.06152,0.0195998,0.0017694,-0.00235185,0.0187421
7.955,-0.0615004,0.0196168,0.00176704,-0.00235117,0.0187421
7.956,-0.0614807,0.0196338,0.00176469,-0.00235054,0.0187421
7.957,-0.0614611,0.0196509,0.00176234,-0.00234997,0.0187421
7.958,-0.0614414,0.0196679,0.00175999,-0.00234944,0.0187421
7.959,-0.0614217,0.0196849,0.00175764,-0.00234897,0.0187421
7.96,-0.0614021,0.0197014,0.0017553,-0.00234752,0.0182312
7.961,-0.0613823,0.0197179,0.00175295,-0.00234613,0.0182312
7.962,-0.0613626,0.0197344,0.0017506,-0.00234478,0.0182312
7.963,-0.0613429,0.0197509,0.00174826,-0.00234349,0.0182312
7.964,-0.0613231,0.0197674,0.00174592,-0.00234224,0.0182312
7.965,-0.0613033,0.019784,0.00174358,-0.00234105,0.0182312
7.966,-0.0612836,0.0198005,0.00174124,-0.00233991,0.0182312
7.967,-0.0612637,0.019817,0.0017389,-0.00233882,0.0182312
7.968,-0.0612439,0.0198335,0.00173656,-0.00233778,0.0182312
7.969,-0.0612241,0.0198501,0.00173422,-0.00233679,0.0182312
7.97,-0.0612042,0.0198666,0.00173188,-0.00233584,0.0182312
7.971,-0.0611843,0.0198831,0.00172955,-0.00233495,0.0182312
7.972,-0.0611645,0.0198997,0.00172721,-0.00233412,0.0182312
7.973,-0.0611445,0.0199162,0.00172488,-0.00233333,0.0182312
7.974,-0.0611246,0.0199327,0.00172255,-0.00233259,0.0182312
7.975,-0.0611047,0.0199493,0.00172022,-0.0023319,0.0182312
7.976,-0.0610847,0.0199658,0.00171788,-0.00233126,0.0182312
7.977,-0.0610647,0.0199824,0.00171555,-0.00233067,0.0182312
7.978,-0.0610448,0.0199989,0.00171322,-0.00233013,0.0182312
7.979,-0.0610247,0.0200155,0.00171089,-0.00232965,0.0182312
7.98,-0.0610047,0.0200315,0.00170856,-0.0023282,0.0177246
7.981,-0.0609847,0.0200476,0.00170624,-0.0023268,0.0177246
7.982,-0.0609646,0.0200636,0.00170391,-0.00232545,0.0177246
7.983,-0.0609446,0.0200797,0.00170159,-0.00232415,0.0177246
7.984,-0.0609245,0.0200957,0.00169926,-0.0023229,0.0177246
7.985,-0.0609044,0.0201118,0.00169694,-0.0023217,0.0177246
7.986,-0.0608842,0.0201279,0.00169462,-0.00232055,0.0177246
7.987,-0.0608641,0.0201439,0.0016923,-0.00231945,0.0177246
7.988,-0.060844,0.02016,0.00168998,-0.0023184,0.0177246
7.989,-0.0608238,0.0201761,0.00168766,-0.0023174,0.0177246
7.99,-0.0608036,0.0201921,0.00168534,-0.00231645,0.0177246
7.991,-0.0607834,0.0202082,0.00168303,-0.00231556,0.0177246
7.992,-0.0607632,0.0202243,0.00168071,-0.00231471,0.0177246
7.993,-0.060743,0.0202403,0.0016784,-0.00231391,0.0177246
7.994,-0.0607227,0.0202564,0.00167609,-0.00231316,0.0177246
7.995,-0.0607024,0.0202725,0.00167377,-0.00231246,0.0177246
7.996,-0.0606822,0.0202886,0.00167146,-0.00231181,0.0177246
7.997,-0.0606619,0.0203047,0.00166915,-0.00231121,0.0177246
7.998,-0.0606416,0.0203208,0.00166684,-0.00231066,0.0177246
7.999,-0.0606212,0.0203369,0.00166453,-0.00231016,0.0177246
