t,x,x_dot,theta,theta_dot,u
0,4.83874e-06,0.00967748,0.149992,-0.0162057,9.84404
0.001,1.92563e-05,0.0191577,0.149968,-0.0320217,9.64635
0.002,4.30576e-05,0.0284447,0.149928,-0.0474563,9.45261
0.003,7.60511e-05,0.0375423,0.149873,-0.0625174,9.26275
0.004,0.000118049,0.0464544,0.149803,-0.077213,9.07669
0.005,0.000168869,0.0551846,0.149719,-0.0915507,8.89435
0.006,0.00022833,0.0637367,0.14962,-0.105538,8.71565
0.007,0.000296255,0.0721142,0.149508,-0.119182,8.54051
0.008,0.000372472,0.0803205,0.149382,-0.132491,8.36887
0.009,0.000456812,0.0883592,0.149243,-0.145471,8.20066
0.01,0.000549109,0.0962336,0.149091,-0.158129,8.0358
0.011,0.000649199,0.103947,0.148927,-0.170472,7.87422
0.012,0.000756924,0.111503,0.148751,-0.182507,7.71586
0.013,0.000872127,0.118904,0.148562,-0.194239,7.56065
0.014,0.000994655,0.126153,0.148362,-0.205677,7.40853
0.015,0.00112436,0.133254,0.148151,-0.216825,7.25944
0.016,0.00126109,0.140209,0.147929,-0.227689,7.11331
0.017,0.00140471,0.147022,0.147696,-0.238277,6.97008
0.018,0.00155507,0.153695,0.147452,-0.248593,6.8297
0.019,0.00171203,0.160231,0.147199,-0.258643,6.6921
0.02,0.00187546,0.166633,0.146935,-0.268434,6.55724
0.021,0.00204523,0.172903,0.146662,-0.277969,6.42504
0.022,0.0022212,0.179045,0.146379,-0.287256,6.29547
0.023,0.00240326,0.18506,0.146088,-0.296298,6.16847
0.024,0.00259126,0.190951,0.145787,-0.305102,6.04398
0.025,0.0027851,0.19672,0.145477,-0.313672,5.92195
0.026,0.00298464,0.202371,0.14516,-0.322013,5.80234
0.027,0.00318978,0.207905,0.144834,-0.33013,5.68509
0.028,0.00340039,0.213325,0.144499,-0.338028,5.57016
0.029,0.00361637,0.218632,0.144158,-0.345711,5.45751
0.03,0.0038376,0.22383,0.143808,-0.353184,5.34707
0.031,0.00406398,0.228921,0.143451,-0.360452,5.23882
0.032,0.00429539,0.233906,0.143087,-0.367518,5.1327
0.033,0.00453174,0.238787,0.142716,-0.374387,5.02867
0.034,0.00477292,0.243567,0.142339,-0.381063,4.9267
0.035,0.00501882,0.248248,0.141954,-0.387551,4.82673
0.036,0.00526936,0.252831,0.141564,-0.393854,4.72873
0.037,0.00552444,0.257319,0.141167,-0.399976,4.63266
0.038,0.00578395,0.261714,0.140764,-0.405921,4.53849
0.039,0.00604782,0.266017,0.140355,-0.411693,4.44616
0.04,0.00631594,0.27023,0.13994,-0.417296,4.35564
0.041,0.00658824,0.274355,0.13952,-0.422732,4.26691
0.042,0.00686461,0.278393,0.139095,-0.428007,4.17992
0.043,0.00714498,0.282347,0.138665,-0.433122,4.09463
0.044,0.00742926,0.286218,0.138229,-0.438082,4.01102
0.045,0.00771737,0.290007,0.137788,-0.44289,3.92905
0.046,0.00800924,0.293717,0.137343,-0.447549,3.84868
0.047,0.00830477,0.297349,0.136893,-0.452062,3.76988
0.048,0.00860389,0.300904,0.136439,-0.456433,3.69263
0.049,0.00890654,0.304384,0.135981,-0.460664,3.61689
0.05,0.00921263,0.30779,0.135518,-0.464759,3.54263
0.051,0.00952208,0.311124,0.135051,-0.46872,3.46983
0.052,0.00983484,0.314387,0.134581,-0.472551,3.39844
0.053,0.0101508,0.317581,0.134106,-0.476253,3.32845
0.054,0.01047,0.320707,0.133628,-0.479831,3.25982
0.055,0.0107922,0.323767,0.133147,-0.483286,3.19253
0.056,0.0111175,0.326761,0.132662,-0.486621,3.12655
0.057,0.0114457,0.329691,0.132173,-0.489839,3.06186
0.058,0.0117768,0.332558,0.131682,-0.492943,2.99843
0.059,0.0121108,0.335363,0.131188,-0.495934,2.93623
0.06,0.0124475,0.338109,0.13069,-0.498816,2.87524
0.061,0.012787,0.340795,0.13019,-0.50159,2.81543
0.062,0.0131291,0.343423,0.129687,-0.504259,2.75679
0.063,0.0134738,0.345994,0.129181,-0.506826,2.69928
0.064,0.013821,0.348509,0.128673,-0.509292,2.64289
0.065,0.0141708,0.35097,0.128163,-0.511661,2.58759
0.066,0.0145229,0.353377,0.12765,-0.513933,2.53336
0.067,0.0148775,0.355731,0.127135,-0.516111,2.48019
0.068,0.0152344,0.358034,0.126618,-0.518197,2.42804
0.069,0.0155935,0.360286,0.126099,-0.520193,2.37689
0.07,0.0159549,0.362489,0.125578,-0.522101,2.32674
0.071,0.0163185,0.364643,0.125055,-0.523924,2.27755
0.072,0.0166842,0.36675,0.12453,-0.525662,2.22931
0.073,0.017052,0.36881,0.124003,-0.527318,2.18201
0.074,0.0174218,0.370824,0.123475,-0.528894,2.13561
0.075,0.0177936,0.372793,0.122946,-0.530391,2.0901
0.076,0.0181674,0.374718,0.122414,-0.531812,2.04547
0.077,0.018543,0.3766,0.121882,-0.533157,2.0017
0.078,0.0189205,0.37844,0.121348,-0.534429,1.95877
0.079,0.0192999,0.380238,0.120813,-0.535629,1.91666
0.08,0.019681,0.381996,0.120277,-0.536759,1.87535
0.081,0.0200638,0.383713,0.11974,-0.537821,1.83484
0.082,0.0204484,0.385392,0.119201,-0.538815,1.7951
0.083,0.0208346,0.387032,0.118662,-0.539744,1.75613
0.084,0.0212224,0.388634,0.118122,-0.540609,1.71789
0.085,0.0216119,0.390199,0.117581,-0.541411,1.68039
0.086,0.0220028,0.391728,0.117039,-0.542152,1.6436
0.087,0.0223953,0.393222,0.116497,-0.542833,1.60751
0.088,0.0227892,0.394681,0.115954,-0.543456,1.57211
0.089,0.0231846,0.396106,0.11541,-0.544022,1.53738
0.09,0.0235814,0.397497,0.114866,-0.544532,1.50331
0.091,0.0239796,0.398855,0.114321,-0.544987,1.46989
0.092,0.0243791,0.400181,0.113776,-0.54539,1.4371
0.093,0.02478,0.401476,0.11323,-0.54574,1.40493
0.094,0.0251821,0.40274,0.112684,-0.546039,1.37337
0.095,0.0255854,0.403973,0.112138,-0.546289,1.3424
0.096,0.02599,0.405176,0.111592,-0.546491,1.31202
0.097,0.0263958,0.40635,0.111045,-0.546645,1.28221
0.098,0.0268027,0.407496,0.110498,-0.546753,1.25297
0.099,0.0272107,0.408613,0.109952,-0.546816,1.22427
0.1,0.0276199,0.409703,0.109405,-0.546834,1.19611
0.101,0.0280301,0.410765,0.108858,-0.54681,1.16848
0.102,0.0284414,0.411801,0.108311,-0.546744,1.14137
0.103,0.0288537,0.412811,0.107764,-0.546637,1.11477
0.104,0.029267,0.413796,0.107218,-0.546489,1.08866
0.105,0.0296813,0.414755,0.106671,-0.546303,1.06304
0.106,0.0300965,0.41569,0.106125,-0.546079,1.0379
0.107,0.0305127,0.416601,0.105579,-0.545817,1.01323
0.108,0.0309297,0.417488,0.105034,-0.545519,0.989012
0.109,0.0313476,0.418352,0.104488,-0.545185,0.965247
0.11,0.0317664,0.419193,0.103943,-0.544817,0.941923
0.111,0.032186,0.420012,0.103399,-0.544416,0.919031
0.112,0.0326064,0.420808,0.102854,-0.543981,0.896563
0.113,0.0330276,0.421584,0.102311,-0.543514,0.874509
0.114,0.0334496,0.422338,0.101767,-0.543016,0.852862
0.115,0.0338723,0.423071,0.101225,-0.542488,0.831614
0.116,0.0342957,0.423784,0.100682,-0.541929,0.810757
0.117,0.0347198,0.424478,0.100141,-0.541342,0.790283
0.118,0.0351447,0.425151,0.0995998,-0.540726,0.770184
0.119,0.0355701,0.425806,0.0990594,-0.540083,0.750453
0.12,0.0359963,0.426441,0.0985197,-0.539413,0.731082
0.121,0.036423,0.427059,0.0979806,-0.538717,0.712065
0.122,0.0368504,0.427658,0.0974423,-0.537995,0.693395
0.123,0.0372783,0.428239,0.0969046,-0.537248,0.675064
0.124,0.0377068,0.428802,0.0963678,-0.536478,0.657066
0.125,0.0381359,0.429349,0.0958317,-0.535683,0.639394
0.126,0.0385655,0.429879,0.0952964,-0.534866,0.622042
0.127,0.0389957,0.430392,0.094762,-0.534026,0.605004
0.128,0.0394263,0.430889,0.0942284,-0.533164,0.588273
0.129,0.0398574,0.43137,0.0936957,-0.532281,0.571843
0.13,0.040289,0.431836,0.0931638,-0.531378,0.555708
0.131,0.0407211,0.432286,0.0926329,-0.530454,0.539862
0.132,0.0411536,0.432721,0.0921029,-0.529511,0.524301
0.133,0.0415865,0.433141,0.0915739,-0.528549,0.509017
0.134,0.0420199,0.433547,0.0910459,-0.527568,0.494006
0.135,0.0424536,0.433939,0.0905188,-0.52657,0.479262
0.136,0.0428877,0.434316,0.0899927,-0.525554,0.46478
0.137,0.0433222,0.43468,0.0894677,-0.52452,0.450554
0.138,0.0437571,0.435031,0.0889437,-0.523471,0.436581
0.139,0.0441923,0.435368,0.0884208,-0.522405,0.422854
0.14,0.0446278,0.435692,0.0878989,-0.521323,0.409369
0.141,0.0450637,0.436004,0.0873781,-0.520227,0.396121
0.142,0.0454998,0.436303,0.0868584,-0.519115,0.383105
0.143,0.0459363,0.43659,0.0863399,-0.51799,0.370318
0.144,0.046373,0.436864,0.0858225,-0.51685,0.357753
0.145,0.04681,0.437127,0.0853062,-0.515697,0.345408
0.146,0.0472473,0.437378,0.0847911,-0.514531,0.333277
0.147,0.0476848,0.437618,0.0842771,-0.513353,0.321357
0.148,0.0481225,0.437847,0.0837644,-0.512161,0.309643
0.149,0.0485604,0.438064,0.0832528,-0.510958,0.298132
0.15,0.0489986,0.438271,0.0827425,-0.509744,0.286819
0.151,0.049437,0.438467,0.0822334,-0.508518,0.2757
0.152,0.0498755,0.438653,0.0817255,-0.507282,0.264772
0.153,0.0503143,0.438828,0.0812188,-0.506034,0.254031
0.154,0.0507532,0.438993,0.0807134,-0.504777,0.243473
0.155,0.0511923,0.439149,0.0802092,-0.50351,0.233094
0.156,0.0516315,0.439295,0.0797064,-0.502233,0.222892
0.157,0.0520708,0.439431,0.0792048,-0.500948,0.212863
0.158,0.0525103,0.439557,0.0787045,-0.499653,0.203003
0.159,0.05295,0.439675,0.0782055,-0.49835,0.193309
0.16,0.0533897,0.439784,0.0777078,-0.497038,0.183778
0.161,0.0538295,0.439883,0.0772114,-0.495718,0.174407
0.162,0.0542694,0.439974,0.0767164,-0.494391,0.165192
0.163,0.0547095,0.440056,0.0762226,-0.493056,0.15613
0.164,0.0551496,0.44013,0.0757303,-0.491714,0.14722
0.165,0.0555897,0.440196,0.0752392,-0.490366,0.138457
0.166,0.0560299,0.440253,0.0747495,-0.48901,0.129838
0.167,0.0564702,0.440303,0.0742612,-0.487648,0.121362
0.168,0.0569105,0.440344,0.0737742,-0.48628,0.113025
0.169,0.0573509,0.440378,0.0732886,-0.484906,0.104824
0.17,0.0577913,0.440404,0.0728044,-0.483526,0.0967573
0.171,0.0582317,0.440423,0.0723216,-0.482141,0.0888219
0.172,0.0586721,0.440434,0.0718402,-0.480751,0.0810152
0.173,0.0591126,0.440438,0.0713601,-0.479356,0.0733349
0.174,0.059553,0.440435,0.0708814,-0.477956,0.0657785
0.175,0.0599934,0.440425,0.0704042,-0.476551,0.0583435
0.176,0.0604339,0.440409,0.0699283,-0.475142,0.0510277
0.177,0.0608742,0.440385,0.0694539,-0.473729,0.0438288
0.178,0.0613146,0.440355,0.0689809,-0.472312,0.0367446
0.179,0.061755,0.440318,0.0685093,-0.470891,0.0297728
0.18,0.0621953,0.440275,0.0680391,-0.469466,0.0229113
0.181,0.0626355,0.440226,0.0675704,-0.468039,0.0161579
0.182,0.0630757,0.44017,0.067103,-0.466607,0.00951076
0.183,0.0635158,0.440109,0.0666372,-0.465173,0.0029677
0.184,0.0639559,0.440041,0.0661727,-0.463736,-0.00347324
0.185,0.0643959,0.439967,0.0657097,-0.462297,-0.00981398
0.186,0.0648358,0.439888,0.0652481,-0.460855,-0.0160564
0.187,0.0652757,0.439803,0.064788,-0.45941,-0.0222025
0.188,0.0657155,0.439712,0.0643293,-0.457963,-0.0282539
0.189,0.0661551,0.439616,0.0638721,-0.456514,-0.0342125
0.19,0.0665947,0.439514,0.0634163,-0.455064,-0.04008
0.191,0.0670341,0.439407,0.0629619,-0.453611,-0.0458582
0.192,0.0674735,0.439295,0.062509,-0.452157,-0.0515488
0.193,0.0679127,0.439178,0.0620576,-0.450701,-0.0571533
0.194,0.0683518,0.439055,0.0616076,-0.449245,-0.0626734
0.195,0.0687908,0.438928,0.0611591,-0.447786,-0.0681107
0.196,0.0692297,0.438795,0.0607121,-0.446327,-0.0734667
0.197,0.0696684,0.438658,0.0602665,-0.444867,-0.078743
0.198,0.070107,0.438516,0.0598223,-0.443406,-0.083941
0.199,0.0705455,0.438369,0.0593797,-0.441944,-0.0890623
0.2,0.0709837,0.438218,0.0589385,-0.440482,-0.0941081
0.201,0.0714219,0.438062,0.0584987,-0.439019,-0.09908
0.202,0.0718599,0.437901,0.0580604,-0.437556,-0.103979
0.203,0.0722977,0.437737,0.0576236,-0.436093,-0.108807
0.204,0.0727353,0.437567,0.0571882,-0.43463,-0.113565
0.205,0.0731728,0.437394,0.0567543,-0.433166,-0.118255
0.206,0.0736101,0.437216,0.0563219,-0.431703,-0.122877
0.207,0.0740472,0.437035,0.0558909,-0.43024,-0.127433
0.208,0.0744842,0.436849,0.0554614,-0.428777,-0.131924
0.209,0.0749209,0.436659,0.0550334,-0.427314,-0.136351
0.21,0.0753575,0.436465,0.0546068,-0.425852,-0.140715
0.211,0.0757939,0.436267,0.0541817,-0.42439,-0.145019
0.212,0.07623,0.436066,0.053758,-0.42293,-0.149261
0.213,0.076666,0.43586,0.0533358,-0.421469,-0.153445
0.214,0.0771018,0.435651,0.0529151,-0.42001,-0.157571
0.215,0.0775373,0.435439,0.0524958,-0.418552,-0.161639
0.216,0.0779726,0.435222,0.052078,-0.417094,-0.165651
0.217,0.0784077,0.435002,0.0516616,-0.415638,-0.169609
0.218,0.0788426,0.434779,0.0512467,-0.414182,-0.173512
0.219,0.0792773,0.434552,0.0508332,-0.412728,-0.177362
0.22,0.0797117,0.434322,0.0504212,-0.411275,-0.18116
0.221,0.0801459,0.434088,0.0500107,-0.409824,-0.184907
0.222,0.0805799,0.433851,0.0496016,-0.408374,-0.188603
0.223,0.0810136,0.433611,0.049194,-0.406926,-0.19225
0.224,0.0814471,0.433368,0.0487877,-0.405479,-0.195849
0.225,0.0818804,0.433121,0.048383,-0.404033,-0.1994
0.226,0.0823134,0.432872,0.0479797,-0.40259,-0.202904
0.227,0.0827461,0.432619,0.0475778,-0.401148,-0.206362
0.228,0.0831786,0.432363,0.0471774,-0.399707,-0.209775
0.229,0.0836108,0.432104,0.0467784,-0.398269,-0.213143
0.23,0.0840428,0.431843,0.0463809,-0.396833,-0.216468
0.231,0.0844745,0.431578,0.0459847,-0.395399,-0.21975
0.232,0.084906,0.431311,0.0455901,-0.393966,-0.22299
0.233,0.0853372,0.431041,0.0451968,-0.392536,-0.226189
0.234,0.0857681,0.430768,0.044805,-0.391108,-0.229346
0.235,0.0861987,0.430492,0.0444146,-0.389682,-0.232464
0.236,0.086629,0.430213,0.0440256,-0.388258,-0.235543
0.237,0.0870591,0.429932,0.0436381,-0.386837,-0.238583
0.238,0.0874889,0.429648,0.0432519,-0.385418,-0.241585
0.239,0.0879184,0.429362,0.0428672,-0.384001,-0.24455
0.24,0.0883476,0.429073,0.0424839,-0.382586,-0.247478
0.241,0.0887765,0.428782,0.0421021,-0.381175,-0.25037
0.242,0.0892052,0.428488,0.0417216,-0.379765,-0.253227
0.243,0.0896335,0.428191,0.0413425,-0.378358,-0.256049
0.244,0.0900616,0.427892,0.0409649,-0.376954,-0.258836
0.245,0.0904893,0.427591,0.0405886,-0.375552,-0.26159
0.246,0.0909167,0.427288,0.0402138,-0.374153,-0.264311
0.247,0.0913439,0.426982,0.0398403,-0.372757,-0.266999
0.248,0.0917707,0.426674,0.0394683,-0.371363,-0.269656
0.249,0.0921972,0.426363,0.0390976,-0.369972,-0.27228
0.25,0.0926234,0.42605,0.0387283,-0.368584,-0.274874
0.251,0.0930493,0.425736,0.0383604,-0.367198,-0.277438
0.252,0.0934749,0.425418,0.0379939,-0.365816,-0.279971
0.253,0.0939002,0.425099,0.0376288,-0.364436,-0.282475
0.254,0.0943251,0.424778,0.037265,-0.363059,-0.28495
0.255,0.0947497,0.424454,0.0369027,-0.361685,-0.287396
0.256,0.095174,0.424129,0.0365417,-0.360314,-0.289815
0.257,0.095598,0.423801,0.036182,-0.358947,-0.292205
0.258,0.0960216,0.423472,0.0358238,-0.357582,-0.294569
0.259,0.0964449,0.42314,0.0354669,-0.35622,-0.296906
0.26,0.0968679,0.422807,0.0351113,-0.354861,-0.299216
0.261,0.0972905,0.422471,0.0347572,-0.353505,-0.301501
0.262,0.0977128,0.422134,0.0344043,-0.352152,-0.30376
0.263,0.0981348,0.421794,0.0340529,-0.350803,-0.305994
0.264,0.0985564,0.421453,0.0337027,-0.349456,-0.308204
0.265,0.0989777,0.42111,0.0333539,-0.348113,-0.310389
0.266,0.0993986,0.420765,0.0330065,-0.346773,-0.31255
0.267,0.0998192,0.420419,0.0326604,-0.345436,-0.314688
0.268,0.100239,0.42007,0.0323156,-0.344102,-0.316802
0.269,0.100659,0.41972,0.0319722,-0.342771,-0.318894
0.27,0.101079,0.419368,0.0316301,-0.341444,-0.320963
0.271,0.101498,0.419015,0.0312893,-0.34012,-0.32301
0.272,0.101917,0.418659,0.0309499,-0.338799,-0.325035
0.273,0.102335,0.418302,0.0306117,-0.337482,-0.327039
0.274,0.102754,0.417944,0.0302749,-0.336167,-0.329022
0.275,0.103171,0.417583,0.0299394,-0.334856,-0.330983
0.276,0.103589,0.417221,0.0296052,-0.333549,-0.332925
0.277,0.104006,0.416858,0.0292723,-0.332245,-0.334845
0.278,0.104422,0.416493,0.0289407,-0.330944,-0.336747
0.279,0.104839,0.416126,0.0286104,-0.329646,-0.338628
0.28,0.105255,0.415758,0.0282814,-0.328352,-0.34049
0.281,0.10567,0.415388,0.0279537,-0.327061,-0.342333
0.282,0.106085,0.415017,0.0276273,-0.325774,-0.344157
0.283,0.1065,0.414644,0.0273021,-0.32449,-0.345963
0.284,0.106915,0.41427,0.0269783,-0.32321,-0.34775
0.285,0.107329,0.413894,0.0266557,-0.321933,-0.34952
0.286,0.107743,0.413517,0.0263344,-0.320659,-0.351271
0.287,0.108156,0.413139,0.0260144,-0.319389,-0.353005
0.288,0.108569,0.412759,0.0256956,-0.318122,-0.354722
0.289,0.108981,0.412378,0.0253782,-0.316858,-0.356422
0.29,0.109394,0.411995,0.0250619,-0.315599,-0.358105
0.291,0.109805,0.411611,0.024747,-0.314342,-0.359772
0.292,0.110217,0.411225,0.0244332,-0.313089,-0.361422
0.293,0.110628,0.410839,0.0241208,-0.31184,-0.363057
0.294,0.111038,0.410451,0.0238096,-0.310594,-0.364675
0.295,0.111449,0.410061,0.0234996,-0.309351,-0.366278
0.296,0.111859,0.409671,0.0231909,-0.308112,-0.367865
0.297,0.112268,0.409279,0.0228834,-0.306877,-0.369437
0.298,0.112677,0.408886,0.0225771,-0.305645,-0.370994
0.299,0.113086,0.408491,0.0222721,-0.304416,-0.372536
0.3,0.113494,0.408096,0.0219683,-0.303191,-0.374064
0.301,0.113902,0.407699,0.0216657,-0.30197,-0.375577
0.302,0.11431,0.407301,0.0213643,-0.300751,-0.377075
0.303,0.114717,0.406902,0.0210642,-0.299537,-0.37856
0.304,0.115123,0.406501,0.0207653,-0.298326,-0.380031
0.305,0.11553,0.406099,0.0204675,-0.297118,-0.381488
0.306,0.115936,0.405697,0.020171,-0.295915,-0.382932
0.307,0.116341,0.405293,0.0198757,-0.294714,-0.384362
0.308,0.116746,0.404888,0.0195816,-0.293517,-0.385779
0.309,0.117151,0.404482,0.0192887,-0.292324,-0.387183
0.31,0.117555,0.404074,0.0189969,-0.291134,-0.388574
0.311,0.117959,0.403666,0.0187064,-0.289947,-0.389952
0.312,0.118362,0.403257,0.018417,-0.288764,-0.391318
0.313,0.118765,0.402846,0.0181289,-0.287585,-0.392671
0.314,0.119168,0.402435,0.0178419,-0.286409,-0.394012
0.315,0.11957,0.402022,0.0175561,-0.285237,-0.395341
0.316,0.119972,0.401608,0.0172714,-0.284068,-0.396658
0.317,0.120374,0.401194,0.0169879,-0.282903,-0.397964
0.318,0.120775,0.400778,0.0167056,-0.281741,-0.399257
0.319,0.121175,0.400361,0.0164244,-0.280583,-0.400539
0.32,0.121575,0.399943,0.0161444,-0.279428,-0.40181
0.321,0.121975,0.399525,0.0158656,-0.278277,-0.403069
0.322,0.122374,0.399105,0.0155879,-0.277129,-0.404317
0.323,0.122773,0.398684,0.0153113,-0.275985,-0.405554
0.324,0.123172,0.398263,0.0150359,-0.274844,-0.40678
0.325,0.12357,0.39784,0.0147616,-0.273706,-0.407996
0.326,0.123967,0.397417,0.0144885,-0.272573,-0.4092
0.327,0.124365,0.396992,0.0142165,-0.271442,-0.410395
0.328,0.124761,0.396567,0.0139456,-0.270316,-0.411578
0.329,0.125158,0.396141,0.0136759,-0.269192,-0.412752
0.33,0.125554,0.395714,0.0134072,-0.268072,-0.413915
0.331,0.125949,0.395286,0.0131397,-0.266956,-0.415068
0.332,0.126344,0.394857,0.0128733,-0.265843,-0.416212
0.333,0.126739,0.394427,0.012608,-0.264733,-0.417345
0.334,0.127133,0.393996,0.0123438,-0.263627,-0.418468
0.335,0.127527,0.393565,0.0120808,-0.262525,-0.419582
0.336,0.12792,0.393132,0.0118188,-0.261426,-0.420687
0.337,0.128313,0.392699,0.0115579,-0.26033,-0.421782
0.338,0.128706,0.392265,0.0112981,-0.259238,-0.422867
0.339,0.129098,0.39183,0.0110394,-0.258149,-0.423943
0.34,0.129489,0.391395,0.0107818,-0.257064,-0.42501
0.341,0.12988,0.390958,0.0105253,-0.255982,-0.426068
0.342,0.130271,0.390521,0.0102699,-0.254903,-0.427117
0.343,0.130661,0.390083,0.0100155,-0.253828,-0.428157
0.344,0.131051,0.389644,0.00976221,-0.252757,-0.429189
0.345,0.131441,0.389204,0.00950998,-0.251688,-0.430211
0.346,0.13183,0.388764,0.00925883,-0.250623,-0.431225
0.347,0.132218,0.388323,0.00900874,-0.249562,-0.43223
0.348,0.132606,0.387881,0.0087597,-0.248504,-0.433227
0.349,0.132994,0.387438,0.00851173,-0.247449,-0.434216
0.35,0.133381,0.386995,0.0082648,-0.246398,-0.435196
0.351,0.133768,0.386551,0.00801893,-0.24535,-0.436168
0.352,0.134154,0.386106,0.0077741,-0.244305,-0.437131
0.353,0.13454,0.38566,0.00753032,-0.243264,-0.438087
0.354,0.134926,0.385214,0.00728757,-0.242226,-0.439035
0.355,0.135311,0.384767,0.00704587,-0.241192,-0.439974
0.356,0.135695,0.384319,0.00680519,-0.24016,-0.440906
0.357,0.136079,0.383871,0.00656554,-0.239133,-0.44183
0.358,0.136463,0.383422,0.00632693,-0.238108,-0.442746
0.359,0.136846,0.382972,0.00608933,-0.237087,-0.443655
0.36,0.137229,0.382522,0.00585275,-0.236069,-0.444556
0.361,0.137611,0.382071,0.00561719,-0.235054,-0.445449
0.362,0.137993,0.381619,0.00538264,-0.234043,-0.446335
0.363,0.138374,0.381167,0.0051491,-0.233035,-0.447214
0.364,0.138755,0.380714,0.00491657,-0.23203,-0.448085
0.365,0.139136,0.38026,0.00468504,-0.231029,-0.448949
0.366,0.139516,0.379806,0.00445451,-0.23003,-0.449806
0.367,0.139895,0.379351,0.00422498,-0.229035,-0.450656
0.368,0.140275,0.378895,0.00399644,-0.228044,-0.451499
0.369,0.140653,0.378439,0.00376889,-0.227055,-0.452334
0.37,0.141031,0.377983,0.00354233,-0.22607,-0.453163
0.371,0.141409,0.377525,0.00331675,-0.225088,-0.453984
0.372,0.141786,0.377067,0.00309215,-0.224109,-0.454799
0.373,0.142163,0.376609,0.00286853,-0.223134,-0.455607
0.374,0.14254,0.37615,0.00264588,-0.222162,-0.456408
0.375,0.142916,0.37569,0.00242421,-0.221193,-0.457203
0.376,0.143291,0.37523,0.0022035,-0.220227,-0.457991
0.377,0.143666,0.374769,0.00198375,-0.219264,-0.458772
0.378,0.144041,0.374307,0.00176497,-0.218304,-0.459547
0.379,0.144415,0.373846,0.00154714,-0.217348,-0.460315
0.38,0.144788,0.373383,0.00133027,-0.216395,-0.461077
0.381,0.145161,0.37292,0.00111435,-0.215445,-0.461832
0.382,0.145534,0.372456,0.000899382,-0.214498,-0.462582
0.383,0.145906,0.371992,0.000685356,-0.213554,-0.463324
0.384,0.146278,0.371528,0.000472273,-0.212614,-0.464061
0.385,0.146649,0.371063,0.000260128,-0.211676,-0.464791
0.386,0.14702,0.370597,4.892e-05,-0.210742,-0.465515
0.387,0.147391,0.370131,-0.000161356,-0.20981,-0.466233
0.388,0.147761,0.369664,-0.000370702,-0.208882,-0.466945
0.389,0.14813,0.369197,-0.000579121,-0.207957,-0.467651
0.39,0.148499,0.368729,-0.000786617,-0.207035,-0.468351
0.391,0.148867,0.368261,-0.000993193,-0.206116,-0.469045
0.392,0.149235,0.367792,-0.00119885,-0.205201,-0.469733
0.393,0.149603,0.367323,-0.00140359,-0.204288,-0.470416
0.394,0.14997,0.366854,-0.00160743,-0.203378,-0.471092
0.395,0.150337,0.366383,-0.00181035,-0.202472,-0.471763
0.396,0.150703,0.365913,-0.00201237,-0.201568,-0.472428
0.397,0.151069,0.365442,-0.00221349,-0.200667,-0.473087
0.398,0.151434,0.36497,-0.00241371,-0.19977,-0.47374
0.399,0.151798,0.364499,-0.00261303,-0.198875,-0.474388
0.4,0.152163,0.364026,-0.00281146,-0.197984,-0.475031
0.401,0.152527,0.363553,-0.003009,-0.197095,-0.475668
0.402,0.15289,0.36308,-0.00320565,-0.19621,-0.476299
0.403,0.153253,0.362606,-0.00340142,-0.195327,-0.476925
0.404,0.153615,0.362132,-0.0035963,-0.194447,-0.477545
0.405,0.153977,0.361658,-0.00379031,-0.193571,-0.47816
0.406,0.154338,0.361183,-0.00398345,-0.192697,-0.47877
0.407,0.154699,0.360707,-0.00417571,-0.191827,-0.479374
0.408,0.15506,0.360232,-0.0043671,-0.190959,-0.479973
0.409,0.15542,0.359755,-0.00455763,-0.190094,-0.480566
0.41,0.155779,0.359279,-0.00474729,-0.189232,-0.481155
0.411,0.156138,0.358802,-0.00493609,-0.188373,-0.481738
0.412,0.156497,0.358324,-0.00512404,-0.187517,-0.482316
0.413,0.156855,0.357847,-0.00531113,-0.186664,-0.482889
0.414,0.157213,0.357368,-0.00549736,-0.185813,-0.483457
0.415,0.15757,0.35689,-0.00568275,-0.184966,-0.48402
0.416,0.157926,0.356411,-0.0058673,-0.184122,-0.484577
0.417,0.158283,0.355932,-0.006051,-0.18328,-0.48513
0.418,0.158638,0.355452,-0.00623386,-0.182441,-0.485678
0.419,0.158993,0.354972,-0.00641588,-0.181605,-0.48622
0.42,0.159348,0.354492,-0.00659707,-0.180772,-0.486758
0.421,0.159702,0.354011,-0.00677743,-0.179942,-0.487291
0.422,0.160056,0.35353,-0.00695695,-0.179114,-0.487819
0.423,0.160409,0.353048,-0.00713565,-0.17829,-0.488342
0.424,0.160762,0.352567,-0.00731353,-0.177468,-0.488861
0.425,0.161115,0.352084,-0.00749059,-0.176649,-0.489374
0.426,0.161466,0.351602,-0.00766683,-0.175833,-0.489883
0.427,0.161818,0.351119,-0.00784226,-0.175019,-0.490387
0.428,0.162169,0.350636,-0.00801687,-0.174209,-0.490887
0.429,0.162519,0.350153,-0.00819068,-0.173401,-0.491381
0.43,0.162869,0.349669,-0.00836367,-0.172596,-0.491871
0.431,0.163218,0.349185,-0.00853587,-0.171794,-0.492357
0.432,0.163567,0.3487,-0.00870726,-0.170994,-0.492838
0.433,0.163916,0.348216,-0.00887786,-0.170197,-0.493314
0.434,0.164264,0.347731,-0.00904766,-0.169403,-0.493786
0.435,0.164611,0.347245,-0.00921666,-0.168612,-0.494253
0.436,0.164958,0.34676,-0.00938488,-0.167823,-0.494715
0.437,0.165305,0.346274,-0.00955231,-0.167037,-0.495174
0.438,0.165651,0.345788,-0.00971896,-0.166254,-0.495627
0.439,0.165996,0.345301,-0.00988482,-0.165473,-0.496077
0.44,0.166341,0.344815,-0.0100499,-0.164695,-0.496522
0.441,0.166686,0.344327,-0.0102142,-0.16392,-0.496962
0.442,0.16703,0.34384,-0.0103777,-0.163147,-0.497398
0.443,0.167374,0.343353,-0.0105405,-0.162378,-0.49783
0.444,0.167717,0.342865,-0.0107025,-0.16161,-0.498258
0.445,0.168059,0.342377,-0.0108637,-0.160846,-0.498681
0.446,0.168402,0.341888,-0.0110242,-0.160084,-0.4991
0.447,0.168743,0.3414,-0.0111839,-0.159324,-0.499515
0.448,0.169084,0.340911,-0.0113428,-0.158568,-0.499925
0.449,0.169425,0.340422,-0.011501,-0.157814,-0.500331
0.45,0.169765,0.339932,-0.0116585,-0.157062,-0.500734
0.451,0.170105,0.339443,-0.0118152,-0.156313,-0.501132
0.452,0.170444,0.338953,-0.0119711,-0.155567,-0.501525
0.453,0.170783,0.338463,-0.0121263,-0.154823,-0.501915
0.454,0.171121,0.337972,-0.0122807,-0.154082,-0.502301
0.455,0.171459,0.337482,-0.0124345,-0.153343,-0.502682
0.456,0.171796,0.336991,-0.0125874,-0.152607,-0.50306
0.457,0.172133,0.3365,-0.0127397,-0.151874,-0.503433
0.458,0.172469,0.336009,-0.0128912,-0.151143,-0.503803
0.459,0.172805,0.335517,-0.013042,-0.150414,-0.504168
0.46,0.17314,0.335026,-0.013192,-0.149688,-0.50453
0.461,0.173475,0.334534,-0.0133413,-0.148965,-0.504887
0.462,0.173809,0.334042,-0.0134899,-0.148244,-0.505241
0.463,0.174143,0.333549,-0.0136378,-0.147526,-0.50559
0.464,0.174476,0.333057,-0.013785,-0.14681,-0.505936
0.465,0.174809,0.332564,-0.0139314,-0.146096,-0.506278
0.466,0.175141,0.332071,-0.0140772,-0.145386,-0.506616
0.467,0.175473,0.331578,-0.0142222,-0.144677,-0.50695
0.468,0.175804,0.331085,-0.0143665,-0.143971,-0.507281
0.469,0.176135,0.330591,-0.0145102,-0.143268,-0.507607
0.47,0.176466,0.330098,-0.0146531,-0.142567,-0.50793
0.471,0.176795,0.329604,-0.0147953,-0.141868,-0.508249
0.472,0.177125,0.32911,-0.0149368,-0.141172,-0.508564
0.473,0.177454,0.328616,-0.0150776,-0.140478,-0.508876
0.474,0.177782,0.328122,-0.0152178,-0.139787,-0.509184
0.475,0.17811,0.327627,-0.0153572,-0.139098,-0.509488
0.476,0.178437,0.327132,-0.015496,-0.138411,-0.509788
0.477,0.178764,0.326638,-0.015634,-0.137727,-0.510085
0.478,0.179091,0.326143,-0.0157714,-0.137045,-0.510378
0.479,0.179417,0.325647,-0.0159081,-0.136366,-0.510667
0.48,0.179742,0.325152,-0.0160441,-0.135689,-0.510953
0.481,0.180067,0.324657,-0.0161795,-0.135014,-0.511236
0.482,0.180391,0.324161,-0.0163142,-0.134342,-0.511514
0.483,0.180715,0.323665,-0.0164482,-0.133672,-0.511789
0.484,0.181039,0.32317,-0.0165815,-0.133004,-0.512061
0.485,0.181361,0.322674,-0.0167142,-0.132339,-0.512329
0.486,0.181684,0.322177,-0.0168462,-0.131676,-0.512594
0.487,0.182006,0.321681,-0.0169775,-0.131016,-0.512855
0.488,0.182327,0.321185,-0.0171082,-0.130357,-0.513112
0.489,0.182648,0.320688,-0.0172383,-0.129701,-0.513366
0.49,0.182969,0.320192,-0.0173676,-0.129048,-0.513617
0.491,0.183289,0.319695,-0.0174964,-0.128396,-0.513864
0.492,0.183608,0.319198,-0.0176244,-0.127747,-0.514108
0.493,0.183927,0.318701,-0.0177519,-0.1271,-0.514348
0.494,0.184245,0.318204,-0.0178786,-0.126456,-0.514585
0.495,0.184563,0.317707,-0.0180048,-0.125814,-0.514819
0.496,0.184881,0.317209,-0.0181303,-0.125173,-0.515049
0.497,0.185198,0.316712,-0.0182551,-0.124536,-0.515276
0.498,0.185514,0.316214,-0.0183793,-0.1239,-0.5155
0.499,0.18583,0.315717,-0.0185029,-0.123267,-0.51572
0.5,0.186146,0.315219,-0.0186259,-0.122636,-0.515937
0.501,0.186461,0.314721,-0.0187482,-0.122007,-0.516151
0.502,0.186775,0.314223,-0.0188699,-0.12138,-0.516361
0.503,0.187089,0.313725,-0.0189909,-0.120756,-0.516569
0.504,0.187403,0.313227,-0.0191114,-0.120134,-0.516773
0.505,0.187716,0.312729,-0.0192312,-0.119514,-0.516973
0.506,0.188028,0.312231,-0.0193504,-0.118896,-0.517171
0.507,0.18834,0.311732,-0.019469,-0.11828,-0.517365
0.508,0.188652,0.311234,-0.019587,-0.117667,-0.517556
0.509,0.188962,0.310736,-0.0197043,-0.117055,-0.517744
0.51,0.189273,0.310237,-0.0198211,-0.116446,-0.517929
0.511,0.189583,0.309738,-0.0199372,-0.115839,-0.518111
0.512,0.189892,0.30924,-0.0200528,-0.115234,-0.518289
0.513,0.190201,0.308741,-0.0201677,-0.114632,-0.518465
0.514,0.19051,0.308242,-0.020282,-0.114031,-0.518637
0.515,0.190818,0.307743,-0.0203958,-0.113432,-0.518806
0.516,0.191125,0.307244,-0.0205089,-0.112836,-0.518972
0.517,0.191432,0.306745,-0.0206214,-0.112242,-0.519135
0.518,0.191739,0.306246,-0.0207334,-0.11165,-0.519296
0.519,0.192045,0.305747,-0.0208447,-0.11106,-0.519453
0.52,0.19235,0.305248,-0.0209555,-0.110472,-0.519607
0.521,0.192655,0.304749,-0.0210657,-0.109886,-0.519758
0.522,0.19296,0.30425,-0.0211753,-0.109302,-0.519906
0.523,0.193264,0.303751,-0.0212843,-0.10872,-0.520051
0.524,0.193567,0.303252,-0.0213927,-0.108141,-0.520193
0.525,0.19387,0.302752,-0.0215006,-0.107563,-0.520332
0.526,0.194173,0.302253,-0.0216078,-0.106988,-0.520468
0.527,0.194475,0.301754,-0.0217145,-0.106414,-0.520601
0.528,0.194776,0.301254,-0.0218207,-0.105843,-0.520731
0.529,0.195077,0.300755,-0.0219262,-0.105273,-0.520859
0.53,0.195378,0.300255,-0.0220312,-0.104706,-0.520983
0.531,0.195678,0.299756,-0.0221356,-0.10414,-0.521105
0.532,0.195977,0.299256,-0.0222395,-0.103577,-0.521224
0.533,0.196276,0.298757,-0.0223428,-0.103016,-0.52134
0.534,0.196575,0.298258,-0.0224455,-0.102456,-0.521453
0.535,0.196873,0.297758,-0.0225477,-0.101899,-0.521563
0.536,0.19717,0.297259,-0.0226493,-0.101344,-0.52167
0.537,0.197467,0.296759,-0.0227504,-0.10079,-0.521775
0.538,0.197764,0.29626,-0.0228509,-0.100239,-0.521877
0.539,0.19806,0.29576,-0.0229509,-0.0996892,-0.521976
0.54,0.198356,0.295261,-0.0230503,-0.0991417,-0.522072
0.541,0.198651,0.294761,-0.0231492,-0.0985962,-0.522165
0.542,0.198945,0.294262,-0.0232475,-0.0980525,-0.522256
0.543,0.199239,0.293762,-0.0233453,-0.0975109,-0.522344
0.544,0.199533,0.293263,-0.0234425,-0.0969712,-0.52243
0.545,0.199826,0.292763,-0.0235392,-0.0964334,-0.522512
0.546,0.200118,0.292264,-0.0236354,-0.0958975,-0.522592
0.547,0.20041,0.291764,-0.023731,-0.0953635,-0.522669
0.548,0.200702,0.291265,-0.0238261,-0.0948315,-0.522744
0.549,0.200993,0.290765,-0.0239207,-0.0943014,-0.522815
0.55,0.201283,0.290266,-0.0240147,-0.0937731,-0.522885
0.551,0.201573,0.289767,-0.0241082,-0.0932468,-0.522951
0.552,0.201863,0.289267,-0.0242012,-0.0927223,-0.523015
0.553,0.202152,0.288768,-0.0242937,-0.0921998,-0.523076
0.554,0.20244,0.288269,-0.0243856,-0.091679,-0.523135
0.555,0.202728,0.28777,-0.024477,-0.0911602,-0.523191
0.556,0.203016,0.287271,-0.0245679,-0.0906432,-0.523245
0.557,0.203303,0.286771,-0.0246583,-0.0901281,-0.523296
0.558,0.203589,0.286272,-0.0247482,-0.0896149,-0.523344
0.559,0.203875,0.285773,-0.0248375,-0.0891034,-0.52339
0.56,0.204161,0.285274,-0.0249264,-0.0885939,-0.523433
0.561,0.204446,0.284775,-0.0250147,-0.0880861,-0.523474
0.562,0.20473,0.284276,-0.0251026,-0.0875802,-0.523512
0.563,0.205014,0.283777,-0.0251899,-0.0870761,-0.523548
0.564,0.205298,0.283279,-0.0252767,-0.0865738,-0.523581
0.565,0.205581,0.28278,-0.025363,-0.0860733,-0.523611
0.566,0.205864,0.282281,-0.0254489,-0.0855746,-0.52364
0.567,0.206146,0.281783,-0.0255342,-0.0850778,-0.523665
0.568,0.206427,0.281284,-0.025619,-0.0845827,-0.523689
0.569,0.206708,0.280785,-0.0257034,-0.0840894,-0.523709
0.57,0.206989,0.280287,-0.0257872,-0.0835979,-0.523728
0.571,0.207269,0.279789,-0.0258705,-0.0831081,-0.523744
0.572,0.207548,0.27929,-0.0259534,-0.0826201,-0.523757
0.573,0.207827,0.278792,-0.0260358,-0.0821339,-0.523768
0.574,0.208106,0.278294,-0.0261177,-0.0816495,-0.523777
0.575,0.208384,0.277796,-0.0261991,-0.0811668,-0.523784
0.576,0.208661,0.277298,-0.02628,-0.0806858,-0.523787
0.577,0.208938,0.2768,-0.0263605,-0.0802066,-0.523789
0.578,0.209215,0.276302,-0.0264404,-0.0797291,-0.523788
0.579,0.209491,0.275804,-0.0265199,-0.0792533,-0.523785
0.58,0.209767,0.275306,-0.0265989,-0.0787793,-0.52378
0.581,0.210042,0.274809,-0.0266775,-0.078307,-0.523772
0.582,0.210316,0.274311,-0.0267556,-0.0778364,-0.523762
0.583,0.21059,0.273814,-0.0268332,-0.0773675,-0.52375
0.584,0.210864,0.273316,-0.0269103,-0.0769003,-0.523735
0.585,0.211137,0.272819,-0.026987,-0.0764348,-0.523718
0.586,0.211409,0.272322,-0.0270632,-0.075971,-0.523699
0.587,0.211682,0.271825,-0.0271389,-0.0755088,-0.523677
0.588,0.211953,0.271328,-0.0272142,-0.0750484,-0.523653
0.589,0.212224,0.270831,-0.027289,-0.0745896,-0.523627
0.59,0.212495,0.270334,-0.0273634,-0.0741325,-0.523599
0.591,0.212765,0.269838,-0.0274373,-0.0736771,-0.523569
0.592,0.213034,0.269341,-0.0275107,-0.0732233,-0.523536
0.593,0.213304,0.268845,-0.0275837,-0.0727711,-0.523501
0.594,0.213572,0.268348,-0.0276563,-0.0723207,-0.523464
0.595,0.21384,0.267852,-0.0277283,-0.0718718,-0.523425
0.596,0.214108,0.267356,-0.0278,-0.0714246,-0.523383
0.597,0.214375,0.26686,-0.0278712,-0.070979,-0.523339
0.598,0.214642,0.266364,-0.027942,-0.0705351,-0.523294
0.599,0.214908,0.265868,-0.0280123,-0.0700927,-0.523246
0.6,0.215173,0.265372,-0.0280821,-0.069652,-0.523195
0.601,0.215438,0.264877,-0.0281516,-0.0692129,-0.523143
0.602,0.215703,0.264381,-0.0282206,-0.0687754,-0.523089
0.603,0.215967,0.263886,-0.0282891,-0.0683395,-0.523032
0.604,0.216231,0.263391,-0.0283572,-0.0679051,-0.522974
0.605,0.216494,0.262896,-0.0284249,-0.0674724,-0.522913
0.606,0.216757,0.262401,-0.0284922,-0.0670413,-0.52285
0.607,0.217019,0.261906,-0.028559,-0.0666117,-0.522785
0.608,0.21728,0.261412,-0.0286254,-0.0661837,-0.522718
0.609,0.217542,0.260917,-0.0286914,-0.0657573,-0.522649
0.61,0.217802,0.260423,-0.0287569,-0.0653324,-0.522578
0.611,0.218062,0.259929,-0.0288221,-0.0649091,-0.522505
0.612,0.218322,0.259434,-0.0288867,-0.0644874,-0.52243
0.613,0.218581,0.25894,-0.028951,-0.0640672,-0.522353
0.614,0.21884,0.258447,-0.0290149,-0.0636485,-0.522274
0.615,0.219098,0.257953,-0.0290783,-0.0632314,-0.522192
0.616,0.219356,0.257459,-0.0291413,-0.0628158,-0.522109
0.617,0.219613,0.256966,-0.029204,-0.0624017,-0.522024
0.618,0.21987,0.256473,-0.0292662,-0.0619892,-0.521937
0.619,0.220126,0.25598,-0.0293279,-0.0615782,-0.521848
0.62,0.220382,0.255487,-0.0293893,-0.0611686,-0.521757
0.621,0.220637,0.254994,-0.0294503,-0.0607606,-0.521663
0.622,0.220892,0.254501,-0.0295108,-0.0603541,-0.521568
0.623,0.221146,0.254009,-0.029571,-0.0599491,-0.521471
0.624,0.2214,0.253517,-0.0296307,-0.0595456,-0.521373
0.625,0.221653,0.253024,-0.0296901,-0.0591436,-0.521272
0.626,0.221906,0.252532,-0.029749,-0.0587431,-0.521169
0.627,0.222158,0.252041,-0.0298076,-0.058344,-0.521064
0.628,0.22241,0.251549,-0.0298657,-0.0579464,-0.520958
0.629,0.222661,0.251057,-0.0299235,-0.0575503,-0.520849
0.63,0.222912,0.250566,-0.0299808,-0.0571556,-0.520739
0.631,0.223162,0.250075,-0.0300378,-0.0567625,-0.520627
0.632,0.223412,0.249584,-0.0300943,-0.0563707,-0.520513
0.633,0.223662,0.249093,-0.0301505,-0.0559804,-0.520397
0.634,0.22391,0.248602,-0.0302063,-0.0555916,-0.520279
0.635,0.224159,0.248112,-0.0302617,-0.0552042,-0.520159
0.636,0.224407,0.247622,-0.0303167,-0.0548182,-0.520038
0.637,0.224654,0.247132,-0.0303713,-0.0544337,-0.519915
0.638,0.224901,0.246642,-0.0304256,-0.0540505,-0.51979
0.639,0.225147,0.246152,-0.0304794,-0.0536689,-0.519663
0.64,0.225393,0.245662,-0.0305329,-0.0532886,-0.519534
0.641,0.225639,0.245173,-0.030586,-0.0529097,-0.519403
0.642,0.225884,0.244684,-0.0306387,-0.0525323,-0.519271
0.643,0.226128,0.244195,-0.0306911,-0.0521562,-0.519137
0.644,0.226372,0.243706,-0.030743,-0.0517816,-0.519001
0.645,0.226615,0.243217,-0.0307946,-0.0514083,-0.518864
0.646,0.226858,0.242729,-0.0308459,-0.0510364,-0.518724
0.647,0.227101,0.24224,-0.0308967,-0.0506659,-0.518583
0.648,0.227343,0.241752,-0.0309472,-0.0502968,-0.51844
0.649,0.227584,0.241264,-0.0309973,-0.0499291,-0.518296
0.65,0.227825,0.240777,-0.031047,-0.0495627,-0.518149
0.651,0.228066,0.240289,-0.0310964,-0.0491978,-0.518001
0.652,0.228306,0.239802,-0.0311454,-0.0488341,-0.517852
0.653,0.228546,0.239315,-0.0311941,-0.0484719,-0.5177
0.654,0.228785,0.238828,-0.0312424,-0.0481109,-0.517547
0.655,0.229023,0.238341,-0.0312903,-0.0477514,-0.517392
0.656,0.229261,0.237855,-0.0313379,-0.0473931,-0.517236
0.657,0.229499,0.237368,-0.0313851,-0.0470363,-0.517078
0.658,0.229736,0.236882,-0.031432,-0.0466807,-0.516918
0.659,0.229973,0.236396,-0.0314785,-0.0463265,-0.516757
0.66,0.230209,0.235911,-0.0315246,-0.0459736,-0.516593
0.661,0.230444,0.235425,-0.0315704,-0.045622,-0.516429
0.662,0.23068,0.23494,-0.0316159,-0.0452718,-0.516262
0.663,0.230914,0.234455,-0.031661,-0.0449228,-0.516094
0.664,0.231149,0.23397,-0.0317057,-0.0445752,-0.515925
0.665,0.231382,0.233486,-0.0317501,-0.0442289,-0.515754
0.666,0.231616,0.233001,-0.0317942,-0.0438839,-0.515581
0.667,0.231848,0.232517,-0.0318379,-0.0435401,-0.515406
0.668,0.232081,0.232033,-0.0318812,-0.0431977,-0.51523
0.669,0.232312,0.231549,-0.0319243,-0.0428566,-0.515053
0.67,0.232544,0.231066,-0.031967,-0.0425167,-0.514873
0.671,0.232774,0.230583,-0.0320093,-0.0421781,-0.514693
0.672,0.233005,0.2301,-0.0320513,-0.0418408,-0.51451
0.673,0.233235,0.229617,-0.032093,-0.0415048,-0.514327
0.674,0.233464,0.229134,-0.0321343,-0.04117,-0.514141
0.675,0.233693,0.228652,-0.0321753,-0.0408365,-0.513954
0.676,0.233921,0.22817,-0.032216,-0.0405043,-0.513766
0.677,0.234149,0.227688,-0.0322563,-0.0401733,-0.513576
0.678,0.234377,0.227206,-0.0322964,-0.0398436,-0.513384
0.679,0.234604,0.226724,-0.032336,-0.0395151,-0.513191
0.68,0.23483,0.226243,-0.0323754,-0.0391878,-0.512997
0.681,0.235056,0.225762,-0.0324144,-0.0388618,-0.512801
0.682,0.235282,0.225281,-0.0324531,-0.038537,-0.512603
0.683,0.235507,0.224801,-0.0324915,-0.0382135,-0.512404
0.684,0.235731,0.224321,-0.0325295,-0.0378912,-0.512204
0.685,0.235955,0.223841,-0.0325673,-0.0375701,-0.512002
0.686,0.236179,0.223361,-0.0326047,-0.0372502,-0.511798
0.687,0.236402,0.222881,-0.0326418,-0.0369315,-0.511594
0.688,0.236625,0.222402,-0.0326785,-0.0366141,-0.511387
0.689,0.236847,0.221923,-0.032715,-0.0362978,-0.51118
0.69,0.237069,0.221444,-0.0327511,-0.0359828,-0.51097
0.691,0.23729,0.220965,-0.032787,-0.0356689,-0.51076
0.692,0.237511,0.220487,-0.0328225,-0.0353563,-0.510548
0.693,0.237731,0.220009,-0.0328577,-0.0350448,-0.510334
0.694,0.237951,0.219531,-0.0328926,-0.0347346,-0.510119
0.695,0.23817,0.219054,-0.0329271,-0.0344255,-0.509903
0.696,0.238389,0.218576,-0.0329614,-0.0341176,-0.509686
0.697,0.238607,0.218099,-0.0329954,-0.0338108,-0.509466
0.698,0.238825,0.217622,-0.033029,-0.0335053,-0.509246
0.699,0.239042,0.217146,-0.0330624,-0.0332009,-0.509024
0.7,0.239259,0.216669,-0.0330954,-0.0328976,-0.508801
0.701,0.239476,0.216193,-0.0331282,-0.0325955,-0.508577
0.702,0.239692,0.215718,-0.0331606,-0.0322946,-0.508351
0.703,0.239907,0.215242,-0.0331928,-0.0319948,-0.508123
0.704,0.240122,0.214767,-0.0332246,-0.0316962,-0.507895
0.705,0.240337,0.214292,-0.0332562,-0.0313987,-0.507665
0.706,0.240551,0.213817,-0.0332874,-0.0311024,-0.507434
0.707,0.240764,0.213342,-0.0333184,-0.0308072,-0.507201
0.708,0.240977,0.212868,-0.033349,-0.0305131,-0.506967
0.709,0.24119,0.212394,-0.0333794,-0.0302202,-0.506732
0.71,0.241402,0.21192,-0.0334095,-0.0299284,-0.506495
0.711,0.241614,0.211447,-0.0334393,-0.0296377,-0.506258
0.712,0.241825,0.210974,-0.0334687,-0.0293481,-0.506019
0.713,0.242036,0.210501,-0.033498,-0.0290597,-0.505778
0.714,0.242246,0.210028,-0.0335269,-0.0287723,-0.505536
0.715,0.242456,0.209556,-0.0335555,-0.0284861,-0.505294
0.716,0.242665,0.209084,-0.0335838,-0.028201,-0.505049
0.717,0.242874,0.208612,-0.0336119,-0.0279169,-0.504804
0.718,0.243082,0.20814,-0.0336397,-0.027634,-0.504557
0.719,0.24329,0.207669,-0.0336672,-0.0273521,-0.504309
0.72,0.243498,0.207198,-0.0336944,-0.0270714,-0.50406
0.721,0.243705,0.206728,-0.0337213,-0.0267917,-0.503809
0.722,0.243911,0.206257,-0.033748,-0.0265131,-0.503558
0.723,0.244117,0.205787,-0.0337743,-0.0262356,-0.503305
0.724,0.244323,0.205317,-0.0338004,-0.0259592,-0.503051
0.725,0.244528,0.204847,-0.0338263,-0.0256838,-0.502795
0.726,0.244732,0.204378,-0.0338518,-0.0254095,-0.502539
0.727,0.244937,0.203909,-0.0338771,-0.0251363,-0.502281
0.728,0.24514,0.20344,-0.0339021,-0.0248641,-0.502022
0.729,0.245343,0.202972,-0.0339268,-0.024593,-0.501762
0.73,0.245546,0.202504,-0.0339513,-0.0243229,-0.5015
0.731,0.245748,0.202036,-0.0339755,-0.0240539,-0.501238
0.732,0.24595,0.201568,-0.0339994,-0.0237859,-0.500974
0.733,0.246152,0.201101,-0.034023,-0.023519,-0.500709
0.734,0.246352,0.200634,-0.0340464,-0.0232531,-0.500443
0.735,0.246553,0.200167,-0.0340695,-0.0229883,-0.500176
0.736,0.246753,0.199701,-0.0340924,-0.0227245,-0.499908
0.737,0.246952,0.199235,-0.034115,-0.0224617,-0.499638
0.738,0.247151,0.198769,-0.0341373,-0.0221999,-0.499368
0.739,0.24735,0.198303,-0.0341594,-0.0219392,-0.499096
0.74,0.247548,0.197838,-0.0341812,-0.0216795,-0.498823
0.741,0.247745,0.197373,-0.0342027,-0.0214208,-0.498549
0.742,0.247943,0.196908,-0.034224,-0.0211631,-0.498274
0.743,0.248139,0.196444,-0.0342451,-0.0209064,-0.497998
0.744,0.248335,0.19598,-0.0342658,-0.0206508,-0.497721
0.745,0.248531,0.195516,-0.0342864,-0.0203961,-0.497442
0.746,0.248726,0.195052,-0.0343066,-0.0201424,-0.497163
0.747,0.248921,0.194589,-0.0343267,-0.0198897,-0.496882
0.748,0.249116,0.194126,-0.0343464,-0.0196381,-0.4966
0.749,0.24931,0.193664,-0.0343659,-0.0193874,-0.496317
0.75,0.249503,0.193201,-0.0343852,-0.0191377,-0.496034
0.751,0.249696,0.192739,-0.0344042,-0.0188889,-0.495749
0.752,0.249888,0.192278,-0.034423,-0.0186412,-0.495463
0.753,0.250081,0.191816,-0.0344415,-0.0183944,-0.495176
0.754,0.250272,0.191355,-0.0344598,-0.0181486,-0.494888
0.755,0.250463,0.190895,-0.0344778,-0.0179038,-0.494599
0.756,0.250654,0.190434,-0.0344956,-0.01766,-0.494308
0.757,0.250844,0.189974,-0.0345131,-0.0174171,-0.494017
0.758,0.251034,0.189514,-0.0345304,-0.0171751,-0.493725
0.759,0.251223,0.189055,-0.0345475,-0.0169342,-0.493432
0.76,0.251412,0.188595,-0.0345643,-0.0166941,-0.493137
0.761,0.2516,0.188137,-0.0345808,-0.0164551,-0.492842
0.762,0.251788,0.187678,-0.0345972,-0.0162169,-0.492546
0.763,0.251976,0.18722,-0.0346133,-0.0159798,-0.492249
0.764,0.252163,0.186762,-0.0346291,-0.0157435,-0.49195
0.765,0.252349,0.186304,-0.0346448,-0.0155082,-0.491651
0.766,0.252535,0.185847,-0.0346602,-0.0152739,-0.491351
0.767,0.252721,0.18539,-0.0346753,-0.0150404,-0.49105
0.768,0.252906,0.184933,-0.0346902,-0.0148079,-0.490747
0.769,0.253091,0.184477,-0.0347049,-0.0145764,-0.490444
0.77,0.253275,0.184021,-0.0347194,-0.0143457,-0.49014
0.771,0.253459,0.183565,-0.0347336,-0.014116,-0.489835
0.772,0.253642,0.183109,-0.0347476,-0.0138871,-0.489529
0.773,0.253825,0.182654,-0.0347614,-0.0136592,-0.489222
0.774,0.254007,0.1822,-0.0347749,-0.0134322,-0.488914
0.775,0.254189,0.181745,-0.0347883,-0.0132062,-0.488605
0.776,0.254371,0.181291,-0.0348014,-0.012981,-0.488295
0.777,0.254552,0.180837,-0.0348142,-0.0127567,-0.487984
0.778,0.254733,0.180384,-0.0348269,-0.0125333,-0.487673
0.779,0.254913,0.179931,-0.0348393,-0.0123108,-0.48736
0.78,0.255092,0.179478,-0.0348515,-0.0120892,-0.487046
0.781,0.255272,0.179025,-0.0348635,-0.0118685,-0.486732
0.782,0.255451,0.178573,-0.0348752,-0.0116487,-0.486417
0.783,0.255629,0.178121,-0.0348868,-0.0114298,-0.4861
0.784,0.255807,0.17767,-0.0348981,-0.0112117,-0.485783
0.785,0.255984,0.177218,-0.0349092,-0.0109946,-0.485465
0.786,0.256161,0.176768,-0.0349201,-0.0107783,-0.485146
0.787,0.256338,0.176317,-0.0349308,-0.0105628,-0.484826
0.788,0.256514,0.175867,-0.0349412,-0.0103483,-0.484506
0.789,0.256689,0.175417,-0.0349514,-0.0101346,-0.484184
0.79,0.256865,0.174967,-0.0349615,-0.00992174,-0.483862
0.791,0.257039,0.174518,-0.0349713,-0.00970978,-0.483538
0.792,0.257214,0.174069,-0.0349809,-0.00949866,-0.483214
0.793,0.257388,0.173621,-0.0349903,-0.00928841,-0.482889
0.794,0.257561,0.173173,-0.0349995,-0.009079,-0.482563
0.795,0.257734,0.172725,-0.0350084,-0.00887045,-0.482237
0.796,0.257906,0.172277,-0.0350172,-0.00866274,-0.481909
0.797,0.258078,0.17183,-0.0350258,-0.00845587,-0.481581
0.798,0.25825,0.171383,-0.0350341,-0.00824985,-0.481252
0.799,0.258421,0.170937,-0.0350423,-0.00804466,-0.480922
0.8,0.258592,0.17049,-0.0350502,-0.00784031,-0.480591
0.801,0.258762,0.170045,-0.035058,-0.00763679,-0.480259
0.802,0.258932,0.169599,-0.0350655,-0.00743409,-0.479926
0.803,0.259101,0.169154,-0.0350728,-0.00723223,-0.479593
0.804,0.25927,0.168709,-0.03508,-0.00703119,-0.479259
0.805,0.259439,0.168265,-0.0350869,-0.00683097,-0.478924
0.806,0.259607,0.16782,-0.0350936,-0.00663157,-0.478589
0.807,0.259774,0.167377,-0.0351001,-0.00643299,-0.478252
0.808,0.259942,0.166933,-0.0351065,-0.00623521,-0.477915
0.809,0.260108,0.16649,-0.0351126,-0.00603825,-0.477577
0.81,0.260275,0.166047,-0.0351186,-0.0058421,-0.477238
0.811,0.26044,0.165605,-0.0351243,-0.00564675,-0.476898
0.812,0.260606,0.165163,-0.0351299,-0.0054522,-0.476558
0.813,0.260771,0.164721,-0.0351352,-0.00525845,-0.476217
0.814,0.260935,0.16428,-0.0351404,-0.0050655,-0.475875
0.815,0.261099,0.163839,-0.0351453,-0.00487335,-0.475532
0.816,0.261263,0.163398,-0.0351501,-0.00468198,-0.475189
0.817,0.261426,0.162958,-0.0351547,-0.00449141,-0.474845
0.818,0.261589,0.162518,-0.0351591,-0.00430162,-0.4745
0.819,0.261751,0.162078,-0.0351633,-0.00411261,-0.474154
0.82,0.261913,0.161639,-0.0351673,-0.00392438,-0.473808
0.821,0.262074,0.1612,-0.0351712,-0.00373694,-0.473461
0.822,0.262235,0.160761,-0.0351748,-0.00355027,-0.473113
0.823,0.262396,0.160323,-0.0351783,-0.00336437,-0.472765
0.824,0.262556,0.159885,-0.0351815,-0.00317924,-0.472415
0.825,0.262716,0.159448,-0.0351846,-0.00299488,-0.472065
0.826,0.262875,0.15901,-0.0351875,-0.00281129,-0.471715
0.827,0.263034,0.158574,-0.0351902,-0.00262846,-0.471363
0.828,0.263192,0.158137,-0.0351928,-0.00244639,-0.471011
0.829,0.26335,0.157701,-0.0351951,-0.00226508,-0.470659
0.83,0.263507,0.157265,-0.0351973,-0.00208452,-0.470305
0.831,0.263665,0.15683,-0.0351993,-0.00190471,-0.469951
0.832,0.263821,0.156395,-0.0352011,-0.00172566,-0.469596
0.833,0.263977,0.15596,-0.0352028,-0.00154735,-0.469241
0.834,0.264133,0.155526,-0.0352042,-0.00136979,-0.468885
0.835,0.264288,0.155092,-0.0352055,-0.00119297,-0.468528
0.836,0.264443,0.154658,-0.0352066,-0.00101689,-0.46817
0.837,0.264598,0.154225,-0.0352075,-0.000841553,-0.467812
0.838,0.264752,0.153792,-0.0352083,-0.000666948,-0.467453
0.839,0.264905,0.15336,-0.0352089,-0.000493075,-0.467094
0.84,0.265058,0.152927,-0.0352093,-0.000319933,-0.466734
0.841,0.265211,0.152496,-0.0352095,-0.000147518,-0.466373
0.842,0.265363,0.152064,-0.0352096,2.41708e-05,-0.466012
0.843,0.265515,0.151633,-0.0352095,0.000195137,-0.46565
0.844,0.265667,0.151202,-0.0352092,0.000365382,-0.465287
0.845,0.265818,0.150772,-0.0352087,0.000534909,-0.464924
0.846,0.265968,0.150342,-0.0352081,0.000703721,-0.46456
0.847,0.266118,0.149912,-0.0352073,0.000871819,-0.464195
0.848,0.266268,0.149483,-0.0352064,0.00103921,-0.46383
0.849,0.266417,0.149054,-0.0352052,0.00120588,-0.463464
0.85,0.266566,0.148626,-0.035204,0.00137186,-0.463098
0.851,0.266715,0.148198,-0.0352025,0.00153713,-0.462731
0.852,0.266863,0.14777,-0.0352009,0.00170169,-0.462363
0.853,0.26701,0.147342,-0.0351991,0.00186556,-0.461995
0.854,0.267157,0.146915,-0.0351971,0.00202873,-0.461626
0.855,0.267304,0.146488,-0.035195,0.00219121,-0.461257
0.856,0.26745,0.146062,-0.0351928,0.00235299,-0.460887
0.857,0.267596,0.145636,-0.0351903,0.00251409,-0.460516
0.858,0.267741,0.145211,-0.0351877,0.0026745,-0.460145
0.859,0.267886,0.144785,-0.035185,0.00283422,-0.459773
0.86,0.268031,0.14436,-0.0351821,0.00299326,-0.459401
0.861,0.268175,0.143936,-0.035179,0.00315162,-0.459028
0.862,0.268319,0.143512,-0.0351758,0.0033093,-0.458655
0.863,0.268462,0.143088,-0.0351724,0.0034663,-0.458281
0.864,0.268605,0.142665,-0.0351688,0.00362263,-0.457906
0.865,0.268748,0.142242,-0.0351651,0.00377829,-0.457531
0.866,0.26889,0.141819,-0.0351613,0.00393329,-0.457156
0.867,0.269031,0.141397,-0.0351573,0.00408761,-0.456779
0.868,0.269172,0.140975,-0.0351531,0.00424127,-0.456403
0.869,0.269313,0.140553,-0.0351488,0.00439427,-0.456025
0.87,0.269453,0.140132,-0.0351443,0.0045466,-0.455648
0.871,0.269593,0.139711,-0.0351397,0.00469828,-0.455269
0.872,0.269733,0.139291,-0.0351349,0.0048493,-0.45489
0.873,0.269872,0.138871,-0.03513,0.00499967,-0.454511
0.874,0.270011,0.138451,-0.0351249,0.00514939,-0.454131
0.875,0.270149,0.138032,-0.0351197,0.00529846,-0.453751
0.876,0.270287,0.137613,-0.0351143,0.00544688,-0.45337
0.877,0.270424,0.137195,-0.0351088,0.00559466,-0.452988
0.878,0.270561,0.136777,-0.0351031,0.0057418,-0.452606
0.879,0.270698,0.136359,-0.0350973,0.00588829,-0.452224
0.88,0.270834,0.135941,-0.0350914,0.00603415,-0.451841
0.881,0.27097,0.135524,-0.0350852,0.00617937,-0.451457
0.882,0.271105,0.135108,-0.035079,0.00632395,-0.451073
0.883,0.27124,0.134692,-0.0350726,0.00646791,-0.450689
0.884,0.271374,0.134276,-0.0350661,0.00661123,-0.450304
0.885,0.271508,0.13386,-0.0350594,0.00675393,-0.449918
0.886,0.271642,0.133445,-0.0350526,0.006896,-0.449532
0.887,0.271775,0.13303,-0.0350456,0.00703745,-0.449146
0.888,0.271908,0.132616,-0.0350385,0.00717828,-0.448759
0.889,0.27204,0.132202,-0.0350312,0.00731849,-0.448372
0.89,0.272172,0.131788,-0.0350238,0.00745808,-0.447984
0.891,0.272304,0.131375,-0.0350163,0.00759706,-0.447596
0.892,0.272435,0.130962,-0.0350087,0.00773542,-0.447207
0.893,0.272566,0.13055,-0.0350008,0.00787317,-0.446818
0.894,0.272696,0.130138,-0.0349929,0.00801032,-0.446428
0.895,0.272826,0.129726,-0.0349848,0.00814686,-0.446038
0.896,0.272956,0.129315,-0.0349766,0.00828279,-0.445648
0.897,0.273085,0.128904,-0.0349683,0.00841812,-0.445257
0.898,0.273214,0.128493,-0.0349598,0.00855285,-0.444865
0.899,0.273342,0.128083,-0.0349512,0.00868698,-0.444473
0.9,0.27347,0.127673,-0.0349424,0.00882052,-0.444081
0.901,0.273597,0.127264,-0.0349335,0.00895346,-0.443688
0.902,0.273724,0.126855,-0.0349245,0.00908581,-0.443295
0.903,0.273851,0.126446,-0.0349153,0.00921757,-0.442901
0.904,0.273977,0.126038,-0.0349061,0.00934874,-0.442507
0.905,0.274103,0.12563,-0.0348966,0.00947932,-0.442113
0.906,0.274228,0.125223,-0.0348871,0.00960932,-0.441718
0.907,0.274353,0.124816,-0.0348774,0.00973874,-0.441323
0.908,0.274478,0.124409,-0.0348676,0.00986757,-0.440927
0.909,0.274602,0.124003,-0.0348577,0.00999583,-0.440531
0.91,0.274726,0.123597,-0.0348476,0.0101235,-0.440135
0.911,0.274849,0.123191,-0.0348374,0.0102506,-0.439738
0.912,0.274972,0.122786,-0.0348271,0.0103772,-0.439341
0.913,0.275095,0.122381,-0.0348167,0.0105031,-0.438943
0.914,0.275217,0.121977,-0.0348061,0.0106285,-0.438545
0.915,0.275339,0.121573,-0.0347954,0.0107533,-0.438146
0.916,0.27546,0.121169,-0.0347846,0.0108776,-0.437748
0.917,0.275581,0.120766,-0.0347737,0.0110013,-0.437348
0.918,0.275702,0.120363,-0.0347626,0.0111244,-0.436949
0.919,0.275822,0.119961,-0.0347514,0.011247,-0.436549
0.92,0.275942,0.119559,-0.0347401,0.0113691,-0.436149
0.921,0.276061,0.119157,-0.0347287,0.0114905,-0.435748
0.922,0.27618,0.118756,-0.0347171,0.0116114,-0.435347
0.923,0.276299,0.118355,-0.0347055,0.0117318,-0.434945
0.924,0.276417,0.117955,-0.0346937,0.0118516,-0.434544
0.925,0.276535,0.117555,-0.0346818,0.0119709,-0.434141
0.926,0.276652,0.117155,-0.0346697,0.0120896,-0.433739
0.927,0.276769,0.116755,-0.0346576,0.0122078,-0.433336
0.928,0.276885,0.116357,-0.0346453,0.0123254,-0.432933
0.929,0.277002,0.115958,-0.0346329,0.0124425,-0.432529
0.93,0.277117,0.11556,-0.0346204,0.0125591,-0.432125
0.931,0.277233,0.115162,-0.0346078,0.0126751,-0.431721
0.932,0.277348,0.114765,-0.0345951,0.0127906,-0.431317
0.933,0.277462,0.114368,-0.0345822,0.0129055,-0.430912
0.934,0.277576,0.113971,-0.0345693,0.0130199,-0.430507
0.935,0.27769,0.113575,-0.0345562,0.0131338,-0.430101
0.936,0.277804,0.113179,-0.034543,0.0132472,-0.429695
0.937,0.277917,0.112784,-0.0345297,0.01336,-0.429289
0.938,0.278029,0.112389,-0.0345163,0.0134723,-0.428882
0.939,0.278141,0.111994,-0.0345028,0.0135841,-0.428475
0.94,0.278253,0.1116,-0.0344891,0.0136954,-0.428068
0.941,0.278365,0.111206,-0.0344754,0.0138061,-0.427661
0.942,0.278476,0.110813,-0.0344615,0.0139164,-0.427253
0.943,0.278586,0.11042,-0.0344475,0.0140261,-0.426845
0.944,0.278696,0.110027,-0.0344335,0.0141353,-0.426437
0.945,0.278806,0.109635,-0.0344193,0.014244,-0.426028
0.946,0.278916,0.109243,-0.034405,0.0143522,-0.425619
0.947,0.279025,0.108852,-0.0343906,0.0144599,-0.42521
0.948,0.279133,0.108461,-0.0343761,0.014567,-0.4248
0.949,0.279242,0.10807,-0.0343614,0.0146737,-0.42439
0.95,0.279349,0.10768,-0.0343467,0.0147799,-0.42398
0.951,0.279457,0.10729,-0.0343319,0.0148855,-0.42357
0.952,0.279564,0.1069,-0.0343169,0.0149907,-0.423159
0.953,0.279671,0.106511,-0.0343019,0.0150954,-0.422748
0.954,0.279777,0.106123,-0.0342867,0.0151995,-0.422337
0.955,0.279883,0.105734,-0.0342715,0.0153032,-0.421925
0.956,0.279989,0.105347,-0.0342561,0.0154064,-0.421513
0.957,0.280094,0.104959,-0.0342407,0.0155091,-0.421101
0.958,0.280198,0.104572,-0.0342251,0.0156113,-0.420689
0.959,0.280303,0.104185,-0.0342095,0.015713,-0.420276
0.96,0.280407,0.103799,-0.0341937,0.0158142,-0.419863
0.961,0.28051,0.103413,-0.0341778,0.015915,-0.41945
0.962,0.280614,0.103028,-0.0341619,0.0160152,-0.419037
0.963,0.280717,0.102642,-0.0341458,0.016115,-0.418623
0.964,0.280819,0.102258,-0.0341296,0.0162143,-0.418209
0.965,0.280921,0.101873,-0.0341134,0.0163132,-0.417795
0.966,0.281023,0.10149,-0.034097,0.0164115,-0.417381
0.967,0.281124,0.101106,-0.0340805,0.0165094,-0.416966
0.968,0.281225,0.100723,-0.034064,0.0166068,-0.416551
0.969,0.281325,0.10034,-0.0340473,0.0167037,-0.416136
0.97,0.281426,0.0999579,-0.0340306,0.0168002,-0.41572
0.971,0.281525,0.099576,-0.0340137,0.0168962,-0.415305
0.972,0.281625,0.0991945,-0.0339968,0.0169917,-0.414889
0.973,0.281724,0.0988134,-0.0339798,0.0170868,-0.414473
0.974,0.281822,0.0984327,-0.0339626,0.0171814,-0.414057
0.975,0.281921,0.0980524,-0.0339454,0.0172755,-0.41364
0.976,0.282018,0.0976725,-0.0339281,0.0173692,-0.413224
0.977,0.282116,0.0972929,-0.0339107,0.0174624,-0.412807
0.978,0.282213,0.0969138,-0.0338931,0.0175552,-0.412389
0.979,0.28231,0.0965351,-0.0338755,0.0176475,-0.411972
0.98,0.282406,0.0961568,-0.0338578,0.0177393,-0.411554
0.981,0.282502,0.0957789,-0.0338401,0.0178307,-0.411137
0.982,0.282598,0.0954014,-0.0338222,0.0179217,-0.410719
0.983,0.282693,0.0950243,-0.0338042,0.0180122,-0.4103
0.984,0.282788,0.0946475,-0.0337862,0.0181022,-0.409882
0.985,0.282882,0.0942712,-0.033768,0.0181919,-0.409463
0.986,0.282976,0.0938953,-0.0337498,0.018281,-0.409045
0.987,0.28307,0.0935198,-0.0337315,0.0183698,-0.408626
0.988,0.283163,0.0931447,-0.033713,0.018458,-0.408207
0.989,0.283256,0.09277,-0.0336945,0.0185459,-0.407787
0.99,0.283349,0.0923957,-0.0336759,0.0186333,-0.407368
0.991,0.283441,0.0920218,-0.0336573,0.0187203,-0.406948
0.992,0.283533,0.0916483,-0.0336385,0.0188068,-0.406528
0.993,0.283624,0.0912752,-0.0336197,0.0188929,-0.406108
0.994,0.283715,0.0909025,-0.0336007,0.0189786,-0.405687
0.995,0.283806,0.0905302,-0.0335817,0.0190638,-0.405267
0.996,0.283897,0.0901583,-0.0335626,0.0191486,-0.404846
0.997,0.283987,0.0897868,-0.0335434,0.019233,-0.404426
0.998,0.284076,0.0894157,-0.0335241,0.019317,-0.404005
0.999,0.284165,0.089045,-0.0335048,0.0194005,-0.403583
1,0.284254,0.0886747,-0.0334853,0.0194836,-0.403162
1.001,0.284343,0.0883048,-0.0334658,0.0195663,-0.402741
1.002,0.284431,0.0879354,-0.0334462,0.0196485,-0.402319
1.003,0.284519,0.0875663,-0.0334265,0.0197304,-0.401897
1.004,0.284606,0.0871976,-0.0334067,0.0198118,-0.401475
1.005,0.284693,0.0868293,-0.0333869,0.0198928,-0.401053
1.006,0.28478,0.0864615,-0.033367,0.0199734,-0.400631
1.007,0.284866,0.086094,-0.0333469,0.0200536,-0.400208
1.008,0.284952,0.0857269,-0.0333268,0.0201334,-0.399786
1.009,0.285037,0.0853603,-0.0333067,0.0202128,-0.399363
1.01,0.285123,0.084994,-0.0332864,0.0202917,-0.39894
1.011,0.285207,0.0846281,-0.0332661,0.0203703,-0.398517
1.012,0.285292,0.0842627,-0.0332457,0.0204484,-0.398094
1.013,0.285376,0.0838976,-0.0332252,0.0205262,-0.397671
1.014,0.28546,0.083533,-0.0332046,0.0206035,-0.397247
1.015,0.285543,0.0831687,-0.033184,0.0206804,-0.396824
1.016,0.285626,0.0828049,-0.0331633,0.020757,-0.3964
1.017,0.285709,0.0824415,-0.0331425,0.0208331,-0.395976
1.018,0.285791,0.0820784,-0.0331216,0.0209088,-0.395553
1.019,0.285873,0.0817158,-0.0331007,0.0209842,-0.395128
1.02,0.285954,0.0813536,-0.0330796,0.0210591,-0.394704
1.021,0.286035,0.0809917,-0.0330585,0.0211337,-0.39428
1.022,0.286116,0.0806303,-0.0330374,0.0212079,-0.393856
1.023,0.286197,0.0802693,-0.0330161,0.0212816,-0.393431
1.024,0.286277,0.0799087,-0.0329948,0.021355,-0.393006
1.025,0.286356,0.0795485,-0.0329734,0.021428,-0.392582
1.026,0.286436,0.0791887,-0.0329519,0.0215006,-0.392157
1.027,0.286515,0.0788293,-0.0329304,0.0215728,-0.391732
1.028,0.286593,0.0784703,-0.0329088,0.0216447,-0.391307
1.029,0.286672,0.0781117,-0.0328871,0.0217161,-0.390882
1.03,0.28675,0.0777535,-0.0328654,0.0217872,-0.390456
1.031,0.286827,0.0773957,-0.0328435,0.0218579,-0.390031
1.032,0.286905,0.0770383,-0.0328217,0.0219282,-0.389605
1.033,0.286981,0.0766814,-0.0327997,0.0219982,-0.38918
1.034,0.287058,0.0763248,-0.0327777,0.0220677,-0.388754
1.035,0.287134,0.0759686,-0.0327556,0.0221369,-0.388328
1.036,0.28721,0.0756128,-0.0327334,0.0222058,-0.387903
1.037,0.287285,0.0752575,-0.0327111,0.0222742,-0.387477
1.038,0.28736,0.0749025,-0.0326888,0.0223423,-0.387051
1.039,0.287435,0.074548,-0.0326665,0.02241,-0.386624
1.04,0.287509,0.0741938,-0.032644,0.0224773,-0.386198
1.041,0.287583,0.0738401,-0.0326215,0.0225443,-0.385772
1.042,0.287657,0.0734867,-0.0325989,0.0226109,-0.385346
1.043,0.28773,0.0731338,-0.0325763,0.0226771,-0.384919
1.044,0.287803,0.0727813,-0.0325536,0.022743,-0.384493
1.045,0.287876,0.0724291,-0.0325308,0.0228085,-0.384066
1.046,0.287948,0.0720774,-0.032508,0.0228737,-0.383639
1.047,0.28802,0.0717261,-0.032485,0.0229385,-0.383213
1.048,0.288092,0.0713752,-0.0324621,0.0230029,-0.382786
1.049,0.288163,0.0710247,-0.032439,0.023067,-0.382359
1.05,0.288234,0.0706746,-0.0324159,0.0231308,-0.381932
1.051,0.288304,0.0703249,-0.0323928,0.0231941,-0.381505
1.052,0.288374,0.0699756,-0.0323696,0.0232572,-0.381078
1.053,0.288444,0.0696267,-0.0323463,0.0233198,-0.380651
1.054,0.288514,0.0692782,-0.0323229,0.0233822,-0.380224
1.055,0.288583,0.0689301,-0.0322995,0.0234441,-0.379796
1.056,0.288651,0.0685824,-0.032276,0.0235057,-0.379369
1.057,0.28872,0.0682351,-0.0322525,0.023567,-0.378942
1.058,0.288788,0.0678883,-0.0322289,0.023628,-0.378515
1.059,0.288856,0.0675418,-0.0322052,0.0236885,-0.378087
1.06,0.288923,0.0671957,-0.0321815,0.0237488,-0.37766
1.061,0.28899,0.0668501,-0.0321577,0.0238087,-0.377232
1.062,0.289057,0.0665048,-0.0321339,0.0238683,-0.376805
1.063,0.289123,0.06616,-0.03211,0.0239275,-0.376377
1.064,0.289189,0.0658155,-0.032086,0.0239864,-0.375949
1.065,0.289255,0.0654715,-0.032062,0.0240449,-0.375522
1.066,0.28932,0.0651278,-0.032038,0.0241031,-0.375094
1.067,0.289385,0.0647846,-0.0320138,0.024161,-0.374666
1.068,0.28945,0.0644418,-0.0319896,0.0242186,-0.374238
1.069,0.289514,0.0640993,-0.0319654,0.0242758,-0.373811
1.07,0.289578,0.0637573,-0.0319411,0.0243327,-0.373383
1.071,0.289641,0.0634157,-0.0319167,0.0243892,-0.372955
1.072,0.289705,0.0630745,-0.0318923,0.0244454,-0.372527
1.073,0.289768,0.0627337,-0.0318678,0.0245013,-0.372099
1.074,0.28983,0.0623932,-0.0318433,0.0245569,-0.371671
1.075,0.289892,0.0620532,-0.0318187,0.0246121,-0.371243
1.076,0.289954,0.0617136,-0.0317941,0.0246671,-0.370815
1.077,0.290016,0.0613744,-0.0317694,0.0247217,-0.370387
1.078,0.290077,0.0610357,-0.0317446,0.0247759,-0.369959
1.079,0.290138,0.0606973,-0.0317198,0.0248299,-0.369531
1.08,0.290198,0.0603593,-0.031695,0.0248835,-0.369103
1.081,0.290259,0.0600217,-0.0316701,0.0249369,-0.368675
1.082,0.290318,0.0596845,-0.0316451,0.0249899,-0.368247
1.083,0.290378,0.0593477,-0.0316201,0.0250425,-0.367819
1.084,0.290437,0.0590114,-0.031595,0.0250949,-0.367391
1.085,0.290496,0.0586754,-0.0315699,0.025147,-0.366963
1.086,0.290554,0.0583398,-0.0315447,0.0251987,-0.366535
1.087,0.290613,0.0580047,-0.0315195,0.0252501,-0.366106
1.088,0.29067,0.0576699,-0.0314942,0.0253013,-0.365678
1.089,0.290728,0.0573356,-0.0314689,0.0253521,-0.36525
1.09,0.290785,0.0570016,-0.0314435,0.0254026,-0.364822
1.091,0.290842,0.0566681,-0.0314181,0.0254528,-0.364394
1.092,0.290898,0.0563349,-0.0313926,0.0255027,-0.363966
1.093,0.290955,0.0560022,-0.0313671,0.0255523,-0.363538
1.094,0.29101,0.0556698,-0.0313415,0.0256015,-0.36311
1.095,0.291066,0.0553379,-0.0313159,0.0256505,-0.362682
1.096,0.291121,0.0550064,-0.0312902,0.0256992,-0.362254
1.097,0.291176,0.0546752,-0.0312645,0.0257476,-0.361826
1.098,0.29123,0.0543445,-0.0312387,0.0257957,-0.361398
1.099,0.291285,0.0540142,-0.0312129,0.0258434,-0.36097
1.1,0.291338,0.0536842,-0.031187,0.0258909,-0.360542
1.101,0.291392,0.0533547,-0.0311611,0.0259381,-0.360114
1.102,0.291445,0.0530256,-0.0311352,0.025985,-0.359686
1.103,0.291498,0.0526969,-0.0311091,0.0260316,-0.359258
1.104,0.291551,0.0523686,-0.0310831,0.0260779,-0.35883
1.105,0.291603,0.0520407,-0.031057,0.0261239,-0.358402
1.106,0.291655,0.0517132,-0.0310308,0.0261696,-0.357974
1.107,0.291706,0.0513861,-0.0310047,0.026215,-0.357547
1.108,0.291757,0.0510593,-0.0309784,0.0262602,-0.357119
1.109,0.291808,0.050733,-0.0309521,0.026305,-0.356691
1.11,0.291859,0.0504071,-0.0309258,0.0263496,-0.356263
1.111,0.291909,0.0500816,-0.0308994,0.0263939,-0.355836
1.112,0.291959,0.0497565,-0.030873,0.0264379,-0.355408
1.113,0.292009,0.0494318,-0.0308466,0.0264816,-0.354981
1.114,0.292058,0.0491076,-0.0308201,0.026525,-0.354553
1.115,0.292107,0.0487837,-0.0307935,0.0265682,-0.354125
1.116,0.292156,0.0484602,-0.0307669,0.026611,-0.353698
1.117,0.292204,0.0481371,-0.0307403,0.0266536,-0.353271
1.118,0.292252,0.0478144,-0.0307136,0.0266959,-0.352843
1.119,0.292299,0.0474921,-0.0306869,0.026738,-0.352416
1.12,0.292347,0.0471702,-0.0306601,0.0267797,-0.351989
1.121,0.292394,0.0468487,-0.0306333,0.0268212,-0.351561
1.122,0.29244,0.0465276,-0.0306065,0.0268624,-0.351134
1.123,0.292487,0.046207,-0.0305796,0.0269033,-0.350707
1.124,0.292533,0.0458867,-0.0305527,0.026944,-0.35028
1.125,0.292579,0.0455668,-0.0305257,0.0269843,-0.349853
1.126,0.292624,0.0452473,-0.0304987,0.0270245,-0.349426
1.127,0.292669,0.0449282,-0.0304717,0.0270643,-0.348999
1.128,0.292714,0.0446095,-0.0304446,0.0271039,-0.348572
1.129,0.292758,0.0442913,-0.0304175,0.0271432,-0.348145
1.13,0.292802,0.0439734,-0.0303903,0.0271822,-0.347719
1.131,0.292846,0.0436559,-0.0303631,0.027221,-0.347292
1.132,0.29289,0.0433388,-0.0303359,0.0272595,-0.346865
1.133,0.292933,0.0430221,-0.0303086,0.0272977,-0.346439
1.134,0.292976,0.0427058,-0.0302813,0.0273357,-0.346012
1.135,0.293018,0.04239,-0.0302539,0.0273734,-0.345586
1.136,0.293061,0.0420745,-0.0302265,0.0274109,-0.345159
1.137,0.293103,0.0417594,-0.0301991,0.0274481,-0.344733
1.138,0.293144,0.0414447,-0.0301716,0.027485,-0.344307
1.139,0.293185,0.0411304,-0.0301441,0.0275217,-0.343881
1.14,0.293226,0.0408165,-0.0301166,0.0275581,-0.343455
1.141,0.293267,0.040503,-0.030089,0.0275943,-0.343029
1.142,0.293307,0.0401899,-0.0300614,0.0276302,-0.342603
1.143,0.293347,0.0398773,-0.0300337,0.0276659,-0.342177
1.144,0.293387,0.039565,-0.0300061,0.0277013,-0.341751
1.145,0.293427,0.0392531,-0.0299783,0.0277364,-0.341325
1.146,0.293466,0.0389416,-0.0299506,0.0277713,-0.3409
1.147,0.293504,0.0386305,-0.0299228,0.027806,-0.340474
1.148,0.293543,0.0383198,-0.029895,0.0278403,-0.340049
1.149,0.293581,0.0380095,-0.0298671,0.0278745,-0.339624
1.15,0.293619,0.0376996,-0.0298392,0.0279084,-0.339198
1.151,0.293656,0.0373901,-0.0298113,0.027942,-0.338773
1.152,0.293694,0.037081,-0.0297833,0.0279754,-0.338348
1.153,0.293731,0.0367723,-0.0297554,0.0280086,-0.337923
1.154,0.293767,0.0364639,-0.0297273,0.0280415,-0.337498
1.155,0.293804,0.036156,-0.0296993,0.0280742,-0.337073
1.156,0.29384,0.0358485,-0.0296712,0.0281066,-0.336649
1.157,0.293875,0.0355414,-0.0296431,0.0281388,-0.336224
1.158,0.293911,0.0352347,-0.0296149,0.0281707,-0.335799
1.159,0.293946,0.0349283,-0.0295867,0.0282025,-0.335375
1.16,0.29398,0.0346224,-0.0295585,0.0282339,-0.334951
1.161,0.294015,0.0343169,-0.0295302,0.0282651,-0.334526
1.162,0.294049,0.0340117,-0.029502,0.0282961,-0.334102
1.163,0.294083,0.033707,-0.0294737,0.0283269,-0.333678
1.164,0.294117,0.0334026,-0.0294453,0.0283574,-0.333254
1.165,0.29415,0.0330987,-0.0294169,0.0283877,-0.33283
1.166,0.294183,0.0327951,-0.0293885,0.0284177,-0.332407
1.167,0.294215,0.032492,-0.0293601,0.0284475,-0.331983
1.168,0.294248,0.0321892,-0.0293316,0.0284771,-0.33156
1.169,0.29428,0.0318868,-0.0293032,0.0285065,-0.331136
1.17,0.294311,0.0315849,-0.0292746,0.0285356,-0.330713
1.171,0.294343,0.0312833,-0.0292461,0.0285645,-0.33029
1.172,0.294374,0.0309821,-0.0292175,0.0285931,-0.329867
1.173,0.294405,0.0306813,-0.0291889,0.0286216,-0.329444
1.174,0.294435,0.0303809,-0.0291603,0.0286498,-0.329021
1.175,0.294466,0.0300809,-0.0291316,0.0286778,-0.328598
1.176,0.294496,0.0297813,-0.0291029,0.0287055,-0.328175
1.177,0.294525,0.0294821,-0.0290742,0.028733,-0.327753
1.178,0.294555,0.0291833,-0.0290454,0.0287603,-0.327331
1.179,0.294584,0.0288849,-0.0290167,0.0287874,-0.326908
1.18,0.294612,0.0285869,-0.0289879,0.0288143,-0.326486
1.181,0.294641,0.0282892,-0.028959,0.0288409,-0.326064
1.182,0.294669,0.027992,-0.0289302,0.0288673,-0.325642
1.183,0.294697,0.0276951,-0.0289013,0.0288935,-0.32522
1.184,0.294724,0.0273987,-0.0288724,0.0289195,-0.324799
1.185,0.294752,0.0271026,-0.0288435,0.0289453,-0.324377
1.186,0.294778,0.026807,-0.0288145,0.0289708,-0.323956
1.187,0.294805,0.0265117,-0.0287855,0.0289961,-0.323535
1.188,0.294832,0.0262168,-0.0287565,0.0290212,-0.323113
1.189,0.294858,0.0259223,-0.0287275,0.0290461,-0.322692
1.19,0.294883,0.0256282,-0.0286984,0.0290708,-0.322271
1.191,0.294909,0.0253345,-0.0286693,0.0290953,-0.321851
1.192,0.294934,0.0250412,-0.0286402,0.0291195,-0.32143
1.193,0.294959,0.0247483,-0.0286111,0.0291436,-0.32101
1.194,0.294984,0.0244558,-0.0285819,0.0291674,-0.320589
1.195,0.295008,0.0241636,-0.0285528,0.029191,-0.320169
1.196,0.295032,0.0238719,-0.0285236,0.0292144,-0.319749
1.197,0.295056,0.0235805,-0.0284943,0.0292377,-0.319329
1.198,0.295079,0.0232896,-0.0284651,0.0292606,-0.318909
1.199,0.295102,0.022999,-0.0284358,0.0292834,-0.31849
1.2,0.295125,0.0227088,-0.0284065,0.029306,-0.31807
1.201,0.295148,0.022419,-0.0283772,0.0293284,-0.317651
1.202,0.29517,0.0221296,-0.0283479,0.0293506,-0.317231
1.203,0.295192,0.0218406,-0.0283185,0.0293725,-0.316812
1.204,0.295214,0.021552,-0.0282891,0.0293943,-0.316393
1.205,0.295235,0.0212637,-0.0282597,0.0294158,-0.315975
1.206,0.295256,0.0209759,-0.0282303,0.0294372,-0.315556
1.207,0.295277,0.0206885,-0.0282008,0.0294584,-0.315137
1.208,0.295297,0.0204014,-0.0281714,0.0294793,-0.314719
1.209,0.295318,0.0201147,-0.0281419,0.0295001,-0.314301
1.21,0.295338,0.0198284,-0.0281124,0.0295206,-0.313883
1.211,0.295357,0.0195425,-0.0280828,0.029541,-0.313465
1.212,0.295377,0.019257,-0.0280533,0.0295612,-0.313047
1.213,0.295396,0.0189719,-0.0280237,0.0295811,-0.312629
1.214,0.295415,0.0186872,-0.0279941,0.0296009,-0.312212
1.215,0.295433,0.0184029,-0.0279645,0.0296205,-0.311795
1.216,0.295452,0.0181189,-0.0279349,0.0296399,-0.311378
1.217,0.295469,0.0178353,-0.0279052,0.029659,-0.310961
1.218,0.295487,0.0175522,-0.0278756,0.029678,-0.310544
1.219,0.295505,0.0172694,-0.0278459,0.0296968,-0.310127
1.22,0.295522,0.016987,-0.0278162,0.0297154,-0.309711
1.221,0.295539,0.016705,-0.0277864,0.0297339,-0.309294
1.222,0.295555,0.0164233,-0.0277567,0.0297521,-0.308878
1.223,0.295571,0.0161421,-0.0277269,0.0297701,-0.308462
1.224,0.295587,0.0158612,-0.0276972,0.029788,-0.308046
1.225,0.295603,0.0155808,-0.0276674,0.0298057,-0.30763
1.226,0.295619,0.0153007,-0.0276376,0.0298231,-0.307215
1.227,0.295634,0.015021,-0.0276077,0.0298404,-0.3068
1.228,0.295649,0.0147417,-0.0275779,0.0298575,-0.306384
1.229,0.295663,0.0144628,-0.027548,0.0298744,-0.305969
1.23,0.295678,0.0141842,-0.0275181,0.0298912,-0.305554
1.231,0.295692,0.0139061,-0.0274882,0.0299077,-0.30514
1.232,0.295705,0.0136283,-0.0274583,0.0299241,-0.304725
1.233,0.295719,0.0133509,-0.0274284,0.0299403,-0.304311
1.234,0.295732,0.0130739,-0.0273984,0.0299563,-0.303897
1.235,0.295745,0.0127973,-0.0273685,0.0299721,-0.303483
1.236,0.295758,0.0125211,-0.0273385,0.0299878,-0.303069
1.237,0.29577,0.0122452,-0.0273085,0.0300032,-0.302655
1.238,0.295782,0.0119698,-0.0272785,0.0300185,-0.302242
1.239,0.295794,0.0116947,-0.0272485,0.0300336,-0.301828
1.24,0.295806,0.01142,-0.0272184,0.0300485,-0.301415
1.241,0.295817,0.0111457,-0.0271884,0.0300633,-0.301002
1.242,0.295828,0.0108718,-0.0271583,0.0300779,-0.300589
1.243,0.295839,0.0105982,-0.0271282,0.0300923,-0.300177
1.244,0.295849,0.0103251,-0.0270981,0.0301065,-0.299764
1.245,0.295859,0.0100523,-0.027068,0.0301205,-0.299352
1.246,0.295869,0.00977989,-0.0270379,0.0301344,-0.29894
1.247,0.295879,0.00950787,-0.0270077,0.0301481,-0.298528
1.248,0.295888,0.00923624,-0.0269776,0.0301617,-0.298116
1.249,0.295897,0.00896499,-0.0269474,0.030175,-0.297705
1.25,0.295906,0.00869413,-0.0269172,0.0301882,-0.297293
1.251,0.295915,0.00842364,-0.026887,0.0302012,-0.296882
1.252,0.295923,0.00815354,-0.0268568,0.0302141,-0.296471
1.253,0.295931,0.00788381,-0.0268266,0.0302268,-0.296061
1.254,0.295939,0.00761447,-0.0267964,0.0302393,-0.29565
1.255,0.295946,0.00734551,-0.0267661,0.0302516,-0.29524
1.256,0.295953,0.00707693,-0.0267359,0.0302638,-0.294829
1.257,0.29596,0.00680873,-0.0267056,0.0302758,-0.294419
1.258,0.295967,0.00654091,-0.0266753,0.0302876,-0.29401
1.259,0.295973,0.00627347,-0.026645,0.0302993,-0.2936
1.26,0.29598,0.0060064,-0.0266147,0.0303108,-0.29319
1.261,0.295985,0.00573972,-0.0265844,0.0303222,-0.292781
1.262,0.295991,0.00547342,-0.0265541,0.0303334,-0.292372
1.263,0.295996,0.0052075,-0.0265237,0.0303444,-0.291963
1.264,0.296001,0.00494195,-0.0264934,0.0303553,-0.291555
1.265,0.296006,0.00467679,-0.026463,0.030366,-0.291146
1.266,0.296011,0.004412,-0.0264326,0.0303765,-0.290738
1.267,0.296015,0.00414759,-0.0264023,0.0303869,-0.29033
1.268,0.296019,0.00388356,-0.0263719,0.0303971,-0.289922
1.269,0.296023,0.00361991,-0.0263415,0.0304072,-0.289514
1.27,0.296026,0.00335663,-0.0263111,0.0304171,-0.289107
1.271,0.29603,0.00309373,-0.0262806,0.0304269,-0.288699
1.272,0.296033,0.00283121,-0.0262502,0.0304365,-0.288292
1.273,0.296035,0.00256907,-0.0262198,0.0304459,-0.287885
1.274,0.296038,0.0023073,-0.0261893,0.0304552,-0.287479
1.275,0.29604,0.00204591,-0.0261588,0.0304643,-0.287072
1.276,0.296042,0.0017849,-0.0261284,0.0304733,-0.286666
1.277,0.296043,0.00152426,-0.0260979,0.0304821,-0.28626
1.278,0.296045,0.001264,-0.0260674,0.0304907,-0.285854
1.279,0.296046,0.00100411,-0.0260369,0.0304993,-0.285448
1.28,0.296047,0.000744601,-0.0260064,0.0305076,-0.285043
1.281,0.296047,0.000485466,-0.0259759,0.0305158,-0.284637
1.282,0.296048,0.000226706,-0.0259454,0.0305239,-0.284232
1.283,0.296048,-3.16797e-05,-0.0259149,0.0305318,-0.283828
1.284,0.296048,-0.00028969,-0.0258843,0.0305395,-0.283423
1.285,0.296047,-0.000547327,-0.0258538,0.0305471,-0.283018
1.286,0.296047,-0.000804589,-0.0258232,0.0305546,-0.282614
1.287,0.296046,-0.00106148,-0.0257927,0.0305619,-0.28221
1.288,0.296044,-0.00131799,-0.0257621,0.0305691,-0.281806
1.289,0.296043,-0.00157413,-0.0257315,0.0305761,-0.281403
1.29,0.296041,-0.0018299,-0.025701,0.0305829,-0.280999
1.291,0.296039,-0.00208529,-0.0256704,0.0305897,-0.280596
1.292,0.296037,-0.00234031,-0.0256398,0.0305962,-0.280193
1.293,0.296035,-0.00259496,-0.0256092,0.0306027,-0.279791
1.294,0.296032,-0.00284924,-0.0255786,0.030609,-0.279388
1.295,0.296029,-0.00310314,-0.025548,0.0306151,-0.278986
1.296,0.296026,-0.00335667,-0.0255173,0.0306211,-0.278584
1.297,0.296022,-0.00360983,-0.0254867,0.030627,-0.278182
1.298,0.296019,-0.00386262,-0.0254561,0.0306327,-0.27778
1.299,0.296015,-0.00411504,-0.0254254,0.0306383,-0.277379
1.3,0.29601,-0.00436709,-0.0253948,0.0306437,-0.276978
1.301,0.296006,-0.00461876,-0.0253642,0.030649,-0.276577
1.302,0.296001,-0.00487006,-0.0253335,0.0306542,-0.276176
1.303,0.295996,-0.005121,-0.0253029,0.0306592,-0.275775
1.304,0.295991,-0.00537156,-0.0252722,0.0306641,-0.275375
1.305,0.295985,-0.00562176,-0.0252415,0.0306688,-0.274975
1.306,0.29598,-0.00587158,-0.0252109,0.0306734,-0.274575
1.307,0.295974,-0.00612103,-0.0251802,0.0306779,-0.274175
1.308,0.295967,-0.00637012,-0.0251495,0.0306822,-0.273776
1.309,0.295961,-0.00661883,-0.0251188,0.0306864,-0.273377
1.31,0.295954,-0.00686718,-0.0250881,0.0306904,-0.272978
1.311,0.295947,-0.00711516,-0.0250574,0.0306944,-0.272579
1.312,0.29594,-0.00736277,-0.0250267,0.0306982,-0.27218
1.313,0.295932,-0.00761001,-0.024996,0.0307018,-0.271782
1.314,0.295925,-0.00785689,-0.0249653,0.0307053,-0.271384
1.315,0.295917,-0.00810339,-0.0249346,0.0307087,-0.270986
1.316,0.295908,-0.00834953,-0.0249039,0.030712,-0.270588
1.317,0.2959,-0.0085953,-0.0248732,0.0307151,-0.270191
1.318,0.295891,-0.00884071,-0.0248425,0.0307181,-0.269794
1.319,0.295882,-0.00908574,-0.0248118,0.030721,-0.269397
1.32,0.295873,-0.00933041,-0.024781,0.0307237,-0.269
1.321,0.295864,-0.00957472,-0.0247503,0.0307263,-0.268604
1.322,0.295854,-0.00981866,-0.0247196,0.0307288,-0.268207
1.323,0.295844,-0.0100622,-0.0246889,0.0307311,-0.267811
1.324,0.295834,-0.0103054,-0.0246581,0.0307334,-0.267416
1.325,0.295823,-0.0105483,-0.0246274,0.0307355,-0.26702
1.326,0.295813,-0.0107908,-0.0245967,0.0307374,-0.266625
1.327,0.295802,-0.0110329,-0.0245659,0.0307393,-0.26623
1.328,0.295791,-0.0112746,-0.0245352,0.030741,-0.265835
1.329,0.295779,-0.011516,-0.0245044,0.0307426,-0.26544
1.33,0.295768,-0.011757,-0.0244737,0.030744,-0.265046
1.331,0.295756,-0.0119977,-0.024443,0.0307454,-0.264652
1.332,0.295744,-0.012238,-0.0244122,0.0307466,-0.264258
1.333,0.295731,-0.0124779,-0.0243815,0.0307477,-0.263864
1.334,0.295719,-0.0127174,-0.0243507,0.0307487,-0.263471
1.335,0.295706,-0.0129567,-0.02432,0.0307495,-0.263077
1.336,0.295693,-0.0131955,-0.0242892,0.0307502,-0.262684
1.337,0.295679,-0.013434,-0.0242585,0.0307508,-0.262292
1.338,0.295666,-0.0136721,-0.0242277,0.0307513,-0.261899
1.339,0.295652,-0.0139098,-0.024197,0.0307517,-0.261507
1.34,0.295638,-0.0141472,-0.0241662,0.0307519,-0.261115
1.341,0.295624,-0.0143842,-0.0241355,0.0307521,-0.260723
1.342,0.295609,-0.0146209,-0.0241047,0.0307521,-0.260332
1.343,0.295595,-0.0148572,-0.024074,0.0307519,-0.25994
1.344,0.29558,-0.0150932,-0.0240432,0.0307517,-0.259549
1.345,0.295564,-0.0153287,-0.0240124,0.0307514,-0.259158
1.346,0.295549,-0.015564,-0.0239817,0.0307509,-0.258768
1.347,0.295533,-0.0157988,-0.0239509,0.0307503,-0.258378
1.348,0.295517,-0.0160333,-0.0239202,0.0307496,-0.257988
1.349,0.295501,-0.0162675,-0.0238894,0.0307488,-0.257598
1.35,0.295485,-0.0165013,-0.0238587,0.0307479,-0.257208
1.351,0.295468,-0.0167347,-0.023828,0.0307468,-0.256819
1.352,0.295451,-0.0169678,-0.0237972,0.0307457,-0.25643
1.353,0.295434,-0.0172005,-0.0237665,0.0307444,-0.256041
1.354,0.295417,-0.0174328,-0.0237357,0.030743,-0.255652
1.355,0.295399,-0.0176648,-0.023705,0.0307415,-0.255264
1.356,0.295382,-0.0178964,-0.0236742,0.0307399,-0.254876
1.357,0.295364,-0.0181277,-0.0236435,0.0307382,-0.254488
1.358,0.295345,-0.0183586,-0.0236128,0.0307364,-0.2541
1.359,0.295327,-0.0185892,-0.023582,0.0307344,-0.253713
1.36,0.295308,-0.0188194,-0.0235513,0.0307324,-0.253326
1.361,0.295289,-0.0190492,-0.0235206,0.0307302,-0.252939
1.362,0.29527,-0.0192787,-0.0234898,0.0307279,-0.252553
1.363,0.295251,-0.0195079,-0.0234591,0.0307255,-0.252166
1.364,0.295231,-0.0197366,-0.0234284,0.030723,-0.25178
1.365,0.295211,-0.0199651,-0.0233977,0.0307204,-0.251394
1.366,0.295191,-0.0201931,-0.0233669,0.0307177,-0.251009
1.367,0.295171,-0.0204209,-0.0233362,0.0307149,-0.250623
1.368,0.29515,-0.0206482,-0.0233055,0.030712,-0.250238
1.369,0.29513,-0.0208752,-0.0232748,0.030709,-0.249853
1.37,0.295109,-0.0211019,-0.0232441,0.0307058,-0.249469
1.371,0.295087,-0.0213282,-0.0232134,0.0307026,-0.249085
1.372,0.295066,-0.0215541,-0.0231827,0.0306992,-0.248701
1.373,0.295044,-0.0217797,-0.023152,0.0306958,-0.248317
1.374,0.295022,-0.0220049,-0.0231213,0.0306922,-0.247933
1.375,0.295,-0.0222298,-0.0230906,0.0306886,-0.24755
1.376,0.294978,-0.0224543,-0.0230599,0.0306848,-0.247167
1.377,0.294955,-0.0226785,-0.0230292,0.030681,-0.246784
1.378,0.294933,-0.0229023,-0.0229986,0.030677,-0.246401
1.379,0.29491,-0.0231258,-0.0229679,0.0306729,-0.246019
1.38,0.294886,-0.0233489,-0.0229372,0.0306687,-0.245637
1.381,0.294863,-0.0235717,-0.0229065,0.0306645,-0.245255
1.382,0.294839,-0.0237941,-0.0228759,0.0306601,-0.244874
1.383,0.294815,-0.0240162,-0.0228452,0.0306556,-0.244493
1.384,0.294791,-0.0242379,-0.0228146,0.0306511,-0.244112
1.385,0.294767,-0.0244592,-0.0227839,0.0306464,-0.243731
1.386,0.294742,-0.0246802,-0.0227533,0.0306416,-0.243351
1.387,0.294717,-0.0249009,-0.0227226,0.0306367,-0.24297
1.388,0.294692,-0.0251212,-0.022692,0.0306318,-0.24259
1.389,0.294667,-0.0253412,-0.0226614,0.0306267,-0.242211
1.39,0.294642,-0.0255608,-0.0226308,0.0306215,-0.241831
1.391,0.294616,-0.0257801,-0.0226001,0.0306163,-0.241452
1.392,0.29459,-0.025999,-0.0225695,0.0306109,-0.241073
1.393,0.294564,-0.0262175,-0.0225389,0.0306055,-0.240695
1.394,0.294538,-0.0264357,-0.0225083,0.0305999,-0.240316
1.395,0.294511,-0.0266536,-0.0224777,0.0305943,-0.239938
1.396,0.294484,-0.0268711,-0.0224471,0.0305885,-0.23956
1.397,0.294457,-0.0270883,-0.0224165,0.0305827,-0.239183
1.398,0.29443,-0.0273051,-0.022386,0.0305768,-0.238806
1.399,0.294403,-0.0275216,-0.0223554,0.0305707,-0.238428
1.4,0.294375,-0.0277378,-0.0223248,0.0305646,-0.238052
1.401,0.294347,-0.0279535,-0.0222943,0.0305584,-0.237675
1.402,0.294319,-0.028169,-0.0222637,0.0305521,-0.237299
1.403,0.294291,-0.0283841,-0.0222331,0.0305457,-0.236923
1.404,0.294262,-0.0285988,-0.0222026,0.0305392,-0.236547
1.405,0.294234,-0.0288132,-0.0221721,0.0305326,-0.236172
1.406,0.294205,-0.0290273,-0.0221415,0.030526,-0.235797
1.407,0.294176,-0.029241,-0.022111,0.0305192,-0.235422
1.408,0.294146,-0.0294544,-0.0220805,0.0305124,-0.235047
1.409,0.294117,-0.0296674,-0.02205,0.0305054,-0.234673
1.41,0.294087,-0.0298801,-0.0220195,0.0304984,-0.234299
1.411,0.294057,-0.0300924,-0.021989,0.0304913,-0.233925
1.412,0.294027,-0.0303044,-0.0219585,0.0304841,-0.233551
1.413,0.293996,-0.0305161,-0.021928,0.0304768,-0.233178
1.414,0.293966,-0.0307274,-0.0218976,0.0304694,-0.232805
1.415,0.293935,-0.0309383,-0.0218671,0.0304619,-0.232432
1.416,0.293904,-0.0311489,-0.0218366,0.0304544,-0.23206
1.417,0.293873,-0.0313592,-0.0218062,0.0304467,-0.231687
1.418,0.293841,-0.0315692,-0.0217757,0.030439,-0.231315
1.419,0.29381,-0.0317788,-0.0217453,0.0304312,-0.230944
1.42,0.293778,-0.031988,-0.0217149,0.0304233,-0.230572
1.421,0.293746,-0.0321969,-0.0216845,0.0304153,-0.230201
1.422,0.293713,-0.0324055,-0.021654,0.0304072,-0.22983
1.423,0.293681,-0.0326137,-0.0216236,0.030399,-0.22946
1.424,0.293648,-0.0328216,-0.0215932,0.0303908,-0.22909
1.425,0.293615,-0.0330292,-0.0215629,0.0303825,-0.228719
1.426,0.293582,-0.0332364,-0.0215325,0.0303741,-0.22835
1.427,0.293549,-0.0334432,-0.0215021,0.0303656,-0.22798
1.428,0.293515,-0.0336498,-0.0214718,0.030357,-0.227611
1.429,0.293481,-0.033856,-0.0214414,0.0303483,-0.227242
1.43,0.293447,-0.0340618,-0.0214111,0.0303396,-0.226873
1.431,0.293413,-0.0342673,-0.0213807,0.0303308,-0.226505
1.432,0.293379,-0.0344725,-0.0213504,0.0303219,-0.226137
1.433,0.293344,-0.0346773,-0.0213201,0.0303129,-0.225769
1.434,0.29331,-0.0348818,-0.0212898,0.0303038,-0.225401
1.435,0.293275,-0.035086,-0.0212595,0.0302947,-0.225034
1.436,0.293239,-0.0352898,-0.0212292,0.0302855,-0.224667
1.437,0.293204,-0.0354933,-0.0211989,0.0302761,-0.2243
1.438,0.293168,-0.0356965,-0.0211686,0.0302668,-0.223934
1.439,0.293133,-0.0358993,-0.0211384,0.0302573,-0.223568
1.44,0.293097,-0.0361018,-0.0211081,0.0302478,-0.223202
1.441,0.29306,-0.0363039,-0.0210779,0.0302381,-0.222836
1.442,0.293024,-0.0365057,-0.0210476,0.0302284,-0.222471
1.443,0.292987,-0.0367072,-0.0210174,0.0302187,-0.222106
1.444,0.292951,-0.0369083,-0.0209872,0.0302088,-0.221741
1.445,0.292914,-0.0371091,-0.020957,0.0301989,-0.221377
1.446,0.292876,-0.0373096,-0.0209268,0.0301889,-0.221012
1.447,0.292839,-0.0375097,-0.0208966,0.0301788,-0.220648
1.448,0.292801,-0.0377095,-0.0208664,0.0301686,-0.220285
1.449,0.292763,-0.037909,-0.0208363,0.0301584,-0.219921
1.45,0.292725,-0.0381081,-0.0208061,0.0301481,-0.219558
1.451,0.292687,-0.0383069,-0.020776,0.0301377,-0.219195
1.452,0.292649,-0.0385054,-0.0207459,0.0301273,-0.218833
1.453,0.29261,-0.0387035,-0.0207157,0.0301167,-0.21847
1.454,0.292571,-0.0389013,-0.0206856,0.0301061,-0.218108
1.455,0.292532,-0.0390988,-0.0206555,0.0300955,-0.217747
1.456,0.292493,-0.0392959,-0.0206254,0.0300847,-0.217385
1.457,0.292454,-0.0394927,-0.0205953,0.0300739,-0.217024
1.458,0.292414,-0.0396892,-0.0205653,0.030063,-0.216663
1.459,0.292374,-0.0398853,-0.0205352,0.030052,-0.216303
1.46,0.292335,-0.0400811,-0.0205052,0.030041,-0.215942
1.461,0.292294,-0.0402766,-0.0204751,0.0300299,-0.215582
1.462,0.292254,-0.0404718,-0.0204451,0.0300187,-0.215223
1.463,0.292213,-0.0406666,-0.0204151,0.0300074,-0.214863
1.464,0.292173,-0.0408611,-0.0203851,0.0299961,-0.214504
1.465,0.292132,-0.0410552,-0.0203551,0.0299847,-0.214145
1.466,0.292091,-0.0412491,-0.0203251,0.0299733,-0.213787
1.467,0.292049,-0.0414426,-0.0202952,0.0299617,-0.213428
1.468,0.292008,-0.0416357,-0.0202652,0.0299501,-0.21307
1.469,0.291966,-0.0418286,-0.0202353,0.0299384,-0.212712
1.47,0.291924,-0.0420211,-0.0202053,0.0299267,-0.212355
1.471,0.291882,-0.0422133,-0.0201754,0.0299149,-0.211998
1.472,0.29184,-0.0424051,-0.0201455,0.029903,-0.211641
1.473,0.291797,-0.0425967,-0.0201156,0.0298911,-0.211284
1.474,0.291754,-0.0427879,-0.0200857,0.0298791,-0.210928
1.475,0.291711,-0.0429788,-0.0200558,0.029867,-0.210572
1.476,0.291668,-0.0431693,-0.020026,0.0298548,-0.210216
1.477,0.291625,-0.0433596,-0.0199961,0.0298426,-0.209861
1.478,0.291582,-0.0435495,-0.0199663,0.0298304,-0.209505
1.479,0.291538,-0.043739,-0.0199365,0.029818,-0.20915
1.48,0.291494,-0.0439283,-0.0199067,0.0298056,-0.208796
1.481,0.29145,-0.0441172,-0.0198769,0.0297931,-0.208442
1.482,0.291406,-0.0443058,-0.0198471,0.0297806,-0.208087
1.483,0.291362,-0.0444941,-0.0198173,0.029768,-0.207734
1.484,0.291317,-0.044682,-0.0197875,0.0297553,-0.20738
1.485,0.291272,-0.0448697,-0.0197578,0.0297426,-0.207027
1.486,0.291227,-0.045057,-0.0197281,0.0297298,-0.206674
1.487,0.291182,-0.045244,-0.0196983,0.0297169,-0.206322
1.488,0.291137,-0.0454306,-0.0196686,0.029704,-0.205969
1.489,0.291091,-0.045617,-0.0196389,0.029691,-0.205617
1.49,0.291046,-0.045803,-0.0196092,0.029678,-0.205265
1.491,0.291,-0.0459887,-0.0195796,0.0296649,-0.204914
1.492,0.290954,-0.046174,-0.0195499,0.0296517,-0.204563
1.493,0.290907,-0.0463591,-0.0195203,0.0296385,-0.204212
1.494,0.290861,-0.0465438,-0.0194906,0.0296252,-0.203861
1.495,0.290814,-0.0467282,-0.019461,0.0296118,-0.203511
1.496,0.290767,-0.0469123,-0.0194314,0.0295984,-0.203161
1.497,0.29072,-0.047096,-0.0194018,0.029585,-0.202811
1.498,0.290673,-0.0472795,-0.0193722,0.0295714,-0.202462
1.499,0.290626,-0.0474626,-0.0193427,0.0295578,-0.202113
1.5,0.290578,-0.0476454,-0.0193131,0.0295442,-0.201764
1.501,0.290531,-0.0478279,-0.0192836,0.0295305,-0.201415
1.502,0.290483,-0.0480101,-0.0192541,0.0295167,-0.201067
1.503,0.290434,-0.0481919,-0.0192246,0.0295029,-0.200719
1.504,0.290386,-0.0483734,-0.0191951,0.029489,-0.200371
1.505,0.290338,-0.0485546,-0.0191656,0.029475,-0.200024
1.506,0.290289,-0.0487355,-0.0191361,0.029461,-0.199677
1.507,0.29024,-0.0489161,-0.0191067,0.0294469,-0.19933
1.508,0.290191,-0.0490963,-0.0190772,0.0294328,-0.198984
1.509,0.290142,-0.0492763,-0.0190478,0.0294187,-0.198637
1.51,0.290093,-0.0494559,-0.0190184,0.0294044,-0.198291
1.511,0.290043,-0.0496352,-0.018989,0.0293901,-0.197946
1.512,0.289993,-0.0498142,-0.0189596,0.0293758,-0.1976
1.513,0.289944,-0.0499929,-0.0189302,0.0293614,-0.197255
1.514,0.289893,-0.0501712,-0.0189009,0.0293469,-0.19691
1.515,0.289843,-0.0503492,-0.0188715,0.0293324,-0.196566
1.516,0.289793,-0.050527,-0.0188422,0.0293178,-0.196222
1.517,0.289742,-0.0507044,-0.0188129,0.0293032,-0.195878
1.518,0.289691,-0.0508815,-0.0187836,0.0292885,-0.195534
1.519,0.28964,-0.0510582,-0.0187543,0.0292738,-0.195191
1.52,0.289589,-0.0512347,-0.0187251,0.029259,-0.194848
1.521,0.289538,-0.0514109,-0.0186958,0.0292442,-0.194505
1.522,0.289486,-0.0515867,-0.0186666,0.0292293,-0.194163
1.523,0.289435,-0.0517622,-0.0186374,0.0292143,-0.193821
1.524,0.289383,-0.0519374,-0.0186081,0.0291993,-0.193479
1.525,0.289331,-0.0521123,-0.018579,0.0291843,-0.193137
1.526,0.289279,-0.0522869,-0.0185498,0.0291692,-0.192796
1.527,0.289226,-0.0524612,-0.0185206,0.029154,-0.192455
1.528,0.289174,-0.0526351,-0.0184915,0.0291388,-0.192114
1.529,0.289121,-0.0528088,-0.0184623,0.0291235,-0.191774
1.53,0.289068,-0.0529821,-0.0184332,0.0291082,-0.191434
1.531,0.289015,-0.0531551,-0.0184041,0.0290929,-0.191094
1.532,0.288962,-0.0533279,-0.018375,0.0290774,-0.190754
1.533,0.288908,-0.0535003,-0.018346,0.029062,-0.190415
1.534,0.288855,-0.0536723,-0.0183169,0.0290465,-0.190076
1.535,0.288801,-0.0538441,-0.0182879,0.0290309,-0.189738
1.536,0.288747,-0.0540156,-0.0182588,0.0290153,-0.189399
1.537,0.288693,-0.0541868,-0.0182298,0.0289996,-0.189061
1.538,0.288639,-0.0543576,-0.0182008,0.0289839,-0.188724
1.539,0.288584,-0.0545282,-0.0181719,0.0289681,-0.188386
1.54,0.28853,-0.0546984,-0.0181429,0.0289523,-0.188049
1.541,0.288475,-0.0548683,-0.018114,0.0289365,-0.187712
1.542,0.28842,-0.0550379,-0.018085,0.0289206,-0.187376
1.543,0.288365,-0.0552073,-0.0180561,0.0289046,-0.187039
1.544,0.28831,-0.0553763,-0.0180272,0.0288886,-0.186703
1.545,0.288254,-0.055545,-0.0179984,0.0288725,-0.186368
1.546,0.288198,-0.0557133,-0.0179695,0.0288564,-0.186032
1.547,0.288143,-0.0558814,-0.0179406,0.0288403,-0.185697
1.548,0.288087,-0.0560492,-0.0179118,0.0288241,-0.185362
1.549,0.288031,-0.0562167,-0.017883,0.0288078,-0.185028
1.55,0.287974,-0.0563838,-0.0178542,0.0287916,-0.184694
1.551,0.287918,-0.0565507,-0.0178254,0.0287752,-0.18436
1.552,0.287861,-0.0567172,-0.0177966,0.0287588,-0.184026
1.553,0.287804,-0.0568835,-0.0177679,0.0287424,-0.183693
1.554,0.287747,-0.0570494,-0.0177392,0.0287259,-0.18336
1.555,0.28769,-0.0572151,-0.0177104,0.0287094,-0.183027
1.556,0.287633,-0.0573804,-0.0176817,0.0286929,-0.182695
1.557,0.287575,-0.0575454,-0.0176531,0.0286763,-0.182363
1.558,0.287518,-0.0577102,-0.0176244,0.0286596,-0.182031
1.559,0.28746,-0.0578746,-0.0175957,0.0286429,-0.181699
1.56,0.287402,-0.0580387,-0.0175671,0.0286262,-0.181368
1.561,0.287344,-0.0582025,-0.0175385,0.0286094,-0.181037
1.562,0.287286,-0.058366,-0.0175099,0.0285926,-0.180707
1.563,0.287227,-0.0585293,-0.0174813,0.0285757,-0.180376
1.564,0.287169,-0.0586922,-0.0174527,0.0285588,-0.180046
1.565,0.28711,-0.0588548,-0.0174242,0.0285418,-0.179716
1.566,0.287051,-0.0590171,-0.0173956,0.0285248,-0.179387
1.567,0.286992,-0.0591791,-0.0173671,0.0285078,-0.179058
1.568,0.286933,-0.0593408,-0.0173386,0.0284907,-0.178729
1.569,0.286873,-0.0595022,-0.0173101,0.0284736,-0.1784
1.57,0.286814,-0.0596633,-0.0172817,0.0284564,-0.178072
1.571,0.286754,-0.0598241,-0.0172532,0.0284392,-0.177744
1.572,0.286694,-0.0599846,-0.0172248,0.0284219,-0.177416
1.573,0.286634,-0.0601448,-0.0171964,0.0284046,-0.177089
1.574,0.286574,-0.0603047,-0.017168,0.0283873,-0.176762
1.575,0.286513,-0.0604643,-0.0171396,0.0283699,-0.176435
1.576,0.286453,-0.0606236,-0.0171113,0.0283525,-0.176109
1.577,0.286392,-0.0607826,-0.0170829,0.0283351,-0.175783
1.578,0.286331,-0.0609414,-0.0170546,0.0283176,-0.175457
1.579,0.28627,-0.0610998,-0.0170263,0.0283,-0.175131
1.58,0.286209,-0.0612579,-0.016998,0.0282824,-0.174806
1.581,0.286148,-0.0614157,-0.0169697,0.0282648,-0.174481
1.582,0.286086,-0.0615732,-0.0169415,0.0282472,-0.174156
1.583,0.286024,-0.0617305,-0.0169132,0.0282295,-0.173832
1.584,0.285963,-0.0618874,-0.016885,0.0282118,-0.173508
1.585,0.285901,-0.062044,-0.0168568,0.028194,-0.173184
1.586,0.285839,-0.0622004,-0.0168286,0.0281762,-0.17286
1.587,0.285776,-0.0623564,-0.0168004,0.0281583,-0.172537
1.588,0.285714,-0.0625121,-0.0167723,0.0281404,-0.172214
1.589,0.285651,-0.0626676,-0.0167442,0.0281225,-0.171892
1.59,0.285589,-0.0628227,-0.016716,0.0281046,-0.171569
1.591,0.285526,-0.0629776,-0.016688,0.0280866,-0.171247
1.592,0.285463,-0.0631322,-0.0166599,0.0280685,-0.170926
1.593,0.285399,-0.0632865,-0.0166318,0.0280505,-0.170604
1.594,0.285336,-0.0634404,-0.0166038,0.0280324,-0.170283
1.595,0.285272,-0.0635941,-0.0165758,0.0280142,-0.169962
1.596,0.285209,-0.0637475,-0.0165477,0.027996,-0.169642
1.597,0.285145,-0.0639006,-0.0165198,0.0279778,-0.169322
1.598,0.285081,-0.0640534,-0.0164918,0.0279596,-0.169002
1.599,0.285017,-0.0642059,-0.0164638,0.0279413,-0.168682
1.6,0.284953,-0.0643582,-0.0164359,0.027923,-0.168363
1.601,0.284888,-0.0645101,-0.016408,0.0279046,-0.168044
1.602,0.284824,-0.0646617,-0.0163801,0.0278862,-0.167725
1.603,0.284759,-0.0648131,-0.0163522,0.0278678,-0.167407
1.604,0.284694,-0.0649642,-0.0163244,0.0278493,-0.167089
1.605,0.284629,-0.0651149,-0.0162965,0.0278308,-0.166771
1.606,0.284564,-0.0652654,-0.0162687,0.0278123,-0.166453
1.607,0.284498,-0.0654156,-0.0162409,0.0277937,-0.166136
1.608,0.284433,-0.0655655,-0.0162131,0.0277751,-0.165819
1.609,0.284367,-0.0657151,-0.0161853,0.0277565,-0.165503
1.61,0.284301,-0.0658644,-0.0161576,0.0277378,-0.165186
1.611,0.284236,-0.0660135,-0.0161299,0.0277191,-0.16487
1.612,0.284169,-0.0661622,-0.0161022,0.0277004,-0.164554
1.613,0.284103,-0.0663107,-0.0160745,0.0276816,-0.164239
1.614,0.284037,-0.0664588,-0.0160468,0.0276628,-0.163924
1.615,0.28397,-0.0666067,-0.0160191,0.027644,-0.163609
1.616,0.283904,-0.0667543,-0.0159915,0.0276251,-0.163295
1.617,0.283837,-0.0669016,-0.0159639,0.0276062,-0.16298
1.618,0.28377,-0.0670486,-0.0159363,0.0275873,-0.162666
1.619,0.283703,-0.0671954,-0.0159087,0.0275683,-0.162353
1.62,0.283635,-0.0673418,-0.0158812,0.0275494,-0.162039
1.621,0.283568,-0.067488,-0.0158536,0.0275303,-0.161726
1.622,0.2835,-0.0676338,-0.0158261,0.0275113,-0.161414
1.623,0.283433,-0.0677794,-0.0157986,0.0274922,-0.161101
1.624,0.283365,-0.0679247,-0.0157711,0.0274731,-0.160789
1.625,0.283297,-0.0680697,-0.0157437,0.0274539,-0.160477
1.626,0.283229,-0.0682145,-0.0157162,0.0274348,-0.160166
1.627,0.28316,-0.0683589,-0.0156888,0.0274156,-0.159855
1.628,0.283092,-0.0685031,-0.0156614,0.0273963,-0.159544
1.629,0.283023,-0.068647,-0.015634,0.027377,-0.159233
1.63,0.282955,-0.0687906,-0.0156066,0.0273578,-0.158923
1.631,0.282886,-0.0689339,-0.0155793,0.0273384,-0.158613
1.632,0.282817,-0.0690769,-0.0155519,0.0273191,-0.158303
1.633,0.282748,-0.0692197,-0.0155246,0.0272997,-0.157993
1.634,0.282678,-0.0693621,-0.0154974,0.0272803,-0.157684
1.635,0.282609,-0.0695043,-0.0154701,0.0272608,-0.157375
1.636,0.282539,-0.0696462,-0.0154428,0.0272414,-0.157067
1.637,0.28247,-0.0697879,-0.0154156,0.0272219,-0.156759
1.638,0.2824,-0.0699292,-0.0153884,0.0272023,-0.156451
1.639,0.28233,-0.0700703,-0.0153612,0.0271828,-0.156143
1.64,0.28226,-0.070211,-0.015334,0.0271632,-0.155836
1.641,0.282189,-0.0703515,-0.0153069,0.0271436,-0.155529
1.642,0.282119,-0.0704918,-0.0152797,0.027124,-0.155222
1.643,0.282048,-0.0706317,-0.0152526,0.0271043,-0.154915
1.644,0.281978,-0.0707713,-0.0152255,0.0270846,-0.154609
1.645,0.281907,-0.0709107,-0.0151984,0.0270649,-0.154303
1.646,0.281836,-0.0710498,-0.0151714,0.0270451,-0.153998
1.647,0.281765,-0.0711887,-0.0151444,0.0270254,-0.153693
1.648,0.281694,-0.0713272,-0.0151173,0.0270056,-0.153388
1.649,0.281622,-0.0714655,-0.0150903,0.0269857,-0.153083
1.65,0.281551,-0.0716035,-0.0150634,0.0269659,-0.152779
1.651,0.281479,-0.0717412,-0.0150364,0.026946,-0.152475
1.652,0.281407,-0.0718786,-0.0150095,0.0269261,-0.152171
1.653,0.281335,-0.0720157,-0.0149826,0.0269062,-0.151867
1.654,0.281263,-0.0721526,-0.0149557,0.0268862,-0.151564
1.655,0.281191,-0.0722892,-0.0149288,0.0268662,-0.151261
1.656,0.281119,-0.0724256,-0.0149019,0.0268462,-0.150959
1.657,0.281046,-0.0725616,-0.0148751,0.0268262,-0.150657
1.658,0.280973,-0.0726974,-0.0148483,0.0268061,-0.150355
1.659,0.280901,-0.0728329,-0.0148215,0.0267861,-0.150053
1.66,0.280828,-0.0729681,-0.0147947,0.026766,-0.149752
1.661,0.280755,-0.0731031,-0.014768,0.0267458,-0.149451
1.662,0.280682,-0.0732377,-0.0147412,0.0267257,-0.14915
1.663,0.280608,-0.0733721,-0.0147145,0.0267055,-0.148849
1.664,0.280535,-0.0735063,-0.0146878,0.0266853,-0.148549
1.665,0.280461,-0.0736401,-0.0146611,0.0266651,-0.148249
1.666,0.280387,-0.0737737,-0.0146345,0.0266448,-0.14795
1.667,0.280314,-0.073907,-0.0146078,0.0266245,-0.14765
1.668,0.28024,-0.07404,-0.0145812,0.0266042,-0.147351
1.669,0.280166,-0.0741728,-0.0145546,0.0265839,-0.147053
1.67,0.280091,-0.0743053,-0.0145281,0.0265636,-0.146754
1.671,0.280017,-0.0744375,-0.0145015,0.0265432,-0.146456
1.672,0.279942,-0.0745694,-0.014475,0.0265228,-0.146159
1.673,0.279868,-0.0747011,-0.0144485,0.0265024,-0.145861
1.674,0.279793,-0.0748325,-0.014422,0.026482,-0.145564
1.675,0.279718,-0.0749637,-0.0143955,0.0264615,-0.145267
1.676,0.279643,-0.0750945,-0.014369,0.0264411,-0.14497
1.677,0.279568,-0.0752251,-0.0143426,0.0264206,-0.144674
1.678,0.279493,-0.0753554,-0.0143162,0.0264001,-0.144378
1.679,0.279417,-0.0754855,-0.0142898,0.0263795,-0.144082
1.68,0.279342,-0.0756153,-0.0142634,0.026359,-0.143787
1.681,0.279266,-0.0757448,-0.0142371,0.0263384,-0.143492
1.682,0.27919,-0.075874,-0.0142108,0.0263178,-0.143197
1.683,0.279114,-0.076003,-0.0141845,0.0262971,-0.142903
1.684,0.279038,-0.0761317,-0.0141582,0.0262765,-0.142608
1.685,0.278962,-0.0762601,-0.0141319,0.0262558,-0.142315
1.686,0.278886,-0.0763883,-0.0141057,0.0262351,-0.142021
1.687,0.278809,-0.0765162,-0.0140794,0.0262144,-0.141728
1.688,0.278733,-0.0766438,-0.0140532,0.0261937,-0.141435
1.689,0.278656,-0.0767712,-0.0140271,0.026173,-0.141142
1.69,0.278579,-0.0768983,-0.0140009,0.0261522,-0.140849
1.691,0.278502,-0.0770251,-0.0139748,0.0261314,-0.140557
1.692,0.278425,-0.0771517,-0.0139486,0.0261106,-0.140266
1.693,0.278348,-0.077278,-0.0139225,0.0260898,-0.139974
1.694,0.278271,-0.0774041,-0.0138964,0.0260689,-0.139683
1.695,0.278193,-0.0775298,-0.0138704,0.0260481,-0.139392
1.696,0.278115,-0.0776553,-0.0138444,0.0260272,-0.139101
1.697,0.278038,-0.0777806,-0.0138183,0.0260063,-0.138811
1.698,0.27796,-0.0779056,-0.0137923,0.0259854,-0.138521
1.699,0.277882,-0.0780303,-0.0137664,0.0259644,-0.138231
1.7,0.277804,-0.0781547,-0.0137404,0.0259435,-0.137942
1.701,0.277726,-0.0782789,-0.0137145,0.0259225,-0.137653
1.702,0.277647,-0.0784028,-0.0136886,0.0259015,-0.137364
1.703,0.277569,-0.0785265,-0.0136627,0.0258805,-0.137075
1.704,0.27749,-0.0786499,-0.0136368,0.0258595,-0.136787
1.705,0.277411,-0.078773,-0.013611,0.0258384,-0.136499
1.706,0.277333,-0.0788959,-0.0135851,0.0258173,-0.136211
1.707,0.277254,-0.0790185,-0.0135593,0.0257963,-0.135924
1.708,0.277175,-0.0791408,-0.0135335,0.0257752,-0.135637
1.709,0.277095,-0.0792629,-0.0135078,0.025754,-0.13535
1.71,0.277016,-0.0793848,-0.013482,0.0257329,-0.135064
1.711,0.276937,-0.0795063,-0.0134563,0.0257118,-0.134777
1.712,0.276857,-0.0796276,-0.0134306,0.0256906,-0.134492
1.713,0.276777,-0.0797487,-0.0134049,0.0256694,-0.134206
1.714,0.276698,-0.0798694,-0.0133793,0.0256482,-0.133921
1.715,0.276618,-0.07999,-0.0133536,0.025627,-0.133636
1.716,0.276538,-0.0801102,-0.013328,0.0256058,-0.133351
1.717,0.276457,-0.0802302,-0.0133024,0.0255845,-0.133067
1.718,0.276377,-0.08035,-0.0132768,0.0255632,-0.132783
1.719,0.276297,-0.0804695,-0.0132513,0.025542,-0.132499
1.72,0.276216,-0.0805887,-0.0132258,0.0255207,-0.132215
1.721,0.276136,-0.0807077,-0.0132003,0.0254993,-0.131932
1.722,0.276055,-0.0808264,-0.0131748,0.025478,-0.131649
1.723,0.275974,-0.0809448,-0.0131493,0.0254567,-0.131366
1.724,0.275893,-0.081063,-0.0131238,0.0254353,-0.131084
1.725,0.275812,-0.081181,-0.0130984,0.0254139,-0.130802
1.726,0.275731,-0.0812987,-0.013073,0.0253926,-0.13052
1.727,0.275649,-0.0814161,-0.0130476,0.0253712,-0.130239
1.728,0.275568,-0.0815333,-0.0130223,0.0253497,-0.129958
1.729,0.275486,-0.0816502,-0.0129969,0.0253283,-0.129677
1.73,0.275404,-0.0817668,-0.0129716,0.0253069,-0.129396
1.731,0.275323,-0.0818832,-0.0129463,0.0252854,-0.129116
1.732,0.275241,-0.0819994,-0.0129211,0.0252639,-0.128836
1.733,0.275159,-0.0821153,-0.0128958,0.0252424,-0.128557
1.734,0.275076,-0.0822309,-0.0128706,0.0252209,-0.128277
1.735,0.274994,-0.0823463,-0.0128454,0.0251994,-0.127998
1.736,0.274912,-0.0824614,-0.0128202,0.0251779,-0.127719
1.737,0.274829,-0.0825763,-0.012795,0.0251563,-0.127441
1.738,0.274747,-0.0826909,-0.0127699,0.0251348,-0.127163
1.739,0.274664,-0.0828053,-0.0127447,0.0251132,-0.126885
1.74,0.274581,-0.0829194,-0.0127196,0.0250916,-0.126607
1.741,0.274498,-0.0830333,-0.0126945,0.02507,-0.12633
1.742,0.274415,-0.0831469,-0.0126695,0.0250484,-0.126053
1.743,0.274332,-0.0832602,-0.0126445,0.0250268,-0.125776
1.744,0.274248,-0.0833734,-0.0126194,0.0250052,-0.1255
1.745,0.274165,-0.0834862,-0.0125944,0.0249835,-0.125224
1.746,0.274081,-0.0835988,-0.0125695,0.0249619,-0.124948
1.747,0.273998,-0.0837112,-0.0125445,0.0249402,-0.124672
1.748,0.273914,-0.0838233,-0.0125196,0.0249185,-0.124397
1.749,0.27383,-0.0839351,-0.0124947,0.0248968,-0.124122
1.75,0.273746,-0.0840467,-0.0124698,0.0248751,-0.123847
1.751,0.273662,-0.0841581,-0.0124449,0.0248534,-0.123573
1.752,0.273578,-0.0842692,-0.0124201,0.0248316,-0.123299
1.753,0.273493,-0.08438,-0.0123953,0.0248099,-0.123025
1.754,0.273409,-0.0844906,-0.0123705,0.0247881,-0.122752
1.755,0.273324,-0.084601,-0.0123457,0.0247664,-0.122478
1.756,0.27324,-0.0847111,-0.0123209,0.0247446,-0.122205
1.757,0.273155,-0.084821,-0.0122962,0.0247228,-0.121933
1.758,0.27307,-0.0849306,-0.0122715,0.024701,-0.12166
1.759,0.272985,-0.0850399,-0.0122468,0.0246792,-0.121388
1.76,0.2729,-0.085149,-0.0122221,0.0246574,-0.121117
1.761,0.272815,-0.0852579,-0.0121975,0.0246355,-0.120845
1.762,0.27273,-0.0853665,-0.0121729,0.0246137,-0.120574
1.763,0.272644,-0.0854749,-0.0121483,0.0245919,-0.120303
1.764,0.272559,-0.085583,-0.0121237,0.02457,-0.120033
1.765,0.272473,-0.0856909,-0.0120991,0.0245481,-0.119762
1.766,0.272387,-0.0857985,-0.0120746,0.0245262,-0.119492
1.767,0.272301,-0.0859059,-0.0120501,0.0245043,-0.119223
1.768,0.272215,-0.0860131,-0.0120256,0.0244824,-0.118953
1.769,0.272129,-0.08612,-0.0120011,0.0244605,-0.118684
1.77,0.272043,-0.0862266,-0.0119767,0.0244386,-0.118415
1.771,0.271957,-0.086333,-0.0119522,0.0244167,-0.118147
1.772,0.271871,-0.0864392,-0.0119278,0.0243947,-0.117879
1.773,0.271784,-0.0865451,-0.0119034,0.0243728,-0.117611
1.774,0.271697,-0.0866508,-0.0118791,0.0243508,-0.117343
1.775,0.271611,-0.0867562,-0.0118547,0.0243288,-0.117076
1.776,0.271524,-0.0868614,-0.0118304,0.0243069,-0.116809
1.777,0.271437,-0.0869664,-0.0118061,0.0242849,-0.116542
1.778,0.27135,-0.0870711,-0.0117818,0.0242629,-0.116275
1.779,0.271263,-0.0871756,-0.0117576,0.0242409,-0.116009
1.78,0.271176,-0.0872798,-0.0117334,0.0242189,-0.115743
1.781,0.271088,-0.0873838,-0.0117092,0.0241968,-0.115478
1.782,0.271001,-0.0874875,-0.011685,0.0241748,-0.115212
1.783,0.270913,-0.087591,-0.0116608,0.0241528,-0.114947
1.784,0.270826,-0.0876942,-0.0116367,0.0241307,-0.114683
1.785,0.270738,-0.0877973,-0.0116125,0.0241087,-0.114418
1.786,0.27065,-0.0879,-0.0115884,0.0240866,-0.114154
1.787,0.270562,-0.0880026,-0.0115644,0.0240645,-0.11389
1.788,0.270474,-0.0881049,-0.0115403,0.0240425,-0.113627
1.789,0.270386,-0.0882069,-0.0115163,0.0240204,-0.113363
1.79,0.270298,-0.0883087,-0.0114923,0.0239983,-0.1131
1.791,0.270209,-0.0884103,-0.0114683,0.0239762,-0.112838
1.792,0.270121,-0.0885116,-0.0114443,0.0239541,-0.112575
1.793,0.270032,-0.0886127,-0.0114204,0.023932,-0.112313
1.794,0.269944,-0.0887136,-0.0113965,0.0239098,-0.112051
1.795,0.269855,-0.0888142,-0.0113726,0.0238877,-0.11179
1.796,0.269766,-0.0889146,-0.0113487,0.0238656,-0.111528
1.797,0.269677,-0.0890147,-0.0113248,0.0238434,-0.111267
1.798,0.269588,-0.0891147,-0.011301,0.0238213,-0.111007
1.799,0.269499,-0.0892143,-0.0112772,0.0237991,-0.110746
1.8,0.26941,-0.0893138,-0.0112534,0.023777,-0.110486
1.801,0.26932,-0.089413,-0.0112296,0.0237548,-0.110226
1.802,0.269231,-0.0895119,-0.0112059,0.0237326,-0.109967
1.803,0.269141,-0.0896106,-0.0111822,0.0237104,-0.109708
1.804,0.269052,-0.0897091,-0.0111585,0.0236882,-0.109449
1.805,0.268962,-0.0898074,-0.0111348,0.023666,-0.10919
1.806,0.268872,-0.0899054,-0.0111111,0.0236438,-0.108932
1.807,0.268782,-0.0900032,-0.0110875,0.0236216,-0.108673
1.808,0.268692,-0.0901007,-0.0110639,0.0235994,-0.108416
1.809,0.268602,-0.0901981,-0.0110403,0.0235772,-0.108158
1.81,0.268512,-0.0902951,-0.0110167,0.023555,-0.107901
1.811,0.268421,-0.090392,-0.0109932,0.0235328,-0.107644
1.812,0.268331,-0.0904886,-0.0109697,0.0235105,-0.107387
1.813,0.26824,-0.090585,-0.0109462,0.0234883,-0.107131
1.814,0.26815,-0.0906811,-0.0109227,0.023466,-0.106875
1.815,0.268059,-0.0907771,-0.0108992,0.0234438,-0.106619
1.816,0.267968,-0.0908727,-0.0108758,0.0234215,-0.106364
1.817,0.267877,-0.0909682,-0.0108524,0.0233993,-0.106108
1.818,0.267786,-0.0910634,-0.010829,0.023377,-0.105853
1.819,0.267695,-0.0911584,-0.0108056,0.0233547,-0.105599
1.82,0.267604,-0.0912531,-0.0107823,0.0233325,-0.105344
1.821,0.267512,-0.0913477,-0.010759,0.0233102,-0.10509
1.822,0.267421,-0.091442,-0.0107357,0.0232879,-0.104836
1.823,0.26733,-0.091536,-0.0107124,0.0232656,-0.104583
1.824,0.267238,-0.0916299,-0.0106892,0.0232433,-0.10433
1.825,0.267146,-0.0917235,-0.0106659,0.023221,-0.104077
1.826,0.267055,-0.0918168,-0.0106427,0.0231987,-0.103824
1.827,0.266963,-0.09191,-0.0106195,0.0231764,-0.103572
1.828,0.266871,-0.0920029,-0.0105964,0.0231541,-0.10332
1.829,0.266779,-0.0920956,-0.0105732,0.0231318,-0.103068
1.83,0.266687,-0.092188,-0.0105501,0.0231095,-0.102816
1.831,0.266594,-0.0922803,-0.010527,0.0230872,-0.102565
1.832,0.266502,-0.0923723,-0.0105039,0.0230649,-0.102314
1.833,0.26641,-0.092464,-0.0104809,0.0230425,-0.102064
1.834,0.266317,-0.0925556,-0.0104578,0.0230202,-0.101813
1.835,0.266224,-0.0926469,-0.0104348,0.0229979,-0.101563
1.836,0.266132,-0.092738,-0.0104118,0.0229755,-0.101313
1.837,0.266039,-0.0928288,-0.0103889,0.0229532,-0.101064
1.838,0.265946,-0.0929195,-0.0103659,0.0229308,-0.100814
1.839,0.265853,-0.0930099,-0.010343,0.0229085,-0.100566
1.84,0.26576,-0.0931001,-0.0103201,0.0228862,-0.100317
1.841,0.265667,-0.09319,-0.0102972,0.0228638,-0.100068
1.842,0.265574,-0.0932797,-0.0102744,0.0228415,-0.0998204
1.843,0.26548,-0.0933692,-0.0102516,0.0228191,-0.0995725
1.844,0.265387,-0.0934585,-0.0102288,0.0227967,-0.099325
1.845,0.265293,-0.0935476,-0.010206,0.0227744,-0.0990777
1.846,0.2652,-0.0936364,-0.0101832,0.022752,-0.0988308
1.847,0.265106,-0.093725,-0.0101605,0.0227296,-0.0985841
1.848,0.265012,-0.0938134,-0.0101377,0.0227073,-0.0983377
1.849,0.264919,-0.0939016,-0.010115,0.0226849,-0.0980915
1.85,0.264825,-0.0939895,-0.0100924,0.0226625,-0.0978457
1.851,0.264731,-0.0940772,-0.0100697,0.0226402,-0.0976001
1.852,0.264636,-0.0941647,-0.0100471,0.0226178,-0.0973549
1.853,0.264542,-0.094252,-0.0100245,0.0225954,-0.0971099
1.854,0.264448,-0.094339,-0.0100019,0.022573,-0.0968651
1.855,0.264354,-0.0944258,-0.00997934,0.0225506,-0.0966207
1.856,0.264259,-0.0945124,-0.0099568,0.0225283,-0.0963765
1.857,0.264165,-0.0945988,-0.00993429,0.0225059,-0.0961327
1.858,0.26407,-0.0946849,-0.00991179,0.0224835,-0.0958891
1.859,0.263975,-0.0947709,-0.00988932,0.0224611,-0.0956458
1.86,0.26388,-0.0948566,-0.00986687,0.0224387,-0.0954027
1.861,0.263785,-0.0949421,-0.00984444,0.0224163,-0.09516
1.862,0.26369,-0.0950274,-0.00982204,0.0223939,-0.0949175
1.863,0.263595,-0.0951124,-0.00979965,0.0223715,-0.0946753
1.864,0.2635,-0.0951972,-0.00977729,0.0223491,-0.0944334
1.865,0.263405,-0.0952818,-0.00975495,0.0223268,-0.0941918
1.866,0.26331,-0.0953662,-0.00973264,0.0223044,-0.0939504
1.867,0.263214,-0.0954504,-0.00971035,0.022282,-0.0937094
1.868,0.263119,-0.0955344,-0.00968808,0.0222596,-0.0934686
1.869,0.263023,-0.0956181,-0.00966583,0.0222372,-0.0932281
1.87,0.262928,-0.0957016,-0.0096436,0.0222148,-0.0929878
1.871,0.262832,-0.0957849,-0.0096214,0.0221924,-0.0927479
1.872,0.262736,-0.095868,-0.00959922,0.02217,-0.0925082
1.873,0.26264,-0.0959509,-0.00957706,0.0221476,-0.0922688
1.874,0.262544,-0.0960335,-0.00955492,0.0221252,-0.0920297
1.875,0.262448,-0.0961159,-0.00953281,0.0221028,-0.0917909
1.876,0.262352,-0.0961981,-0.00951072,0.0220804,-0.0915523
1.877,0.262256,-0.0962801,-0.00948865,0.022058,-0.091314
1.878,0.262159,-0.0963619,-0.0094666,0.0220356,-0.091076
1.879,0.262063,-0.0964435,-0.00944458,0.0220132,-0.0908383
1.88,0.261966,-0.0965248,-0.00942257,0.0219908,-0.0906009
1.881,0.26187,-0.096606,-0.00940059,0.0219684,-0.0903637
1.882,0.261773,-0.0966869,-0.00937864,0.021946,-0.0901268
1.883,0.261676,-0.0967676,-0.0093567,0.0219236,-0.0898902
1.884,0.26158,-0.0968481,-0.00933479,0.0219012,-0.0896539
1.885,0.261483,-0.0969283,-0.0093129,0.0218788,-0.0894178
1.886,0.261386,-0.0970084,-0.00929103,0.0218564,-0.0891821
1.887,0.261289,-0.0970882,-0.00926919,0.021834,-0.0889465
1.888,0.261192,-0.0971679,-0.00924736,0.0218116,-0.0887113
1.889,0.261094,-0.0972473,-0.00922556,0.0217892,-0.0884764
1.89,0.260997,-0.0973265,-0.00920379,0.0217668,-0.0882417
1.891,0.2609,-0.0974055,-0.00918203,0.0217445,-0.0880073
1.892,0.260802,-0.0974842,-0.0091603,0.0217221,-0.0877732
1.893,0.260705,-0.0975628,-0.00913859,0.0216997,-0.0875393
1.894,0.260607,-0.0976412,-0.0091169,0.0216773,-0.0873058
1.895,0.260509,-0.0977193,-0.00909523,0.0216549,-0.0870725
1.896,0.260412,-0.0977972,-0.00907359,0.0216325,-0.0868395
1.897,0.260314,-0.0978749,-0.00905197,0.0216101,-0.0866067
1.898,0.260216,-0.0979524,-0.00903037,0.0215878,-0.0863743
1.899,0.260118,-0.0980297,-0.00900879,0.0215654,-0.0861421
1.9,0.26002,-0.0981068,-0.00898724,0.021543,-0.0859102
1.901,0.259922,-0.0981837,-0.00896571,0.0215206,-0.0856785
1.902,0.259824,-0.0982604,-0.0089442,0.0214982,-0.0854472
1.903,0.259725,-0.0983368,-0.00892271,0.0214759,-0.0852161
1.904,0.259627,-0.0984131,-0.00890124,0.0214535,-0.0849852
1.905,0.259528,-0.0984891,-0.0088798,0.0214311,-0.0847547
1.906,0.25943,-0.0985649,-0.00885838,0.0214088,-0.0845244
1.907,0.259331,-0.0986405,-0.00883698,0.0213864,-0.0842944
1.908,0.259233,-0.0987159,-0.00881561,0.021364,-0.0840647
1.909,0.259134,-0.0987911,-0.00879426,0.0213417,-0.0838353
1.91,0.259035,-0.0988661,-0.00877293,0.0213193,-0.0836061
1.911,0.258936,-0.0989409,-0.00875162,0.021297,-0.0833772
1.912,0.258837,-0.0990155,-0.00873033,0.0212746,-0.0831486
1.913,0.258738,-0.0990898,-0.00870907,0.0212522,-0.0829202
1.914,0.258639,-0.099164,-0.00868783,0.0212299,-0.0826921
1.915,0.25854,-0.099238,-0.00866661,0.0212076,-0.0824643
1.916,0.258441,-0.0993117,-0.00864541,0.0211852,-0.0822368
1.917,0.258341,-0.0993852,-0.00862424,0.0211629,-0.0820095
1.918,0.258242,-0.0994586,-0.00860309,0.0211405,-0.0817825
1.919,0.258142,-0.0995317,-0.00858196,0.0211182,-0.0815558
1.92,0.258043,-0.0996046,-0.00856085,0.0210959,-0.0813294
1.921,0.257943,-0.0996773,-0.00853977,0.0210735,-0.0811032
1.922,0.257843,-0.0997498,-0.0085187,0.0210512,-0.0808773
1.923,0.257744,-0.0998221,-0.00849766,0.0210289,-0.0806517
1.924,0.257644,-0.0998942,-0.00847665,0.0210066,-0.0804263
1.925,0.257544,-0.0999661,-0.00845565,0.0209842,-0.0802012
1.926,0.257444,-0.100038,-0.00843468,0.0209619,-0.0799764
1.927,0.257344,-0.100109,-0.00841373,0.0209396,-0.0797519
1.928,0.257244,-0.100181,-0.0083928,0.0209173,-0.0795276
1.929,0.257143,-0.100252,-0.00837189,0.020895,-0.0793036
1.93,0.257043,-0.100323,-0.00835101,0.0208727,-0.0790798
1.931,0.256943,-0.100393,-0.00833015,0.0208504,-0.0788564
1.932,0.256842,-0.100464,-0.00830931,0.0208281,-0.0786332
1.933,0.256742,-0.100534,-0.00828849,0.0208058,-0.0784102
1.934,0.256641,-0.100604,-0.0082677,0.0207835,-0.0781876
1.935,0.256541,-0.100674,-0.00824692,0.0207613,-0.0779652
1.936,0.25644,-0.100744,-0.00822617,0.020739,-0.0777431
1.937,0.256339,-0.100813,-0.00820545,0.0207167,-0.0775212
1.938,0.256238,-0.100882,-0.00818474,0.0206944,-0.0772997
1.939,0.256137,-0.100951,-0.00816406,0.0206722,-0.0770783
1.94,0.256036,-0.10102,-0.0081434,0.0206499,-0.0768573
1.941,0.255935,-0.101089,-0.00812276,0.0206277,-0.0766365
1.942,0.255834,-0.101157,-0.00810214,0.0206054,-0.076416
1.943,0.255733,-0.101226,-0.00808155,0.0205832,-0.0761958
1.944,0.255632,-0.101294,-0.00806097,0.0205609,-0.0759758
1.945,0.25553,-0.101362,-0.00804043,0.0205387,-0.0757561
1.946,0.255429,-0.101429,-0.0080199,0.0205164,-0.0755367
1.947,0.255327,-0.101497,-0.00799939,0.0204942,-0.0753175
1.948,0.255226,-0.101564,-0.00797891,0.020472,-0.0750986
1.949,0.255124,-0.101631,-0.00795845,0.0204498,-0.07488
1.95,0.255023,-0.101698,-0.00793801,0.0204275,-0.0746616
1.951,0.254921,-0.101764,-0.00791759,0.0204053,-0.0744435
1.952,0.254819,-0.101831,-0.0078972,0.0203831,-0.0742257
1.953,0.254717,-0.101897,-0.00787683,0.0203609,-0.0740082
1.954,0.254615,-0.101963,-0.00785648,0.0203387,-0.0737909
1.955,0.254513,-0.102029,-0.00783615,0.0203165,-0.0735738
1.956,0.254411,-0.102095,-0.00781584,0.0202943,-0.0733571
1.957,0.254309,-0.10216,-0.00779556,0.0202721,-0.0731406
1.958,0.254207,-0.102226,-0.0077753,0.02025,-0.0729243
1.959,0.254105,-0.102291,-0.00775506,0.0202278,-0.0727084
1.96,0.254002,-0.102356,-0.00773484,0.0202056,-0.0724927
1.961,0.2539,-0.10242,-0.00771465,0.0201835,-0.0722772
1.962,0.253798,-0.102485,-0.00769448,0.0201613,-0.0720621
1.963,0.253695,-0.102549,-0.00767433,0.0201392,-0.0718472
1.964,0.253592,-0.102613,-0.0076542,0.020117,-0.0716325
1.965,0.25349,-0.102677,-0.00763409,0.0200949,-0.0714181
1.966,0.253387,-0.102741,-0.00761401,0.0200727,-0.071204
1.967,0.253284,-0.102804,-0.00759395,0.0200506,-0.0709902
1.968,0.253181,-0.102868,-0.00757391,0.0200285,-0.0707766
1.969,0.253079,-0.102931,-0.00755389,0.0200064,-0.0705633
1.97,0.252976,-0.102994,-0.0075339,0.0199842,-0.0703502
1.971,0.252873,-0.103057,-0.00751392,0.0199621,-0.0701374
1.972,0.25277,-0.103119,-0.00749397,0.01994,-0.0699249
1.973,0.252666,-0.103182,-0.00747404,0.0199179,-0.0697127
1.974,0.252563,-0.103244,-0.00745414,0.0198958,-0.0695007
1.975,0.25246,-0.103306,-0.00743425,0.0198738,-0.0692889
1.976,0.252357,-0.103367,-0.00741439,0.0198517,-0.0690774
1.977,0.252253,-0.103429,-0.00739455,0.0198296,-0.0688662
1.978,0.25215,-0.10349,-0.00737473,0.0198075,-0.0686553
1.979,0.252046,-0.103552,-0.00735493,0.0197855,-0.0684446
1.98,0.251943,-0.103613,-0.00733516,0.0197634,-0.0682342
1.981,0.251839,-0.103674,-0.00731541,0.0197414,-0.068024
1.982,0.251735,-0.103734,-0.00729568,0.0197193,-0.0678141
1.983,0.251631,-0.103795,-0.00727597,0.0196973,-0.0676045
1.984,0.251528,-0.103855,-0.00725628,0.0196753,-0.0673951
1.985,0.251424,-0.103915,-0.00723662,0.0196532,-0.067186
1.986,0.25132,-0.103975,-0.00721698,0.0196312,-0.0669771
1.987,0.251216,-0.104035,-0.00719735,0.0196092,-0.0667685
1.988,0.251112,-0.104094,-0.00717776,0.0195872,-0.0665602
1.989,0.251008,-0.104153,-0.00715818,0.0195652,-0.0663521
1.99,0.250903,-0.104213,-0.00713863,0.0195432,-0.0661443
1.991,0.250799,-0.104272,-0.00711909,0.0195212,-0.0659367
1.992,0.250695,-0.10433,-0.00709958,0.0194993,-0.0657294
1.993,0.250591,-0.104389,-0.0070801,0.0194773,-0.0655224
1.994,0.250486,-0.104447,-0.00706063,0.0194553,-0.0653156
1.995,0.250382,-0.104505,-0.00704119,0.0194334,-0.0651091
1.996,0.250277,-0.104563,-0.00702176,0.0194114,-0.0649029
1.997,0.250173,-0.104621,-0.00700236,0.0193895,-0.0646969
1.998,0.250068,-0.104679,-0.00698298,0.0193676,-0.0644911
1.999,0.249963,-0.104736,-0.00696363,0.0193456,-0.0642857
2,0.249858,-0.104794,-0.00694429,0.0193237,-0.0640804
2.001,0.249754,-0.104851,-0.00692498,0.0193018,-0.0638755
2.002,0.249649,-0.104908,-0.00690569,0.0192799,-0.0636708
2.003,0.249544,-0.104964,-0.00688642,0.019258,-0.0634663
2.004,0.249439,-0.105021,-0.00686717,0.0192361,-0.0632622
2.005,0.249334,-0.105077,-0.00684795,0.0192142,-0.0630582
2.006,0.249229,-0.105133,-0.00682874,0.0191923,-0.0628546
2.007,0.249123,-0.105189,-0.00680956,0.0191705,-0.0626511
2.008,0.249018,-0.105245,-0.0067904,0.0191486,-0.062448
2.009,0.248913,-0.105301,-0.00677127,0.0191267,-0.0622451
2.01,0.248808,-0.105356,-0.00675215,0.0191049,-0.0620425
2.011,0.248702,-0.105411,-0.00673306,0.0190831,-0.0618401
2.012,0.248597,-0.105466,-0.00671398,0.0190612,-0.0616379
2.013,0.248491,-0.105521,-0.00669493,0.0190394,-0.0614361
2.014,0.248386,-0.105576,-0.00667591,0.0190176,-0.0612345
2.015,0.24828,-0.10563,-0.0066569,0.0189958,-0.0610331
2.016,0.248175,-0.105685,-0.00663791,0.018974,-0.060832
2.017,0.248069,-0.105739,-0.00661895,0.0189522,-0.0606311
2.018,0.247963,-0.105793,-0.00660001,0.0189304,-0.0604306
2.019,0.247857,-0.105846,-0.00658109,0.0189086,-0.0602302
2.02,0.247751,-0.1059,-0.00656219,0.0188868,-0.0600301
2.021,0.247645,-0.105953,-0.00654332,0.0188651,-0.0598303
2.022,0.247539,-0.106007,-0.00652446,0.0188433,-0.0596307
2.023,0.247433,-0.10606,-0.00650563,0.0188216,-0.0594314
2.024,0.247327,-0.106113,-0.00648682,0.0187998,-0.0592324
2.025,0.247221,-0.106165,-0.00646803,0.0187781,-0.0590336
2.026,0.247115,-0.106218,-0.00644926,0.0187564,-0.058835
2.027,0.247009,-0.10627,-0.00643052,0.0187347,-0.0586367
2.028,0.246902,-0.106322,-0.00641179,0.018713,-0.0584387
2.029,0.246796,-0.106374,-0.00639309,0.0186913,-0.0582409
2.03,0.24669,-0.106426,-0.00637441,0.0186696,-0.0580433
2.031,0.246583,-0.106478,-0.00635575,0.0186479,-0.0578461
2.032,0.246477,-0.106529,-0.00633712,0.0186262,-0.057649
2.033,0.24637,-0.10658,-0.0063185,0.0186046,-0.0574522
2.034,0.246264,-0.106631,-0.00629991,0.0185829,-0.0572557
2.035,0.246157,-0.106682,-0.00628133,0.0185613,-0.0570594
2.036,0.24605,-0.106733,-0.00626278,0.0185396,-0.0568634
2.037,0.245943,-0.106783,-0.00624426,0.018518,-0.0566677
2.038,0.245837,-0.106834,-0.00622575,0.0184964,-0.0564721
2.039,0.24573,-0.106884,-0.00620726,0.0184748,-0.0562769
2.04,0.245623,-0.106934,-0.0061888,0.0184532,-0.0560819
2.041,0.245516,-0.106984,-0.00617036,0.0184316,-0.0558871
2.042,0.245409,-0.107033,-0.00615194,0.01841,-0.0556926
2.043,0.245302,-0.107083,-0.00613354,0.0183884,-0.0554983
2.044,0.245195,-0.107132,-0.00611516,0.0183668,-0.0553043
2.045,0.245088,-0.107181,-0.0060968,0.0183453,-0.0551106
2.046,0.24498,-0.10723,-0.00607847,0.0183237,-0.0549171
2.047,0.244873,-0.107279,-0.00606016,0.0183022,-0.0547238
2.048,0.244766,-0.107328,-0.00604186,0.0182807,-0.0545308
2.049,0.244658,-0.107376,-0.00602359,0.0182591,-0.054338
2.05,0.244551,-0.107424,-0.00600535,0.0182376,-0.0541455
2.051,0.244444,-0.107472,-0.00598712,0.0182161,-0.0539533
2.052,0.244336,-0.10752,-0.00596891,0.0181946,-0.0537613
2.053,0.244229,-0.107568,-0.00595073,0.0181731,-0.0535695
2.054,0.244121,-0.107615,-0.00593257,0.0181517,-0.053378
2.055,0.244013,-0.107663,-0.00591443,0.0181302,-0.0531868
2.056,0.243906,-0.10771,-0.00589631,0.0181087,-0.0529957
2.057,0.243798,-0.107757,-0.00587821,0.0180873,-0.052805
2.058,0.24369,-0.107804,-0.00586013,0.0180658,-0.0526145
2.059,0.243582,-0.107851,-0.00584208,0.0180444,-0.0524242
2.06,0.243474,-0.107897,-0.00582404,0.018023,-0.0522342
2.061,0.243367,-0.107943,-0.00580603,0.0180016,-0.0520444
2.062,0.243259,-0.10799,-0.00578804,0.0179802,-0.0518549
2.063,0.243151,-0.108036,-0.00577007,0.0179588,-0.0516656
2.064,0.243042,-0.108081,-0.00575212,0.0179374,-0.0514766
2.065,0.242934,-0.108127,-0.0057342,0.017916,-0.0512878
2.066,0.242826,-0.108173,-0.00571629,0.0178947,-0.0510993
2.067,0.242718,-0.108218,-0.00569841,0.0178733,-0.050911
2.068,0.24261,-0.108263,-0.00568054,0.017852,-0.050723
2.069,0.242502,-0.108308,-0.0056627,0.0178306,-0.0505352
2.07,0.242393,-0.108353,-0.00564488,0.0178093,-0.0503476
2.071,0.242285,-0.108397,-0.00562708,0.017788,-0.0501603
2.072,0.242176,-0.108442,-0.00560931,0.0177667,-0.0499733
2.073,0.242068,-0.108486,-0.00559155,0.0177454,-0.0497865
2.074,0.241959,-0.10853,-0.00557382,0.0177241,-0.0495999
2.075,0.241851,-0.108574,-0.0055561,0.0177028,-0.0494136
2.076,0.241742,-0.108618,-0.00553841,0.0176816,-0.0492275
2.077,0.241634,-0.108662,-0.00552074,0.0176603,-0.0490417
2.078,0.241525,-0.108705,-0.00550309,0.0176391,-0.0488561
2.079,0.241416,-0.108748,-0.00548546,0.0176178,-0.0486708
2.08,0.241307,-0.108792,-0.00546786,0.0175966,-0.0484857
2.081,0.241199,-0.108834,-0.00545027,0.0175754,-0.0483008
2.082,0.24109,-0.108877,-0.0054327,0.0175542,-0.0481162
2.083,0.240981,-0.10892,-0.00541516,0.017533,-0.0479319
2.084,0.240872,-0.108962,-0.00539764,0.0175118,-0.0477478
2.085,0.240763,-0.109005,-0.00538014,0.0174906,-0.0475639
2.086,0.240654,-0.109047,-0.00536266,0.0174694,-0.0473803
2.087,0.240545,-0.109089,-0.0053452,0.0174483,-0.0471969
2.088,0.240436,-0.10913,-0.00532776,0.0174271,-0.0470137
2.089,0.240327,-0.109172,-0.00531034,0.017406,-0.0468308
2.09,0.240217,-0.109214,-0.00529295,0.0173849,-0.0466482
2.091,0.240108,-0.109255,-0.00527557,0.0173638,-0.0464658
2.092,0.239999,-0.109296,-0.00525822,0.0173427,-0.0462836
2.093,0.23989,-0.109337,-0.00524089,0.0173216,-0.0461017
2.094,0.23978,-0.109378,-0.00522358,0.0173005,-0.04592
2.095,0.239671,-0.109418,-0.00520629,0.0172794,-0.0457385
2.096,0.239561,-0.109459,-0.00518902,0.0172584,-0.0455573
2.097,0.239452,-0.109499,-0.00517177,0.0172373,-0.0453763
2.098,0.239342,-0.109539,-0.00515455,0.0172163,-0.0451956
2.099,0.239233,-0.109579,-0.00513734,0.0171952,-0.0450151
2.1,0.239123,-0.109619,-0.00512015,0.0171742,-0.0448349
2.101,0.239014,-0.109659,-0.00510299,0.0171532,-0.0446549
2.102,0.238904,-0.109698,-0.00508585,0.0171322,-0.0444751
2.103,0.238794,-0.109737,-0.00506873,0.0171112,-0.0442956
2.104,0.238684,-0.109777,-0.00505163,0.0170902,-0.0441163
2.105,0.238575,-0.109815,-0.00503455,0.0170693,-0.0439373
2.106,0.238465,-0.109854,-0.00501749,0.0170483,-0.0437585
2.107,0.238355,-0.109893,-0.00500045,0.0170274,-0.0435799
2.108,0.238245,-0.109931,-0.00498343,0.0170064,-0.0434016
2.109,0.238135,-0.10997,-0.00496644,0.0169855,-0.0432235
2.11,0.238025,-0.110008,-0.00494946,0.0169646,-0.0430457
2.111,0.237915,-0.110046,-0.00493251,0.0169437,-0.0428681
2.112,0.237805,-0.110084,-0.00491557,0.0169228,-0.0426907
2.113,0.237695,-0.110122,-0.00489866,0.0169019,-0.0425136
2.114,0.237585,-0.110159,-0.00488177,0.0168811,-0.0423367
2.115,0.237475,-0.110197,-0.0048649,0.0168602,-0.0421601
2.116,0.237364,-0.110234,-0.00484805,0.0168394,-0.0419837
2.117,0.237254,-0.110271,-0.00483122,0.0168185,-0.0418075
2.118,0.237144,-0.110308,-0.00481441,0.0167977,-0.0416315
2.119,0.237033,-0.110344,-0.00479763,0.0167769,-0.0414558
2.12,0.236923,-0.110381,-0.00478086,0.0167561,-0.0412804
2.121,0.236813,-0.110417,-0.00476411,0.0167353,-0.0411052
2.122,0.236702,-0.110454,-0.00474739,0.0167145,-0.0409302
2.123,0.236592,-0.11049,-0.00473068,0.0166938,-0.0407554
2.124,0.236481,-0.110526,-0.004714,0.016673,-0.0405809
2.125,0.236371,-0.110562,-0.00469734,0.0166523,-0.0404066
2.126,0.23626,-0.110597,-0.0046807,0.0166315,-0.0402326
2.127,0.23615,-0.110633,-0.00466408,0.0166108,-0.0400588
2.128,0.236039,-0.110668,-0.00464748,0.0165901,-0.0398852
2.129,0.235928,-0.110703,-0.0046309,0.0165694,-0.0397119
2.13,0.235818,-0.110738,-0.00461434,0.0165487,-0.0395388
2.131,0.235707,-0.110773,-0.0045978,0.016528,-0.0393659
2.132,0.235596,-0.110808,-0.00458128,0.0165074,-0.0391933
2.133,0.235485,-0.110842,-0.00456478,0.0164867,-0.0390209
2.134,0.235374,-0.110877,-0.00454831,0.0164661,-0.0388487
2.135,0.235263,-0.110911,-0.00453185,0.0164454,-0.0386768
2.136,0.235152,-0.110945,-0.00451542,0.0164248,-0.0385051
2.137,0.235042,-0.110979,-0.004499,0.0164042,-0.0383336
2.138,0.234931,-0.111013,-0.00448261,0.0163836,-0.0381624
2.139,0.234819,-0.111046,-0.00446623,0.016363,-0.0379914
2.14,0.234708,-0.11108,-0.00444988,0.0163425,-0.0378206
2.141,0.234597,-0.111113,-0.00443355,0.0163219,-0.0376501
2.142,0.234486,-0.111146,-0.00441724,0.0163014,-0.0374798
2.143,0.234375,-0.111179,-0.00440095,0.0162808,-0.0373098
2.144,0.234264,-0.111212,-0.00438468,0.0162603,-0.0371399
2.145,0.234153,-0.111245,-0.00436843,0.0162398,-0.0369703
2.146,0.234041,-0.111277,-0.0043522,0.0162193,-0.036801
2.147,0.23393,-0.111309,-0.00433599,0.0161988,-0.0366318
2.148,0.233819,-0.111342,-0.0043198,0.0161783,-0.0364629
2.149,0.233707,-0.111374,-0.00430363,0.0161578,-0.0362943
2.15,0.233596,-0.111406,-0.00428748,0.0161374,-0.0361258
2.151,0.233485,-0.111437,-0.00427136,0.0161169,-0.0359576
2.152,0.233373,-0.111469,-0.00425525,0.0160965,-0.0357897
2.153,0.233262,-0.1115,-0.00423916,0.0160761,-0.0356219
2.154,0.23315,-0.111532,-0.0042231,0.0160557,-0.0354544
2.155,0.233039,-0.111563,-0.00420705,0.0160353,-0.0352871
2.156,0.232927,-0.111594,-0.00419103,0.0160149,-0.0351201
2.157,0.232815,-0.111625,-0.00417502,0.0159945,-0.0349533
2.158,0.232704,-0.111655,-0.00415904,0.0159742,-0.0347867
2.159,0.232592,-0.111686,-0.00414307,0.0159538,-0.0346203
2.16,0.23248,-0.111716,-0.00412713,0.0159335,-0.0344542
2.161,0.232369,-0.111747,-0.00411121,0.0159132,-0.0342883
2.162,0.232257,-0.111777,-0.0040953,0.0158929,-0.0341226
2.163,0.232145,-0.111807,-0.00407942,0.0158726,-0.0339572
2.164,0.232033,-0.111836,-0.00406356,0.0158523,-0.033792
2.165,0.231921,-0.111866,-0.00404772,0.015832,-0.033627
2.166,0.23181,-0.111896,-0.0040319,0.0158117,-0.0334622
2.167,0.231698,-0.111925,-0.00401609,0.0157915,-0.0332977
2.168,0.231586,-0.111954,-0.00400031,0.0157712,-0.0331334
2.169,0.231474,-0.111983,-0.00398455,0.015751,-0.0329693
2.17,0.231362,-0.112012,-0.00396881,0.0157308,-0.0328055
2.171,0.23125,-0.112041,-0.00395309,0.0157106,-0.0326419
2.172,0.231138,-0.11207,-0.00393739,0.0156904,-0.0324785
2.173,0.231026,-0.112098,-0.00392171,0.0156702,-0.0323153
2.174,0.230913,-0.112126,-0.00390605,0.0156501,-0.0321524
2.175,0.230801,-0.112154,-0.00389041,0.0156299,-0.0319897
2.176,0.230689,-0.112182,-0.00387479,0.0156098,-0.0318272
2.177,0.230577,-0.11221,-0.00385919,0.0155896,-0.031665
2.178,0.230465,-0.112238,-0.00384361,0.0155695,-0.0315029
2.179,0.230352,-0.112266,-0.00382805,0.0155494,-0.0313411
2.18,0.23024,-0.112293,-0.00381251,0.0155293,-0.0311796
2.181,0.230128,-0.11232,-0.00379699,0.0155093,-0.0310182
2.182,0.230016,-0.112347,-0.00378149,0.0154892,-0.0308571
2.183,0.229903,-0.112374,-0.00376601,0.0154691,-0.0306962
2.184,0.229791,-0.112401,-0.00375055,0.0154491,-0.0305355
2.185,0.229678,-0.112428,-0.00373512,0.0154291,-0.0303751
2.186,0.229566,-0.112455,-0.0037197,0.0154091,-0.0302149
2.187,0.229453,-0.112481,-0.0037043,0.0153891,-0.0300549
2.188,0.229341,-0.112507,-0.00368892,0.0153691,-0.0298951
2.189,0.229228,-0.112533,-0.00367356,0.0153491,-0.0297355
2.19,0.229116,-0.112559,-0.00365822,0.0153291,-0.0295762
2.191,0.229003,-0.112585,-0.0036429,0.0153092,-0.0294171
2.192,0.228891,-0.112611,-0.0036276,0.0152892,-0.0292582
2.193,0.228778,-0.112636,-0.00361232,0.0152693,-0.0290996
2.194,0.228665,-0.112662,-0.00359706,0.0152494,-0.0289412
2.195,0.228553,-0.112687,-0.00358182,0.0152295,-0.028783
2.196,0.22844,-0.112712,-0.0035666,0.0152096,-0.028625
2.197,0.228327,-0.112737,-0.00355141,0.0151897,-0.0284672
2.198,0.228215,-0.112762,-0.00353623,0.0151699,-0.0283097
2.199,0.228102,-0.112787,-0.00352107,0.01515,-0.0281524
2.2,0.227989,-0.112811,-0.00350593,0.0151302,-0.0279953
2.201,0.227876,-0.112836,-0.00349081,0.0151103,-0.0278384
2.202,0.227763,-0.11286,-0.0034757,0.0150905,-0.0276817
2.203,0.22765,-0.112884,-0.00346062,0.0150707,-0.0275253
2.204,0.227538,-0.112908,-0.00344556,0.0150509,-0.0273691
2.205,0.227425,-0.112932,-0.00343052,0.0150312,-0.0272131
2.206,0.227312,-0.112956,-0.0034155,0.0150114,-0.0270574
2.207,0.227199,-0.112979,-0.0034005,0.0149917,-0.0269018
2.208,0.227086,-0.113003,-0.00338552,0.0149719,-0.0267465
2.209,0.226973,-0.113026,-0.00337056,0.0149522,-0.0265914
2.21,0.22686,-0.113049,-0.00335561,0.0149325,-0.0264365
2.211,0.226747,-0.113072,-0.00334069,0.0149128,-0.0262819
2.212,0.226634,-0.113095,-0.00332579,0.0148931,-0.0261274
2.213,0.22652,-0.113118,-0.0033109,0.0148735,-0.0259732
2.214,0.226407,-0.11314,-0.00329604,0.0148538,-0.0258192
2.215,0.226294,-0.113163,-0.0032812,0.0148342,-0.0256654
2.216,0.226181,-0.113185,-0.00326637,0.0148145,-0.0255118
2.217,0.226068,-0.113207,-0.00325157,0.0147949,-0.0253585
2.218,0.225955,-0.113229,-0.00323678,0.0147753,-0.0252054
2.219,0.225841,-0.113251,-0.00322202,0.0147557,-0.0250525
2.22,0.225728,-0.113273,-0.00320727,0.0147361,-0.0248998
2.221,0.225615,-0.113294,-0.00319255,0.0147166,-0.0247473
2.222,0.225502,-0.113316,-0.00317784,0.014697,-0.0245951
2.223,0.225388,-0.113337,-0.00316315,0.0146775,-0.024443
2.224,0.225275,-0.113358,-0.00314848,0.0146579,-0.0242912
2.225,0.225161,-0.113379,-0.00313384,0.0146384,-0.0241396
2.226,0.225048,-0.1134,-0.00311921,0.0146189,-0.0239882
2.227,0.224935,-0.113421,-0.0031046,0.0145994,-0.0238371
2.228,0.224821,-0.113442,-0.00309001,0.01458,-0.0236861
2.229,0.224708,-0.113462,-0.00307544,0.0145605,-0.0235354
2.23,0.224594,-0.113483,-0.00306089,0.0145411,-0.0233849
2.231,0.224481,-0.113503,-0.00304636,0.0145216,-0.0232346
2.232,0.224367,-0.113523,-0.00303184,0.0145022,-0.0230845
2.233,0.224254,-0.113543,-0.00301735,0.0144828,-0.0229346
2.234,0.22414,-0.113563,-0.00300288,0.0144634,-0.022785
2.235,0.224027,-0.113582,-0.00298842,0.014444,-0.0226356
2.236,0.223913,-0.113602,-0.00297399,0.0144247,-0.0224864
2.237,0.223799,-0.113621,-0.00295958,0.0144053,-0.0223374
2.238,0.223686,-0.113641,-0.00294518,0.014386,-0.0221886
2.239,0.223572,-0.11366,-0.0029308,0.0143666,-0.02204
2.24,0.223458,-0.113679,-0.00291645,0.0143473,-0.0218916
2.241,0.223345,-0.113698,-0.00290211,0.014328,-0.0217435
2.242,0.223231,-0.113717,-0.00288779,0.0143087,-0.0215956
2.243,0.223117,-0.113735,-0.00287349,0.0142895,-0.0214479
2.244,0.223004,-0.113754,-0.00285921,0.0142702,-0.0213004
2.245,0.22289,-0.113772,-0.00284495,0.0142509,-0.0211531
2.246,0.222776,-0.11379,-0.00283071,0.0142317,-0.021006
2.247,0.222662,-0.113808,-0.00281649,0.0142125,-0.0208591
2.248,0.222548,-0.113826,-0.00280228,0.0141933,-0.0207125
2.249,0.222435,-0.113844,-0.0027881,0.0141741,-0.0205661
2.25,0.222321,-0.113862,-0.00277394,0.0141549,-0.0204198
2.251,0.222207,-0.113879,-0.00275979,0.0141357,-0.0202738
2.252,0.222093,-0.113897,-0.00274567,0.0141166,-0.020128
2.253,0.221979,-0.113914,-0.00273156,0.0140974,-0.0199825
2.254,0.221865,-0.113931,-0.00271747,0.0140783,-0.0198371
2.255,0.221751,-0.113948,-0.0027034,0.0140592,-0.0196919
2.256,0.221637,-0.113965,-0.00268935,0.0140401,-0.019547
2.257,0.221523,-0.113982,-0.00267532,0.014021,-0.0194023
2.258,0.221409,-0.113999,-0.00266131,0.014002,-0.0192577
2.259,0.221295,-0.114015,-0.00264732,0.0139829,-0.0191134
2.26,0.221181,-0.114031,-0.00263334,0.0139638,-0.0189693
2.261,0.221067,-0.114048,-0.00261939,0.0139448,-0.0188254
2.262,0.220953,-0.114064,-0.00260545,0.0139258,-0.0186818
2.263,0.220839,-0.11408,-0.00259154,0.0139068,-0.0185383
2.264,0.220725,-0.114096,-0.00257764,0.0138878,-0.018395
2.265,0.220611,-0.114111,-0.00256376,0.0138688,-0.018252
2.266,0.220497,-0.114127,-0.0025499,0.0138499,-0.0181091
2.267,0.220383,-0.114143,-0.00253606,0.0138309,-0.0179665
2.268,0.220269,-0.114158,-0.00252224,0.013812,-0.0178241
2.269,0.220154,-0.114173,-0.00250844,0.0137931,-0.0176819
2.27,0.22004,-0.114188,-0.00249466,0.0137741,-0.0175399
2.271,0.219926,-0.114203,-0.00248089,0.0137553,-0.0173981
2.272,0.219812,-0.114218,-0.00246715,0.0137364,-0.0172565
2.273,0.219698,-0.114233,-0.00245342,0.0137175,-0.0171151
2.274,0.219583,-0.114247,-0.00243971,0.0136987,-0.016974
2.275,0.219469,-0.114262,-0.00242602,0.0136798,-0.016833
2.276,0.219355,-0.114276,-0.00241235,0.013661,-0.0166923
2.277,0.219241,-0.11429,-0.0023987,0.0136422,-0.0165517
2.278,0.219126,-0.114304,-0.00238507,0.0136234,-0.0164114
2.279,0.219012,-0.114318,-0.00237145,0.0136046,-0.0162713
2.28,0.218898,-0.114332,-0.00235786,0.0135858,-0.0161314
2.281,0.218783,-0.114346,-0.00234428,0.0135671,-0.0159916
2.282,0.218669,-0.114359,-0.00233072,0.0135483,-0.0158521
2.283,0.218555,-0.114373,-0.00231718,0.0135296,-0.0157128
2.284,0.21844,-0.114386,-0.00230366,0.0135109,-0.0155737
2.285,0.218326,-0.114399,-0.00229016,0.0134922,-0.0154349
2.286,0.218211,-0.114412,-0.00227668,0.0134735,-0.0152962
2.287,0.218097,-0.114425,-0.00226322,0.0134548,-0.0151577
2.288,0.217982,-0.114438,-0.00224977,0.0134361,-0.0150194
2.289,0.217868,-0.114451,-0.00223634,0.0134175,-0.0148814
2.29,0.217754,-0.114463,-0.00222294,0.0133989,-0.0147435
2.291,0.217639,-0.114476,-0.00220955,0.0133802,-0.0146059
2.292,0.217525,-0.114488,-0.00219617,0.0133616,-0.0144684
2.293,0.21741,-0.1145,-0.00218282,0.013343,-0.0143312
2.294,0.217296,-0.114512,-0.00216949,0.0133245,-0.0141942
2.295,0.217181,-0.114524,-0.00215617,0.0133059,-0.0140573
2.296,0.217067,-0.114536,-0.00214288,0.0132874,-0.0139207
2.297,0.216952,-0.114548,-0.0021296,0.0132688,-0.0137843
2.298,0.216838,-0.114559,-0.00211634,0.0132503,-0.0136481
2.299,0.216723,-0.114571,-0.0021031,0.0132318,-0.013512
2.3,0.216608,-0.114582,-0.00208988,0.0132133,-0.0133762
2.301,0.216494,-0.114593,-0.00207667,0.0131948,-0.0132406
2.302,0.216379,-0.114604,-0.00206349,0.0131764,-0.0131052
2.303,0.216265,-0.114615,-0.00205032,0.0131579,-0.01297
2.304,0.21615,-0.114626,-0.00203717,0.0131395,-0.012835
2.305,0.216035,-0.114637,-0.00202404,0.013121,-0.0127002
2.306,0.215921,-0.114647,-0.00201093,0.0131026,-0.0125656
2.307,0.215806,-0.114658,-0.00199783,0.0130842,-0.0124312
2.308,0.215691,-0.114668,-0.00198476,0.0130659,-0.0122971
2.309,0.215577,-0.114678,-0.0019717,0.0130475,-0.0121631
2.31,0.215462,-0.114688,-0.00195866,0.0130291,-0.0120293
2.311,0.215347,-0.114698,-0.00194564,0.0130108,-0.0118957
2.312,0.215233,-0.114708,-0.00193264,0.0129925,-0.0117623
2.313,0.215118,-0.114718,-0.00191966,0.0129742,-0.0116291
2.314,0.215003,-0.114728,-0.0019067,0.0129559,-0.0114962
2.315,0.214888,-0.114737,-0.00189375,0.0129376,-0.0113634
2.316,0.214774,-0.114746,-0.00188082,0.0129193,-0.0112308
2.317,0.214659,-0.114756,-0.00186791,0.012901,-0.0110984
2.318,0.214544,-0.114765,-0.00185502,0.0128828,-0.0109662
2.319,0.214429,-0.114774,-0.00184214,0.0128646,-0.0108343
2.32,0.214315,-0.114783,-0.00182929,0.0128464,-0.0107025
2.321,0.2142,-0.114792,-0.00181645,0.0128282,-0.0105709
2.322,0.214085,-0.1148,-0.00180363,0.01281,-0.0104395
2.323,0.21397,-0.114809,-0.00179083,0.0127918,-0.0103084
2.324,0.213855,-0.114817,-0.00177805,0.0127737,-0.0101774
2.325,0.213741,-0.114826,-0.00176528,0.0127555,-0.0100466
2.326,0.213626,-0.114834,-0.00175254,0.0127374,-0.00991601
2.327,0.213511,-0.114842,-0.00173981,0.0127193,-0.00978563
2.328,0.213396,-0.11485,-0.0017271,0.0127012,-0.00965545
2.329,0.213281,-0.114858,-0.00171441,0.0126831,-0.00952546
2.33,0.213166,-0.114865,-0.00170173,0.012665,-0.00939567
2.331,0.213052,-0.114873,-0.00168908,0.0126469,-0.00926608
2.332,0.212937,-0.11488,-0.00167644,0.0126289,-0.00913669
2.333,0.212822,-0.114888,-0.00166382,0.0126109,-0.00900749
2.334,0.212707,-0.114895,-0.00165122,0.0125929,-0.0088785
2.335,0.212592,-0.114902,-0.00163863,0.0125749,-0.00874969
2.336,0.212477,-0.114909,-0.00162607,0.0125569,-0.00862109
2.337,0.212362,-0.114916,-0.00161352,0.0125389,-0.00849268
2.338,0.212247,-0.114923,-0.00160099,0.0125209,-0.00836447
2.339,0.212132,-0.11493,-0.00158848,0.012503,-0.00823646
2.34,0.212017,-0.114936,-0.00157598,0.0124851,-0.00810864
2.341,0.211902,-0.114943,-0.00156351,0.0124671,-0.00798102
2.342,0.211787,-0.114949,-0.00155105,0.0124492,-0.00785359
2.343,0.211673,-0.114955,-0.00153861,0.0124314,-0.00772636
2.344,0.211558,-0.114961,-0.00152619,0.0124135,-0.00759933
2.345,0.211443,-0.114967,-0.00151378,0.0123956,-0.00747249
2.346,0.211328,-0.114973,-0.0015014,0.0123778,-0.00734585
2.347,0.211213,-0.114979,-0.00148903,0.0123599,-0.0072194
2.348,0.211098,-0.114984,-0.00147668,0.0123421,-0.00709314
2.349,0.210983,-0.11499,-0.00146434,0.0123243,-0.00696708
2.35,0.210868,-0.114995,-0.00145203,0.0123065,-0.00684122
2.351,0.210753,-0.115001,-0.00143973,0.0122888,-0.00671555
2.352,0.210638,-0.115006,-0.00142745,0.012271,-0.00659007
2.353,0.210523,-0.115011,-0.00141519,0.0122533,-0.00646479
2.354,0.210408,-0.115016,-0.00140294,0.0122355,-0.0063397
2.355,0.210293,-0.115021,-0.00139072,0.0122178,-0.0062148
2.356,0.210178,-0.115025,-0.00137851,0.0122001,-0.0060901
2.357,0.210063,-0.11503,-0.00136632,0.0121824,-0.00596559
2.358,0.209948,-0.115035,-0.00135414,0.0121648,-0.00584127
2.359,0.209833,-0.115039,-0.00134199,0.0121471,-0.00571715
2.36,0.209717,-0.115043,-0.00132985,0.0121294,-0.00559322
2.361,0.209602,-0.115047,-0.00131773,0.0121118,-0.00546948
2.362,0.209487,-0.115051,-0.00130563,0.0120942,-0.00534593
2.363,0.209372,-0.115055,-0.00129354,0.0120766,-0.00522258
2.364,0.209257,-0.115059,-0.00128147,0.012059,-0.00509942
2.365,0.209142,-0.115063,-0.00126942,0.0120414,-0.00497645
2.366,0.209027,-0.115067,-0.00125739,0.0120239,-0.00485367
2.367,0.208912,-0.11507,-0.00124537,0.0120063,-0.00473108
2.368,0.208797,-0.115073,-0.00123338,0.0119888,-0.00460868
2.369,0.208682,-0.115077,-0.0012214,0.0119713,-0.00448648
2.37,0.208567,-0.11508,-0.00120943,0.0119538,-0.00436446
2.371,0.208452,-0.115083,-0.00119749,0.0119363,-0.00424264
2.372,0.208337,-0.115086,-0.00118556,0.0119188,-0.004121
2.373,0.208222,-0.115089,-0.00117365,0.0119014,-0.00399956
2.374,0.208107,-0.115092,-0.00116176,0.0118839,-0.0038783
2.375,0.207991,-0.115094,-0.00114988,0.0118665,-0.00375724
2.376,0.207876,-0.115097,-0.00113803,0.0118491,-0.00363637
2.377,0.207761,-0.115099,-0.00112619,0.0118317,-0.00351568
2.378,0.207646,-0.115101,-0.00111436,0.0118143,-0.00339519
2.379,0.207531,-0.115104,-0.00110256,0.0117969,-0.00327488
2.38,0.207416,-0.115106,-0.00109077,0.0117795,-0.00315476
2.381,0.207301,-0.115108,-0.001079,0.0117622,-0.00303483
2.382,0.207186,-0.115109,-0.00106724,0.0117449,-0.00291509
2.383,0.207071,-0.115111,-0.00105551,0.0117276,-0.00279554
2.384,0.206955,-0.115113,-0.00104379,0.0117103,-0.00267618
2.385,0.20684,-0.115114,-0.00103209,0.011693,-0.002557
2.386,0.206725,-0.115116,-0.0010204,0.0116757,-0.00243802
2.387,0.20661,-0.115117,-0.00100874,0.0116584,-0.00231922
2.388,0.206495,-0.115118,-0.000997087,0.0116412,-0.0022006
2.389,0.20638,-0.115119,-0.000985455,0.011624,-0.00208218
2.39,0.206265,-0.11512,-0.000973839,0.0116068,-0.00196394
2.391,0.20615,-0.115121,-0.000962241,0.0115896,-0.00184589
2.392,0.206035,-0.115122,-0.00095066,0.0115724,-0.00172803
2.393,0.205919,-0.115123,-0.000939096,0.0115552,-0.00161035
2.394,0.205804,-0.115123,-0.00092755,0.011538,-0.00149286
2.395,0.205689,-0.115124,-0.00091602,0.0115209,-0.00137555
2.396,0.205574,-0.115124,-0.000904508,0.0115038,-0.00125843
2.397,0.205459,-0.115125,-0.000893013,0.0114867,-0.0011415
2.398,0.205344,-0.115125,-0.000881535,0.0114696,-0.00102475
2.399,0.205229,-0.115125,-0.000870074,0.0114525,-0.000908193
2.4,0.205114,-0.115125,-0.00085863,0.0114354,-0.000791817
2.401,0.204998,-0.115125,-0.000847203,0.0114183,-0.000675626
2.402,0.204883,-0.115124,-0.000835793,0.0114013,-0.00055962
2.403,0.204768,-0.115124,-0.0008244,0.0113843,-0.000443799
2.404,0.204653,-0.115123,-0.000813025,0.0113673,-0.000328162
2.405,0.204538,-0.115123,-0.000801666,0.0113503,-0.00021271
2.406,0.204423,-0.115122,-0.000790324,0.0113333,-9.74424e-05
2.407,0.204308,-0.115121,-0.000778999,0.0113163,1.76412e-05
2.408,0.204193,-0.11512,-0.000767692,0.0112993,0.000132541
2.409,0.204077,-0.115119,-0.000756401,0.0112824,0.000247257
2.41,0.203962,-0.115118,-0.000745127,0.0112655,0.000361789
2.411,0.203847,-0.115117,-0.00073387,0.0112486,0.000476138
2.412,0.203732,-0.115116,-0.00072263,0.0112317,0.000590304
2.413,0.203617,-0.115114,-0.000711407,0.0112148,0.000704287
2.414,0.203502,-0.115113,-0.0007002,0.0111979,0.000818087
2.415,0.203387,-0.115111,-0.000689011,0.0111811,0.000931704
2.416,0.203272,-0.11511,-0.000677838,0.0111642,0.00104514
2.417,0.203157,-0.115108,-0.000666682,0.0111474,0.00115839
2.418,0.203041,-0.115106,-0.000655543,0.0111306,0.00127146
2.419,0.202926,-0.115104,-0.000644421,0.0111138,0.00138435
2.42,0.202811,-0.115102,-0.000633316,0.011097,0.00149706
2.421,0.202696,-0.1151,-0.000622227,0.0110802,0.00160958
2.422,0.202581,-0.115097,-0.000611155,0.0110635,0.00172193
2.423,0.202466,-0.115095,-0.0006001,0.0110468,0.00183409
2.424,0.202351,-0.115092,-0.000589062,0.01103,0.00194607
2.425,0.202236,-0.11509,-0.00057804,0.0110133,0.00205787
2.426,0.202121,-0.115087,-0.000567035,0.0109966,0.00216949
2.427,0.202006,-0.115084,-0.000556047,0.0109799,0.00228093
2.428,0.20189,-0.115081,-0.000545075,0.0109633,0.00239219
2.429,0.201775,-0.115078,-0.00053412,0.0109466,0.00250327
2.43,0.20166,-0.115075,-0.000523182,0.01093,0.00261416
2.431,0.201545,-0.115072,-0.000512261,0.0109134,0.00272488
2.432,0.20143,-0.115068,-0.000501356,0.0108968,0.00283542
2.433,0.201315,-0.115065,-0.000490467,0.0108802,0.00294578
2.434,0.2012,-0.115061,-0.000479595,0.0108636,0.00305596
2.435,0.201085,-0.115058,-0.00046874,0.010847,0.00316596
2.436,0.20097,-0.115054,-0.000457901,0.0108305,0.00327579
2.437,0.200855,-0.11505,-0.000447079,0.0108139,0.00338543
2.438,0.20074,-0.115046,-0.000436273,0.0107974,0.0034949
2.439,0.200625,-0.115042,-0.000425484,0.0107809,0.00360418
2.44,0.20051,-0.115038,-0.000414712,0.0107644,0.00371329
2.441,0.200395,-0.115034,-0.000403956,0.0107479,0.00382222
2.442,0.20028,-0.11503,-0.000393216,0.0107315,0.00393097
2.443,0.200165,-0.115025,-0.000382493,0.010715,0.00403955
2.444,0.20005,-0.115021,-0.000371786,0.0106986,0.00414795
2.445,0.199935,-0.115016,-0.000361095,0.0106822,0.00425617
2.446,0.19982,-0.115011,-0.000350422,0.0106657,0.00436421
2.447,0.199705,-0.115007,-0.000339764,0.0106494,0.00447207
2.448,0.19959,-0.115002,-0.000329123,0.010633,0.00457976
2.449,0.199475,-0.114997,-0.000318498,0.0106166,0.00468728
2.45,0.19936,-0.114992,-0.00030789,0.0106003,0.00479461
2.451,0.199245,-0.114986,-0.000297298,0.0105839,0.00490177
2.452,0.19913,-0.114981,-0.000286722,0.0105676,0.00500875
2.453,0.199015,-0.114976,-0.000276162,0.0105513,0.00511556
2.454,0.1989,-0.11497,-0.000265619,0.010535,0.00522219
2.455,0.198785,-0.114965,-0.000255092,0.0105187,0.00532865
2.456,0.19867,-0.114959,-0.000244582,0.0105025,0.00543493
2.457,0.198555,-0.114953,-0.000234087,0.0104862,0.00554104
2.458,0.19844,-0.114947,-0.000223609,0.01047,0.00564697
2.459,0.198325,-0.114941,-0.000213148,0.0104538,0.00575272
2.46,0.19821,-0.114935,-0.000202702,0.0104376,0.0058583
2.461,0.198095,-0.114929,-0.000192272,0.0104214,0.00596371
2.462,0.19798,-0.114923,-0.000181859,0.0104052,0.00606894
2.463,0.197865,-0.114916,-0.000171462,0.0103891,0.006174
2.464,0.19775,-0.11491,-0.000161081,0.0103729,0.00627888
2.465,0.197635,-0.114903,-0.000150716,0.0103568,0.00638359
2.466,0.19752,-0.114897,-0.000140368,0.0103407,0.00648813
2.467,0.197406,-0.11489,-0.000130035,0.0103246,0.00659249
2.468,0.197291,-0.114883,-0.000119718,0.0103085,0.00669668
2.469,0.197176,-0.114876,-0.000109418,0.0102924,0.0068007
2.47,0.197061,-0.114869,-9.91337e-05,0.0102763,0.00690454
2.471,0.196946,-0.114862,-8.88654e-05,0.0102603,0.00700821
2.472,0.196831,-0.114855,-7.86132e-05,0.0102443,0.00711171
2.473,0.196716,-0.114848,-6.83769e-05,0.0102282,0.00721504
2.474,0.196602,-0.11484,-5.81567e-05,0.0102122,0.00731819
2.475,0.196487,-0.114833,-4.79525e-05,0.0101962,0.00742117
2.476,0.196372,-0.114825,-3.77642e-05,0.0101803,0.00752398
2.477,0.196257,-0.114818,-2.7592e-05,0.0101643,0.00762662
2.478,0.196142,-0.11481,-1.74356e-05,0.0101484,0.00772908
2.479,0.196027,-0.114802,-7.29525e-06,0.0101324,0.00783138
2.48,0.195913,-0.114794,2.82922e-06,0.0101165,0.0079335
2.481,0.195798,-0.114786,1.29378e-05,0.0101006,0.00803545
2.482,0.195683,-0.114778,2.30305e-05,0.0100847,0.00813723
2.483,0.195568,-0.11477,3.31072e-05,0.0100689,0.00823885
2.484,0.195453,-0.114762,4.31682e-05,0.010053,0.00834029
2.485,0.195339,-0.114753,5.32132e-05,0.0100372,0.00844156
2.486,0.195224,-0.114745,6.32425e-05,0.0100213,0.00854266
2.487,0.195109,-0.114736,7.32559e-05,0.0100055,0.00864359
2.488,0.194995,-0.114727,8.32535e-05,0.00998973,0.00874435
2.489,0.19488,-0.114719,9.32353e-05,0.00997394,0.00884494
2.49,0.194765,-0.11471,0.000103201,0.00995817,0.00894536
2.491,0.19465,-0.114701,0.000113152,0.00994241,0.00904561
2.492,0.194536,-0.114692,0.000123086,0.00992667,0.00914569
2.493,0.194421,-0.114683,0.000133005,0.00991094,0.0092456
2.494,0.194306,-0.114673,0.000142908,0.00989523,0.00934535
2.495,0.194192,-0.114664,0.000152795,0.00987953,0.00944492
2.496,0.194077,-0.114655,0.000162667,0.00986385,0.00954433
2.497,0.193962,-0.114645,0.000172523,0.00984818,0.00964357
2.498,0.193848,-0.114636,0.000182363,0.00983252,0.00974264
2.499,0.193733,-0.114626,0.000192188,0.00981688,0.00984154
2.5,0.193618,-0.114616,0.000201997,0.00980125,0.00994028
2.501,0.193504,-0.114606,0.000211791,0.00978564,0.0100388
2.502,0.193389,-0.114597,0.000221568,0.00977004,0.0101372
2.503,0.193275,-0.114587,0.000231331,0.00975446,0.0102355
2.504,0.19316,-0.114576,0.000241077,0.00973889,0.0103335
2.505,0.193045,-0.114566,0.000250808,0.00972334,0.0104314
2.506,0.192931,-0.114556,0.000260524,0.0097078,0.0105292
2.507,0.192816,-0.114546,0.000270224,0.00969227,0.0106267
2.508,0.192702,-0.114535,0.000279908,0.00967676,0.0107241
2.509,0.192587,-0.114525,0.000289577,0.00966126,0.0108214
2.51,0.192473,-0.114514,0.000299231,0.00964578,0.0109184
2.511,0.192358,-0.114503,0.000308869,0.00963031,0.0110153
2.512,0.192244,-0.114492,0.000318492,0.00961485,0.0111121
2.513,0.192129,-0.114482,0.000328099,0.00959941,0.0112086
2.514,0.192015,-0.114471,0.00033769,0.00958399,0.0113051
2.515,0.1919,-0.11446,0.000347267,0.00956858,0.0114013
2.516,0.191786,-0.114448,0.000356827,0.00955318,0.0114974
2.517,0.191671,-0.114437,0.000366373,0.0095378,0.0115933
2.518,0.191557,-0.114426,0.000375903,0.00952243,0.011689
2.519,0.191443,-0.114414,0.000385418,0.00950708,0.0117846
2.52,0.191328,-0.114403,0.000394917,0.00949174,0.01188
2.521,0.191214,-0.114391,0.000404401,0.00947641,0.0119753
2.522,0.191099,-0.11438,0.00041387,0.0094611,0.0120704
2.523,0.190985,-0.114368,0.000423323,0.0094458,0.0121653
2.524,0.190871,-0.114356,0.000432762,0.00943052,0.01226
2.525,0.190756,-0.114344,0.000442184,0.00941525,0.0123546
2.526,0.190642,-0.114332,0.000451592,0.0094,0.0124491
2.527,0.190528,-0.11432,0.000460984,0.00938476,0.0125433
2.528,0.190413,-0.114308,0.000470361,0.00936954,0.0126374
2.529,0.190299,-0.114296,0.000479723,0.00935433,0.0127314
2.53,0.190185,-0.114283,0.00048907,0.00933913,0.0128252
2.531,0.19007,-0.114271,0.000498402,0.00932395,0.0129188
2.532,0.189956,-0.114258,0.000507718,0.00930878,0.0130123
2.533,0.189842,-0.114246,0.000517019,0.00929363,0.0131055
2.534,0.189728,-0.114233,0.000526305,0.00927849,0.0131987
2.535,0.189613,-0.11422,0.000535576,0.00926337,0.0132917
2.536,0.189499,-0.114207,0.000544832,0.00924826,0.0133845
2.537,0.189385,-0.114194,0.000554073,0.00923316,0.0134771
2.538,0.189271,-0.114181,0.000563298,0.00921808,0.0135696
2.539,0.189157,-0.114168,0.000572509,0.00920301,0.0136619
2.54,0.189043,-0.114155,0.000581704,0.00918796,0.0137541
2.541,0.188928,-0.114142,0.000590885,0.00917292,0.0138461
2.542,0.188814,-0.114128,0.00060005,0.00915789,0.0139379
2.543,0.1887,-0.114115,0.0006092,0.00914288,0.0140296
2.544,0.188586,-0.114102,0.000618336,0.00912789,0.0141211
2.545,0.188472,-0.114088,0.000627456,0.00911291,0.0142125
2.546,0.188358,-0.114074,0.000636562,0.00909794,0.0143037
2.547,0.188244,-0.11406,0.000645652,0.00908299,0.0143947
2.548,0.18813,-0.114047,0.000654727,0.00906805,0.0144856
2.549,0.188016,-0.114033,0.000663788,0.00905312,0.0145763
2.55,0.187902,-0.114019,0.000672834,0.00903821,0.0146669
2.551,0.187788,-0.114005,0.000681864,0.00902332,0.0147573
2.552,0.187674,-0.11399,0.00069088,0.00900843,0.0148476
2.553,0.18756,-0.113976,0.000699881,0.00899357,0.0149377
2.554,0.187446,-0.113962,0.000708867,0.00897871,0.0150276
2.555,0.187332,-0.113947,0.000717839,0.00896387,0.0151174
2.556,0.187218,-0.113933,0.000726795,0.00894905,0.015207
2.557,0.187104,-0.113918,0.000735737,0.00893424,0.0152964
2.558,0.18699,-0.113904,0.000744664,0.00891944,0.0153857
2.559,0.186876,-0.113889,0.000753576,0.00890466,0.0154749
2.56,0.186762,-0.113874,0.000762473,0.00888989,0.0155638
2.561,0.186648,-0.113859,0.000771355,0.00887514,0.0156527
2.562,0.186534,-0.113844,0.000780223,0.0088604,0.0157413
2.563,0.186421,-0.113829,0.000789076,0.00884567,0.0158298
2.564,0.186307,-0.113814,0.000797914,0.00883096,0.0159182
2.565,0.186193,-0.113799,0.000806738,0.00881627,0.0160064
2.566,0.186079,-0.113784,0.000815547,0.00880158,0.0160944
2.567,0.185965,-0.113768,0.000824341,0.00878691,0.0161823
2.568,0.185852,-0.113753,0.000833121,0.00877226,0.01627
2.569,0.185738,-0.113737,0.000841886,0.00875762,0.0163576
2.57,0.185624,-0.113722,0.000850636,0.00874299,0.016445
2.571,0.185511,-0.113706,0.000859372,0.00872838,0.0165323
2.572,0.185397,-0.11369,0.000868093,0.00871378,0.0166194
2.573,0.185283,-0.113674,0.000876799,0.0086992,0.0167063
2.574,0.185169,-0.113658,0.000885491,0.00868463,0.0167931
2.575,0.185056,-0.113642,0.000894168,0.00867008,0.0168797
2.576,0.184942,-0.113626,0.000902831,0.00865554,0.0169662
2.577,0.184829,-0.11361,0.00091148,0.00864101,0.0170525
2.578,0.184715,-0.113594,0.000920113,0.0086265,0.0171387
2.579,0.184601,-0.113577,0.000928732,0.008612,0.0172247
2.58,0.184488,-0.113561,0.000937337,0.00859751,0.0173106
2.581,0.184374,-0.113545,0.000945927,0.00858304,0.0173963
2.582,0.184261,-0.113528,0.000954503,0.00856859,0.0174819
2.583,0.184147,-0.113511,0.000963065,0.00855414,0.0175673
2.584,0.184034,-0.113495,0.000971612,0.00853972,0.0176525
2.585,0.18392,-0.113478,0.000980144,0.0085253,0.0177376
2.586,0.183807,-0.113461,0.000988662,0.0085109,0.0178225
2.587,0.183693,-0.113444,0.000997166,0.00849652,0.0179073
2.588,0.18358,-0.113427,0.00100566,0.00848215,0.017992
2.589,0.183466,-0.11341,0.00101413,0.00846779,0.0180764
2.59,0.183353,-0.113393,0.00102259,0.00845345,0.0181608
2.591,0.18324,-0.113376,0.00103104,0.00843912,0.0182449
2.592,0.183126,-0.113358,0.00103947,0.0084248,0.018329
2.593,0.183013,-0.113341,0.00104789,0.0084105,0.0184128
2.594,0.1829,-0.113324,0.00105629,0.00839621,0.0184966
2.595,0.182786,-0.113306,0.00106468,0.00838194,0.0185801
2.596,0.182673,-0.113288,0.00107305,0.00836768,0.0186635
2.597,0.18256,-0.113271,0.00108141,0.00835344,0.0187468
2.598,0.182446,-0.113253,0.00108976,0.00833921,0.0188299
2.599,0.182333,-0.113235,0.00109809,0.00832499,0.0189129
2.6,0.18222,-0.113217,0.00110641,0.00831079,0.0189957
2.601,0.182107,-0.113199,0.00111471,0.0082966,0.0190784
2.602,0.181994,-0.113181,0.001123,0.00828242,0.0191609
2.603,0.18188,-0.113163,0.00113128,0.00826826,0.0192432
2.604,0.181767,-0.113145,0.00113954,0.00825412,0.0193254
2.605,0.181654,-0.113126,0.00114779,0.00823999,0.0194075
2.606,0.181541,-0.113108,0.00115602,0.00822587,0.0194894
2.607,0.181428,-0.11309,0.00116424,0.00821176,0.0195712
2.608,0.181315,-0.113071,0.00117244,0.00819767,0.0196528
2.609,0.181202,-0.113053,0.00118063,0.0081836,0.0197342
2.61,0.181089,-0.113034,0.00118881,0.00816953,0.0198155
2.611,0.180976,-0.113015,0.00119697,0.00815549,0.0198967
2.612,0.180863,-0.112996,0.00120512,0.00814145,0.0199777
2.613,0.18075,-0.112978,0.00121326,0.00812743,0.0200586
2.614,0.180637,-0.112959,0.00122138,0.00811342,0.0201393
2.615,0.180524,-0.11294,0.00122948,0.00809943,0.0202199
2.616,0.180411,-0.11292,0.00123758,0.00808545,0.0203003
2.617,0.180298,-0.112901,0.00124565,0.00807149,0.0203805
2.618,0.180185,-0.112882,0.00125372,0.00805754,0.0204607
2.619,0.180072,-0.112863,0.00126177,0.0080436,0.0205406
2.62,0.179959,-0.112843,0.00126981,0.00802968,0.0206205
2.621,0.179846,-0.112824,0.00127783,0.00801577,0.0207001
2.622,0.179734,-0.112804,0.00128584,0.00800188,0.0207797
2.623,0.179621,-0.112785,0.00129383,0.00798799,0.020859
2.624,0.179508,-0.112765,0.00130181,0.00797413,0.0209383
2.625,0.179395,-0.112745,0.00130978,0.00796027,0.0210174
2.626,0.179283,-0.112726,0.00131773,0.00794644,0.0210963
2.627,0.17917,-0.112706,0.00132567,0.00793261,0.0211751
2.628,0.179057,-0.112686,0.0013336,0.0079188,0.0212537
2.629,0.178945,-0.112666,0.00134151,0.007905,0.0213322
2.63,0.178832,-0.112646,0.00134941,0.00789122,0.0214106
2.631,0.178719,-0.112626,0.00135729,0.00787745,0.0214888
2.632,0.178607,-0.112605,0.00136516,0.00786369,0.0215669
2.633,0.178494,-0.112585,0.00137302,0.00784995,0.0216448
2.634,0.178381,-0.112565,0.00138086,0.00783622,0.0217226
2.635,0.178269,-0.112544,0.00138869,0.00782251,0.0218002
2.636,0.178156,-0.112524,0.00139651,0.00780881,0.0218777
2.637,0.178044,-0.112503,0.00140431,0.00779512,0.021955
2.638,0.177931,-0.112482,0.0014121,0.00778145,0.0220322
2.639,0.177819,-0.112462,0.00141987,0.00776779,0.0221092
2.64,0.177706,-0.112441,0.00142763,0.00775415,0.0221861
2.641,0.177594,-0.11242,0.00143538,0.00774052,0.0222629
2.642,0.177482,-0.112399,0.00144312,0.0077269,0.0223395
2.643,0.177369,-0.112378,0.00145084,0.0077133,0.022416
2.644,0.177257,-0.112357,0.00145854,0.00769971,0.0224923
2.645,0.177144,-0.112336,0.00146623,0.00768613,0.0225685
2.646,0.177032,-0.112315,0.00147391,0.00767257,0.0226445
2.647,0.17692,-0.112293,0.00148158,0.00765902,0.0227204
2.648,0.176808,-0.112272,0.00148923,0.00764549,0.0227962
2.649,0.176695,-0.112251,0.00149687,0.00763197,0.0228718
2.65,0.176583,-0.112229,0.0015045,0.00761846,0.0229472
2.651,0.176471,-0.112208,0.00151211,0.00760497,0.0230226
2.652,0.176359,-0.112186,0.00151971,0.00759149,0.0230977
2.653,0.176246,-0.112164,0.00152729,0.00757802,0.0231728
2.654,0.176134,-0.112143,0.00153486,0.00756457,0.0232477
2.655,0.176022,-0.112121,0.00154242,0.00755113,0.0233224
2.656,0.17591,-0.112099,0.00154996,0.00753771,0.023397
2.657,0.175798,-0.112077,0.0015575,0.0075243,0.0234715
2.658,0.175686,-0.112055,0.00156501,0.0075109,0.0235458
2.659,0.175574,-0.112033,0.00157252,0.00749752,0.02362
2.66,0.175462,-0.112011,0.00158001,0.00748415,0.0236941
2.661,0.17535,-0.111989,0.00158749,0.00747079,0.023768
2.662,0.175238,-0.111966,0.00159495,0.00745745,0.0238417
2.663,0.175126,-0.111944,0.0016024,0.00744412,0.0239153
2.664,0.175014,-0.111922,0.00160984,0.00743081,0.0239888
2.665,0.174902,-0.111899,0.00161726,0.00741751,0.0240621
2.666,0.17479,-0.111876,0.00162467,0.00740422,0.0241353
2.667,0.174678,-0.111854,0.00163207,0.00739095,0.0242084
2.668,0.174566,-0.111831,0.00163945,0.00737769,0.0242813
2.669,0.174455,-0.111808,0.00164683,0.00736444,0.0243541
2.67,0.174343,-0.111786,0.00165418,0.00735121,0.0244267
2.671,0.174231,-0.111763,0.00166153,0.00733799,0.0244992
2.672,0.174119,-0.11174,0.00166886,0.00732479,0.0245716
2.673,0.174008,-0.111717,0.00167618,0.0073116,0.0246438
2.674,0.173896,-0.111694,0.00168348,0.00729842,0.0247159
2.675,0.173784,-0.111671,0.00169077,0.00728526,0.0247878
2.676,0.173673,-0.111647,0.00169805,0.00727211,0.0248596
2.677,0.173561,-0.111624,0.00170532,0.00725897,0.0249313
2.678,0.173449,-0.111601,0.00171257,0.00724585,0.0250028
2.679,0.173338,-0.111577,0.00171981,0.00723274,0.0250742
2.68,0.173226,-0.111554,0.00172704,0.00721964,0.0251454
2.681,0.173115,-0.11153,0.00173425,0.00720656,0.0252165
2.682,0.173003,-0.111507,0.00174145,0.00719349,0.0252875
2.683,0.172892,-0.111483,0.00174864,0.00718043,0.0253583
2.684,0.17278,-0.11146,0.00175581,0.00716739,0.025429
2.685,0.172669,-0.111436,0.00176297,0.00715436,0.0254996
2.686,0.172557,-0.111412,0.00177012,0.00714135,0.02557
2.687,0.172446,-0.111388,0.00177725,0.00712835,0.0256403
2.688,0.172334,-0.111364,0.00178438,0.00711536,0.0257104
2.689,0.172223,-0.11134,0.00179148,0.00710239,0.0257804
2.69,0.172112,-0.111316,0.00179858,0.00708943,0.0258503
2.691,0.172001,-0.111292,0.00180566,0.00707648,0.0259201
2.692,0.171889,-0.111268,0.00181273,0.00706355,0.0259897
2.693,0.171778,-0.111243,0.00181979,0.00705063,0.0260591
2.694,0.171667,-0.111219,0.00182683,0.00703772,0.0261284
2.695,0.171556,-0.111195,0.00183387,0.00702483,0.0261976
2.696,0.171444,-0.11117,0.00184088,0.00701195,0.0262667
2.697,0.171333,-0.111146,0.00184789,0.00699909,0.0263356
2.698,0.171222,-0.111121,0.00185488,0.00698623,0.0264044
2.699,0.171111,-0.111096,0.00186186,0.0069734,0.026473
2.7,0.171,-0.111072,0.00186883,0.00696057,0.0265415
2.701,0.170889,-0.111047,0.00187578,0.00694776,0.0266099
2.702,0.170778,-0.111022,0.00188272,0.00693496,0.0266782
2.703,0.170667,-0.110997,0.00188965,0.00692218,0.0267463
2.704,0.170556,-0.110972,0.00189657,0.0069094,0.0268142
2.705,0.170445,-0.110947,0.00190347,0.00689665,0.0268821
2.706,0.170334,-0.110922,0.00191036,0.0068839,0.0269498
2.707,0.170223,-0.110897,0.00191724,0.00687117,0.0270173
2.708,0.170112,-0.110872,0.0019241,0.00685845,0.0270848
2.709,0.170001,-0.110846,0.00193096,0.00684575,0.0271521
2.71,0.16989,-0.110821,0.0019378,0.00683306,0.0272192
2.711,0.16978,-0.110796,0.00194462,0.00682038,0.0272863
2.712,0.169669,-0.11077,0.00195144,0.00680772,0.0273532
2.713,0.169558,-0.110745,0.00195824,0.00679507,0.0274199
2.714,0.169447,-0.110719,0.00196503,0.00678243,0.0274866
2.715,0.169337,-0.110694,0.0019718,0.00676981,0.0275531
2.716,0.169226,-0.110668,0.00197857,0.0067572,0.0276194
2.717,0.169115,-0.110642,0.00198532,0.0067446,0.0276857
2.718,0.169005,-0.110616,0.00199206,0.00673202,0.0277518
2.719,0.168894,-0.110591,0.00199878,0.00671945,0.0278177
2.72,0.168783,-0.110565,0.00200549,0.00670689,0.0278836
2.721,0.168673,-0.110539,0.0020122,0.00669434,0.0279493
2.722,0.168562,-0.110513,0.00201888,0.00668181,0.0280149
2.723,0.168452,-0.110487,0.00202556,0.0066693,0.0280803
2.724,0.168341,-0.11046,0.00203222,0.00665679,0.0281456
2.725,0.168231,-0.110434,0.00203887,0.0066443,0.0282108
2.726,0.168121,-0.110408,0.00204551,0.00663183,0.0282758
2.727,0.16801,-0.110382,0.00205214,0.00661936,0.0283408
2.728,0.1679,-0.110355,0.00205875,0.00660691,0.0284055
2.729,0.167789,-0.110329,0.00206535,0.00659448,0.0284702
2.73,0.167679,-0.110302,0.00207194,0.00658205,0.0285347
2.731,0.167569,-0.110276,0.00207851,0.00656964,0.0285991
2.732,0.167459,-0.110249,0.00208508,0.00655724,0.0286634
2.733,0.167348,-0.110222,0.00209163,0.00654486,0.0287275
2.734,0.167238,-0.110196,0.00209817,0.00653249,0.0287915
2.735,0.167128,-0.110169,0.00210469,0.00652013,0.0288554
2.736,0.167018,-0.110142,0.00211121,0.00650779,0.0289191
2.737,0.166908,-0.110115,0.00211771,0.00649546,0.0289827
2.738,0.166798,-0.110088,0.0021242,0.00648314,0.0290462
2.739,0.166687,-0.110061,0.00213068,0.00647083,0.0291096
2.74,0.166577,-0.110034,0.00213714,0.00645854,0.0291728
2.741,0.166467,-0.110007,0.00214359,0.00644626,0.0292359
2.742,0.166357,-0.10998,0.00215003,0.006434,0.0292988
2.743,0.166247,-0.109952,0.00215646,0.00642175,0.0293617
2.744,0.166138,-0.109925,0.00216288,0.00640951,0.0294244
2.745,0.166028,-0.109898,0.00216928,0.00639728,0.029487
2.746,0.165918,-0.10987,0.00217567,0.00638507,0.0295494
2.747,0.165808,-0.109843,0.00218205,0.00637287,0.0296117
2.748,0.165698,-0.109815,0.00218842,0.00636068,0.0296739
2.749,0.165588,-0.109788,0.00219477,0.00634851,0.029736
2.75,0.165478,-0.10976,0.00220111,0.00633635,0.0297979
2.751,0.165369,-0.109732,0.00220744,0.00632421,0.0298598
2.752,0.165259,-0.109705,0.00221376,0.00631207,0.0299214
2.753,0.165149,-0.109677,0.00222007,0.00629995,0.029983
2.754,0.16504,-0.109649,0.00222636,0.00628784,0.0300444
2.755,0.16493,-0.109621,0.00223264,0.00627575,0.0301057
2.756,0.16482,-0.109593,0.00223891,0.00626367,0.0301669
2.757,0.164711,-0.109565,0.00224517,0.0062516,0.0302279
2.758,0.164601,-0.109537,0.00225142,0.00623955,0.0302889
2.759,0.164492,-0.109509,0.00225765,0.0062275,0.0303497
2.76,0.164382,-0.109481,0.00226387,0.00621548,0.0304103
2.761,0.164273,-0.109452,0.00227008,0.00620346,0.0304709
2.762,0.164163,-0.109424,0.00227628,0.00619146,0.0305313
2.763,0.164054,-0.109396,0.00228246,0.00617947,0.0305916
2.764,0.163945,-0.109367,0.00228864,0.00616749,0.0306517
2.765,0.163835,-0.109339,0.0022948,0.00615553,0.0307118
2.766,0.163726,-0.10931,0.00230095,0.00614358,0.0307717
2.767,0.163617,-0.109282,0.00230709,0.00613164,0.0308315
2.768,0.163507,-0.109253,0.00231321,0.00611971,0.0308912
2.769,0.163398,-0.109224,0.00231933,0.0061078,0.0309507
2.77,0.163289,-0.109196,0.00232543,0.0060959,0.0310101
2.771,0.16318,-0.109167,0.00233152,0.00608402,0.0310694
2.772,0.163071,-0.109138,0.00233759,0.00607215,0.0311286
2.773,0.162961,-0.109109,0.00234366,0.00606029,0.0311876
2.774,0.162852,-0.10908,0.00234972,0.00604844,0.0312465
2.775,0.162743,-0.109051,0.00235576,0.00603661,0.0313053
2.776,0.162634,-0.109022,0.00236179,0.00602479,0.031364
2.777,0.162525,-0.108993,0.00236781,0.00601298,0.0314225
2.778,0.162416,-0.108964,0.00237381,0.00600118,0.0314809
2.779,0.162307,-0.108935,0.00237981,0.0059894,0.0315392
2.78,0.162198,-0.108906,0.00238579,0.00597763,0.0315974
2.781,0.162089,-0.108876,0.00239177,0.00596588,0.0316555
2.782,0.161981,-0.108847,0.00239773,0.00595413,0.0317134
2.783,0.161872,-0.108817,0.00240367,0.0059424,0.0317712
2.784,0.161763,-0.108788,0.00240961,0.00593068,0.0318289
2.785,0.161654,-0.108758,0.00241553,0.00591898,0.0318864
2.786,0.161545,-0.108729,0.00242145,0.00590729,0.0319439
2.787,0.161437,-0.108699,0.00242735,0.00589561,0.0320012
2.788,0.161328,-0.10867,0.00243324,0.00588394,0.0320584
2.789,0.161219,-0.10864,0.00243912,0.00587229,0.0321154
2.79,0.161111,-0.10861,0.00244498,0.00586065,0.0321724
2.791,0.161002,-0.10858,0.00245084,0.00584902,0.0322292
2.792,0.160894,-0.10855,0.00245668,0.00583741,0.0322859
2.793,0.160785,-0.10852,0.00246251,0.00582581,0.0323425
2.794,0.160677,-0.10849,0.00246833,0.00581422,0.0323989
2.795,0.160568,-0.10846,0.00247414,0.00580264,0.0324553
2.796,0.16046,-0.10843,0.00247994,0.00579108,0.0325115
2.797,0.160351,-0.1084,0.00248572,0.00577953,0.0325676
2.798,0.160243,-0.10837,0.0024915,0.00576799,0.0326236
2.799,0.160135,-0.10834,0.00249726,0.00575646,0.0326794
2.8,0.160026,-0.10831,0.00250301,0.00574495,0.0327352
2.801,0.159918,-0.108279,0.00250875,0.00573345,0.0327908
2.802,0.15981,-0.108249,0.00251448,0.00572197,0.0328463
2.803,0.159701,-0.108218,0.00252019,0.00571049,0.0329016
2.804,0.159593,-0.108188,0.0025259,0.00569903,0.0329569
2.805,0.159485,-0.108157,0.00253159,0.00568758,0.033012
2.806,0.159377,-0.108127,0.00253727,0.00567615,0.033067
2.807,0.159269,-0.108096,0.00254294,0.00566472,0.0331219
2.808,0.159161,-0.108065,0.0025486,0.00565331,0.0331767
2.809,0.159053,-0.108035,0.00255425,0.00564192,0.0332314
2.81,0.158945,-0.108004,0.00255989,0.00563053,0.0332859
2.811,0.158837,-0.107973,0.00256551,0.00561916,0.0333403
2.812,0.158729,-0.107942,0.00257113,0.0056078,0.0333946
2.813,0.158621,-0.107911,0.00257673,0.00559645,0.0334488
2.814,0.158513,-0.10788,0.00258232,0.00558512,0.0335029
2.815,0.158405,-0.107849,0.0025879,0.0055738,0.0335568
2.816,0.158297,-0.107818,0.00259347,0.00556249,0.0336106
2.817,0.158189,-0.107787,0.00259902,0.00555119,0.0336643
2.818,0.158082,-0.107756,0.00260457,0.00553991,0.0337179
2.819,0.157974,-0.107725,0.0026101,0.00552864,0.0337714
2.82,0.157866,-0.107693,0.00261563,0.00551738,0.0338248
2.821,0.157758,-0.107662,0.00262114,0.00550613,0.033878
2.822,0.157651,-0.107631,0.00262664,0.0054949,0.0339311
2.823,0.157543,-0.107599,0.00263213,0.00548368,0.0339841
2.824,0.157436,-0.107568,0.0026376,0.00547247,0.034037
2.825,0.157328,-0.107536,0.00264307,0.00546127,0.0340898
2.826,0.157221,-0.107505,0.00264853,0.00545009,0.0341424
2.827,0.157113,-0.107473,0.00265397,0.00543892,0.0341949
2.828,0.157006,-0.107442,0.00265941,0.00542776,0.0342473
2.829,0.156898,-0.10741,0.00266483,0.00541662,0.0342996
2.83,0.156791,-0.107378,0.00267024,0.00540548,0.0343518
2.831,0.156683,-0.107346,0.00267564,0.00539436,0.0344039
2.832,0.156576,-0.107315,0.00268103,0.00538326,0.0344558
2.833,0.156469,-0.107283,0.0026864,0.00537216,0.0345077
2.834,0.156362,-0.107251,0.00269177,0.00536108,0.0345594
2.835,0.156254,-0.107219,0.00269713,0.00535001,0.034611
2.836,0.156147,-0.107187,0.00270247,0.00533895,0.0346625
2.837,0.15604,-0.107155,0.0027078,0.00532791,0.0347139
2.838,0.155933,-0.107123,0.00271313,0.00531687,0.0347651
2.839,0.155826,-0.107091,0.00271844,0.00530585,0.0348163
2.84,0.155719,-0.107058,0.00272374,0.00529484,0.0348673
2.841,0.155612,-0.107026,0.00272903,0.00528385,0.0349182
2.842,0.155505,-0.106994,0.00273431,0.00527287,0.034969
2.843,0.155398,-0.106961,0.00273957,0.0052619,0.0350197
2.844,0.155291,-0.106929,0.00274483,0.00525094,0.0350702
2.845,0.155184,-0.106897,0.00275008,0.00523999,0.0351207
2.846,0.155077,-0.106864,0.00275531,0.00522906,0.035171
2.847,0.15497,-0.106832,0.00276053,0.00521814,0.0352213
2.848,0.154863,-0.106799,0.00276575,0.00520723,0.0352714
2.849,0.154756,-0.106767,0.00277095,0.00519633,0.0353214
2.85,0.15465,-0.106734,0.00277614,0.00518545,0.0353713
2.851,0.154543,-0.106701,0.00278132,0.00517458,0.035421
2.852,0.154436,-0.106668,0.00278649,0.00516372,0.0354707
2.853,0.15433,-0.106636,0.00279165,0.00515287,0.0355202
2.854,0.154223,-0.106603,0.00279679,0.00514204,0.0355697
2.855,0.154116,-0.10657,0.00280193,0.00513122,0.035619
2.856,0.15401,-0.106537,0.00280706,0.00512041,0.0356682
2.857,0.153903,-0.106504,0.00281217,0.00510961,0.0357173
2.858,0.153797,-0.106471,0.00281728,0.00509882,0.0357663
2.859,0.15369,-0.106438,0.00282237,0.00508805,0.0358151
2.86,0.153584,-0.106405,0.00282745,0.00507729,0.0358639
2.861,0.153478,-0.106372,0.00283252,0.00506654,0.0359125
2.862,0.153371,-0.106339,0.00283758,0.00505581,0.0359611
2.863,0.153265,-0.106305,0.00284264,0.00504508,0.0360095
2.864,0.153159,-0.106272,0.00284768,0.00503437,0.0360578
2.865,0.153052,-0.106239,0.0028527,0.00502367,0.036106
2.866,0.152946,-0.106205,0.00285772,0.00501299,0.0361541
2.867,0.15284,-0.106172,0.00286273,0.00500231,0.036202
2.868,0.152734,-0.106139,0.00286773,0.00499165,0.0362499
2.869,0.152628,-0.106105,0.00287271,0.004981,0.0362977
2.87,0.152522,-0.106072,0.00287769,0.00497036,0.0363453
2.871,0.152415,-0.106038,0.00288265,0.00495974,0.0363928
2.872,0.152309,-0.106004,0.00288761,0.00494912,0.0364403
2.873,0.152203,-0.105971,0.00289255,0.00493852,0.0364876
2.874,0.152098,-0.105937,0.00289749,0.00492793,0.0365348
2.875,0.151992,-0.105903,0.00290241,0.00491736,0.0365818
2.876,0.151886,-0.10587,0.00290732,0.00490679,0.0366288
2.877,0.15178,-0.105836,0.00291222,0.00489624,0.0366757
2.878,0.151674,-0.105802,0.00291711,0.0048857,0.0367225
2.879,0.151568,-0.105768,0.00292199,0.00487517,0.0367691
2.88,0.151462,-0.105734,0.00292686,0.00486466,0.0368156
2.881,0.151357,-0.1057,0.00293172,0.00485415,0.0368621
2.882,0.151251,-0.105666,0.00293657,0.00484366,0.0369084
2.883,0.151145,-0.105632,0.00294141,0.00483318,0.0369546
2.884,0.15104,-0.105598,0.00294624,0.00482271,0.0370007
2.885,0.150934,-0.105564,0.00295106,0.00481226,0.0370467
2.886,0.150829,-0.10553,0.00295586,0.00480181,0.0370926
2.887,0.150723,-0.105495,0.00296066,0.00479138,0.0371384
2.888,0.150618,-0.105461,0.00296544,0.00478096,0.037184
2.889,0.150512,-0.105427,0.00297022,0.00477056,0.0372296
2.89,0.150407,-0.105392,0.00297499,0.00476016,0.037275
2.891,0.150301,-0.105358,0.00297974,0.00474978,0.0373204
2.892,0.150196,-0.105323,0.00298449,0.00473941,0.0373656
2.893,0.150091,-0.105289,0.00298922,0.00472905,0.0374107
2.894,0.149986,-0.105254,0.00299394,0.0047187,0.0374558
2.895,0.14988,-0.10522,0.00299866,0.00470837,0.0375007
2.896,0.149775,-0.105185,0.00300336,0.00469804,0.0375455
2.897,0.14967,-0.105151,0.00300805,0.00468773,0.0375902
2.898,0.149565,-0.105116,0.00301274,0.00467743,0.0376348
2.899,0.14946,-0.105081,0.00301741,0.00466715,0.0376792
2.9,0.149355,-0.105047,0.00302207,0.00465687,0.0377236
2.901,0.14925,-0.105012,0.00302672,0.00464661,0.0377679
2.902,0.149145,-0.104977,0.00303136,0.00463636,0.0378121
2.903,0.14904,-0.104942,0.00303599,0.00462612,0.0378561
2.904,0.148935,-0.104907,0.00304062,0.00461589,0.0379001
2.905,0.14883,-0.104872,0.00304523,0.00460568,0.0379439
2.906,0.148725,-0.104837,0.00304983,0.00459547,0.0379876
2.907,0.14862,-0.104802,0.00305442,0.00458528,0.0380313
2.908,0.148515,-0.104767,0.003059,0.0045751,0.0380748
2.909,0.148411,-0.104732,0.00306357,0.00456493,0.0381182
2.91,0.148306,-0.104697,0.00306813,0.00455478,0.0381615
2.911,0.148201,-0.104662,0.00307268,0.00454463,0.0382047
2.912,0.148097,-0.104626,0.00307722,0.0045345,0.0382478
2.913,0.147992,-0.104591,0.00308175,0.00452438,0.0382908
2.914,0.147887,-0.104556,0.00308627,0.00451427,0.0383337
2.915,0.147783,-0.10452,0.00309077,0.00450418,0.0383765
2.916,0.147678,-0.104485,0.00309527,0.00449409,0.0384192
2.917,0.147574,-0.10445,0.00309976,0.00448402,0.0384618
2.918,0.147469,-0.104414,0.00310424,0.00447396,0.0385043
2.919,0.147365,-0.104379,0.00310871,0.00446391,0.0385466
2.92,0.147261,-0.104343,0.00311317,0.00445387,0.0385889
2.921,0.147156,-0.104307,0.00311762,0.00444385,0.0386311
2.922,0.147052,-0.104272,0.00312206,0.00443384,0.0386731
2.923,0.146948,-0.104236,0.00312649,0.00442383,0.0387151
2.924,0.146844,-0.104201,0.0031309,0.00441384,0.0387569
2.925,0.146739,-0.104165,0.00313531,0.00440387,0.0387987
2.926,0.146635,-0.104129,0.00313971,0.0043939,0.0388403
2.927,0.146531,-0.104093,0.0031441,0.00438394,0.0388818
2.928,0.146427,-0.104057,0.00314848,0.004374,0.0389233
2.929,0.146323,-0.104022,0.00315285,0.00436407,0.0389646
2.93,0.146219,-0.103986,0.00315721,0.00435415,0.0390058
2.931,0.146115,-0.10395,0.00316156,0.00434424,0.039047
2.932,0.146011,-0.103914,0.0031659,0.00433435,0.039088
2.933,0.145907,-0.103878,0.00317023,0.00432446,0.0391289
2.934,0.145803,-0.103842,0.00317455,0.00431459,0.0391697
2.935,0.1457,-0.103806,0.00317886,0.00430473,0.0392104
2.936,0.145596,-0.103769,0.00318316,0.00429488,0.0392511
2.937,0.145492,-0.103733,0.00318745,0.00428504,0.0392916
2.938,0.145388,-0.103697,0.00319173,0.00427521,0.039332
2.939,0.145285,-0.103661,0.003196,0.0042654,0.0393723
2.94,0.145181,-0.103625,0.00320026,0.0042556,0.0394125
2.941,0.145077,-0.103588,0.00320451,0.00424581,0.0394526
2.942,0.144974,-0.103552,0.00320875,0.00423603,0.0394926
2.943,0.14487,-0.103515,0.00321298,0.00422626,0.0395325
2.944,0.144767,-0.103479,0.0032172,0.0042165,0.0395723
2.945,0.144663,-0.103443,0.00322141,0.00420676,0.039612
2.946,0.14456,-0.103406,0.00322561,0.00419703,0.0396516
2.947,0.144457,-0.10337,0.00322981,0.0041873,0.0396911
2.948,0.144353,-0.103333,0.00323399,0.00417759,0.0397305
2.949,0.14425,-0.103296,0.00323816,0.0041679,0.0397698
2.95,0.144147,-0.10326,0.00324232,0.00415821,0.039809
2.951,0.144043,-0.103223,0.00324648,0.00414853,0.0398481
2.952,0.14394,-0.103186,0.00325062,0.00413887,0.0398871
2.953,0.143837,-0.10315,0.00325476,0.00412922,0.039926
2.954,0.143734,-0.103113,0.00325888,0.00411958,0.0399648
2.955,0.143631,-0.103076,0.00326299,0.00410995,0.0400034
2.956,0.143528,-0.103039,0.0032671,0.00410033,0.040042
2.957,0.143425,-0.103002,0.0032712,0.00409073,0.0400805
2.958,0.143322,-0.102966,0.00327528,0.00408113,0.0401189
2.959,0.143219,-0.102929,0.00327936,0.00407155,0.0401572
2.96,0.143116,-0.102892,0.00328342,0.00406198,0.0401954
2.961,0.143013,-0.102855,0.00328748,0.00405242,0.0402335
2.962,0.14291,-0.102818,0.00329153,0.00404287,0.0402715
2.963,0.142807,-0.10278,0.00329557,0.00403333,0.0403094
2.964,0.142705,-0.102743,0.0032996,0.0040238,0.0403472
2.965,0.142602,-0.102706,0.00330361,0.00401429,0.0403849
2.966,0.142499,-0.102669,0.00330762,0.00400479,0.0404225
2.967,0.142397,-0.102632,0.00331162,0.0039953,0.04046
2.968,0.142294,-0.102595,0.00331561,0.00398582,0.0404975
2.969,0.142191,-0.102557,0.0033196,0.00397635,0.0405348
2.97,0.142089,-0.10252,0.00332357,0.00396689,0.040572
2.971,0.141986,-0.102483,0.00332753,0.00395744,0.0406091
2.972,0.141884,-0.102445,0.00333148,0.00394801,0.0406461
2.973,0.141781,-0.102408,0.00333543,0.00393859,0.040683
2.974,0.141679,-0.10237,0.00333936,0.00392918,0.0407198
2.975,0.141577,-0.102333,0.00334328,0.00391977,0.0407566
2.976,0.141474,-0.102295,0.0033472,0.00391039,0.0407932
2.977,0.141372,-0.102258,0.0033511,0.00390101,0.0408297
2.978,0.14127,-0.10222,0.003355,0.00389164,0.0408662
2.979,0.141168,-0.102183,0.00335889,0.00388229,0.0409025
2.98,0.141065,-0.102145,0.00336277,0.00387294,0.0409387
2.981,0.140963,-0.102107,0.00336663,0.00386361,0.0409749
2.982,0.140861,-0.10207,0.00337049,0.00385429,0.0410109
2.983,0.140759,-0.102032,0.00337434,0.00384498,0.0410469
2.984,0.140657,-0.101994,0.00337818,0.00383568,0.0410827
2.985,0.140555,-0.101956,0.00338201,0.00382639,0.0411185
2.986,0.140453,-0.101918,0.00338584,0.00381712,0.0411541
2.987,0.140351,-0.101881,0.00338965,0.00380785,0.0411897
2.988,0.14025,-0.101843,0.00339345,0.0037986,0.0412252
2.989,0.140148,-0.101805,0.00339725,0.00378936,0.0412606
2.99,0.140046,-0.101767,0.00340103,0.00378013,0.0412958
2.991,0.139944,-0.101729,0.00340481,0.00377091,0.041331
2.992,0.139842,-0.101691,0.00340857,0.0037617,0.0413661
2.993,0.139741,-0.101653,0.00341233,0.0037525,0.0414011
2.994,0.139639,-0.101615,0.00341608,0.00374331,0.041436
2.995,0.139538,-0.101577,0.00341982,0.00373414,0.0414708
2.996,0.139436,-0.101538,0.00342354,0.00372497,0.0415055
2.997,0.139334,-0.1015,0.00342727,0.00371582,0.0415401
2.998,0.139233,-0.101462,0.00343098,0.00370668,0.0415746
2.999,0.139132,-0.101424,0.00343468,0.00369755,0.0416091
3,0.13903,-0.101386,0.00343837,0.00368843,0.0416434
3.001,0.138929,-0.101347,0.00344206,0.00367932,0.0416776
3.002,0.138827,-0.101309,0.00344573,0.00367022,0.0417118
3.003,0.138726,-0.101271,0.0034494,0.00366114,0.0417458
3.004,0.138625,-0.101232,0.00345305,0.00365206,0.0417798
3.005,0.138524,-0.101194,0.0034567,0.003643,0.0418136
3.006,0.138423,-0.101155,0.00346034,0.00363395,0.0418474
3.007,0.138321,-0.101117,0.00346397,0.00362491,0.0418811
3.008,0.13822,-0.101078,0.00346759,0.00361588,0.0419146
3.009,0.138119,-0.10104,0.0034712,0.00360686,0.0419481
3.01,0.138018,-0.101001,0.0034748,0.00359785,0.0419815
3.011,0.137917,-0.100963,0.0034784,0.00358885,0.0420148
3.012,0.137816,-0.100924,0.00348198,0.00357986,0.042048
3.013,0.137715,-0.100885,0.00348556,0.00357089,0.0420811
3.014,0.137615,-0.100847,0.00348912,0.00356192,0.0421142
3.015,0.137514,-0.100808,0.00349268,0.00355297,0.0421471
3.016,0.137413,-0.100769,0.00349623,0.00354403,0.0421799
3.017,0.137312,-0.10073,0.00349977,0.0035351,0.0422127
3.018,0.137211,-0.100691,0.0035033,0.00352618,0.0422453
3.019,0.137111,-0.100653,0.00350682,0.00351727,0.0422779
3.02,0.13701,-0.100614,0.00351033,0.00350837,0.0423104
3.021,0.13691,-0.100575,0.00351384,0.00349948,0.0423427
3.022,0.136809,-0.100536,0.00351733,0.00349061,0.042375
3.023,0.136708,-0.100497,0.00352082,0.00348174,0.0424072
3.024,0.136608,-0.100458,0.00352429,0.00347289,0.0424393
3.025,0.136508,-0.100419,0.00352776,0.00346404,0.0424713
3.026,0.136407,-0.10038,0.00353122,0.00345521,0.0425032
3.027,0.136307,-0.100341,0.00353467,0.00344639,0.0425351
3.028,0.136206,-0.100302,0.00353812,0.00343758,0.0425668
3.029,0.136106,-0.100263,0.00354155,0.00342878,0.0425985
3.03,0.136006,-0.100223,0.00354497,0.00341999,0.04263
3.031,0.135906,-0.100184,0.00354839,0.00341121,0.0426615
3.032,0.135806,-0.100145,0.0035518,0.00340244,0.0426929
3.033,0.135705,-0.100106,0.00355519,0.00339369,0.0427241
3.034,0.135605,-0.100067,0.00355858,0.00338494,0.0427553
3.035,0.135505,-0.100027,0.00356196,0.00337621,0.0427864
3.036,0.135405,-0.099988,0.00356534,0.00336748,0.0428175
3.037,0.135305,-0.0999486,0.0035687,0.00335877,0.0428484
3.038,0.135205,-0.0999092,0.00357205,0.00335007,0.0428792
3.039,0.135106,-0.0998698,0.0035754,0.00334138,0.04291
3.04,0.135006,-0.0998304,0.00357874,0.0033327,0.0429406
3.041,0.134906,-0.099791,0.00358206,0.00332403,0.0429712
3.042,0.134806,-0.0997515,0.00358538,0.00331537,0.0430017
3.043,0.134706,-0.099712,0.00358869,0.00330672,0.043032
3.044,0.134607,-0.0996724,0.003592,0.00329808,0.0430623
3.045,0.134507,-0.0996328,0.00359529,0.00328946,0.0430926
3.046,0.134407,-0.0995933,0.00359858,0.00328084,0.0431227
3.047,0.134308,-0.0995536,0.00360185,0.00327223,0.0431527
3.048,0.134208,-0.099514,0.00360512,0.00326364,0.0431826
3.049,0.134109,-0.0994743,0.00360838,0.00325506,0.0432125
3.05,0.134009,-0.0994346,0.00361163,0.00324648,0.0432423
3.051,0.13391,-0.0993949,0.00361487,0.00323792,0.0432719
3.052,0.133811,-0.0993551,0.00361811,0.00322937,0.0433015
3.053,0.133711,-0.0993153,0.00362133,0.00322083,0.043331
3.054,0.133612,-0.0992755,0.00362455,0.0032123,0.0433604
3.055,0.133513,-0.0992357,0.00362776,0.00320378,0.0433898
3.056,0.133413,-0.0991959,0.00363096,0.00319527,0.043419
3.057,0.133314,-0.099156,0.00363415,0.00318677,0.0434482
3.058,0.133215,-0.0991161,0.00363733,0.00317828,0.0434772
3.059,0.133116,-0.0990761,0.0036405,0.00316981,0.0435062
3.06,0.133017,-0.0990362,0.00364367,0.00316134,0.0435351
3.061,0.132918,-0.0989962,0.00364683,0.00315289,0.0435639
3.062,0.132819,-0.0989562,0.00364997,0.00314444,0.0435926
3.063,0.13272,-0.0989161,0.00365311,0.00313601,0.0436212
3.064,0.132621,-0.0988761,0.00365625,0.00312758,0.0436498
3.065,0.132522,-0.098836,0.00365937,0.00311917,0.0436782
3.066,0.132423,-0.0987958,0.00366248,0.00311077,0.0437066
3.067,0.132325,-0.0987557,0.00366559,0.00310237,0.0437349
3.068,0.132226,-0.0987155,0.00366869,0.00309399,0.0437631
3.069,0.132127,-0.0986754,0.00367178,0.00308562,0.0437912
3.07,0.132029,-0.0986351,0.00367486,0.00307726,0.0438192
3.071,0.13193,-0.0985949,0.00367793,0.00306891,0.0438471
3.072,0.131831,-0.0985546,0.003681,0.00306057,0.043875
3.073,0.131733,-0.0985143,0.00368405,0.00305224,0.0439028
3.074,0.131634,-0.098474,0.0036871,0.00304393,0.0439304
3.075,0.131536,-0.0984337,0.00369014,0.00303562,0.043958
3.076,0.131438,-0.0983933,0.00369317,0.00302732,0.0439855
3.077,0.131339,-0.0983529,0.0036962,0.00301903,0.044013
3.078,0.131241,-0.0983125,0.00369921,0.00301076,0.0440403
3.079,0.131143,-0.0982721,0.00370222,0.00300249,0.0440675
3.08,0.131044,-0.0982316,0.00370522,0.00299424,0.0440947
3.081,0.130946,-0.0981911,0.00370821,0.00298599,0.0441218
3.082,0.130848,-0.0981506,0.00371119,0.00297776,0.0441488
3.083,0.13075,-0.0981101,0.00371416,0.00296953,0.0441757
3.084,0.130652,-0.0980695,0.00371713,0.00296132,0.0442025
3.085,0.130554,-0.098029,0.00372009,0.00295312,0.0442293
3.086,0.130456,-0.0979883,0.00372303,0.00294492,0.0442559
3.087,0.130358,-0.0979477,0.00372598,0.00293674,0.0442825
3.088,0.13026,-0.0979071,0.00372891,0.00292857,0.044309
3.089,0.130162,-0.0978664,0.00373183,0.00292041,0.0443354
3.09,0.130064,-0.0978257,0.00373475,0.00291226,0.0443617
3.091,0.129966,-0.097785,0.00373766,0.00290412,0.044388
3.092,0.129868,-0.0977442,0.00374056,0.00289599,0.0444141
3.093,0.129771,-0.0977035,0.00374345,0.00288787,0.0444402
3.094,0.129673,-0.0976627,0.00374633,0.00287976,0.0444662
3.095,0.129575,-0.0976218,0.00374921,0.00287166,0.0444921
3.096,0.129478,-0.097581,0.00375208,0.00286357,0.0445179
3.097,0.12938,-0.0975401,0.00375494,0.00285549,0.0445437
3.098,0.129283,-0.0974993,0.00375779,0.00284742,0.0445693
3.099,0.129185,-0.0974584,0.00376063,0.00283936,0.0445949
3.1,0.129088,-0.0974174,0.00376347,0.00283131,0.0446204
3.101,0.12899,-0.0973765,0.00376629,0.00282328,0.0446458
3.102,0.128893,-0.0973355,0.00376911,0.00281525,0.0446711
3.103,0.128796,-0.0972945,0.00377192,0.00280723,0.0446964
3.104,0.128698,-0.0972535,0.00377473,0.00279923,0.0447215
3.105,0.128601,-0.0972124,0.00377752,0.00279123,0.0447466
3.106,0.128504,-0.0971714,0.00378031,0.00278324,0.0447716
3.107,0.128407,-0.0971303,0.00378309,0.00277527,0.0447965
3.108,0.12831,-0.0970892,0.00378586,0.0027673,0.0448214
3.109,0.128213,-0.097048,0.00378862,0.00275935,0.0448461
3.11,0.128116,-0.0970069,0.00379138,0.0027514,0.0448708
3.111,0.128019,-0.0969657,0.00379413,0.00274347,0.0448954
3.112,0.127922,-0.0969245,0.00379687,0.00273554,0.0449199
3.113,0.127825,-0.0968833,0.0037996,0.00272763,0.0449443
3.114,0.127728,-0.0968421,0.00380232,0.00271972,0.0449686
3.115,0.127631,-0.0968008,0.00380504,0.00271183,0.0449929
3.116,0.127534,-0.0967595,0.00380774,0.00270394,0.0450171
3.117,0.127438,-0.0967182,0.00381044,0.00269607,0.0450412
3.118,0.127341,-0.0966769,0.00381314,0.00268821,0.0450652
3.119,0.127244,-0.0966355,0.00381582,0.00268035,0.0450892
3.12,0.127148,-0.0965942,0.0038185,0.00267251,0.045113
3.121,0.127051,-0.0965528,0.00382117,0.00266467,0.0451368
3.122,0.126955,-0.0965114,0.00382383,0.00265685,0.0451605
3.123,0.126858,-0.0964699,0.00382648,0.00264904,0.0451841
3.124,0.126762,-0.0964285,0.00382912,0.00264123,0.0452077
3.125,0.126665,-0.096387,0.00383176,0.00263344,0.0452311
3.126,0.126569,-0.0963455,0.00383439,0.00262566,0.0452545
3.127,0.126473,-0.096304,0.00383701,0.00261789,0.0452778
3.128,0.126376,-0.0962625,0.00383963,0.00261012,0.045301
3.129,0.12628,-0.0962209,0.00384223,0.00260237,0.0453241
3.13,0.126184,-0.0961793,0.00384483,0.00259463,0.0453472
3.131,0.126088,-0.0961377,0.00384742,0.00258689,0.0453702
3.132,0.125992,-0.0960961,0.00385001,0.00257917,0.0453931
3.133,0.125895,-0.0960545,0.00385258,0.00257146,0.0454159
3.134,0.125799,-0.0960128,0.00385515,0.00256376,0.0454387
3.135,0.125703,-0.0959712,0.00385771,0.00255606,0.0454613
3.136,0.125607,-0.0959295,0.00386026,0.00254838,0.0454839
3.137,0.125512,-0.0958877,0.00386281,0.00254071,0.0455064
3.138,0.125416,-0.095846,0.00386534,0.00253305,0.0455288
3.139,0.12532,-0.0958042,0.00386787,0.00252539,0.0455512
3.14,0.125224,-0.0957625,0.00387039,0.00251775,0.0455735
3.141,0.125128,-0.0957207,0.00387291,0.00251012,0.0455957
3.142,0.125033,-0.0956788,0.00387541,0.00250249,0.0456178
3.143,0.124937,-0.095637,0.00387791,0.00249488,0.0456398
3.144,0.124841,-0.0955952,0.0038804,0.00248728,0.0456618
3.145,0.124746,-0.0955533,0.00388289,0.00247968,0.0456837
3.146,0.12465,-0.0955114,0.00388536,0.0024721,0.0457055
3.147,0.124555,-0.0954695,0.00388783,0.00246453,0.0457272
3.148,0.124459,-0.0954275,0.00389029,0.00245696,0.0457488
3.149,0.124364,-0.0953856,0.00389274,0.00244941,0.0457704
3.15,0.124269,-0.0953436,0.00389519,0.00244187,0.0457919
3.151,0.124173,-0.0953016,0.00389763,0.00243433,0.0458133
3.152,0.124078,-0.0952596,0.00390006,0.00242681,0.0458346
3.153,0.123983,-0.0952176,0.00390248,0.0024193,0.0458559
3.154,0.123888,-0.0951755,0.0039049,0.00241179,0.0458771
3.155,0.123792,-0.0951335,0.00390731,0.0024043,0.0458982
3.156,0.123697,-0.0950914,0.00390971,0.00239681,0.0459192
3.157,0.123602,-0.0950493,0.0039121,0.00238934,0.0459402
3.158,0.123507,-0.0950072,0.00391448,0.00238187,0.0459611
3.159,0.123412,-0.094965,0.00391686,0.00237442,0.0459819
3.16,0.123317,-0.0949229,0.00391923,0.00236697,0.0460026
3.161,0.123222,-0.0948807,0.0039216,0.00235954,0.0460232
3.162,0.123127,-0.0948385,0.00392395,0.00235211,0.0460438
3.163,0.123033,-0.0947963,0.0039263,0.00234469,0.0460643
3.164,0.122938,-0.094754,0.00392864,0.00233729,0.0460847
3.165,0.122843,-0.0947118,0.00393098,0.00232989,0.0461051
3.166,0.122748,-0.0946695,0.0039333,0.00232251,0.0461254
3.167,0.122654,-0.0946272,0.00393562,0.00231513,0.0461456
3.168,0.122559,-0.0945849,0.00393793,0.00230776,0.0461657
3.169,0.122465,-0.0945426,0.00394024,0.0023004,0.0461857
3.17,0.12237,-0.0945003,0.00394253,0.00229306,0.0462057
3.171,0.122276,-0.0944579,0.00394482,0.00228572,0.0462256
3.172,0.122181,-0.0944155,0.0039471,0.00227839,0.0462454
3.173,0.122087,-0.0943731,0.00394938,0.00227107,0.0462651
3.174,0.121992,-0.0943307,0.00395165,0.00226376,0.0462848
3.175,0.121898,-0.0942883,0.00395391,0.00225646,0.0463044
3.176,0.121804,-0.0942459,0.00395616,0.00224917,0.0463239
3.177,0.12171,-0.0942034,0.0039584,0.00224189,0.0463434
3.178,0.121615,-0.0941609,0.00396064,0.00223462,0.0463627
3.179,0.121521,-0.0941184,0.00396287,0.00222736,0.046382
3.18,0.121427,-0.0940759,0.0039651,0.00222011,0.0464013
3.181,0.121333,-0.0940334,0.00396731,0.00221287,0.0464204
3.182,0.121239,-0.0939908,0.00396952,0.00220563,0.0464395
3.183,0.121145,-0.0939483,0.00397173,0.00219841,0.0464585
3.184,0.121051,-0.0939057,0.00397392,0.0021912,0.0464774
3.185,0.120957,-0.0938631,0.00397611,0.002184,0.0464963
3.186,0.120864,-0.0938205,0.00397829,0.0021768,0.046515
3.187,0.12077,-0.0937779,0.00398046,0.00216962,0.0465338
3.188,0.120676,-0.0937352,0.00398263,0.00216244,0.0465524
3.189,0.120582,-0.0936925,0.00398479,0.00215528,0.0465709
3.19,0.120489,-0.0936499,0.00398694,0.00214812,0.0465894
3.191,0.120395,-0.0936072,0.00398908,0.00214098,0.0466078
3.192,0.120301,-0.0935645,0.00399122,0.00213384,0.0466262
3.193,0.120208,-0.0935217,0.00399335,0.00212671,0.0466444
3.194,0.120114,-0.093479,0.00399547,0.0021196,0.0466626
3.195,0.120021,-0.0934362,0.00399759,0.00211249,0.0466808
3.196,0.119927,-0.0933935,0.0039997,0.00210539,0.0466988
3.197,0.119834,-0.0933507,0.0040018,0.0020983,0.0467168
3.198,0.119741,-0.0933079,0.0040039,0.00209122,0.0467347
3.199,0.119647,-0.093265,0.00400598,0.00208415,0.0467525
3.2,0.119554,-0.0932222,0.00400806,0.00207709,0.0467703
3.201,0.119461,-0.0931793,0.00401014,0.00207004,0.046788
3.202,0.119368,-0.0931365,0.0040122,0.002063,0.0468056
3.203,0.119275,-0.0930936,0.00401426,0.00205597,0.0468231
3.204,0.119182,-0.0930507,0.00401632,0.00204894,0.0468406
3.205,0.119089,-0.0930078,0.00401836,0.00204193,0.046858
3.206,0.118996,-0.0929648,0.0040204,0.00203493,0.0468753
3.207,0.118903,-0.0929219,0.00402243,0.00202793,0.0468926
3.208,0.11881,-0.0928789,0.00402446,0.00202095,0.0469098
3.209,0.118717,-0.0928359,0.00402647,0.00201397,0.0469269
3.21,0.118624,-0.0927929,0.00402848,0.00200701,0.0469439
3.211,0.118531,-0.0927499,0.00403049,0.00200005,0.0469609
3.212,0.118439,-0.0927069,0.00403248,0.0019931,0.0469778
3.213,0.118346,-0.0926639,0.00403447,0.00198616,0.0469946
3.214,0.118253,-0.0926208,0.00403646,0.00197923,0.0470114
3.215,0.118161,-0.0925778,0.00403843,0.00197232,0.0470281
3.216,0.118068,-0.0925347,0.0040404,0.0019654,0.0470447
3.217,0.117976,-0.0924916,0.00404236,0.0019585,0.0470613
3.218,0.117883,-0.0924485,0.00404432,0.00195161,0.0470777
3.219,0.117791,-0.0924053,0.00404627,0.00194473,0.0470941
3.22,0.117698,-0.0923622,0.00404821,0.00193786,0.0471105
3.221,0.117606,-0.092319,0.00405014,0.00193099,0.0471268
3.222,0.117514,-0.0922759,0.00405207,0.00192414,0.047143
3.223,0.117421,-0.0922327,0.00405399,0.00191729,0.0471591
3.224,0.117329,-0.0921895,0.0040559,0.00191046,0.0471751
3.225,0.117237,-0.0921463,0.00405781,0.00190363,0.0471911
3.226,0.117145,-0.0921031,0.00405971,0.00189681,0.047207
3.227,0.117053,-0.0920598,0.0040616,0.00189001,0.0472229
3.228,0.116961,-0.0920166,0.00406349,0.00188321,0.0472387
3.229,0.116869,-0.0919733,0.00406537,0.00187642,0.0472544
3.23,0.116777,-0.09193,0.00406724,0.00186964,0.04727
3.231,0.116685,-0.0918867,0.00406911,0.00186287,0.0472856
3.232,0.116593,-0.0918434,0.00407097,0.0018561,0.0473011
3.233,0.116501,-0.0918001,0.00407282,0.00184935,0.0473165
3.234,0.11641,-0.0917568,0.00407467,0.00184261,0.0473319
3.235,0.116318,-0.0917134,0.00407651,0.00183587,0.0473472
3.236,0.116226,-0.0916701,0.00407834,0.00182915,0.0473624
3.237,0.116134,-0.0916267,0.00408017,0.00182243,0.0473776
3.238,0.116043,-0.0915833,0.00408198,0.00181572,0.0473927
3.239,0.115951,-0.0915399,0.0040838,0.00180903,0.0474077
3.24,0.11586,-0.0914965,0.0040856,0.00180234,0.0474227
3.241,0.115768,-0.091453,0.0040874,0.00179566,0.0474375
3.242,0.115677,-0.0914096,0.00408919,0.00178899,0.0474524
3.243,0.115585,-0.0913661,0.00409098,0.00178233,0.0474671
3.244,0.115494,-0.0913227,0.00409276,0.00177567,0.0474818
3.245,0.115403,-0.0912792,0.00409453,0.00176903,0.0474964
3.246,0.115312,-0.0912357,0.0040963,0.0017624,0.047511
3.247,0.11522,-0.0911922,0.00409806,0.00175577,0.0475254
3.248,0.115129,-0.0911487,0.00409981,0.00174915,0.0475399
3.249,0.115038,-0.0911051,0.00410155,0.00174255,0.0475542
3.25,0.114947,-0.0910616,0.00410329,0.00173595,0.0475685
3.251,0.114856,-0.091018,0.00410503,0.00172936,0.0475827
3.252,0.114765,-0.0909745,0.00410675,0.00172278,0.0475968
3.253,0.114674,-0.0909309,0.00410847,0.00171621,0.0476109
3.254,0.114583,-0.0908873,0.00411018,0.00170965,0.0476249
3.255,0.114492,-0.0908437,0.00411189,0.0017031,0.0476389
3.256,0.114401,-0.0908001,0.00411359,0.00169655,0.0476527
3.257,0.114311,-0.0907564,0.00411528,0.00169002,0.0476666
3.258,0.11422,-0.0907128,0.00411697,0.00168349,0.0476803
3.259,0.114129,-0.0906691,0.00411865,0.00167698,0.047694
3.26,0.114039,-0.0906255,0.00412032,0.00167047,0.0477076
3.261,0.113948,-0.0905818,0.00412199,0.00166397,0.0477211
3.262,0.113857,-0.0905381,0.00412365,0.00165748,0.0477346
3.263,0.113767,-0.0904944,0.00412531,0.001651,0.047748
3.264,0.113676,-0.0904507,0.00412695,0.00164453,0.0477614
3.265,0.113586,-0.090407,0.0041286,0.00163806,0.0477747
3.266,0.113496,-0.0903632,0.00413023,0.00163161,0.0477879
3.267,0.113405,-0.0903195,0.00413186,0.00162516,0.047801
3.268,0.113315,-0.0902757,0.00413348,0.00161873,0.0478141
3.269,0.113225,-0.090232,0.0041351,0.0016123,0.0478271
3.27,0.113134,-0.0901882,0.00413671,0.00160588,0.0478401
3.271,0.113044,-0.0901444,0.00413831,0.00159947,0.047853
3.272,0.112954,-0.0901006,0.0041399,0.00159307,0.0478658
3.273,0.112864,-0.0900568,0.00414149,0.00158668,0.0478786
3.274,0.112774,-0.0900129,0.00414308,0.00158029,0.0478912
3.275,0.112684,-0.0899691,0.00414465,0.00157392,0.0479039
3.276,0.112594,-0.0899252,0.00414623,0.00156756,0.0479164
3.277,0.112504,-0.0898814,0.00414779,0.0015612,0.0479289
3.278,0.112414,-0.0898375,0.00414935,0.00155485,0.0479414
3.279,0.112325,-0.0897936,0.0041509,0.00154851,0.0479537
3.28,0.112235,-0.0897497,0.00415244,0.00154218,0.0479661
3.281,0.112145,-0.0897058,0.00415398,0.00153586,0.0479783
3.282,0.112055,-0.0896619,0.00415552,0.00152955,0.0479905
3.283,0.111966,-0.089618,0.00415704,0.00152324,0.0480026
3.284,0.111876,-0.0895741,0.00415856,0.00151695,0.0480146
3.285,0.111787,-0.0895301,0.00416008,0.00151066,0.0480266
3.286,0.111697,-0.0894862,0.00416158,0.00150439,0.0480385
3.287,0.111608,-0.0894422,0.00416309,0.00149812,0.0480504
3.288,0.111518,-0.0893982,0.00416458,0.00149186,0.0480622
3.289,0.111429,-0.0893542,0.00416607,0.00148561,0.0480739
3.29,0.111339,-0.0893102,0.00416755,0.00147936,0.0480856
3.291,0.11125,-0.0892662,0.00416903,0.00147313,0.0480972
3.292,0.111161,-0.0892222,0.0041705,0.0014669,0.0481087
3.293,0.111072,-0.0891782,0.00417196,0.00146069,0.0481202
3.294,0.110983,-0.0891341,0.00417342,0.00145448,0.0481316
3.295,0.110893,-0.0890901,0.00417487,0.00144828,0.048143
3.296,0.110804,-0.089046,0.00417632,0.00144209,0.0481543
3.297,0.110715,-0.089002,0.00417776,0.00143591,0.0481655
3.298,0.110626,-0.0889579,0.00417919,0.00142974,0.0481767
3.299,0.110537,-0.0889138,0.00418061,0.00142357,0.0481878
3.3,0.110449,-0.0888697,0.00418204,0.00141742,0.0481988
3.301,0.11036,-0.0888256,0.00418345,0.00141127,0.0482098
3.302,0.110271,-0.0887815,0.00418486,0.00140513,0.0482207
3.303,0.110182,-0.0887373,0.00418626,0.001399,0.0482315
3.304,0.110093,-0.0886932,0.00418766,0.00139288,0.0482423
3.305,0.110005,-0.0886491,0.00418905,0.00138677,0.048253
3.306,0.109916,-0.0886049,0.00419043,0.00138066,0.0482637
3.307,0.109828,-0.0885608,0.00419181,0.00137457,0.0482743
3.308,0.109739,-0.0885166,0.00419318,0.00136848,0.0482849
3.309,0.109651,-0.0884724,0.00419454,0.0013624,0.0482953
3.31,0.109562,-0.0884282,0.0041959,0.00135633,0.0483058
3.311,0.109474,-0.088384,0.00419726,0.00135027,0.0483161
3.312,0.109385,-0.0883398,0.0041986,0.00134422,0.0483264
3.313,0.109297,-0.0882956,0.00419994,0.00133818,0.0483366
3.314,0.109209,-0.0882514,0.00420128,0.00133214,0.0483468
3.315,0.10912,-0.0882071,0.00420261,0.00132611,0.0483569
3.316,0.109032,-0.0881629,0.00420393,0.0013201,0.048367
3.317,0.108944,-0.0881186,0.00420525,0.00131409,0.048377
3.318,0.108856,-0.0880744,0.00420656,0.00130809,0.0483869
3.319,0.108768,-0.0880301,0.00420787,0.00130209,0.0483968
3.32,0.10868,-0.0879858,0.00420916,0.00129611,0.0484066
3.321,0.108592,-0.0879415,0.00421046,0.00129013,0.0484163
3.322,0.108504,-0.0878972,0.00421174,0.00128416,0.048426
3.323,0.108416,-0.0878529,0.00421303,0.00127821,0.0484356
3.324,0.108328,-0.0878086,0.0042143,0.00127226,0.0484452
3.325,0.108241,-0.0877643,0.00421557,0.00126631,0.0484547
3.326,0.108153,-0.08772,0.00421683,0.00126038,0.0484641
3.327,0.108065,-0.0876756,0.00421809,0.00125445,0.0484735
3.328,0.107978,-0.0876313,0.00421934,0.00124854,0.0484828
3.329,0.10789,-0.0875869,0.00422059,0.00124263,0.0484921
3.33,0.107802,-0.0875426,0.00422183,0.00123673,0.0485013
3.331,0.107715,-0.0874982,0.00422306,0.00123084,0.0485104
3.332,0.107627,-0.0874538,0.00422429,0.00122496,0.0485195
3.333,0.10754,-0.0874095,0.00422551,0.00121908,0.0485286
3.334,0.107453,-0.0873651,0.00422673,0.00121321,0.0485375
3.335,0.107365,-0.0873207,0.00422794,0.00120736,0.0485464
3.336,0.107278,-0.0872763,0.00422914,0.00120151,0.0485553
3.337,0.107191,-0.0872318,0.00423034,0.00119567,0.0485641
3.338,0.107103,-0.0871874,0.00423153,0.00118983,0.0485728
3.339,0.107016,-0.087143,0.00423272,0.00118401,0.0485815
3.34,0.106929,-0.0870986,0.0042339,0.00117819,0.0485901
3.341,0.106842,-0.0870541,0.00423508,0.00117238,0.0485986
3.342,0.106755,-0.0870097,0.00423625,0.00116658,0.0486071
3.343,0.106668,-0.0869652,0.00423741,0.00116079,0.0486155
3.344,0.106581,-0.0869207,0.00423857,0.00115501,0.0486239
3.345,0.106494,-0.0868763,0.00423972,0.00114924,0.0486322
3.346,0.106407,-0.0868318,0.00424087,0.00114347,0.0486405
3.347,0.106321,-0.0867873,0.00424201,0.00113771,0.0486487
3.348,0.106234,-0.0867428,0.00424314,0.00113196,0.0486568
3.349,0.106147,-0.0866983,0.00424427,0.00112622,0.0486649
3.35,0.10606,-0.0866538,0.00424539,0.00112049,0.048673
3.351,0.105974,-0.0866093,0.00424651,0.00111476,0.0486809
3.352,0.105887,-0.0865647,0.00424762,0.00110904,0.0486888
3.353,0.105801,-0.0865202,0.00424873,0.00110334,0.0486967
3.354,0.105714,-0.0864757,0.00424983,0.00109764,0.0487045
3.355,0.105628,-0.0864311,0.00425093,0.00109194,0.0487122
3.356,0.105541,-0.0863866,0.00425201,0.00108626,0.0487199
3.357,0.105455,-0.086342,0.0042531,0.00108058,0.0487275
3.358,0.105369,-0.0862975,0.00425418,0.00107492,0.0487351
3.359,0.105282,-0.0862529,0.00425525,0.00106926,0.0487426
3.36,0.105196,-0.0862083,0.00425631,0.00106361,0.04875
3.361,0.10511,-0.0861637,0.00425738,0.00105796,0.0487574
3.362,0.105024,-0.0861192,0.00425843,0.00105233,0.0487648
3.363,0.104938,-0.0860746,0.00425948,0.0010467,0.0487721
3.364,0.104852,-0.08603,0.00426052,0.00104108,0.0487793
3.365,0.104766,-0.0859854,0.00426156,0.00103547,0.0487864
3.366,0.10468,-0.0859407,0.00426259,0.00102987,0.0487935
3.367,0.104594,-0.0858961,0.00426362,0.00102428,0.0488006
3.368,0.104508,-0.0858515,0.00426464,0.00101869,0.0488076
3.369,0.104422,-0.0858069,0.00426566,0.00101311,0.0488145
3.37,0.104336,-0.0857622,0.00426667,0.00100754,0.0488214
3.371,0.10425,-0.0857176,0.00426767,0.00100198,0.0488282
3.372,0.104165,-0.0856729,0.00426867,0.000996427,0.048835
3.373,0.104079,-0.0856283,0.00426967,0.000990881,0.0488417
3.374,0.103994,-0.0855836,0.00427066,0.000985343,0.0488484
3.375,0.103908,-0.085539,0.00427164,0.000979814,0.048855
3.376,0.103822,-0.0854943,0.00427261,0.000974293,0.0488615
3.377,0.103737,-0.0854496,0.00427359,0.000968779,0.048868
3.378,0.103652,-0.0854049,0.00427455,0.000963274,0.0488745
3.379,0.103566,-0.0853602,0.00427551,0.000957777,0.0488808
3.38,0.103481,-0.0853156,0.00427647,0.000952287,0.0488872
3.381,0.103396,-0.0852709,0.00427742,0.000946806,0.0488934
3.382,0.10331,-0.0852262,0.00427836,0.000941333,0.0488997
3.383,0.103225,-0.0851814,0.0042793,0.000935867,0.0489058
3.384,0.10314,-0.0851367,0.00428023,0.00093041,0.0489119
3.385,0.103055,-0.085092,0.00428116,0.000924961,0.048918
3.386,0.10297,-0.0850473,0.00428208,0.00091952,0.048924
3.387,0.102885,-0.0850026,0.004283,0.000914086,0.0489299
3.388,0.1028,-0.0849578,0.00428391,0.000908661,0.0489358
3.389,0.102715,-0.0849131,0.00428482,0.000903243,0.0489416
3.39,0.10263,-0.0848683,0.00428572,0.000897834,0.0489474
3.391,0.102545,-0.0848236,0.00428661,0.000892432,0.0489531
3.392,0.10246,-0.0847788,0.0042875,0.000887039,0.0489588
3.393,0.102376,-0.0847341,0.00428839,0.000881653,0.0489644
3.394,0.102291,-0.0846893,0.00428927,0.000876275,0.0489699
3.395,0.102206,-0.0846446,0.00429014,0.000870905,0.0489754
3.396,0.102122,-0.0845998,0.00429101,0.000865543,0.0489809
3.397,0.102037,-0.084555,0.00429187,0.000860189,0.0489863
3.398,0.101952,-0.0845102,0.00429273,0.000854843,0.0489916
3.399,0.101868,-0.0844654,0.00429358,0.000849505,0.0489969
3.4,0.101783,-0.0844207,0.00429443,0.000844174,0.0490021
3.401,0.101699,-0.0843759,0.00429527,0.000838852,0.0490073
3.402,0.101615,-0.0843311,0.0042961,0.000833537,0.0490124
3.403,0.10153,-0.0842863,0.00429694,0.00082823,0.0490175
3.404,0.101446,-0.0842415,0.00429776,0.000822931,0.0490225
3.405,0.101362,-0.0841966,0.00429858,0.00081764,0.0490275
3.406,0.101278,-0.0841518,0.0042994,0.000812356,0.0490324
3.407,0.101194,-0.084107,0.00430021,0.000807081,0.0490373
3.408,0.10111,-0.0840622,0.00430101,0.000801813,0.0490421
3.409,0.101026,-0.0840174,0.00430181,0.000796553,0.0490468
3.41,0.100942,-0.0839725,0.0043026,0.000791301,0.0490515
3.411,0.100858,-0.0839277,0.00430339,0.000786056,0.0490562
3.412,0.100774,-0.0838829,0.00430418,0.00078082,0.0490608
3.413,0.10069,-0.083838,0.00430495,0.000775591,0.0490653
3.414,0.100606,-0.0837932,0.00430573,0.00077037,0.0490698
3.415,0.100522,-0.0837483,0.00430649,0.000765156,0.0490742
3.416,0.100438,-0.0837035,0.00430726,0.000759951,0.0490786
3.417,0.100355,-0.0836586,0.00430801,0.000754753,0.0490829
3.418,0.100271,-0.0836137,0.00430877,0.000749563,0.0490872
3.419,0.100188,-0.0835689,0.00430951,0.000744381,0.0490915
3.42,0.100104,-0.083524,0.00431026,0.000739206,0.0490956
3.421,0.100021,-0.0834791,0.00431099,0.000734039,0.0490997
3.422,0.0999371,-0.0834343,0.00431172,0.00072888,0.0491038
3.423,0.0998537,-0.0833894,0.00431245,0.000723728,0.0491078
3.424,0.0997703,-0.0833445,0.00431317,0.000718584,0.0491118
3.425,0.099687,-0.0832996,0.00431389,0.000713448,0.0491157
3.426,0.0996037,-0.0832547,0.0043146,0.000708319,0.0491196
3.427,0.0995205,-0.0832098,0.0043153,0.000703199,0.0491234
3.428,0.0994373,-0.083165,0.004316,0.000698085,0.0491271
3.429,0.0993541,-0.0831201,0.0043167,0.00069298,0.0491309
3.43,0.099271,-0.0830752,0.00431739,0.000687882,0.0491345
3.431,0.099188,-0.0830303,0.00431808,0.000682792,0.0491381
3.432,0.099105,-0.0829853,0.00431876,0.000677709,0.0491417
3.433,0.099022,-0.0829404,0.00431943,0.000672634,0.0491452
3.434,0.0989391,-0.0828955,0.0043201,0.000667567,0.0491486
3.435,0.0988562,-0.0828506,0.00432077,0.000662507,0.049152
3.436,0.0987734,-0.0828057,0.00432143,0.000657455,0.0491554
3.437,0.0986906,-0.0827608,0.00432208,0.00065241,0.0491587
3.438,0.0986079,-0.0827159,0.00432273,0.000647373,0.0491619
3.439,0.0985252,-0.0826709,0.00432338,0.000642343,0.0491651
3.44,0.0984425,-0.082626,0.00432402,0.000637322,0.0491683
3.441,0.0983599,-0.0825811,0.00432465,0.000632307,0.0491714
3.442,0.0982774,-0.0825361,0.00432528,0.0006273,0.0491744
3.443,0.0981949,-0.0824912,0.00432591,0.000622301,0.0491774
3.444,0.0981124,-0.0824463,0.00432653,0.000617309,0.0491804
3.445,0.09803,-0.0824013,0.00432714,0.000612325,0.0491833
3.446,0.0979476,-0.0823564,0.00432775,0.000607349,0.0491861
3.447,0.0978653,-0.0823115,0.00432835,0.00060238,0.0491889
3.448,0.097783,-0.0822665,0.00432895,0.000597418,0.0491916
3.449,0.0977007,-0.0822216,0.00432955,0.000592464,0.0491943
3.45,0.0976185,-0.0821766,0.00433014,0.000587517,0.049197
3.451,0.0975364,-0.0821317,0.00433072,0.000582578,0.0491996
3.452,0.0974543,-0.0820867,0.0043313,0.000577646,0.0492021
3.453,0.0973722,-0.0820418,0.00433188,0.000572722,0.0492046
3.454,0.0972902,-0.0819968,0.00433245,0.000567805,0.0492071
3.455,0.0972082,-0.0819518,0.00433302,0.000562896,0.0492095
3.456,0.0971263,-0.0819069,0.00433358,0.000557994,0.0492118
3.457,0.0970444,-0.0818619,0.00433413,0.0005531,0.0492141
3.458,0.0969625,-0.0818169,0.00433468,0.000548213,0.0492164
3.459,0.0968807,-0.081772,0.00433523,0.000543333,0.0492186
3.46,0.096799,-0.081727,0.00433577,0.000538461,0.0492207
3.461,0.0967173,-0.081682,0.0043363,0.000533597,0.0492228
3.462,0.0966356,-0.0816371,0.00433684,0.000528739,0.0492249
3.463,0.096554,-0.0815921,0.00433736,0.00052389,0.0492269
3.464,0.0964725,-0.0815471,0.00433788,0.000519047,0.0492289
3.465,0.0963909,-0.0815022,0.0043384,0.000514212,0.0492308
3.466,0.0963094,-0.0814572,0.00433891,0.000509384,0.0492326
3.467,0.096228,-0.0814122,0.00433942,0.000504564,0.0492344
3.468,0.0961466,-0.0813672,0.00433992,0.000499751,0.0492362
3.469,0.0960653,-0.0813222,0.00434042,0.000494945,0.0492379
3.47,0.095984,-0.0812773,0.00434091,0.000490147,0.0492396
3.471,0.0959027,-0.0812323,0.0043414,0.000485356,0.0492412
3.472,0.0958215,-0.0811873,0.00434188,0.000480572,0.0492428
3.473,0.0957403,-0.0811423,0.00434236,0.000475796,0.0492443
3.474,0.0956592,-0.0810973,0.00434283,0.000471027,0.0492458
3.475,0.0955782,-0.0810523,0.0043433,0.000466265,0.0492472
3.476,0.0954971,-0.0810073,0.00434377,0.000461511,0.0492486
3.477,0.0954161,-0.0809624,0.00434423,0.000456764,0.0492499
3.478,0.0953352,-0.0809174,0.00434468,0.000452024,0.0492512
3.479,0.0952543,-0.0808724,0.00434513,0.000447292,0.0492524
3.48,0.0951735,-0.0808274,0.00434557,0.000442566,0.0492536
3.481,0.0950927,-0.0807824,0.00434601,0.000437848,0.0492548
3.482,0.0950119,-0.0807374,0.00434645,0.000433138,0.0492559
3.483,0.0949312,-0.0806924,0.00434688,0.000428434,0.0492569
3.484,0.0948505,-0.0806474,0.00434731,0.000423738,0.0492579
3.485,0.0947699,-0.0806024,0.00434773,0.000419049,0.0492589
3.486,0.0946893,-0.0805574,0.00434814,0.000414367,0.0492598
3.487,0.0946088,-0.0805124,0.00434856,0.000409693,0.0492606
3.488,0.0945283,-0.0804674,0.00434896,0.000405025,0.0492615
3.489,0.0944478,-0.0804224,0.00434937,0.000400365,0.0492622
3.49,0.0943674,-0.0803775,0.00434976,0.000395712,0.0492629
3.491,0.0942871,-0.0803325,0.00435016,0.000391067,0.0492636
3.492,0.0942068,-0.0802875,0.00435055,0.000386428,0.0492642
3.493,0.0941265,-0.0802425,0.00435093,0.000381797,0.0492648
3.494,0.0940463,-0.0801975,0.00435131,0.000377172,0.0492654
3.495,0.0939661,-0.0801525,0.00435169,0.000372555,0.0492659
3.496,0.093886,-0.0801075,0.00435206,0.000367946,0.0492663
3.497,0.0938059,-0.0800625,0.00435242,0.000363343,0.0492667
3.498,0.0937259,-0.0800175,0.00435278,0.000358747,0.049267
3.499,0.0936459,-0.0799725,0.00435314,0.000354159,0.0492673
3.5,0.0935659,-0.0799275,0.00435349,0.000349578,0.0492676
3.501,0.093486,-0.0798825,0.00435384,0.000345003,0.0492678
3.502,0.0934061,-0.0798375,0.00435418,0.000340436,0.049268
3.503,0.0933263,-0.0797925,0.00435452,0.000335876,0.0492681
3.504,0.0932466,-0.0797475,0.00435485,0.000331324,0.0492682
3.505,0.0931668,-0.0797025,0.00435518,0.000326778,0.0492682
3.506,0.0930872,-0.0796575,0.00435551,0.000322239,0.0492682
3.507,0.0930075,-0.0796125,0.00435583,0.000317707,0.0492681
3.508,0.0929279,-0.0795675,0.00435614,0.000313183,0.049268
3.509,0.0928484,-0.0795225,0.00435645,0.000308665,0.0492679
3.51,0.0927689,-0.0794775,0.00435676,0.000304155,0.0492677
3.511,0.0926894,-0.0794325,0.00435706,0.000299652,0.0492674
3.512,0.09261,-0.0793875,0.00435736,0.000295155,0.0492671
3.513,0.0925307,-0.0793425,0.00435765,0.000290666,0.0492668
3.514,0.0924513,-0.0792976,0.00435794,0.000286184,0.0492664
3.515,0.0923721,-0.0792526,0.00435822,0.000281709,0.049266
3.516,0.0922928,-0.0792076,0.0043585,0.00027724,0.0492655
3.517,0.0922136,-0.0791626,0.00435878,0.000272779,0.049265
3.518,0.0921345,-0.0791176,0.00435905,0.000268325,0.0492645
3.519,0.0920554,-0.0790726,0.00435931,0.000263878,0.0492639
3.52,0.0919764,-0.0790276,0.00435958,0.000259438,0.0492632
3.521,0.0918974,-0.0789826,0.00435983,0.000255004,0.0492625
3.522,0.0918184,-0.0789377,0.00436009,0.000250578,0.0492618
3.523,0.0917395,-0.0788927,0.00436033,0.000246159,0.049261
3.524,0.0916606,-0.0788477,0.00436058,0.000241746,0.0492602
3.525,0.0915818,-0.0788027,0.00436082,0.000237341,0.0492593
3.526,0.091503,-0.0787577,0.00436105,0.000232942,0.0492584
3.527,0.0914243,-0.0787127,0.00436128,0.000228551,0.0492575
3.528,0.0913456,-0.0786678,0.00436151,0.000224166,0.0492565
3.529,0.0912669,-0.0786228,0.00436173,0.000219789,0.0492554
3.53,0.0911883,-0.0785778,0.00436195,0.000215418,0.0492543
3.531,0.0911098,-0.0785328,0.00436216,0.000211054,0.0492532
3.532,0.0910313,-0.0784879,0.00436237,0.000206697,0.049252
3.533,0.0909528,-0.0784429,0.00436258,0.000202347,0.0492508
3.534,0.0908744,-0.0783979,0.00436278,0.000198004,0.0492496
3.535,0.090796,-0.078353,0.00436297,0.000193667,0.0492483
3.536,0.0907177,-0.078308,0.00436316,0.000189338,0.0492469
3.537,0.0906394,-0.078263,0.00436335,0.000185015,0.0492455
3.538,0.0905611,-0.0782181,0.00436353,0.0001807,0.0492441
3.539,0.0904829,-0.0781731,0.00436371,0.000176391,0.0492426
3.54,0.0904048,-0.0781281,0.00436389,0.000172089,0.0492411
3.541,0.0903267,-0.0780832,0.00436406,0.000167794,0.0492395
3.542,0.0902486,-0.0780382,0.00436422,0.000163505,0.0492379
3.543,0.0901706,-0.0779933,0.00436438,0.000159224,0.0492363
3.544,0.0900926,-0.0779483,0.00436454,0.000154949,0.0492346
3.545,0.0900147,-0.0779034,0.00436469,0.000150681,0.0492329
3.546,0.0899368,-0.0778584,0.00436484,0.00014642,0.0492311
3.547,0.089859,-0.0778135,0.00436499,0.000142166,0.0492293
3.548,0.0897812,-0.0777685,0.00436513,0.000137918,0.0492274
3.549,0.0897035,-0.0777236,0.00436526,0.000133678,0.0492255
3.55,0.0896258,-0.0776786,0.00436539,0.000129444,0.0492236
3.551,0.0895481,-0.0776337,0.00436552,0.000125216,0.0492216
3.552,0.0894705,-0.0775888,0.00436564,0.000120996,0.0492195
3.553,0.0893929,-0.0775438,0.00436576,0.000116782,0.0492175
3.554,0.0893154,-0.0774989,0.00436588,0.000112575,0.0492154
3.555,0.0892379,-0.077454,0.00436599,0.000108375,0.0492132
3.556,0.0891605,-0.077409,0.00436609,0.000104182,0.049211
3.557,0.0890831,-0.0773641,0.0043662,9.99951e-05,0.0492088
3.558,0.0890058,-0.0773192,0.00436629,9.5815e-05,0.0492065
3.559,0.0889285,-0.0772743,0.00436639,9.16417e-05,0.0492042
3.56,0.0888512,-0.0772294,0.00436648,8.74752e-05,0.0492018
3.561,0.088774,-0.0771844,0.00436656,8.33153e-05,0.0491994
3.562,0.0886969,-0.0771395,0.00436664,7.91621e-05,0.049197
3.563,0.0886197,-0.0770946,0.00436672,7.50155e-05,0.0491945
3.564,0.0885427,-0.0770497,0.00436679,7.08757e-05,0.0491919
3.565,0.0884656,-0.0770048,0.00436686,6.67425e-05,0.0491894
3.566,0.0883887,-0.0769599,0.00436693,6.2616e-05,0.0491868
3.567,0.0883117,-0.076915,0.00436699,5.84961e-05,0.0491841
3.568,0.0882348,-0.0768701,0.00436705,5.43829e-05,0.0491814
3.569,0.088158,-0.0768252,0.0043671,5.02764e-05,0.0491787
3.57,0.0880812,-0.0767803,0.00436715,4.61764e-05,0.0491759
3.571,0.0880044,-0.0767354,0.00436719,4.20831e-05,0.0491731
3.572,0.0879277,-0.0766905,0.00436723,3.79965e-05,0.0491702
3.573,0.087851,-0.0766457,0.00436727,3.39164e-05,0.0491673
3.574,0.0877744,-0.0766008,0.0043673,2.98429e-05,0.0491644
3.575,0.0876978,-0.0765559,0.00436733,2.57761e-05,0.0491614
3.576,0.0876213,-0.076511,0.00436735,2.17158e-05,0.0491584
3.577,0.0875448,-0.0764662,0.00436737,1.76622e-05,0.0491553
3.578,0.0874684,-0.0764213,0.00436738,1.36151e-05,0.0491522
3.579,0.087392,-0.0763764,0.0043674,9.57455e-06,0.0491491
3.58,0.0873156,-0.0763316,0.0043674,5.5406e-06,0.0491459
3.581,0.0872393,-0.0762867,0.00436741,1.51321e-06,0.0491427
3.582,0.087163,-0.0762418,0.00436741,-2.50763e-06,0.0491394
3.583,0.0870868,-0.076197,0.0043674,-6.52192e-06,0.0491361
3.584,0.0870107,-0.0761521,0.00436739,-1.05297e-05,0.0491328
3.585,0.0869345,-0.0761073,0.00436738,-1.45309e-05,0.0491294
3.586,0.0868584,-0.0760625,0.00436736,-1.85256e-05,0.049126
3.587,0.0867824,-0.0760176,0.00436734,-2.25138e-05,0.0491225
3.588,0.0867064,-0.0759728,0.00436732,-2.64954e-05,0.049119
3.589,0.0866305,-0.075928,0.00436729,-3.04706e-05,0.0491155
3.59,0.0865545,-0.0758831,0.00436726,-3.44392e-05,0.0491119
3.591,0.0864787,-0.0758383,0.00436722,-3.84014e-05,0.0491083
3.592,0.0864029,-0.0757935,0.00436718,-4.23571e-05,0.0491046
3.593,0.0863271,-0.0757487,0.00436714,-4.63063e-05,0.0491009
3.594,0.0862514,-0.0757039,0.00436709,-5.0249e-05,0.0490972
3.595,0.0861757,-0.075659,0.00436704,-5.41853e-05,0.0490934
3.596,0.0861001,-0.0756142,0.00436698,-5.81151e-05,0.0490896
3.597,0.0860245,-0.0755694,0.00436692,-6.20384e-05,0.0490858
3.598,0.0859489,-0.0755246,0.00436686,-6.59553e-05,0.0490819
3.599,0.0858734,-0.0754798,0.00436679,-6.98658e-05,0.0490779
3.6,0.085798,-0.0754351,0.00436672,-7.37699e-05,0.049074
3.601,0.0857225,-0.0753903,0.00436664,-7.76675e-05,0.04907
3.602,0.0856472,-0.0753455,0.00436656,-8.15587e-05,0.0490659
3.603,0.0855719,-0.0753007,0.00436648,-8.54435e-05,0.0490618
3.604,0.0854966,-0.0752559,0.00436639,-8.93219e-05,0.0490577
3.605,0.0854213,-0.0752112,0.0043663,-9.31938e-05,0.0490536
3.606,0.0853462,-0.0751664,0.0043662,-9.70594e-05,0.0490494
3.607,0.085271,-0.0751216,0.00436611,-0.000100919,0.0490451
3.608,0.0851959,-0.0750769,0.004366,-0.000104771,0.0490408
3.609,0.0851209,-0.0750321,0.0043659,-0.000108618,0.0490365
3.61,0.0850458,-0.0749874,0.00436579,-0.000112458,0.0490322
3.611,0.0849709,-0.0749426,0.00436567,-0.000116292,0.0490278
3.612,0.084896,-0.0748979,0.00436555,-0.000120119,0.0490233
3.613,0.0848211,-0.0748532,0.00436543,-0.00012394,0.0490189
3.614,0.0847463,-0.0748084,0.00436531,-0.000127755,0.0490144
3.615,0.0846715,-0.0747637,0.00436518,-0.000131563,0.0490098
3.616,0.0845967,-0.074719,0.00436504,-0.000135365,0.0490052
3.617,0.084522,-0.0746743,0.0043649,-0.000139161,0.0490006
3.618,0.0844474,-0.0746295,0.00436476,-0.000142951,0.048996
3.619,0.0843728,-0.0745848,0.00436462,-0.000146734,0.0489913
3.62,0.0842982,-0.0745401,0.00436447,-0.000150511,0.0489865
3.621,0.0842237,-0.0744954,0.00436432,-0.000154281,0.0489818
3.622,0.0841492,-0.0744507,0.00436416,-0.000158045,0.048977
3.623,0.0840748,-0.074406,0.004364,-0.000161803,0.0489721
3.624,0.0840004,-0.0743614,0.00436384,-0.000165555,0.0489672
3.625,0.0839261,-0.0743167,0.00436367,-0.000169301,0.0489623
3.626,0.0838518,-0.074272,0.0043635,-0.00017304,0.0489574
3.627,0.0837775,-0.0742273,0.00436332,-0.000176773,0.0489524
3.628,0.0837033,-0.0741827,0.00436315,-0.000180499,0.0489473
3.629,0.0836292,-0.074138,0.00436296,-0.00018422,0.0489423
3.63,0.083555,-0.0740933,0.00436278,-0.000187934,0.0489372
3.631,0.083481,-0.0740487,0.00436259,-0.000191642,0.048932
3.632,0.0834069,-0.074004,0.00436239,-0.000195344,0.0489269
3.633,0.083333,-0.0739594,0.0043622,-0.000199039,0.0489216
3.634,0.083259,-0.0739148,0.004362,-0.000202729,0.0489164
3.635,0.0831851,-0.0738701,0.00436179,-0.000206412,0.0489111
3.636,0.0831113,-0.0738255,0.00436158,-0.000210089,0.0489058
3.637,0.0830375,-0.0737809,0.00436137,-0.00021376,0.0489004
3.638,0.0829637,-0.0737363,0.00436116,-0.000217424,0.048895
3.639,0.08289,-0.0736916,0.00436094,-0.000221083,0.0488896
3.64,0.0828163,-0.073647,0.00436071,-0.000224735,0.0488841
3.641,0.0827427,-0.0736024,0.00436049,-0.000228381,0.0488786
3.642,0.0826691,-0.0735578,0.00436026,-0.000232021,0.0488731
3.643,0.0825956,-0.0735133,0.00436002,-0.000235655,0.0488675
3.644,0.0825221,-0.0734687,0.00435979,-0.000239283,0.0488619
3.645,0.0824487,-0.0734241,0.00435954,-0.000242904,0.0488563
3.646,0.0823753,-0.0733795,0.0043593,-0.00024652,0.0488506
3.647,0.0823019,-0.073335,0.00435905,-0.000250129,0.0488448
3.648,0.0822286,-0.0732904,0.0043588,-0.000253732,0.0488391
3.649,0.0821553,-0.0732458,0.00435854,-0.00025733,0.0488333
3.65,0.0820821,-0.0732013,0.00435828,-0.000260921,0.0488275
3.651,0.0820089,-0.0731567,0.00435802,-0.000264505,0.0488216
3.652,0.0819358,-0.0731122,0.00435776,-0.000268084,0.0488157
3.653,0.0818627,-0.0730677,0.00435749,-0.000271657,0.0488098
3.654,0.0817896,-0.0730231,0.00435721,-0.000275224,0.0488038
3.655,0.0817166,-0.0729786,0.00435694,-0.000278784,0.0487978
3.656,0.0816437,-0.0729341,0.00435665,-0.000282339,0.0487918
3.657,0.0815708,-0.0728896,0.00435637,-0.000285887,0.0487857
3.658,0.0814979,-0.0728451,0.00435608,-0.00028943,0.0487796
3.659,0.0814251,-0.0728006,0.00435579,-0.000292966,0.0487734
3.66,0.0813523,-0.0727561,0.0043555,-0.000296497,0.0487673
3.661,0.0812796,-0.0727116,0.0043552,-0.000300021,0.0487611
3.662,0.0812069,-0.0726671,0.0043549,-0.000303539,0.0487548
3.663,0.0811342,-0.0726226,0.00435459,-0.000307052,0.0487485
3.664,0.0810616,-0.0725782,0.00435428,-0.000310558,0.0487422
3.665,0.0809891,-0.0725337,0.00435397,-0.000314058,0.0487359
3.666,0.0809166,-0.0724892,0.00435365,-0.000317553,0.0487295
3.667,0.0808441,-0.0724448,0.00435334,-0.000321041,0.0487231
3.668,0.0807717,-0.0724003,0.00435301,-0.000324523,0.0487166
3.669,0.0806993,-0.0723559,0.00435269,-0.000328,0.0487101
3.67,0.080627,-0.0723115,0.00435236,-0.00033147,0.0487036
3.671,0.0805547,-0.072267,0.00435202,-0.000334934,0.048697
3.672,0.0804824,-0.0722226,0.00435169,-0.000338393,0.0486904
3.673,0.0804102,-0.0721782,0.00435135,-0.000341845,0.0486838
3.674,0.0803381,-0.0721338,0.004351,-0.000345292,0.0486771
3.675,0.080266,-0.0720894,0.00435066,-0.000348733,0.0486704
3.676,0.0801939,-0.072045,0.00435031,-0.000352167,0.0486637
3.677,0.0801219,-0.0720006,0.00434995,-0.000355596,0.048657
3.678,0.0800499,-0.0719562,0.00434959,-0.000359019,0.0486502
3.679,0.079978,-0.0719118,0.00434923,-0.000362436,0.0486433
3.68,0.0799061,-0.0718675,0.00434887,-0.000365847,0.0486365
3.681,0.0798342,-0.0718231,0.0043485,-0.000369252,0.0486296
3.682,0.0797624,-0.0717788,0.00434813,-0.000372652,0.0486226
3.683,0.0796907,-0.0717344,0.00434776,-0.000376045,0.0486157
3.684,0.079619,-0.0716901,0.00434738,-0.000379432,0.0486087
3.685,0.0795473,-0.0716457,0.004347,-0.000382814,0.0486016
3.686,0.0794757,-0.0716014,0.00434661,-0.00038619,0.0485946
3.687,0.0794041,-0.0715571,0.00434623,-0.00038956,0.0485875
3.688,0.0793326,-0.0715127,0.00434583,-0.000392924,0.0485804
3.689,0.0792611,-0.0714684,0.00434544,-0.000396282,0.0485732
3.69,0.0791896,-0.0714241,0.00434504,-0.000399634,0.048566
3.691,0.0791182,-0.0713798,0.00434464,-0.000402981,0.0485588
3.692,0.0790469,-0.0713355,0.00434424,-0.000406322,0.0485515
3.693,0.0789755,-0.0712913,0.00434383,-0.000409657,0.0485442
3.694,0.0789043,-0.071247,0.00434342,-0.000412986,0.0485369
3.695,0.0788331,-0.0712027,0.004343,-0.000416309,0.0485295
3.696,0.0787619,-0.0711585,0.00434258,-0.000419626,0.0485221
3.697,0.0786907,-0.0711142,0.00434216,-0.000422938,0.0485147
3.698,0.0786196,-0.07107,0.00434174,-0.000426244,0.0485072
3.699,0.0785486,-0.0710257,0.00434131,-0.000429544,0.0484997
3.7,0.0784776,-0.0709815,0.00434088,-0.000432838,0.0484922
3.701,0.0784066,-0.0709373,0.00434044,-0.000436127,0.0484847
3.702,0.0783357,-0.070893,0.00434001,-0.000439409,0.0484771
3.703,0.0782648,-0.0708488,0.00433957,-0.000442686,0.0484695
3.704,0.078194,-0.0708046,0.00433912,-0.000445958,0.0484618
3.705,0.0781232,-0.0707604,0.00433867,-0.000449223,0.0484541
3.706,0.0780525,-0.0707162,0.00433822,-0.000452483,0.0484464
3.707,0.0779818,-0.070672,0.00433777,-0.000455737,0.0484386
3.708,0.0779112,-0.0706279,0.00433731,-0.000458985,0.0484309
3.709,0.0778406,-0.0705837,0.00433685,-0.000462228,0.048423
3.71,0.07777,-0.0705395,0.00433639,-0.000465465,0.0484152
3.711,0.0776995,-0.0704954,0.00433592,-0.000468696,0.0484073
3.712,0.077629,-0.0704512,0.00433545,-0.000471921,0.0483994
3.713,0.0775586,-0.0704071,0.00433498,-0.000475141,0.0483915
3.714,0.0774882,-0.070363,0.0043345,-0.000478355,0.0483835
3.715,0.0774178,-0.0703189,0.00433402,-0.000481564,0.0483755
3.716,0.0773475,-0.0702747,0.00433354,-0.000484766,0.0483675
3.717,0.0772773,-0.0702306,0.00433305,-0.000487963,0.0483594
3.718,0.0772071,-0.0701865,0.00433256,-0.000491155,0.0483513
3.719,0.0771369,-0.0701424,0.00433207,-0.00049434,0.0483432
3.72,0.0770668,-0.0700983,0.00433157,-0.00049752,0.048335
3.721,0.0769967,-0.0700543,0.00433107,-0.000500695,0.0483268
3.722,0.0769267,-0.0700102,0.00433057,-0.000503864,0.0483186
3.723,0.0768567,-0.0699661,0.00433006,-0.000507027,0.0483103
3.724,0.0767868,-0.0699221,0.00432956,-0.000510184,0.0483021
3.725,0.0767169,-0.069878,0.00432904,-0.000513336,0.0482937
3.726,0.076647,-0.069834,0.00432853,-0.000516482,0.0482854
3.727,0.0765772,-0.06979,0.00432801,-0.000519623,0.048277
3.728,0.0765074,-0.0697459,0.00432749,-0.000522758,0.0482686
3.729,0.0764377,-0.0697019,0.00432697,-0.000525888,0.0482602
3.73,0.076368,-0.0696579,0.00432644,-0.000529011,0.0482517
3.731,0.0762984,-0.0696139,0.00432591,-0.00053213,0.0482432
3.732,0.0762288,-0.0695699,0.00432537,-0.000535242,0.0482347
3.733,0.0761592,-0.0695259,0.00432484,-0.00053835,0.0482261
3.734,0.0760897,-0.069482,0.0043243,-0.000541451,0.0482175
3.735,0.0760203,-0.069438,0.00432375,-0.000544547,0.0482089
3.736,0.0759509,-0.069394,0.00432321,-0.000547638,0.0482002
3.737,0.0758815,-0.0693501,0.00432266,-0.000550722,0.0481915
3.738,0.0758122,-0.0693062,0.00432211,-0.000553802,0.0481828
3.739,0.0757429,-0.0692622,0.00432155,-0.000556876,0.0481741
3.74,0.0756736,-0.0692183,0.00432099,-0.000559944,0.0481653
3.741,0.0756044,-0.0691744,0.00432043,-0.000563007,0.0481565
3.742,0.0755353,-0.0691305,0.00431987,-0.000566064,0.0481477
3.743,0.0754662,-0.0690866,0.0043193,-0.000569116,0.0481388
3.744,0.0753971,-0.0690427,0.00431873,-0.000572162,0.0481299
3.745,0.0753281,-0.0689988,0.00431816,-0.000575203,0.048121
3.746,0.0752591,-0.0689549,0.00431758,-0.000578238,0.048112
3.747,0.0751902,-0.068911,0.004317,-0.000581268,0.0481031
3.748,0.0751213,-0.0688672,0.00431642,-0.000584292,0.048094
3.749,0.0750525,-0.0688233,0.00431583,-0.000587311,0.048085
3.75,0.0749837,-0.0687795,0.00431524,-0.000590324,0.0480759
3.751,0.0749149,-0.0687357,0.00431465,-0.000593332,0.0480668
3.752,0.0748462,-0.0686918,0.00431405,-0.000596334,0.0480577
3.753,0.0747775,-0.068648,0.00431346,-0.000599331,0.0480485
3.754,0.0747089,-0.0686042,0.00431286,-0.000602323,0.0480393
3.755,0.0746403,-0.0685604,0.00431225,-0.000605309,0.0480301
3.756,0.0745718,-0.0685166,0.00431165,-0.00060829,0.0480209
3.757,0.0745033,-0.0684728,0.00431104,-0.000611265,0.0480116
3.758,0.0744348,-0.0684291,0.00431042,-0.000614235,0.0480023
3.759,0.0743664,-0.0683853,0.00430981,-0.000617199,0.047993
3.76,0.074298,-0.0683415,0.00430919,-0.000620158,0.0479836
3.761,0.0742297,-0.0682978,0.00430857,-0.000623112,0.0479742
3.762,0.0741615,-0.0682541,0.00430794,-0.00062606,0.0479648
3.763,0.0740932,-0.0682103,0.00430731,-0.000629003,0.0479553
3.764,0.074025,-0.0681666,0.00430668,-0.00063194,0.0479458
3.765,0.0739569,-0.0681229,0.00430605,-0.000634872,0.0479363
3.766,0.0738888,-0.0680792,0.00430541,-0.000637799,0.0479268
3.767,0.0738207,-0.0680355,0.00430478,-0.00064072,0.0479172
3.768,0.0737527,-0.0679918,0.00430413,-0.000643636,0.0479076
3.769,0.0736847,-0.0679481,0.00430349,-0.000646547,0.047898
3.77,0.0736168,-0.0679045,0.00430284,-0.000649452,0.0478884
3.771,0.0735489,-0.0678608,0.00430219,-0.000652352,0.0478787
3.772,0.0734811,-0.0678172,0.00430154,-0.000655246,0.047869
3.773,0.0734133,-0.0677735,0.00430088,-0.000658136,0.0478592
3.774,0.0733455,-0.0677299,0.00430022,-0.000661019,0.0478495
3.775,0.0732778,-0.0676863,0.00429956,-0.000663898,0.0478397
3.776,0.0732102,-0.0676427,0.00429889,-0.000666771,0.0478299
3.777,0.0731426,-0.0675991,0.00429822,-0.000669639,0.04782
3.778,0.073075,-0.0675555,0.00429755,-0.000672502,0.0478101
3.779,0.0730074,-0.0675119,0.00429688,-0.000675359,0.0478002
3.78,0.07294,-0.0674683,0.0042962,-0.000678211,0.0477903
3.781,0.0728725,-0.0674247,0.00429552,-0.000681058,0.0477804
3.782,0.0728051,-0.0673812,0.00429484,-0.0006839,0.0477704
3.783,0.0727377,-0.0673376,0.00429415,-0.000686736,0.0477603
3.784,0.0726704,-0.0672941,0.00429347,-0.000689567,0.0477503
3.785,0.0726032,-0.0672506,0.00429277,-0.000692393,0.0477402
3.786,0.0725359,-0.067207,0.00429208,-0.000695213,0.0477301
3.787,0.0724687,-0.0671635,0.00429138,-0.000698028,0.04772
3.788,0.0724016,-0.06712,0.00429069,-0.000700838,0.0477099
3.789,0.0723345,-0.0670765,0.00428998,-0.000703643,0.0476997
3.79,0.0722674,-0.0670331,0.00428928,-0.000706443,0.0476895
3.791,0.0722004,-0.0669896,0.00428857,-0.000709237,0.0476792
3.792,0.0721335,-0.0669461,0.00428786,-0.000712026,0.047669
3.793,0.0720665,-0.0669027,0.00428715,-0.00071481,0.0476587
3.794,0.0719997,-0.0668592,0.00428643,-0.000717589,0.0476484
3.795,0.0719328,-0.0668158,0.00428571,-0.000720362,0.047638
3.796,0.071866,-0.0667724,0.00428499,-0.000723131,0.0476277
3.797,0.0717993,-0.066729,0.00428426,-0.000725894,0.0476173
3.798,0.0717326,-0.0666856,0.00428354,-0.000728652,0.0476068
3.799,0.0716659,-0.0666422,0.00428281,-0.000731404,0.0475964
3.8,0.0715993,-0.0665988,0.00428207,-0.000734152,0.0475859
3.801,0.0715327,-0.0665554,0.00428134,-0.000736894,0.0475754
3.802,0.0714662,-0.066512,0.0042806,-0.000739631,0.0475649
3.803,0.0713997,-0.0664687,0.00427986,-0.000742364,0.0475543
3.804,0.0713332,-0.0664253,0.00427912,-0.000745091,0.0475437
3.805,0.0712668,-0.066382,0.00427837,-0.000747812,0.0475331
3.806,0.0712005,-0.0663387,0.00427762,-0.000750529,0.0475225
3.807,0.0711342,-0.0662954,0.00427687,-0.000753241,0.0475118
3.808,0.0710679,-0.0662521,0.00427611,-0.000755947,0.0475011
3.809,0.0710017,-0.0662088,0.00427536,-0.000758648,0.0474904
3.81,0.0709355,-0.0661655,0.0042746,-0.000761344,0.0474797
3.811,0.0708693,-0.0661222,0.00427383,-0.000764035,0.0474689
3.812,0.0708032,-0.0660789,0.00427307,-0.000766721,0.0474581
3.813,0.0707372,-0.0660357,0.0042723,-0.000769402,0.0474473
3.814,0.0706712,-0.0659924,0.00427153,-0.000772078,0.0474364
3.815,0.0706052,-0.0659492,0.00427076,-0.000774749,0.0474256
3.816,0.0705393,-0.065906,0.00426998,-0.000777415,0.0474147
3.817,0.0704734,-0.0658628,0.0042692,-0.000780075,0.0474037
3.818,0.0704075,-0.0658195,0.00426842,-0.000782731,0.0473928
3.819,0.0703417,-0.0657764,0.00426764,-0.000785381,0.0473818
3.82,0.070276,-0.0657332,0.00426685,-0.000788026,0.0473708
3.821,0.0702103,-0.06569,0.00426606,-0.000790667,0.0473598
3.822,0.0701446,-0.0656468,0.00426527,-0.000793302,0.0473487
3.823,0.070079,-0.0656037,0.00426447,-0.000795932,0.0473376
3.824,0.0700134,-0.0655605,0.00426368,-0.000798558,0.0473265
3.825,0.0699479,-0.0655174,0.00426288,-0.000801178,0.0473154
3.826,0.0698824,-0.0654743,0.00426207,-0.000803793,0.0473043
3.827,0.0698169,-0.0654312,0.00426127,-0.000806403,0.0472931
3.828,0.0697515,-0.0653881,0.00426046,-0.000809008,0.0472819
3.829,0.0696861,-0.065345,0.00425965,-0.000811608,0.0472706
3.83,0.0696208,-0.0653019,0.00425884,-0.000814204,0.0472594
3.831,0.0695555,-0.0652588,0.00425802,-0.000816794,0.0472481
3.832,0.0694903,-0.0652158,0.0042572,-0.000819379,0.0472368
3.833,0.0694251,-0.0651727,0.00425638,-0.000821959,0.0472255
3.834,0.0693599,-0.0651297,0.00425556,-0.000824534,0.0472141
3.835,0.0692948,-0.0650866,0.00425473,-0.000827105,0.0472027
3.836,0.0692298,-0.0650436,0.00425391,-0.00082967,0.0471913
3.837,0.0691647,-0.0650006,0.00425308,-0.00083223,0.0471799
3.838,0.0690998,-0.0649576,0.00425224,-0.000834786,0.0471684
3.839,0.0690348,-0.0649146,0.00425141,-0.000837336,0.0471569
3.84,0.0689699,-0.0648717,0.00425057,-0.000839882,0.0471454
3.841,0.0689051,-0.0648287,0.00424973,-0.000842422,0.0471339
3.842,0.0688403,-0.0647857,0.00424888,-0.000844958,0.0471224
3.843,0.0687755,-0.0647428,0.00424804,-0.000847489,0.0471108
3.844,0.0687108,-0.0646999,0.00424719,-0.000850014,0.0470992
3.845,0.0686461,-0.0646569,0.00424634,-0.000852535,0.0470875
3.846,0.0685815,-0.064614,0.00424548,-0.000855051,0.0470759
3.847,0.0685169,-0.0645711,0.00424463,-0.000857562,0.0470642
3.848,0.0684523,-0.0645282,0.00424377,-0.000860068,0.0470525
3.849,0.0683878,-0.0644854,0.00424291,-0.00086257,0.0470408
3.85,0.0683234,-0.0644425,0.00424204,-0.000865066,0.047029
3.851,0.0682589,-0.0643996,0.00424118,-0.000867558,0.0470173
3.852,0.0681946,-0.0643568,0.00424031,-0.000870044,0.0470055
3.853,0.0681302,-0.064314,0.00423944,-0.000872526,0.0469936
3.854,0.0680659,-0.0642711,0.00423856,-0.000875003,0.0469818
3.855,0.0680017,-0.0642283,0.00423769,-0.000877475,0.0469699
3.856,0.0679375,-0.0641855,0.00423681,-0.000879943,0.046958
3.857,0.0678733,-0.0641427,0.00423593,-0.000882405,0.0469461
3.858,0.0678092,-0.0641,0.00423504,-0.000884862,0.0469342
3.859,0.0677451,-0.0640572,0.00423416,-0.000887315,0.0469222
3.86,0.0676811,-0.0640144,0.00423327,-0.000889763,0.0469102
3.861,0.0676171,-0.0639717,0.00423238,-0.000892206,0.0468982
3.862,0.0675531,-0.063929,0.00423148,-0.000894644,0.0468862
3.863,0.0674892,-0.0638862,0.00423059,-0.000897078,0.0468741
3.864,0.0674254,-0.0638435,0.00422969,-0.000899507,0.046862
3.865,0.0673615,-0.0638008,0.00422879,-0.00090193,0.0468499
3.866,0.0672978,-0.0637581,0.00422788,-0.000904349,0.0468378
3.867,0.067234,-0.0637154,0.00422698,-0.000906764,0.0468256
3.868,0.0671703,-0.0636728,0.00422607,-0.000909173,0.0468135
3.869,0.0671067,-0.0636301,0.00422516,-0.000911578,0.0468013
3.87,0.0670431,-0.0635875,0.00422425,-0.000913978,0.046789
3.871,0.0669795,-0.0635448,0.00422333,-0.000916373,0.0467768
3.872,0.066916,-0.0635022,0.00422242,-0.000918763,0.0467645
3.873,0.0668525,-0.0634596,0.0042215,-0.000921149,0.0467522
3.874,0.0667891,-0.063417,0.00422057,-0.00092353,0.0467399
3.875,0.0667257,-0.0633744,0.00421965,-0.000925906,0.0467276
3.876,0.0666623,-0.0633319,0.00421872,-0.000928278,0.0467152
3.877,0.066599,-0.0632893,0.00421779,-0.000930644,0.0467028
3.878,0.0665357,-0.0632467,0.00421686,-0.000933006,0.0466904
3.879,0.0664725,-0.0632042,0.00421593,-0.000935363,0.046678
3.88,0.0664093,-0.0631617,0.00421499,-0.000937716,0.0466655
3.881,0.0663462,-0.0631191,0.00421405,-0.000940064,0.0466531
3.882,0.0662831,-0.0630766,0.00421311,-0.000942407,0.0466406
3.883,0.06622,-0.0630341,0.00421217,-0.000944745,0.0466281
3.884,0.066157,-0.0629917,0.00421122,-0.000947079,0.0466155
3.885,0.0660941,-0.0629492,0.00421027,-0.000949408,0.046603
3.886,0.0660311,-0.0629067,0.00420932,-0.000951732,0.0465904
3.887,0.0659682,-0.0628643,0.00420837,-0.000954052,0.0465778
3.888,0.0659054,-0.0628218,0.00420741,-0.000956367,0.0465651
3.889,0.0658426,-0.0627794,0.00420646,-0.000958677,0.0465525
3.89,0.0657798,-0.062737,0.0042055,-0.000960983,0.0465398
3.891,0.0657171,-0.0626946,0.00420453,-0.000963284,0.0465271
3.892,0.0656544,-0.0626522,0.00420357,-0.00096558,0.0465144
3.893,0.0655918,-0.0626098,0.0042026,-0.000967872,0.0465016
3.894,0.0655292,-0.0625675,0.00420163,-0.000970159,0.0464889
3.895,0.0654667,-0.0625251,0.00420066,-0.000972442,0.0464761
3.896,0.0654042,-0.0624828,0.00419969,-0.000974719,0.0464633
3.897,0.0653417,-0.0624404,0.00419871,-0.000976993,0.0464504
3.898,0.0652793,-0.0623981,0.00419773,-0.000979261,0.0464376
3.899,0.0652169,-0.0623558,0.00419675,-0.000981525,0.0464247
3.9,0.0651546,-0.0623135,0.00419577,-0.000983784,0.0464118
3.901,0.0650923,-0.0622712,0.00419479,-0.000986039,0.0463989
3.902,0.06503,-0.062229,0.0041938,-0.000988289,0.046386
3.903,0.0649678,-0.0621867,0.00419281,-0.000990535,0.046373
3.904,0.0649057,-0.0621445,0.00419182,-0.000992776,0.04636
3.905,0.0648435,-0.0621022,0.00419082,-0.000995012,0.046347
3.906,0.0647815,-0.06206,0.00418983,-0.000997244,0.046334
3.907,0.0647194,-0.0620178,0.00418883,-0.000999471,0.0463209
3.908,0.0646574,-0.0619756,0.00418783,-0.00100169,0.0463079
3.909,0.0645955,-0.0619334,0.00418683,-0.00100391,0.0462948
3.91,0.0645336,-0.0618912,0.00418582,-0.00100613,0.0462817
3.911,0.0644717,-0.0618491,0.00418481,-0.00100833,0.0462686
3.912,0.0644099,-0.0618069,0.0041838,-0.00101054,0.0462554
3.913,0.0643481,-0.0617648,0.00418279,-0.00101274,0.0462422
3.914,0.0642863,-0.0617226,0.00418178,-0.00101493,0.046229
3.915,0.0642246,-0.0616805,0.00418076,-0.00101713,0.0462158
3.916,0.064163,-0.0616384,0.00417974,-0.00101931,0.0462026
3.917,0.0641014,-0.0615963,0.00417872,-0.00102149,0.0461893
3.918,0.0640398,-0.0615543,0.0041777,-0.00102367,0.046176
3.919,0.0639782,-0.0615122,0.00417668,-0.00102584,0.0461627
3.92,0.0639168,-0.0614701,0.00417565,-0.00102801,0.0461494
3.921,0.0638553,-0.0614281,0.00417462,-0.00103018,0.0461361
3.922,0.0637939,-0.0613861,0.00417359,-0.00103234,0.0461227
3.923,0.0637325,-0.0613441,0.00417256,-0.00103449,0.0461093
3.924,0.0636712,-0.0613021,0.00417152,-0.00103664,0.0460959
3.925,0.0636099,-0.0612601,0.00417048,-0.00103879,0.0460825
3.926,0.0635487,-0.0612181,0.00416944,-0.00104093,0.0460691
3.927,0.0634875,-0.0611761,0.0041684,-0.00104306,0.0460556
3.928,0.0634263,-0.0611342,0.00416736,-0.0010452,0.0460421
3.929,0.0633652,-0.0610922,0.00416631,-0.00104733,0.0460286
3.93,0.0633042,-0.0610503,0.00416526,-0.00104945,0.0460151
3.931,0.0632431,-0.0610084,0.00416421,-0.00105157,0.0460015
3.932,0.0631821,-0.0609665,0.00416316,-0.00105368,0.045988
3.933,0.0631212,-0.0609246,0.0041621,-0.00105579,0.0459744
3.934,0.0630603,-0.0608827,0.00416105,-0.0010579,0.0459608
3.935,0.0629994,-0.0608408,0.00415999,-0.00106,0.0459472
3.936,0.0629386,-0.060799,0.00415893,-0.0010621,0.0459335
3.937,0.0628778,-0.0607572,0.00415786,-0.00106419,0.0459198
3.938,0.0628171,-0.0607153,0.0041568,-0.00106628,0.0459062
3.939,0.0627564,-0.0606735,0.00415573,-0.00106836,0.0458925
3.94,0.0626957,-0.0606317,0.00415466,-0.00107044,0.0458787
3.941,0.0626351,-0.0605899,0.00415359,-0.00107252,0.045865
3.942,0.0625746,-0.0605481,0.00415252,-0.00107459,0.0458512
3.943,0.062514,-0.0605064,0.00415144,-0.00107665,0.0458374
3.944,0.0624536,-0.0604646,0.00415036,-0.00107872,0.0458236
3.945,0.0623931,-0.0604229,0.00414928,-0.00108077,0.0458098
3.946,0.0623327,-0.0603812,0.0041482,-0.00108283,0.045796
3.947,0.0622723,-0.0603394,0.00414712,-0.00108488,0.0457821
3.948,0.062212,-0.0602977,0.00414603,-0.00108692,0.0457682
3.949,0.0621518,-0.0602561,0.00414495,-0.00108896,0.0457543
3.95,0.0620915,-0.0602144,0.00414386,-0.001091,0.0457404
3.951,0.0620313,-0.0601727,0.00414276,-0.00109303,0.0457264
3.952,0.0619712,-0.0601311,0.00414167,-0.00109505,0.0457125
3.953,0.0619111,-0.0600894,0.00414057,-0.00109708,0.0456985
3.954,0.061851,-0.0600478,0.00413948,-0.0010991,0.0456845
3.955,0.061791,-0.0600062,0.00413838,-0.00110111,0.0456705
3.956,0.061731,-0.0599646,0.00413727,-0.00110312,0.0456564
3.957,0.061671,-0.059923,0.00413617,-0.00110513,0.0456424
3.958,0.0616111,-0.0598814,0.00413506,-0.00110713,0.0456283
3.959,0.0615513,-0.0598399,0.00413395,-0.00110912,0.0456142
3.96,0.0614915,-0.0597983,0.00413284,-0.00111112,0.0456001
3.961,0.0614317,-0.0597568,0.00413173,-0.0011131,0.045586
3.962,0.0613719,-0.0597153,0.00413062,-0.00111509,0.0455718
3.963,0.0613122,-0.0596738,0.0041295,-0.00111707,0.0455576
3.964,0.0612526,-0.0596323,0.00412838,-0.00111904,0.0455435
3.965,0.061193,-0.0595908,0.00412726,-0.00112102,0.0455293
3.966,0.0611334,-0.0595493,0.00412614,-0.00112298,0.045515
3.967,0.0610739,-0.0595079,0.00412502,-0.00112494,0.0455008
3.968,0.0610144,-0.0594665,0.00412389,-0.0011269,0.0454865
3.969,0.0609549,-0.059425,0.00412276,-0.00112886,0.0454722
3.97,0.0608955,-0.0593836,0.00412163,-0.00113081,0.0454579
3.971,0.0608362,-0.0593422,0.0041205,-0.00113275,0.0454436
3.972,0.0607769,-0.0593008,0.00411937,-0.00113469,0.0454293
3.973,0.0607176,-0.0592595,0.00411823,-0.00113663,0.0454149
3.974,0.0606583,-0.0592181,0.0041171,-0.00113857,0.0454005
3.975,0.0605991,-0.0591767,0.00411596,-0.00114049,0.0453861
3.976,0.06054,-0.0591354,0.00411481,-0.00114242,0.0453717
3.977,0.0604809,-0.0590941,0.00411367,-0.00114434,0.0453573
3.978,0.0604218,-0.0590528,0.00411253,-0.00114626,0.0453429
3.979,0.0603628,-0.0590115,0.00411138,-0.00114817,0.0453284
3.98,0.0603038,-0.0589702,0.00411023,-0.00115008,0.0453139
3.981,0.0602448,-0.0589289,0.00410908,-0.00115198,0.0452994
3.982,0.0601859,-0.0588877,0.00410793,-0.00115388,0.0452849
3.983,0.0601271,-0.0588464,0.00410677,-0.00115577,0.0452703
3.984,0.0600682,-0.0588052,0.00410561,-0.00115767,0.0452558
3.985,0.0600094,-0.058764,0.00410446,-0.00115955,0.0452412
3.986,0.0599507,-0.0587228,0.0041033,-0.00116144,0.0452266
3.987,0.059892,-0.0586816,0.00410213,-0.00116331,0.045212
3.988,0.0598333,-0.0586404,0.00410097,-0.00116519,0.0451974
3.989,0.0597747,-0.0585993,0.0040998,-0.00116706,0.0451827
3.99,0.0597161,-0.0585581,0.00409863,-0.00116893,0.0451681
3.991,0.0596576,-0.058517,0.00409746,-0.00117079,0.0451534
3.992,0.0595991,-0.0584759,0.00409629,-0.00117265,0.0451387
3.993,0.0595406,-0.0584348,0.00409512,-0.0011745,0.045124
3.994,0.0594822,-0.0583937,0.00409394,-0.00117635,0.0451093
3.995,0.0594239,-0.0583526,0.00409277,-0.0011782,0.0450945
3.996,0.0593655,-0.0583115,0.00409159,-0.00118004,0.0450797
3.997,0.0593072,-0.0582705,0.00409041,-0.00118187,0.0450649
3.998,0.059249,-0.0582294,0.00408922,-0.00118371,0.0450501
3.999,0.0591908,-0.0581884,0.00408804,-0.00118554,0.0450353
4,0.0591326,-0.0581474,0.00408685,-0.00118736,0.0450205
4.001,0.0590745,-0.0581064,0.00408566,-0.00118918,0.0450056
4.002,0.0590164,-0.0580654,0.00408447,-0.001191,0.0449908
4.003,0.0589584,-0.0580245,0.00408328,-0.00119281,0.0449759
4.004,0.0589003,-0.0579835,0.00408209,-0.00119462,0.044961
4.005,0.0588424,-0.0579426,0.00408089,-0.00119643,0.044946
4.006,0.0587845,-0.0579016,0.0040797,-0.00119823,0.0449311
4.007,0.0587266,-0.0578607,0.0040785,-0.00120002,0.0449161
4.008,0.0586687,-0.0578198,0.0040773,-0.00120182,0.0449012
4.009,0.0586109,-0.0577789,0.00407609,-0.00120361,0.0448862
4.01,0.0585532,-0.0577381,0.00407489,-0.00120539,0.0448712
4.011,0.0584955,-0.0576972,0.00407368,-0.00120717,0.0448561
4.012,0.0584378,-0.0576564,0.00407247,-0.00120895,0.0448411
4.013,0.0583802,-0.0576155,0.00407126,-0.00121072,0.0448261
4.014,0.0583226,-0.0575747,0.00407005,-0.00121249,0.044811
4.015,0.058265,-0.0575339,0.00406884,-0.00121425,0.0447959
4.016,0.0582075,-0.0574931,0.00406762,-0.00121601,0.0447808
4.017,0.05815,-0.0574523,0.00406641,-0.00121777,0.0447657
4.018,0.0580926,-0.0574116,0.00406519,-0.00121952,0.0447505
4.019,0.0580352,-0.0573708,0.00406397,-0.00122127,0.0447354
4.02,0.0579778,-0.0573301,0.00406275,-0.00122302,0.0447202
4.021,0.0579205,-0.0572894,0.00406152,-0.00122476,0.044705
4.022,0.0578633,-0.0572487,0.0040603,-0.00122649,0.0446898
4.023,0.057806,-0.057208,0.00405907,-0.00122823,0.0446746
4.024,0.0577488,-0.0571673,0.00405784,-0.00122995,0.0446593
4.025,0.0576917,-0.0571266,0.00405661,-0.00123168,0.0446441
4.026,0.0576346,-0.057086,0.00405538,-0.0012334,0.0446288
4.027,0.0575775,-0.0570453,0.00405414,-0.00123512,0.0446135
4.028,0.0575205,-0.0570047,0.00405291,-0.00123683,0.0445982
4.029,0.0574635,-0.0569641,0.00405167,-0.00123854,0.0445829
4.03,0.0574066,-0.0569235,0.00405043,-0.00124024,0.0445676
4.031,0.0573497,-0.0568829,0.00404919,-0.00124194,0.0445522
4.032,0.0572928,-0.0568424,0.00404795,-0.00124364,0.0445368
4.033,0.057236,-0.0568018,0.0040467,-0.00124533,0.0445215
4.034,0.0571792,-0.0567613,0.00404546,-0.00124702,0.0445061
4.035,0.0571225,-0.0567208,0.00404421,-0.00124871,0.0444906
4.036,0.0570658,-0.0566803,0.00404296,-0.00125039,0.0444752
4.037,0.0570091,-0.0566398,0.00404171,-0.00125207,0.0444598
4.038,0.0569525,-0.0565993,0.00404045,-0.00125374,0.0444443
4.039,0.0568959,-0.0565588,0.0040392,-0.00125541,0.0444288
4.04,0.0568394,-0.0565184,0.00403794,-0.00125708,0.0444133
4.041,0.0567829,-0.0564779,0.00403668,-0.00125874,0.0443978
4.042,0.0567264,-0.0564375,0.00403543,-0.00126039,0.0443823
4.043,0.05667,-0.0563971,0.00403416,-0.00126205,0.0443668
4.044,0.0566136,-0.0563567,0.0040329,-0.0012637,0.0443512
4.045,0.0565573,-0.0563163,0.00403164,-0.00126535,0.0443356
4.046,0.056501,-0.056276,0.00403037,-0.00126699,0.04432
4.047,0.0564447,-0.0562356,0.0040291,-0.00126863,0.0443044
4.048,0.0563885,-0.0561953,0.00402783,-0.00127026,0.0442888
4.049,0.0563323,-0.0561549,0.00402656,-0.00127189,0.0442732
4.05,0.0562762,-0.0561146,0.00402529,-0.00127352,0.0442575
4.051,0.0562201,-0.0560743,0.00402402,-0.00127514,0.0442419
4.052,0.0561641,-0.0560341,0.00402274,-0.00127676,0.0442262
4.053,0.056108,-0.0559938,0.00402146,-0.00127838,0.0442105
4.054,0.0560521,-0.0559536,0.00402018,-0.00127999,0.0441948
4.055,0.0559961,-0.0559133,0.0040189,-0.0012816,0.0441791
4.056,0.0559402,-0.0558731,0.00401762,-0.0012832,0.0441633
4.057,0.0558844,-0.0558329,0.00401634,-0.0012848,0.0441476
4.058,0.0558286,-0.0557927,0.00401505,-0.0012864,0.0441318
4.059,0.0557728,-0.0557525,0.00401376,-0.00128799,0.044116
4.06,0.0557171,-0.0557124,0.00401247,-0.00128958,0.0441002
4.061,0.0556614,-0.0556722,0.00401118,-0.00129116,0.0440844
4.062,0.0556057,-0.0556321,0.00400989,-0.00129275,0.0440686
4.063,0.0555501,-0.055592,0.0040086,-0.00129432,0.0440528
4.064,0.0554945,-0.0555518,0.0040073,-0.0012959,0.0440369
4.065,0.055439,-0.0555118,0.00400601,-0.00129747,0.044021
4.066,0.0553835,-0.0554717,0.00400471,-0.00129903,0.0440051
4.067,0.0553281,-0.0554316,0.00400341,-0.0013006,0.0439892
4.068,0.0552727,-0.0553916,0.00400211,-0.00130215,0.0439733
4.069,0.0552173,-0.0553515,0.0040008,-0.00130371,0.0439574
4.07,0.055162,-0.0553115,0.0039995,-0.00130526,0.0439415
4.071,0.0551067,-0.0552715,0.00399819,-0.00130681,0.0439255
4.072,0.0550514,-0.0552315,0.00399689,-0.00130835,0.0439095
4.073,0.0549962,-0.0551916,0.00399558,-0.00130989,0.0438935
4.074,0.054941,-0.0551516,0.00399427,-0.00131143,0.0438775
4.075,0.0548859,-0.0551117,0.00399295,-0.00131296,0.0438615
4.076,0.0548308,-0.0550717,0.00399164,-0.00131449,0.0438455
4.077,0.0547758,-0.0550318,0.00399032,-0.00131601,0.0438295
4.078,0.0547207,-0.0549919,0.00398901,-0.00131754,0.0438134
4.079,0.0546658,-0.054952,0.00398769,-0.00131905,0.0437973
4.08,0.0546108,-0.0549122,0.00398637,-0.00132057,0.0437812
4.081,0.0545559,-0.0548723,0.00398505,-0.00132208,0.0437651
4.082,0.0545011,-0.0548325,0.00398373,-0.00132358,0.043749
4.083,0.0544463,-0.0547926,0.0039824,-0.00132509,0.0437329
4.084,0.0543915,-0.0547528,0.00398108,-0.00132659,0.0437168
4.085,0.0543368,-0.054713,0.00397975,-0.00132808,0.0437006
4.086,0.0542821,-0.0546733,0.00397842,-0.00132957,0.0436844
4.087,0.0542274,-0.0546335,0.00397709,-0.00133106,0.0436683
4.088,0.0541728,-0.0545937,0.00397576,-0.00133255,0.0436521
4.089,0.0541182,-0.054554,0.00397442,-0.00133403,0.0436358
4.09,0.0540637,-0.0545143,0.00397309,-0.0013355,0.0436196
4.091,0.0540092,-0.0544746,0.00397175,-0.00133698,0.0436034
4.092,0.0539548,-0.0544349,0.00397042,-0.00133845,0.0435871
4.093,0.0539003,-0.0543952,0.00396908,-0.00133991,0.0435709
4.094,0.053846,-0.0543555,0.00396774,-0.00134138,0.0435546
4.095,0.0537916,-0.0543159,0.00396639,-0.00134284,0.0435383
4.096,0.0537373,-0.0542763,0.00396505,-0.00134429,0.043522
4.097,0.0536831,-0.0542366,0.0039637,-0.00134574,0.0435057
4.098,0.0536289,-0.054197,0.00396236,-0.00134719,0.0434893
4.099,0.0535747,-0.0541575,0.00396101,-0.00134863,0.043473
4.1,0.0535205,-0.0541179,0.00395966,-0.00135008,0.0434566
4.101,0.0534664,-0.0540783,0.00395831,-0.00135151,0.0434403
4.102,0.0534124,-0.0540388,0.00395696,-0.00135295,0.0434239
4.103,0.0533584,-0.0539993,0.0039556,-0.00135438,0.0434075
4.104,0.0533044,-0.0539598,0.00395425,-0.0013558,0.0433911
4.105,0.0532505,-0.0539203,0.00395289,-0.00135723,0.0433746
4.106,0.0531965,-0.0538808,0.00395153,-0.00135864,0.0433582
4.107,0.0531427,-0.0538413,0.00395018,-0.00136006,0.0433418
4.108,0.0530889,-0.0538019,0.00394881,-0.00136147,0.0433253
4.109,0.0530351,-0.0537624,0.00394745,-0.00136288,0.0433088
4.11,0.0529813,-0.053723,0.00394609,-0.00136429,0.0432923
4.111,0.0529276,-0.0536836,0.00394472,-0.00136569,0.0432758
4.112,0.052874,-0.0536442,0.00394336,-0.00136709,0.0432593
4.113,0.0528204,-0.0536048,0.00394199,-0.00136848,0.0432428
4.114,0.0527668,-0.0535655,0.00394062,-0.00136987,0.0432262
4.115,0.0527132,-0.0535261,0.00393925,-0.00137126,0.0432097
4.116,0.0526597,-0.0534868,0.00393788,-0.00137264,0.0431931
4.117,0.0526062,-0.0534475,0.0039365,-0.00137402,0.0431765
4.118,0.0525528,-0.0534082,0.00393513,-0.0013754,0.0431599
4.119,0.0524994,-0.0533689,0.00393375,-0.00137677,0.0431433
4.12,0.0524461,-0.0533296,0.00393238,-0.00137814,0.0431267
4.121,0.0523928,-0.0532904,0.003931,-0.00137951,0.0431101
4.122,0.0523395,-0.0532511,0.00392962,-0.00138087,0.0430935
4.123,0.0522863,-0.0532119,0.00392824,-0.00138223,0.0430768
4.124,0.0522331,-0.0531727,0.00392685,-0.00138358,0.0430601
4.125,0.0521799,-0.0531335,0.00392547,-0.00138494,0.0430435
4.126,0.0521268,-0.0530943,0.00392408,-0.00138628,0.0430268
4.127,0.0520737,-0.0530552,0.0039227,-0.00138763,0.0430101
4.128,0.0520207,-0.053016,0.00392131,-0.00138897,0.0429933
4.129,0.0519677,-0.0529769,0.00391992,-0.00139031,0.0429766
4.13,0.0519147,-0.0529378,0.00391853,-0.00139164,0.0429599
4.131,0.0518618,-0.0528987,0.00391714,-0.00139298,0.0429431
4.132,0.0518089,-0.0528596,0.00391574,-0.0013943,0.0429264
4.133,0.0517561,-0.0528205,0.00391435,-0.00139563,0.0429096
4.134,0.0517033,-0.0527815,0.00391295,-0.00139695,0.0428928
4.135,0.0516505,-0.0527424,0.00391155,-0.00139827,0.042876
4.136,0.0515978,-0.0527034,0.00391015,-0.00139958,0.0428592
4.137,0.0515451,-0.0526644,0.00390875,-0.00140089,0.0428423
4.138,0.0514925,-0.0526254,0.00390735,-0.0014022,0.0428255
4.139,0.0514399,-0.0525864,0.00390595,-0.0014035,0.0428087
4.14,0.0513873,-0.0525475,0.00390454,-0.0014048,0.0427918
4.141,0.0513348,-0.0525085,0.00390314,-0.0014061,0.0427749
4.142,0.0512823,-0.0524696,0.00390173,-0.00140739,0.042758
4.143,0.0512299,-0.0524307,0.00390032,-0.00140868,0.0427411
4.144,0.0511774,-0.0523918,0.00389892,-0.00140997,0.0427242
4.145,0.0511251,-0.0523529,0.0038975,-0.00141125,0.0427073
4.146,0.0510727,-0.052314,0.00389609,-0.00141253,0.0426904
4.147,0.0510204,-0.0522752,0.00389468,-0.00141381,0.0426734
4.148,0.0509682,-0.0522364,0.00389327,-0.00141508,0.0426565
4.149,0.050916,-0.0521975,0.00389185,-0.00141635,0.0426395
4.15,0.0508638,-0.0521587,0.00389043,-0.00141761,0.0426225
4.151,0.0508117,-0.0521199,0.00388901,-0.00141888,0.0426056
4.152,0.0507595,-0.0520812,0.00388759,-0.00142014,0.0425886
4.153,0.0507075,-0.0520424,0.00388617,-0.00142139,0.0425715
4.154,0.0506555,-0.0520037,0.00388475,-0.00142264,0.0425545
4.155,0.0506035,-0.0519649,0.00388333,-0.00142389,0.0425375
4.156,0.0505515,-0.0519262,0.0038819,-0.00142514,0.0425204
4.157,0.0504996,-0.0518875,0.00388048,-0.00142638,0.0425034
4.158,0.0504478,-0.0518489,0.00387905,-0.00142762,0.0424863
4.159,0.0503959,-0.0518102,0.00387762,-0.00142886,0.0424692
4.16,0.0503441,-0.0517715,0.00387619,-0.00143009,0.0424521
4.161,0.0502924,-0.0517329,0.00387476,-0.00143132,0.042435
4.162,0.0502407,-0.0516943,0.00387333,-0.00143254,0.0424179
4.163,0.050189,-0.0516557,0.0038719,-0.00143377,0.0424008
4.164,0.0501374,-0.0516171,0.00387046,-0.00143499,0.0423837
4.165,0.0500858,-0.0515785,0.00386903,-0.0014362,0.0423665
4.166,0.0500342,-0.05154,0.00386759,-0.00143741,0.0423494
4.167,0.0499827,-0.0515014,0.00386615,-0.00143862,0.0423322
4.168,0.0499312,-0.0514629,0.00386471,-0.00143983,0.042315
4.169,0.0498798,-0.0514244,0.00386327,-0.00144103,0.0422978
4.17,0.0498284,-0.0513859,0.00386183,-0.00144223,0.0422806
4.171,0.049777,-0.0513474,0.00386039,-0.00144343,0.0422634
4.172,0.0497257,-0.051309,0.00385895,-0.00144462,0.0422462
4.173,0.0496744,-0.0512705,0.0038575,-0.00144581,0.042229
4.174,0.0496231,-0.0512321,0.00385605,-0.00144699,0.0422117
4.175,0.0495719,-0.0511937,0.00385461,-0.00144818,0.0421945
4.176,0.0495207,-0.0511553,0.00385316,-0.00144936,0.0421772
4.177,0.0494696,-0.0511169,0.00385171,-0.00145053,0.0421599
4.178,0.0494185,-0.0510786,0.00385026,-0.00145171,0.0421426
4.179,0.0493674,-0.0510402,0.0038488,-0.00145287,0.0421253
4.18,0.0493164,-0.0510019,0.00384735,-0.00145404,0.042108
4.181,0.0492654,-0.0509636,0.0038459,-0.0014552,0.0420907
4.182,0.0492145,-0.0509253,0.00384444,-0.00145636,0.0420734
4.183,0.0491636,-0.050887,0.00384298,-0.00145752,0.042056
4.184,0.0491127,-0.0508487,0.00384152,-0.00145867,0.0420387
4.185,0.0490619,-0.0508104,0.00384007,-0.00145982,0.0420213
4.186,0.0490111,-0.0507722,0.00383861,-0.00146097,0.042004
4.187,0.0489603,-0.050734,0.00383714,-0.00146212,0.0419866
4.188,0.0489096,-0.0506958,0.00383568,-0.00146326,0.0419692
4.189,0.0488589,-0.0506576,0.00383422,-0.00146439,0.0419518
4.19,0.0488083,-0.0506194,0.00383275,-0.00146553,0.0419344
4.191,0.0487577,-0.0505813,0.00383129,-0.00146666,0.041917
4.192,0.0487071,-0.0505431,0.00382982,-0.00146779,0.0418995
4.193,0.0486566,-0.050505,0.00382835,-0.00146891,0.0418821
4.194,0.0486061,-0.0504669,0.00382688,-0.00147003,0.0418646
4.195,0.0485557,-0.0504288,0.00382541,-0.00147115,0.0418472
4.196,0.0485053,-0.0503907,0.00382394,-0.00147226,0.0418297
4.197,0.0484549,-0.0503526,0.00382247,-0.00147338,0.0418122
4.198,0.0484046,-0.0503146,0.00382099,-0.00147448,0.0417947
4.199,0.0483543,-0.0502766,0.00381952,-0.00147559,0.0417772
4.2,0.048304,-0.0502386,0.00381804,-0.00147669,0.0417597
4.201,0.0482538,-0.0502006,0.00381656,-0.00147779,0.0417422
4.202,0.0482036,-0.0501626,0.00381509,-0.00147889,0.0417247
4.203,0.0481535,-0.0501246,0.00381361,-0.00147998,0.0417071
4.204,0.0481034,-0.0500867,0.00381213,-0.00148107,0.0416896
4.205,0.0480533,-0.0500487,0.00381064,-0.00148216,0.041672
4.206,0.0480033,-0.0500108,0.00380916,-0.00148324,0.0416545
4.207,0.0479533,-0.0499729,0.00380768,-0.00148432,0.0416369
4.208,0.0479033,-0.049935,0.00380619,-0.0014854,0.0416193
4.209,0.0478534,-0.0498972,0.00380471,-0.00148647,0.0416017
4.21,0.0478035,-0.0498593,0.00380322,-0.00148754,0.0415841
4.211,0.0477537,-0.0498215,0.00380173,-0.00148861,0.0415665
4.212,0.0477039,-0.0497837,0.00380024,-0.00148967,0.0415488
4.213,0.0476541,-0.0497459,0.00379875,-0.00149073,0.0415312
4.214,0.0476044,-0.0497081,0.00379726,-0.00149179,0.0415136
4.215,0.0475547,-0.0496703,0.00379577,-0.00149285,0.0414959
4.216,0.0475051,-0.0496325,0.00379428,-0.0014939,0.0414782
4.217,0.0474554,-0.0495948,0.00379278,-0.00149495,0.0414606
4.218,0.0474059,-0.0495571,0.00379129,-0.00149599,0.0414429
4.219,0.0473563,-0.0495194,0.00378979,-0.00149704,0.0414252
4.22,0.0473068,-0.0494817,0.00378829,-0.00149808,0.0414075
4.221,0.0472574,-0.049444,0.00378679,-0.00149911,0.0413898
4.222,0.0472079,-0.0494063,0.00378529,-0.00150014,0.0413721
4.223,0.0471586,-0.0493687,0.00378379,-0.00150118,0.0413543
4.224,0.0471092,-0.0493311,0.00378229,-0.0015022,0.0413366
4.225,0.0470599,-0.0492935,0.00378079,-0.00150323,0.0413189
4.226,0.0470106,-0.0492559,0.00377928,-0.00150425,0.0413011
4.227,0.0469614,-0.0492183,0.00377778,-0.00150527,0.0412833
4.228,0.0469122,-0.0491807,0.00377627,-0.00150628,0.0412656
4.229,0.046863,-0.0491432,0.00377477,-0.00150729,0.0412478
4.23,0.0468139,-0.0491057,0.00377326,-0.0015083,0.04123
4.231,0.0467648,-0.0490682,0.00377175,-0.00150931,0.0412122
4.232,0.0467158,-0.0490307,0.00377024,-0.00151031,0.0411944
4.233,0.0466667,-0.0489932,0.00376873,-0.00151131,0.0411766
4.234,0.0466178,-0.0489557,0.00376722,-0.00151231,0.0411587
4.235,0.0465688,-0.0489183,0.00376571,-0.0015133,0.0411409
4.236,0.0465199,-0.0488808,0.00376419,-0.00151429,0.0411231
4.237,0.0464711,-0.0488434,0.00376268,-0.00151528,0.0411052
4.238,0.0464222,-0.048806,0.00376116,-0.00151626,0.0410874
4.239,0.0463735,-0.0487687,0.00375964,-0.00151724,0.0410695
4.24,0.0463247,-0.0487313,0.00375813,-0.00151822,0.0410516
4.241,0.046276,-0.0486939,0.00375661,-0.0015192,0.0410337
4.242,0.0462273,-0.0486566,0.00375509,-0.00152017,0.0410158
4.243,0.0461787,-0.0486193,0.00375357,-0.00152114,0.0409979
4.244,0.0461301,-0.048582,0.00375205,-0.00152211,0.04098
4.245,0.0460815,-0.0485447,0.00375052,-0.00152307,0.0409621
4.246,0.046033,-0.0485074,0.003749,-0.00152403,0.0409442
4.247,0.0459845,-0.0484702,0.00374747,-0.00152499,0.0409262
4.248,0.0459361,-0.048433,0.00374595,-0.00152594,0.0409083
4.249,0.0458876,-0.0483958,0.00374442,-0.0015269,0.0408903
4.25,0.0458393,-0.0483586,0.0037429,-0.00152784,0.0408724
4.251,0.0457909,-0.0483214,0.00374137,-0.00152879,0.0408544
4.252,0.0457426,-0.0482842,0.00373984,-0.00152973,0.0408364
4.253,0.0456944,-0.0482471,0.00373831,-0.00153067,0.0408184
4.254,0.0456461,-0.0482099,0.00373678,-0.00153161,0.0408004
4.255,0.0455979,-0.0481728,0.00373524,-0.00153254,0.0407824
4.256,0.0455498,-0.0481357,0.00373371,-0.00153347,0.0407644
4.257,0.0455017,-0.0480986,0.00373218,-0.0015344,0.0407464
4.258,0.0454536,-0.0480615,0.00373064,-0.00153533,0.0407284
4.259,0.0454055,-0.0480245,0.00372911,-0.00153625,0.0407103
4.26,0.0453575,-0.0479875,0.00372757,-0.00153717,0.0406923
4.261,0.0453096,-0.0479504,0.00372603,-0.00153808,0.0406742
4.262,0.0452616,-0.0479134,0.00372449,-0.001539,0.0406562
4.263,0.0452137,-0.0478765,0.00372295,-0.00153991,0.0406381
4.264,0.0451659,-0.0478395,0.00372141,-0.00154082,0.04062
4.265,0.0451181,-0.0478025,0.00371987,-0.00154172,0.040602
4.266,0.0450703,-0.0477656,0.00371833,-0.00154262,0.0405839
4.267,0.0450225,-0.0477287,0.00371679,-0.00154352,0.0405658
4.268,0.0449748,-0.0476918,0.00371524,-0.00154442,0.0405477
4.269,0.0449271,-0.0476549,0.0037137,-0.00154531,0.0405296
4.27,0.0448795,-0.047618,0.00371215,-0.0015462,0.0405114
4.271,0.0448319,-0.0475812,0.00371061,-0.00154709,0.0404933
4.272,0.0447843,-0.0475443,0.00370906,-0.00154797,0.0404752
4.273,0.0447368,-0.0475075,0.00370751,-0.00154885,0.040457
4.274,0.0446893,-0.0474707,0.00370596,-0.00154973,0.0404389
4.275,0.0446419,-0.0474339,0.00370441,-0.00155061,0.0404207
4.276,0.0445945,-0.0473972,0.00370286,-0.00155148,0.0404025
4.277,0.0445471,-0.0473604,0.00370131,-0.00155235,0.0403844
4.278,0.0444997,-0.0473237,0.00369976,-0.00155322,0.0403662
4.279,0.0444524,-0.047287,0.0036982,-0.00155408,0.040348
4.28,0.0444052,-0.0472502,0.00369665,-0.00155494,0.0403298
4.281,0.0443579,-0.0472136,0.00369509,-0.0015558,0.0403116
4.282,0.0443107,-0.0471769,0.00369354,-0.00155666,0.0402934
4.283,0.0442636,-0.0471402,0.00369198,-0.00155751,0.0402752
4.284,0.0442165,-0.0471036,0.00369042,-0.00155836,0.0402569
4.285,0.0441694,-0.047067,0.00368886,-0.00155921,0.0402387
4.286,0.0441223,-0.0470304,0.0036873,-0.00156005,0.0402205
4.287,0.0440753,-0.0469938,0.00368574,-0.00156089,0.0402022
4.288,0.0440283,-0.0469572,0.00368418,-0.00156173,0.040184
4.289,0.0439814,-0.0469207,0.00368262,-0.00156257,0.0401657
4.29,0.0439345,-0.0468841,0.00368106,-0.0015634,0.0401474
4.291,0.0438876,-0.0468476,0.00367949,-0.00156423,0.0401292
4.292,0.0438408,-0.0468111,0.00367793,-0.00156506,0.0401109
4.293,0.043794,-0.0467746,0.00367636,-0.00156588,0.0400926
4.294,0.0437473,-0.0467382,0.0036748,-0.00156671,0.0400743
4.295,0.0437005,-0.0467017,0.00367323,-0.00156752,0.040056
4.296,0.0436539,-0.0466653,0.00367166,-0.00156834,0.0400377
4.297,0.0436072,-0.0466289,0.00367009,-0.00156915,0.0400194
4.298,0.0435606,-0.0465925,0.00366852,-0.00156997,0.040001
4.299,0.043514,-0.0465561,0.00366695,-0.00157077,0.0399827
4.3,0.0434675,-0.0465197,0.00366538,-0.00157158,0.0399644
4.301,0.043421,-0.0464834,0.00366381,-0.00157238,0.039946
4.302,0.0433745,-0.046447,0.00366224,-0.00157318,0.0399277
4.303,0.0433281,-0.0464107,0.00366066,-0.00157398,0.0399093
4.304,0.0432817,-0.0463744,0.00365909,-0.00157477,0.0398909
4.305,0.0432353,-0.0463381,0.00365751,-0.00157556,0.0398726
4.306,0.043189,-0.0463019,0.00365594,-0.00157635,0.0398542
4.307,0.0431427,-0.0462656,0.00365436,-0.00157714,0.0398358
4.308,0.0430965,-0.0462294,0.00365278,-0.00157792,0.0398174
4.309,0.0430503,-0.0461932,0.0036512,-0.0015787,0.039799
4.31,0.0430041,-0.046157,0.00364962,-0.00157948,0.0397806
4.311,0.042958,-0.0461208,0.00364805,-0.00158025,0.0397622
4.312,0.0429119,-0.0460846,0.00364646,-0.00158103,0.0397438
4.313,0.0428658,-0.0460485,0.00364488,-0.0015818,0.0397254
4.314,0.0428198,-0.0460123,0.0036433,-0.00158256,0.0397069
4.315,0.0427738,-0.0459762,0.00364172,-0.00158333,0.0396885
4.316,0.0427278,-0.0459401,0.00364013,-0.00158409,0.0396701
4.317,0.0426819,-0.045904,0.00363855,-0.00158485,0.0396516
4.318,0.042636,-0.045868,0.00363696,-0.0015856,0.0396331
4.319,0.0425901,-0.0458319,0.00363538,-0.00158635,0.0396147
4.32,0.0425443,-0.0457959,0.00363379,-0.00158711,0.0395962
4.321,0.0424986,-0.0457599,0.0036322,-0.00158785,0.0395777
4.322,0.0424528,-0.0457239,0.00363062,-0.0015886,0.0395593
4.323,0.0424071,-0.0456879,0.00362903,-0.00158934,0.0395408
4.324,0.0423614,-0.0456519,0.00362744,-0.00159008,0.0395223
4.325,0.0423158,-0.045616,0.00362585,-0.00159082,0.0395038
4.326,0.0422702,-0.0455801,0.00362426,-0.00159155,0.0394853
4.327,0.0422246,-0.0455441,0.00362266,-0.00159228,0.0394668
4.328,0.0421791,-0.0455083,0.00362107,-0.00159301,0.0394482
4.329,0.0421336,-0.0454724,0.00361948,-0.00159374,0.0394297
4.33,0.0420882,-0.0454365,0.00361788,-0.00159446,0.0394112
4.331,0.0420428,-0.0454007,0.00361629,-0.00159518,0.0393927
4.332,0.0419974,-0.0453648,0.00361469,-0.0015959,0.0393741
4.333,0.041952,-0.045329,0.0036131,-0.00159662,0.0393556
4.334,0.0419067,-0.0452932,0.0036115,-0.00159733,0.039337
4.335,0.0418614,-0.0452575,0.0036099,-0.00159804,0.0393185
4.336,0.0418162,-0.0452217,0.0036083,-0.00159875,0.0392999
4.337,0.041771,-0.045186,0.00360671,-0.00159945,0.0392813
4.338,0.0417258,-0.0451502,0.00360511,-0.00160016,0.0392627
4.339,0.0416807,-0.0451145,0.0036035,-0.00160086,0.0392442
4.34,0.0416356,-0.0450788,0.0036019,-0.00160155,0.0392256
4.341,0.0415905,-0.0450432,0.0036003,-0.00160225,0.039207
4.342,0.0415455,-0.0450075,0.0035987,-0.00160294,0.0391884
4.343,0.0415005,-0.0449719,0.0035971,-0.00160363,0.0391698
4.344,0.0414556,-0.0449362,0.00359549,-0.00160432,0.0391512
4.345,0.0414107,-0.0449006,0.00359389,-0.001605,0.0391325
4.346,0.0413658,-0.044865,0.00359228,-0.00160568,0.0391139
4.347,0.0413209,-0.0448295,0.00359068,-0.00160636,0.0390953
4.348,0.0412761,-0.0447939,0.00358907,-0.00160704,0.0390767
4.349,0.0412313,-0.0447584,0.00358746,-0.00160771,0.039058
4.35,0.0411866,-0.0447229,0.00358585,-0.00160838,0.0390394
4.351,0.0411419,-0.0446874,0.00358424,-0.00160905,0.0390207
4.352,0.0410972,-0.0446519,0.00358264,-0.00160972,0.0390021
4.353,0.0410526,-0.0446164,0.00358103,-0.00161038,0.0389834
4.354,0.041008,-0.0445809,0.00357941,-0.00161104,0.0389647
4.355,0.0409634,-0.0445455,0.0035778,-0.0016117,0.0389461
4.356,0.0409189,-0.0445101,0.00357619,-0.00161235,0.0389274
4.357,0.0408744,-0.0444747,0.00357458,-0.00161301,0.0389087
4.358,0.0408299,-0.0444393,0.00357297,-0.00161366,0.03889
4.359,0.0407855,-0.0444039,0.00357135,-0.00161431,0.0388713
4.36,0.0407411,-0.0443686,0.00356974,-0.00161495,0.0388526
4.361,0.0406968,-0.0443333,0.00356812,-0.00161559,0.0388339
4.362,0.0406525,-0.0442979,0.00356651,-0.00161624,0.0388152
4.363,0.0406082,-0.0442626,0.00356489,-0.00161687,0.0387965
4.364,0.0405639,-0.0442274,0.00356327,-0.00161751,0.0387778
4.365,0.0405197,-0.0441921,0.00356165,-0.00161814,0.0387591
4.366,0.0404756,-0.0441568,0.00356004,-0.00161877,0.0387404
4.367,0.0404314,-0.0441216,0.00355842,-0.0016194,0.0387216
4.368,0.0403873,-0.0440864,0.0035568,-0.00162002,0.0387029
4.369,0.0403432,-0.0440512,0.00355518,-0.00162065,0.0386841
4.37,0.0402992,-0.044016,0.00355356,-0.00162127,0.0386654
4.371,0.0402552,-0.0439809,0.00355193,-0.00162188,0.0386466
4.372,0.0402113,-0.0439457,0.00355031,-0.0016225,0.0386279
4.373,0.0401673,-0.0439106,0.00354869,-0.00162311,0.0386091
4.374,0.0401234,-0.0438755,0.00354707,-0.00162372,0.0385904
4.375,0.0400796,-0.0438404,0.00354544,-0.00162433,0.0385716
4.376,0.0400358,-0.0438053,0.00354382,-0.00162493,0.0385528
4.377,0.039992,-0.0437703,0.00354219,-0.00162554,0.038534
4.378,0.0399482,-0.0437352,0.00354057,-0.00162614,0.0385152
4.379,0.0399045,-0.0437002,0.00353894,-0.00162674,0.0384964
4.38,0.0398608,-0.0436652,0.00353731,-0.00162733,0.0384776
4.381,0.0398172,-0.0436302,0.00353568,-0.00162792,0.0384588
4.382,0.0397736,-0.0435952,0.00353406,-0.00162851,0.03844
4.383,0.03973,-0.0435603,0.00353243,-0.0016291,0.0384212
4.384,0.0396864,-0.0435253,0.0035308,-0.00162969,0.0384024
4.385,0.0396429,-0.0434904,0.00352917,-0.00163027,0.0383836
4.386,0.0395994,-0.0434555,0.00352754,-0.00163085,0.0383648
4.387,0.039556,-0.0434206,0.00352591,-0.00163143,0.0383459
4.388,0.0395126,-0.0433858,0.00352427,-0.001632,0.0383271
4.389,0.0394692,-0.0433509,0.00352264,-0.00163258,0.0383083
4.39,0.0394259,-0.0433161,0.00352101,-0.00163315,0.0382894
4.391,0.0393826,-0.0432813,0.00351938,-0.00163371,0.0382706
4.392,0.0393393,-0.0432465,0.00351774,-0.00163428,0.0382517
4.393,0.0392961,-0.0432117,0.00351611,-0.00163484,0.0382329
4.394,0.0392529,-0.0431769,0.00351447,-0.0016354,0.038214
4.395,0.0392098,-0.0431422,0.00351284,-0.00163596,0.0381952
4.396,0.0391666,-0.0431074,0.0035112,-0.00163652,0.0381763
4.397,0.0391235,-0.0430727,0.00350956,-0.00163707,0.0381574
4.398,0.0390805,-0.043038,0.00350793,-0.00163762,0.0381386
4.399,0.0390375,-0.0430033,0.00350629,-0.00163817,0.0381197
4.4,0.0389945,-0.0429687,0.00350465,-0.00163872,0.0381008
4.401,0.0389515,-0.042934,0.00350301,-0.00163926,0.0380819
4.402,0.0389086,-0.0428994,0.00350137,-0.0016398,0.038063
4.403,0.0388657,-0.0428648,0.00349973,-0.00164034,0.0380441
4.404,0.0388229,-0.0428302,0.00349809,-0.00164088,0.0380252
4.405,0.0387801,-0.0427956,0.00349645,-0.00164141,0.0380063
4.406,0.0387373,-0.0427611,0.00349481,-0.00164194,0.0379874
4.407,0.0386946,-0.0427265,0.00349317,-0.00164247,0.0379685
4.408,0.0386518,-0.042692,0.00349152,-0.001643,0.0379496
4.409,0.0386092,-0.0426575,0.00348988,-0.00164353,0.0379306
4.41,0.0385665,-0.042623,0.00348824,-0.00164405,0.0379117
4.411,0.0385239,-0.0425885,0.00348659,-0.00164457,0.0378928
4.412,0.0384813,-0.0425541,0.00348495,-0.00164508,0.0378739
4.413,0.0384388,-0.0425196,0.0034833,-0.0016456,0.0378549
4.414,0.0383963,-0.0424852,0.00348166,-0.00164611,0.037836
4.415,0.0383538,-0.0424508,0.00348001,-0.00164662,0.037817
4.416,0.0383114,-0.0424164,0.00347836,-0.00164713,0.0377981
4.417,0.038269,-0.0423821,0.00347672,-0.00164764,0.0377791
4.418,0.0382266,-0.0423477,0.00347507,-0.00164814,0.0377602
4.419,0.0381843,-0.0423134,0.00347342,-0.00164864,0.0377412
4.42,0.038142,-0.0422791,0.00347177,-0.00164914,0.0377223
4.421,0.0380998,-0.0422448,0.00347012,-0.00164964,0.0377033
4.422,0.0380575,-0.0422105,0.00346847,-0.00165013,0.0376843
4.423,0.0380153,-0.0421762,0.00346682,-0.00165062,0.0376653
4.424,0.0379732,-0.042142,0.00346517,-0.00165111,0.0376464
4.425,0.0379311,-0.0421078,0.00346352,-0.0016516,0.0376274
4.426,0.037889,-0.0420735,0.00346187,-0.00165208,0.0376084
4.427,0.0378469,-0.0420393,0.00346021,-0.00165257,0.0375894
4.428,0.0378049,-0.0420052,0.00345856,-0.00165305,0.0375704
4.429,0.0377629,-0.041971,0.00345691,-0.00165352,0.0375514
4.43,0.0377209,-0.0419369,0.00345525,-0.001654,0.0375324
4.431,0.037679,-0.0419027,0.0034536,-0.00165447,0.0375134
4.432,0.0376371,-0.0418686,0.00345195,-0.00165494,0.0374944
4.433,0.0375953,-0.0418345,0.00345029,-0.00165541,0.0374754
4.434,0.0375535,-0.0418005,0.00344863,-0.00165588,0.0374564
4.435,0.0375117,-0.0417664,0.00344698,-0.00165634,0.0374374
4.436,0.0374699,-0.0417324,0.00344532,-0.0016568,0.0374184
4.437,0.0374282,-0.0416984,0.00344366,-0.00165726,0.0373993
4.438,0.0373865,-0.0416644,0.00344201,-0.00165772,0.0373803
4.439,0.0373449,-0.0416304,0.00344035,-0.00165817,0.0373613
4.44,0.0373033,-0.0415964,0.00343869,-0.00165863,0.0373423
4.441,0.0372617,-0.0415625,0.00343703,-0.00165908,0.0373232
4.442,0.0372201,-0.0415285,0.00343537,-0.00165952,0.0373042
4.443,0.0371786,-0.0414946,0.00343371,-0.00165997,0.0372851
4.444,0.0371372,-0.0414607,0.00343205,-0.00166041,0.0372661
4.445,0.0370957,-0.0414268,0.00343039,-0.00166085,0.037247
4.446,0.0370543,-0.041393,0.00342873,-0.00166129,0.037228
4.447,0.0370129,-0.0413591,0.00342707,-0.00166173,0.0372089
4.448,0.0369716,-0.0413253,0.00342541,-0.00166216,0.0371899
4.449,0.0369303,-0.0412915,0.00342375,-0.0016626,0.0371708
4.45,0.036889,-0.0412577,0.00342208,-0.00166303,0.0371518
4.451,0.0368478,-0.0412239,0.00342042,-0.00166345,0.0371327
4.452,0.0368066,-0.0411901,0.00341876,-0.00166388,0.0371136
4.453,0.0367654,-0.0411564,0.00341709,-0.0016643,0.0370945
4.454,0.0367242,-0.0411227,0.00341543,-0.00166472,0.0370755
4.455,0.0366831,-0.041089,0.00341376,-0.00166514,0.0370564
4.456,0.0366421,-0.0410553,0.0034121,-0.00166556,0.0370373
4.457,0.036601,-0.0410216,0.00341043,-0.00166597,0.0370182
4.458,0.03656,-0.040988,0.00340876,-0.00166639,0.0369991
4.459,0.0365191,-0.0409543,0.0034071,-0.0016668,0.03698
4.46,0.0364781,-0.0409207,0.00340543,-0.0016672,0.036961
4.461,0.0364372,-0.0408871,0.00340376,-0.00166761,0.0369419
4.462,0.0363963,-0.0408535,0.0034021,-0.00166801,0.0369228
4.463,0.0363555,-0.0408199,0.00340043,-0.00166841,0.0369037
4.464,0.0363147,-0.0407864,0.00339876,-0.00166881,0.0368846
4.465,0.0362739,-0.0407529,0.00339709,-0.00166921,0.0368655
4.466,0.0362332,-0.0407194,0.00339542,-0.0016696,0.0368463
4.467,0.0361925,-0.0406859,0.00339375,-0.00166999,0.0368272
4.468,0.0361518,-0.0406524,0.00339208,-0.00167038,0.0368081
4.469,0.0361112,-0.0406189,0.00339041,-0.00167077,0.036789
4.47,0.0360706,-0.0405855,0.00338874,-0.00167116,0.0367699
4.471,0.03603,-0.040552,0.00338707,-0.00167154,0.0367508
4.472,0.0359895,-0.0405186,0.0033854,-0.00167192,0.0367316
4.473,0.035949,-0.0404852,0.00338372,-0.0016723,0.0367125
4.474,0.0359085,-0.0404519,0.00338205,-0.00167268,0.0366934
4.475,0.0358681,-0.0404185,0.00338038,-0.00167305,0.0366742
4.476,0.0358277,-0.0403852,0.00337871,-0.00167343,0.0366551
4.477,0.0357873,-0.0403518,0.00337703,-0.0016738,0.036636
4.478,0.035747,-0.0403185,0.00337536,-0.00167417,0.0366168
4.479,0.0357067,-0.0402853,0.00337368,-0.00167453,0.0365977
4.48,0.0356664,-0.040252,0.00337201,-0.0016749,0.0365785
4.481,0.0356262,-0.0402187,0.00337033,-0.00167526,0.0365594
4.482,0.035586,-0.0401855,0.00336866,-0.00167562,0.0365403
4.483,0.0355458,-0.0401523,0.00336698,-0.00167597,0.0365211
4.484,0.0355057,-0.0401191,0.00336531,-0.00167633,0.036502
4.485,0.0354656,-0.0400859,0.00336363,-0.00167668,0.0364828
4.486,0.0354255,-0.0400527,0.00336195,-0.00167703,0.0364636
4.487,0.0353855,-0.0400196,0.00336028,-0.00167738,0.0364445
4.488,0.0353454,-0.0399865,0.0033586,-0.00167773,0.0364253
4.489,0.0353055,-0.0399533,0.00335692,-0.00167808,0.0364062
4.49,0.0352655,-0.0399202,0.00335524,-0.00167842,0.036387
4.491,0.0352256,-0.0398872,0.00335356,-0.00167876,0.0363678
4.492,0.0351858,-0.0398541,0.00335188,-0.0016791,0.0363486
4.493,0.0351459,-0.0398211,0.00335021,-0.00167943,0.0363295
4.494,0.0351061,-0.039788,0.00334853,-0.00167977,0.0363103
4.495,0.0350664,-0.039755,0.00334685,-0.0016801,0.0362911
4.496,0.0350266,-0.039722,0.00334517,-0.00168043,0.0362719
4.497,0.0349869,-0.0396891,0.00334349,-0.00168076,0.0362528
4.498,0.0349472,-0.0396561,0.0033418,-0.00168108,0.0362336
4.499,0.0349076,-0.0396232,0.00334012,-0.00168141,0.0362144
4.5,0.034868,-0.0395903,0.00333844,-0.00168173,0.0361952
4.501,0.0348284,-0.0395574,0.00333676,-0.00168205,0.036176
4.502,0.0347889,-0.0395245,0.00333508,-0.00168237,0.0361568
4.503,0.0347494,-0.0394916,0.00333339,-0.00168268,0.0361376
4.504,0.0347099,-0.0394588,0.00333171,-0.001683,0.0361184
4.505,0.0346704,-0.0394259,0.00333003,-0.00168331,0.0360992
4.506,0.034631,-0.0393931,0.00332835,-0.00168362,0.03608
4.507,0.0345917,-0.0393603,0.00332666,-0.00168392,0.0360608
4.508,0.0345523,-0.0393275,0.00332498,-0.00168423,0.0360416
4.509,0.034513,-0.0392948,0.00332329,-0.00168453,0.0360224
4.51,0.0344737,-0.039262,0.00332161,-0.00168483,0.0360032
4.511,0.0344345,-0.0392293,0.00331992,-0.00168513,0.035984
4.512,0.0343953,-0.0391966,0.00331824,-0.00168543,0.0359648
4.513,0.0343561,-0.0391639,0.00331655,-0.00168572,0.0359456
4.514,0.0343169,-0.0391312,0.00331487,-0.00168602,0.0359264
4.515,0.0342778,-0.0390986,0.00331318,-0.00168631,0.0359072
4.516,0.0342387,-0.0390659,0.00331149,-0.0016866,0.035888
4.517,0.0341997,-0.0390333,0.00330981,-0.00168688,0.0358688
4.518,0.0341607,-0.0390007,0.00330812,-0.00168717,0.0358495
4.519,0.0341217,-0.0389681,0.00330643,-0.00168745,0.0358303
4.52,0.0340827,-0.0389356,0.00330475,-0.00168773,0.0358111
4.521,0.0340438,-0.038903,0.00330306,-0.00168801,0.0357919
4.522,0.0340049,-0.0388705,0.00330137,-0.00168829,0.0357727
4.523,0.0339661,-0.038838,0.00329968,-0.00168856,0.0357534
4.524,0.0339273,-0.0388055,0.00329799,-0.00168884,0.0357342
4.525,0.0338885,-0.038773,0.0032963,-0.00168911,0.035715
4.526,0.0338497,-0.0387405,0.00329461,-0.00168937,0.0356957
4.527,0.033811,-0.0387081,0.00329292,-0.00168964,0.0356765
4.528,0.0337723,-0.0386756,0.00329123,-0.00168991,0.0356573
4.529,0.0337336,-0.0386432,0.00328954,-0.00169017,0.035638
4.53,0.033695,-0.0386108,0.00328785,-0.00169043,0.0356188
4.531,0.0336564,-0.0385785,0.00328616,-0.00169069,0.0355996
4.532,0.0336179,-0.0385461,0.00328447,-0.00169094,0.0355803
4.533,0.0335793,-0.0385138,0.00328278,-0.0016912,0.0355611
4.534,0.0335408,-0.0384815,0.00328109,-0.00169145,0.0355419
4.535,0.0335024,-0.0384491,0.0032794,-0.0016917,0.0355226
4.536,0.0334639,-0.0384169,0.00327771,-0.00169195,0.0355034
4.537,0.0334255,-0.0383846,0.00327602,-0.0016922,0.0354841
4.538,0.0333872,-0.0383523,0.00327432,-0.00169244,0.0354649
4.539,0.0333488,-0.0383201,0.00327263,-0.00169269,0.0354456
4.54,0.0333105,-0.0382879,0.00327094,-0.00169293,0.0354264
4.541,0.0332722,-0.0382557,0.00326924,-0.00169317,0.0354071
4.542,0.033234,-0.0382235,0.00326755,-0.0016934,0.0353879
4.543,0.0331958,-0.0381913,0.00326586,-0.00169364,0.0353686
4.544,0.0331576,-0.0381592,0.00326416,-0.00169387,0.0353494
4.545,0.0331195,-0.0381271,0.00326247,-0.0016941,0.0353301
4.546,0.0330814,-0.038095,0.00326078,-0.00169433,0.0353109
4.547,0.0330433,-0.0380629,0.00325908,-0.00169456,0.0352916
4.548,0.0330052,-0.0380308,0.00325739,-0.00169478,0.0352724
4.549,0.0329672,-0.0379987,0.00325569,-0.00169501,0.0352531
4.55,0.0329292,-0.0379667,0.003254,-0.00169523,0.0352339
4.551,0.0328913,-0.0379347,0.0032523,-0.00169545,0.0352146
4.552,0.0328534,-0.0379027,0.00325061,-0.00169567,0.0351953
4.553,0.0328155,-0.0378707,0.00324891,-0.00169588,0.0351761
4.554,0.0327776,-0.0378387,0.00324721,-0.00169609,0.0351568
4.555,0.0327398,-0.0378067,0.00324552,-0.00169631,0.0351376
4.556,0.032702,-0.0377748,0.00324382,-0.00169652,0.0351183
4.557,0.0326643,-0.0377429,0.00324212,-0.00169672,0.035099
4.558,0.0326265,-0.037711,0.00324043,-0.00169693,0.0350798
4.559,0.0325888,-0.0376791,0.00323873,-0.00169713,0.0350605
4.56,0.0325512,-0.0376472,0.00323703,-0.00169734,0.0350412
4.561,0.0325135,-0.0376154,0.00323534,-0.00169754,0.035022
4.562,0.0324759,-0.0375836,0.00323364,-0.00169774,0.0350027
4.563,0.0324384,-0.0375518,0.00323194,-0.00169793,0.0349834
4.564,0.0324008,-0.03752,0.00323024,-0.00169813,0.0349642
4.565,0.0323633,-0.0374882,0.00322854,-0.00169832,0.0349449
4.566,0.0323259,-0.0374564,0.00322685,-0.00169851,0.0349256
4.567,0.0322884,-0.0374247,0.00322515,-0.0016987,0.0349064
4.568,0.032251,-0.037393,0.00322345,-0.00169889,0.0348871
4.569,0.0322136,-0.0373613,0.00322175,-0.00169907,0.0348678
4.57,0.0321763,-0.0373296,0.00322005,-0.00169926,0.0348486
4.571,0.032139,-0.0372979,0.00321835,-0.00169944,0.0348293
4.572,0.0321017,-0.0372662,0.00321665,-0.00169962,0.03481
4.573,0.0320645,-0.0372346,0.00321495,-0.00169979,0.0347907
4.574,0.0320272,-0.037203,0.00321325,-0.00169997,0.0347715
4.575,0.03199,-0.0371714,0.00321155,-0.00170014,0.0347522
4.576,0.0319529,-0.0371398,0.00320985,-0.00170032,0.0347329
4.577,0.0319158,-0.0371082,0.00320815,-0.00170049,0.0347136
4.578,0.0318787,-0.0370767,0.00320645,-0.00170066,0.0346944
4.579,0.0318416,-0.0370452,0.00320475,-0.00170082,0.0346751
4.58,0.0318046,-0.0370136,0.00320305,-0.00170099,0.0346558
4.581,0.0317676,-0.0369822,0.00320135,-0.00170115,0.0346365
4.582,0.0317306,-0.0369507,0.00319965,-0.00170131,0.0346173
4.583,0.0316937,-0.0369192,0.00319795,-0.00170147,0.034598
4.584,0.0316568,-0.0368878,0.00319624,-0.00170163,0.0345787
4.585,0.0316199,-0.0368563,0.00319454,-0.00170178,0.0345594
4.586,0.0315831,-0.0368249,0.00319284,-0.00170194,0.0345401
4.587,0.0315463,-0.0367936,0.00319114,-0.00170209,0.0345209
4.588,0.0315095,-0.0367622,0.00318944,-0.00170224,0.0345016
4.589,0.0314727,-0.0367308,0.00318773,-0.00170239,0.0344823
4.59,0.031436,-0.0366995,0.00318603,-0.00170253,0.034463
4.591,0.0313993,-0.0366682,0.00318433,-0.00170268,0.0344438
4.592,0.0313627,-0.0366369,0.00318263,-0.00170282,0.0344245
4.593,0.0313261,-0.0366056,0.00318092,-0.00170296,0.0344052
4.594,0.0312895,-0.0365743,0.00317922,-0.0017031,0.0343859
4.595,0.0312529,-0.0365431,0.00317752,-0.00170324,0.0343666
4.596,0.0312164,-0.0365118,0.00317581,-0.00170338,0.0343474
4.597,0.0311799,-0.0364806,0.00317411,-0.00170351,0.0343281
4.598,0.0311434,-0.0364494,0.00317241,-0.00170364,0.0343088
4.599,0.031107,-0.0364182,0.0031707,-0.00170377,0.0342895
4.6,0.0310706,-0.0363871,0.003169,-0.0017039,0.0342702
4.601,0.0310342,-0.0363559,0.0031673,-0.00170403,0.034251
4.602,0.0309979,-0.0363248,0.00316559,-0.00170415,0.0342317
4.603,0.0309616,-0.0362937,0.00316389,-0.00170428,0.0342124
4.604,0.0309253,-0.0362626,0.00316218,-0.0017044,0.0341931
4.605,0.030889,-0.0362315,0.00316048,-0.00170452,0.0341738
4.606,0.0308528,-0.0362005,0.00315877,-0.00170463,0.0341546
4.607,0.0308166,-0.0361695,0.00315707,-0.00170475,0.0341353
4.608,0.0307805,-0.0361384,0.00315536,-0.00170486,0.034116
4.609,0.0307444,-0.0361074,0.00315366,-0.00170498,0.0340967
4.61,0.0307083,-0.0360765,0.00315195,-0.00170509,0.0340774
4.611,0.0306722,-0.0360455,0.00315025,-0.0017052,0.0340582
4.612,0.0306362,-0.0360145,0.00314854,-0.0017053,0.0340389
4.613,0.0306002,-0.0359836,0.00314684,-0.00170541,0.0340196
4.614,0.0305642,-0.0359527,0.00314513,-0.00170551,0.0340003
4.615,0.0305283,-0.0359218,0.00314343,-0.00170562,0.0339811
4.616,0.0304924,-0.0358909,0.00314172,-0.00170572,0.0339618
4.617,0.0304565,-0.0358601,0.00314002,-0.00170581,0.0339425
4.618,0.0304206,-0.0358292,0.00313831,-0.00170591,0.0339232
4.619,0.0303848,-0.0357984,0.0031366,-0.00170601,0.033904
4.62,0.0303491,-0.0357676,0.0031349,-0.0017061,0.0338847
4.621,0.0303133,-0.0357368,0.00313319,-0.00170619,0.0338654
4.622,0.0302776,-0.035706,0.00313149,-0.00170628,0.0338461
4.623,0.0302419,-0.0356753,0.00312978,-0.00170637,0.0338269
4.624,0.0302062,-0.0356445,0.00312807,-0.00170646,0.0338076
4.625,0.0301706,-0.0356138,0.00312637,-0.00170654,0.0337883
4.626,0.030135,-0.0355831,0.00312466,-0.00170662,0.033769
4.627,0.0300994,-0.0355524,0.00312295,-0.00170671,0.0337498
4.628,0.0300639,-0.0355217,0.00312125,-0.00170678,0.0337305
4.629,0.0300284,-0.0354911,0.00311954,-0.00170686,0.0337112
4.63,0.0299929,-0.0354605,0.00311783,-0.00170694,0.0336919
4.631,0.0299575,-0.0354298,0.00311613,-0.00170701,0.0336727
4.632,0.0299221,-0.0353992,0.00311442,-0.00170709,0.0336534
4.633,0.0298867,-0.0353687,0.00311271,-0.00170716,0.0336341
4.634,0.0298513,-0.0353381,0.003111,-0.00170723,0.0336149
4.635,0.029816,-0.0353076,0.0031093,-0.00170729,0.0335956
4.636,0.0297807,-0.035277,0.00310759,-0.00170736,0.0335763
4.637,0.0297454,-0.0352465,0.00310588,-0.00170742,0.0335571
4.638,0.0297102,-0.035216,0.00310418,-0.00170749,0.0335378
4.639,0.029675,-0.0351856,0.00310247,-0.00170755,0.0335185
4.64,0.0296398,-0.0351551,0.00310076,-0.00170761,0.0334993
4.641,0.0296047,-0.0351247,0.00309905,-0.00170766,0.03348
4.642,0.0295696,-0.0350942,0.00309734,-0.00170772,0.0334607
4.643,0.0295345,-0.0350638,0.00309564,-0.00170778,0.0334415
4.644,0.0294995,-0.0350334,0.00309393,-0.00170783,0.0334222
4.645,0.0294644,-0.0350031,0.00309222,-0.00170788,0.0334029
4.646,0.0294295,-0.0349727,0.00309051,-0.00170793,0.0333837
4.647,0.0293945,-0.0349424,0.00308881,-0.00170798,0.0333644
4.648,0.0293596,-0.0349121,0.0030871,-0.00170802,0.0333452
4.649,0.0293247,-0.0348818,0.00308539,-0.00170807,0.0333259
4.65,0.0292898,-0.0348515,0.00308368,-0.00170811,0.0333067
4.651,0.029255,-0.0348212,0.00308197,-0.00170815,0.0332874
4.652,0.0292202,-0.034791,0.00308027,-0.00170819,0.0332681
4.653,0.0291854,-0.0347608,0.00307856,-0.00170823,0.0332489
4.654,0.0291506,-0.0347306,0.00307685,-0.00170826,0.0332296
4.655,0.0291159,-0.0347004,0.00307514,-0.0017083,0.0332104
4.656,0.0290812,-0.0346702,0.00307343,-0.00170833,0.0331911
4.657,0.0290466,-0.03464,0.00307172,-0.00170836,0.0331719
4.658,0.029012,-0.0346099,0.00307002,-0.00170839,0.0331526
4.659,0.0289774,-0.0345798,0.00306831,-0.00170842,0.0331334
4.66,0.0289428,-0.0345497,0.0030666,-0.00170844,0.0331141
4.661,0.0289083,-0.0345196,0.00306489,-0.00170847,0.0330949
4.662,0.0288738,-0.0344895,0.00306318,-0.00170849,0.0330756
4.663,0.0288393,-0.0344595,0.00306147,-0.00170851,0.0330564
4.664,0.0288048,-0.0344294,0.00305976,-0.00170853,0.0330371
4.665,0.0287704,-0.0343994,0.00305806,-0.00170855,0.0330179
4.666,0.028736,-0.0343694,0.00305635,-0.00170857,0.0329987
4.667,0.0287017,-0.0343394,0.00305464,-0.00170858,0.0329794
4.668,0.0286674,-0.0343095,0.00305293,-0.0017086,0.0329602
4.669,0.0286331,-0.0342795,0.00305122,-0.00170861,0.0329409
4.67,0.0285988,-0.0342496,0.00304951,-0.00170862,0.0329217
4.671,0.0285646,-0.0342197,0.0030478,-0.00170863,0.0329025
4.672,0.0285304,-0.0341898,0.0030461,-0.00170863,0.0328832
4.673,0.0284962,-0.0341599,0.00304439,-0.00170864,0.032864
4.674,0.028462,-0.03413,0.00304268,-0.00170864,0.0328448
4.675,0.0284279,-0.0341002,0.00304097,-0.00170865,0.0328255
4.676,0.0283938,-0.0340704,0.00303926,-0.00170865,0.0328063
4.677,0.0283598,-0.0340406,0.00303755,-0.00170865,0.0327871
4.678,0.0283258,-0.0340108,0.00303584,-0.00170864,0.0327679
4.679,0.0282918,-0.033981,0.00303414,-0.00170864,0.0327486
4.68,0.0282578,-0.0339513,0.00303243,-0.00170863,0.0327294
4.681,0.0282239,-0.0339215,0.00303072,-0.00170863,0.0327102
4.682,0.02819,-0.0338918,0.00302901,-0.00170862,0.032691
4.683,0.0281561,-0.0338621,0.0030273,-0.00170861,0.0326717
4.684,0.0281222,-0.0338324,0.00302559,-0.00170859,0.0326525
4.685,0.0280884,-0.0338027,0.00302388,-0.00170858,0.0326333
4.686,0.0280546,-0.0337731,0.00302218,-0.00170857,0.0326141
4.687,0.0280209,-0.0337435,0.00302047,-0.00170855,0.0325949
4.688,0.0279871,-0.0337139,0.00301876,-0.00170853,0.0325757
4.689,0.0279534,-0.0336843,0.00301705,-0.00170851,0.0325565
4.69,0.0279198,-0.0336547,0.00301534,-0.00170849,0.0325372
4.691,0.0278861,-0.0336251,0.00301363,-0.00170847,0.032518
4.692,0.0278525,-0.0335956,0.00301192,-0.00170844,0.0324988
4.693,0.0278189,-0.033566,0.00301022,-0.00170842,0.0324796
4.694,0.0277854,-0.0335365,0.00300851,-0.00170839,0.0324604
4.695,0.0277519,-0.033507,0.0030068,-0.00170836,0.0324412
4.696,0.0277184,-0.0334776,0.00300509,-0.00170833,0.032422
4.697,0.0276849,-0.0334481,0.00300338,-0.0017083,0.0324028
4.698,0.0276515,-0.0334187,0.00300167,-0.00170827,0.0323836
4.699,0.0276181,-0.0333893,0.00299997,-0.00170823,0.0323644
4.7,0.0275847,-0.0333599,0.00299826,-0.00170819,0.0323452
4.701,0.0275514,-0.0333305,0.00299655,-0.00170816,0.032326
4.702,0.027518,-0.0333011,0.00299484,-0.00170812,0.0323069
4.703,0.0274848,-0.0332718,0.00299313,-0.00170808,0.0322877
4.704,0.0274515,-0.0332424,0.00299143,-0.00170803,0.0322685
4.705,0.0274183,-0.0332131,0.00298972,-0.00170799,0.0322493
4.706,0.0273851,-0.0331838,0.00298801,-0.00170794,0.0322301
4.707,0.0273519,-0.0331545,0.0029863,-0.0017079,0.0322109
4.708,0.0273188,-0.0331253,0.00298459,-0.00170785,0.0321917
4.709,0.0272857,-0.033096,0.00298289,-0.0017078,0.0321726
4.71,0.0272526,-0.0330668,0.00298118,-0.00170775,0.0321534
4.711,0.0272195,-0.0330376,0.00297947,-0.00170769,0.0321342
4.712,0.0271865,-0.0330084,0.00297776,-0.00170764,0.032115
4.713,0.0271535,-0.0329792,0.00297605,-0.00170758,0.0320959
4.714,0.0271205,-0.0329501,0.00297435,-0.00170752,0.0320767
4.715,0.0270876,-0.0329209,0.00297264,-0.00170746,0.0320575
4.716,0.0270547,-0.0328918,0.00297093,-0.0017074,0.0320384
4.717,0.0270218,-0.0328627,0.00296922,-0.00170734,0.0320192
4.718,0.026989,-0.0328336,0.00296752,-0.00170728,0.032
4.719,0.0269562,-0.0328045,0.00296581,-0.00170721,0.0319809
4.72,0.0269234,-0.0327755,0.0029641,-0.00170715,0.0319617
4.721,0.0268906,-0.0327464,0.0029624,-0.00170708,0.0319426
4.722,0.0268579,-0.0327174,0.00296069,-0.00170701,0.0319234
4.723,0.0268252,-0.0326884,0.00295898,-0.00170694,0.0319043
4.724,0.0267925,-0.0326594,0.00295728,-0.00170687,0.0318851
4.725,0.0267598,-0.0326305,0.00295557,-0.00170679,0.031866
4.726,0.0267272,-0.0326015,0.00295386,-0.00170672,0.0318468
4.727,0.0266946,-0.0325726,0.00295215,-0.00170664,0.0318277
4.728,0.0266621,-0.0325437,0.00295045,-0.00170656,0.0318085
4.729,0.0266296,-0.0325148,0.00294874,-0.00170648,0.0317894
4.73,0.0265971,-0.0324859,0.00294704,-0.0017064,0.0317702
4.731,0.0265646,-0.032457,0.00294533,-0.00170632,0.0317511
4.732,0.0265321,-0.0324282,0.00294362,-0.00170624,0.031732
4.733,0.0264997,-0.0323994,0.00294192,-0.00170615,0.0317128
4.734,0.0264673,-0.0323706,0.00294021,-0.00170606,0.0316937
4.735,0.026435,-0.0323418,0.0029385,-0.00170598,0.0316746
4.736,0.0264027,-0.032313,0.0029368,-0.00170589,0.0316555
4.737,0.0263704,-0.0322842,0.00293509,-0.0017058,0.0316363
4.738,0.0263381,-0.0322555,0.00293339,-0.0017057,0.0316172
4.739,0.0263059,-0.0322268,0.00293168,-0.00170561,0.0315981
4.74,0.0262736,-0.0321981,0.00292998,-0.00170551,0.031579
4.741,0.0262415,-0.0321694,0.00292827,-0.00170542,0.0315599
4.742,0.0262093,-0.0321407,0.00292656,-0.00170532,0.0315408
4.743,0.0261772,-0.0321121,0.00292486,-0.00170522,0.0315217
4.744,0.0261451,-0.0320834,0.00292315,-0.00170512,0.0315025
4.745,0.026113,-0.0320548,0.00292145,-0.00170502,0.0314834
4.746,0.026081,-0.0320262,0.00291974,-0.00170491,0.0314643
4.747,0.026049,-0.0319976,0.00291804,-0.00170481,0.0314452
4.748,0.026017,-0.0319691,0.00291633,-0.0017047,0.0314261
4.749,0.025985,-0.0319405,0.00291463,-0.00170459,0.031407
4.75,0.0259531,-0.031912,0.00291293,-0.00170448,0.031388
4.751,0.0259212,-0.0318835,0.00291122,-0.00170437,0.0313689
4.752,0.0258893,-0.031855,0.00290952,-0.00170426,0.0313498
4.753,0.0258575,-0.0318265,0.00290781,-0.00170415,0.0313307
4.754,0.0258257,-0.0317981,0.00290611,-0.00170403,0.0313116
4.755,0.0257939,-0.0317696,0.0029044,-0.00170391,0.0312925
4.756,0.0257621,-0.0317412,0.0029027,-0.0017038,0.0312734
4.757,0.0257304,-0.0317128,0.002901,-0.00170368,0.0312544
4.758,0.0256987,-0.0316844,0.00289929,-0.00170356,0.0312353
4.759,0.025667,-0.031656,0.00289759,-0.00170344,0.0312162
4.76,0.0256354,-0.0316277,0.00289589,-0.00170331,0.0311972
4.761,0.0256038,-0.0315993,0.00289418,-0.00170319,0.0311781
4.762,0.0255722,-0.031571,0.00289248,-0.00170306,0.031159
4.763,0.0255406,-0.0315427,0.00289078,-0.00170293,0.03114
4.764,0.0255091,-0.0315144,0.00288907,-0.00170281,0.0311209
4.765,0.0254776,-0.0314861,0.00288737,-0.00170267,0.0311018
4.766,0.0254461,-0.0314579,0.00288567,-0.00170254,0.0310828
4.767,0.0254147,-0.0314297,0.00288397,-0.00170241,0.0310637
4.768,0.0253833,-0.0314014,0.00288226,-0.00170228,0.0310447
4.769,0.0253519,-0.0313732,0.00288056,-0.00170214,0.0310256
4.77,0.0253205,-0.0313451,0.00287886,-0.001702,0.0310066
4.771,0.0252892,-0.0313169,0.00287716,-0.00170187,0.0309876
4.772,0.0252579,-0.0312888,0.00287546,-0.00170173,0.0309685
4.773,0.0252266,-0.0312606,0.00287375,-0.00170159,0.0309495
4.774,0.0251954,-0.0312325,0.00287205,-0.00170144,0.0309305
4.775,0.0251642,-0.0312044,0.00287035,-0.0017013,0.0309114
4.776,0.025133,-0.0311763,0.00286865,-0.00170115,0.0308924
4.777,0.0251018,-0.0311483,0.00286695,-0.00170101,0.0308734
4.778,0.0250707,-0.0311202,0.00286525,-0.00170086,0.0308544
4.779,0.0250396,-0.0310922,0.00286355,-0.00170071,0.0308353
4.78,0.0250085,-0.0310642,0.00286185,-0.00170056,0.0308163
4.781,0.0249774,-0.0310362,0.00286015,-0.00170041,0.0307973
4.782,0.0249464,-0.0310082,0.00285845,-0.00170026,0.0307783
4.783,0.0249154,-0.0309803,0.00285675,-0.0017001,0.0307593
4.784,0.0248845,-0.0309523,0.00285505,-0.00169995,0.0307403
4.785,0.0248535,-0.0309244,0.00285335,-0.00169979,0.0307213
4.786,0.0248226,-0.0308965,0.00285165,-0.00169963,0.0307023
4.787,0.0247917,-0.0308686,0.00284995,-0.00169947,0.0306833
4.788,0.0247609,-0.0308408,0.00284825,-0.00169931,0.0306643
4.789,0.02473,-0.0308129,0.00284655,-0.00169915,0.0306453
4.79,0.0246992,-0.0307851,0.00284485,-0.00169899,0.0306263
4.791,0.0246685,-0.0307573,0.00284315,-0.00169882,0.0306073
4.792,0.0246377,-0.0307295,0.00284145,-0.00169866,0.0305884
4.793,0.024607,-0.0307017,0.00283975,-0.00169849,0.0305694
4.794,0.0245763,-0.0306739,0.00283805,-0.00169832,0.0305504
4.795,0.0245457,-0.0306462,0.00283636,-0.00169815,0.0305314
4.796,0.024515,-0.0306184,0.00283466,-0.00169798,0.0305125
4.797,0.0244844,-0.0305907,0.00283296,-0.00169781,0.0304935
4.798,0.0244538,-0.030563,0.00283126,-0.00169763,0.0304745
4.799,0.0244233,-0.0305353,0.00282957,-0.00169746,0.0304556
4.8,0.0243928,-0.0305077,0.00282787,-0.00169728,0.0304366
4.801,0.0243623,-0.03048,0.00282617,-0.0016971,0.0304176
4.802,0.0243318,-0.0304524,0.00282447,-0.00169692,0.0303987
4.803,0.0243014,-0.0304248,0.00282278,-0.00169674,0.0303797
4.804,0.024271,-0.0303972,0.00282108,-0.00169656,0.0303608
4.805,0.0242406,-0.0303696,0.00281938,-0.00169638,0.0303419
4.806,0.0242102,-0.0303421,0.00281769,-0.0016962,0.0303229
4.807,0.0241799,-0.0303145,0.00281599,-0.00169601,0.030304
4.808,0.0241496,-0.030287,0.0028143,-0.00169582,0.0302851
4.809,0.0241193,-0.0302595,0.0028126,-0.00169564,0.0302661
4.81,0.0240891,-0.030232,0.0028109,-0.00169545,0.0302472
4.811,0.0240589,-0.0302045,0.00280921,-0.00169526,0.0302283
4.812,0.0240287,-0.0301771,0.00280751,-0.00169507,0.0302093
4.813,0.0239985,-0.0301497,0.00280582,-0.00169487,0.0301904
4.814,0.0239684,-0.0301222,0.00280412,-0.00169468,0.0301715
4.815,0.0239383,-0.0300948,0.00280243,-0.00169448,0.0301526
4.816,0.0239082,-0.0300674,0.00280073,-0.00169429,0.0301337
4.817,0.0238781,-0.0300401,0.00279904,-0.00169409,0.0301148
4.818,0.0238481,-0.0300127,0.00279735,-0.00169389,0.0300959
4.819,0.0238181,-0.0299854,0.00279565,-0.00169369,0.030077
4.82,0.0237881,-0.0299581,0.00279396,-0.00169349,0.0300581
4.821,0.0237582,-0.0299308,0.00279227,-0.00169329,0.0300392
4.822,0.0237283,-0.0299035,0.00279057,-0.00169308,0.0300203
4.823,0.0236984,-0.0298762,0.00278888,-0.00169288,0.0300014
4.824,0.0236685,-0.029849,0.00278719,-0.00169267,0.0299826
4.825,0.0236387,-0.0298218,0.00278549,-0.00169246,0.0299637
4.826,0.0236089,-0.0297945,0.0027838,-0.00169225,0.0299448
4.827,0.0235791,-0.0297673,0.00278211,-0.00169204,0.0299259
4.828,0.0235493,-0.0297402,0.00278042,-0.00169183,0.0299071
4.829,0.0235196,-0.029713,0.00277873,-0.00169162,0.0298882
4.83,0.0234899,-0.0296859,0.00277703,-0.00169141,0.0298693
4.831,0.0234602,-0.0296587,0.00277534,-0.00169119,0.0298505
4.832,0.0234306,-0.0296316,0.00277365,-0.00169098,0.0298316
4.833,0.023401,-0.0296045,0.00277196,-0.00169076,0.0298128
4.834,0.0233714,-0.0295775,0.00277027,-0.00169054,0.0297939
4.835,0.0233418,-0.0295504,0.00276858,-0.00169032,0.0297751
4.836,0.0233123,-0.0295234,0.00276689,-0.0016901,0.0297562
4.837,0.0232828,-0.0294963,0.0027652,-0.00168988,0.0297374
4.838,0.0232533,-0.0294693,0.00276351,-0.00168965,0.0297186
4.839,0.0232238,-0.0294423,0.00276182,-0.00168943,0.0296997
4.84,0.0231944,-0.0294154,0.00276013,-0.0016892,0.0296809
4.841,0.023165,-0.0293884,0.00275844,-0.00168898,0.0296621
4.842,0.0231356,-0.0293615,0.00275675,-0.00168875,0.0296433
4.843,0.0231063,-0.0293345,0.00275506,-0.00168852,0.0296244
4.844,0.023077,-0.0293076,0.00275338,-0.00168829,0.0296056
4.845,0.0230477,-0.0292808,0.00275169,-0.00168806,0.0295868
4.846,0.0230184,-0.0292539,0.00275,-0.00168782,0.029568
4.847,0.0229892,-0.029227,0.00274831,-0.00168759,0.0295492
4.848,0.0229599,-0.0292002,0.00274663,-0.00168736,0.0295304
4.849,0.0229308,-0.0291734,0.00274494,-0.00168712,0.0295116
4.85,0.0229016,-0.0291466,0.00274325,-0.00168688,0.0294928
4.851,0.0228725,-0.0291198,0.00274156,-0.00168664,0.029474
4.852,0.0228434,-0.029093,0.00273988,-0.0016864,0.0294553
4.853,0.0228143,-0.0290663,0.00273819,-0.00168616,0.0294365
4.854,0.0227852,-0.0290396,0.00273651,-0.00168592,0.0294177
4.855,0.0227562,-0.0290128,0.00273482,-0.00168568,0.0293989
4.856,0.0227272,-0.0289861,0.00273313,-0.00168543,0.0293802
4.857,0.0226982,-0.0289595,0.00273145,-0.00168519,0.0293614
4.858,0.0226693,-0.0289328,0.00272976,-0.00168494,0.0293426
4.859,0.0226404,-0.0289061,0.00272808,-0.00168469,0.0293239
4.86,0.0226115,-0.0288795,0.00272639,-0.00168444,0.0293051
4.861,0.0225826,-0.0288529,0.00272471,-0.00168419,0.0292864
4.862,0.0225538,-0.0288263,0.00272303,-0.00168394,0.0292676
4.863,0.022525,-0.0287997,0.00272134,-0.00168369,0.0292489
4.864,0.0224962,-0.0287732,0.00271966,-0.00168343,0.0292301
4.865,0.0224674,-0.0287466,0.00271798,-0.00168318,0.0292114
4.866,0.0224387,-0.0287201,0.00271629,-0.00168292,0.0291927
4.867,0.02241,-0.0286936,0.00271461,-0.00168267,0.0291739
4.868,0.0223813,-0.0286671,0.00271293,-0.00168241,0.0291552
4.869,0.0223526,-0.0286406,0.00271124,-0.00168215,0.0291365
4.87,0.022324,-0.0286142,0.00270956,-0.00168189,0.0291178
4.871,0.0222954,-0.0285877,0.00270788,-0.00168163,0.0290991
4.872,0.0222668,-0.0285613,0.0027062,-0.00168136,0.0290804
4.873,0.0222383,-0.0285349,0.00270452,-0.0016811,0.0290617
4.874,0.0222098,-0.0285085,0.00270284,-0.00168084,0.029043
4.875,0.0221813,-0.0284821,0.00270116,-0.00168057,0.0290243
4.876,0.0221528,-0.0284558,0.00269948,-0.0016803,0.0290056
4.877,0.0221244,-0.0284294,0.0026978,-0.00168003,0.0289869
4.878,0.0220959,-0.0284031,0.00269612,-0.00167976,0.0289682
4.879,0.0220675,-0.0283768,0.00269444,-0.00167949,0.0289495
4.88,0.0220392,-0.0283505,0.00269276,-0.00167922,0.0289308
4.881,0.0220108,-0.0283242,0.00269108,-0.00167895,0.0289122
4.882,0.0219825,-0.028298,0.0026894,-0.00167868,0.0288935
4.883,0.0219542,-0.0282717,0.00268772,-0.0016784,0.0288748
4.884,0.021926,-0.0282455,0.00268604,-0.00167812,0.0288562
4.885,0.0218978,-0.0282193,0.00268436,-0.00167785,0.0288375
4.886,0.0218696,-0.0281931,0.00268269,-0.00167757,0.0288189
4.887,0.0218414,-0.028167,0.00268101,-0.00167729,0.0288002
4.888,0.0218132,-0.0281408,0.00267933,-0.00167701,0.0287816
4.889,0.0217851,-0.0281147,0.00267766,-0.00167673,0.0287629
4.89,0.021757,-0.0280886,0.00267598,-0.00167644,0.0287443
4.891,0.0217289,-0.0280625,0.0026743,-0.00167616,0.0287257
4.892,0.0217009,-0.0280364,0.00267263,-0.00167588,0.028707
4.893,0.0216728,-0.0280103,0.00267095,-0.00167559,0.0286884
4.894,0.0216448,-0.0279843,0.00266928,-0.0016753,0.0286698
4.895,0.0216169,-0.0279582,0.0026676,-0.00167502,0.0286512
4.896,0.0215889,-0.0279322,0.00266593,-0.00167473,0.0286325
4.897,0.021561,-0.0279062,0.00266425,-0.00167444,0.0286139
4.898,0.0215331,-0.0278802,0.00266258,-0.00167415,0.0285953
4.899,0.0215052,-0.0278543,0.0026609,-0.00167385,0.0285767
4.9,0.0214774,-0.0278283,0.00265923,-0.00167356,0.0285581
4.901,0.0214496,-0.0278024,0.00265756,-0.00167326,0.0285395
4.902,0.0214218,-0.0277765,0.00265588,-0.00167297,0.028521
4.903,0.021394,-0.0277506,0.00265421,-0.00167267,0.0285024
4.904,0.0213663,-0.0277247,0.00265254,-0.00167238,0.0284838
4.905,0.0213386,-0.0276988,0.00265086,-0.00167208,0.0284652
4.906,0.0213109,-0.027673,0.00264919,-0.00167178,0.0284467
4.907,0.0212832,-0.0276471,0.00264752,-0.00167148,0.0284281
4.908,0.0212556,-0.0276213,0.00264585,-0.00167117,0.0284095
4.909,0.021228,-0.0275955,0.00264418,-0.00167087,0.028391
4.91,0.0212004,-0.0275698,0.00264251,-0.00167057,0.0283724
4.911,0.0211729,-0.027544,0.00264084,-0.00167026,0.0283539
4.912,0.0211453,-0.0275182,0.00263917,-0.00166996,0.0283353
4.913,0.0211178,-0.0274925,0.0026375,-0.00166965,0.0283168
4.914,0.0210903,-0.0274668,0.00263583,-0.00166934,0.0282982
4.915,0.0210629,-0.0274411,0.00263416,-0.00166903,0.0282797
4.916,0.0210355,-0.0274154,0.00263249,-0.00166872,0.0282612
4.917,0.0210081,-0.0273898,0.00263082,-0.00166841,0.0282427
4.918,0.0209807,-0.0273641,0.00262915,-0.0016681,0.0282241
4.919,0.0209533,-0.0273385,0.00262749,-0.00166778,0.0282056
4.92,0.020926,-0.0273129,0.00262582,-0.00166747,0.0281871
4.921,0.0208987,-0.0272873,0.00262415,-0.00166716,0.0281686
4.922,0.0208714,-0.0272617,0.00262248,-0.00166684,0.0281501
4.923,0.0208442,-0.0272362,0.00262082,-0.00166652,0.0281316
4.924,0.020817,-0.0272106,0.00261915,-0.0016662,0.0281131
4.925,0.0207898,-0.0271851,0.00261748,-0.00166588,0.0280946
4.926,0.0207626,-0.0271596,0.00261582,-0.00166556,0.0280761
4.927,0.0207354,-0.0271341,0.00261415,-0.00166524,0.0280577
4.928,0.0207083,-0.0271086,0.00261249,-0.00166492,0.0280392
4.929,0.0206812,-0.0270832,0.00261082,-0.0016646,0.0280207
4.93,0.0206542,-0.0270577,0.00260916,-0.00166427,0.0280022
4.931,0.0206271,-0.0270323,0.00260749,-0.00166395,0.0279838
4.932,0.0206001,-0.0270069,0.00260583,-0.00166362,0.0279653
4.933,0.0205731,-0.0269815,0.00260417,-0.00166329,0.0279469
4.934,0.0205461,-0.0269561,0.0026025,-0.00166296,0.0279284
4.935,0.0205192,-0.0269308,0.00260084,-0.00166263,0.02791
4.936,0.0204923,-0.0269054,0.00259918,-0.0016623,0.0278915
4.937,0.0204654,-0.0268801,0.00259752,-0.00166197,0.0278731
4.938,0.0204385,-0.0268548,0.00259586,-0.00166164,0.0278547
4.939,0.0204117,-0.0268295,0.00259419,-0.00166131,0.0278363
4.94,0.0203848,-0.0268042,0.00259253,-0.00166097,0.0278178
4.941,0.0203581,-0.026779,0.00259087,-0.00166064,0.0277994
4.942,0.0203313,-0.0267537,0.00258921,-0.0016603,0.027781
4.943,0.0203045,-0.0267285,0.00258755,-0.00165996,0.0277626
4.944,0.0202778,-0.0267033,0.00258589,-0.00165962,0.0277442
4.945,0.0202511,-0.0266781,0.00258423,-0.00165929,0.0277258
4.946,0.0202245,-0.0266529,0.00258257,-0.00165895,0.0277074
4.947,0.0201978,-0.0266278,0.00258091,-0.0016586,0.027689
4.948,0.0201712,-0.0266026,0.00257926,-0.00165826,0.0276706
4.949,0.0201446,-0.0265775,0.0025776,-0.00165792,0.0276523
4.95,0.0201181,-0.0265524,0.00257594,-0.00165757,0.0276339
4.951,0.0200915,-0.0265273,0.00257428,-0.00165723,0.0276155
4.952,0.020065,-0.0265022,0.00257263,-0.00165688,0.0275971
4.953,0.0200385,-0.0264772,0.00257097,-0.00165654,0.0275788
4.954,0.0200121,-0.0264522,0.00256931,-0.00165619,0.0275604
4.955,0.0199856,-0.0264271,0.00256766,-0.00165584,0.0275421
4.956,0.0199592,-0.0264021,0.002566,-0.00165549,0.0275237
4.957,0.0199328,-0.0263771,0.00256435,-0.00165514,0.0275054
4.958,0.0199064,-0.0263522,0.00256269,-0.00165479,0.027487
4.959,0.0198801,-0.0263272,0.00256104,-0.00165443,0.0274687
4.96,0.0198538,-0.0263023,0.00255938,-0.00165408,0.0274504
4.961,0.0198275,-0.0262773,0.00255773,-0.00165372,0.0274321
4.962,0.0198012,-0.0262524,0.00255607,-0.00165337,0.0274137
4.963,0.019775,-0.0262276,0.00255442,-0.00165301,0.0273954
4.964,0.0197488,-0.0262027,0.00255277,-0.00165265,0.0273771
4.965,0.0197226,-0.0261778,0.00255112,-0.0016523,0.0273588
4.966,0.0196964,-0.026153,0.00254946,-0.00165194,0.0273405
4.967,0.0196703,-0.0261282,0.00254781,-0.00165158,0.0273222
4.968,0.0196442,-0.0261034,0.00254616,-0.00165122,0.0273039
4.969,0.0196181,-0.0260786,0.00254451,-0.00165085,0.0272857
4.97,0.019592,-0.0260538,0.00254286,-0.00165049,0.0272674
4.971,0.019566,-0.026029,0.00254121,-0.00165013,0.0272491
4.972,0.01954,-0.0260043,0.00253956,-0.00164976,0.0272308
4.973,0.019514,-0.0259796,0.00253791,-0.00164939,0.0272126
4.974,0.019488,-0.0259549,0.00253626,-0.00164903,0.0271943
4.975,0.0194621,-0.0259302,0.00253461,-0.00164866,0.027176
4.976,0.0194361,-0.0259055,0.00253296,-0.00164829,0.0271578
4.977,0.0194102,-0.0258809,0.00253131,-0.00164792,0.0271396
4.978,0.0193844,-0.0258562,0.00252967,-0.00164755,0.0271213
4.979,0.0193585,-0.0258316,0.00252802,-0.00164718,0.0271031
4.98,0.0193327,-0.025807,0.00252637,-0.00164681,0.0270848
4.981,0.0193069,-0.0257824,0.00252473,-0.00164643,0.0270666
4.982,0.0192811,-0.0257578,0.00252308,-0.00164606,0.0270484
4.983,0.0192554,-0.0257333,0.00252143,-0.00164569,0.0270302
4.984,0.0192297,-0.0257087,0.00251979,-0.00164531,0.027012
4.985,0.019204,-0.0256842,0.00251814,-0.00164493,0.0269938
4.986,0.0191783,-0.0256597,0.0025165,-0.00164455,0.0269756
4.987,0.0191527,-0.0256352,0.00251485,-0.00164418,0.0269574
4.988,0.019127,-0.0256107,0.00251321,-0.0016438,0.0269392
4.989,0.0191014,-0.0255863,0.00251157,-0.00164342,0.026921
4.99,0.0190759,-0.0255618,0.00250992,-0.00164303,0.0269028
4.991,0.0190503,-0.0255374,0.00250828,-0.00164265,0.0268846
4.992,0.0190248,-0.025513,0.00250664,-0.00164227,0.0268665
4.993,0.0189993,-0.0254886,0.002505,-0.00164188,0.0268483
4.994,0.0189738,-0.0254643,0.00250335,-0.0016415,0.0268301
4.995,0.0189484,-0.0254399,0.00250171,-0.00164111,0.026812
4.996,0.0189229,-0.0254156,0.00250007,-0.00164073,0.0267938
4.997,0.0188975,-0.0253912,0.00249843,-0.00164034,0.0267757
4.998,0.0188722,-0.0253669,0.00249679,-0.00163995,0.0267575
4.999,0.0188468,-0.0253426,0.00249515,-0.00163956,0.0267394
5,0.0188215,-0.0253184,0.00249351,-0.00163917,0.0267213
5.001,0.0187962,-0.0252941,0.00249187,-0.00163878,0.0267032
5.002,0.0187709,-0.0252699,0.00249023,-0.00163839,0.026685
5.003,0.0187456,-0.0252456,0.0024886,-0.001638,0.0266669
5.004,0.0187204,-0.0252214,0.00248696,-0.0016376,0.0266488
5.005,0.0186952,-0.0251972,0.00248532,-0.00163721,0.0266307
5.006,0.01867,-0.0251731,0.00248368,-0.00163681,0.0266126
5.007,0.0186448,-0.0251489,0.00248205,-0.00163642,0.0265945
5.008,0.0186197,-0.0251248,0.00248041,-0.00163602,0.0265764
5.009,0.0185946,-0.0251006,0.00247878,-0.00163562,0.0265583
5.01,0.0185695,-0.0250765,0.00247714,-0.00163522,0.0265403
5.011,0.0185444,-0.0250524,0.0024755,-0.00163482,0.0265222
5.012,0.0185194,-0.0250284,0.00247387,-0.00163442,0.0265041
5.013,0.0184944,-0.0250043,0.00247224,-0.00163402,0.026486
5.014,0.0184694,-0.0249803,0.0024706,-0.00163362,0.026468
5.015,0.0184444,-0.0249562,0.00246897,-0.00163321,0.0264499
5.016,0.0184195,-0.0249322,0.00246734,-0.00163281,0.0264319
5.017,0.0183945,-0.0249082,0.0024657,-0.00163241,0.0264138
5.018,0.0183697,-0.0248842,0.00246407,-0.001632,0.0263958
5.019,0.0183448,-0.0248603,0.00246244,-0.00163159,0.0263778
5.02,0.0183199,-0.0248363,0.00246081,-0.00163119,0.0263598
5.021,0.0182951,-0.0248124,0.00245918,-0.00163078,0.0263417
5.022,0.0182703,-0.0247885,0.00245755,-0.00163037,0.0263237
5.023,0.0182455,-0.0247646,0.00245592,-0.00162996,0.0263057
5.024,0.0182208,-0.0247407,0.00245429,-0.00162955,0.0262877
5.025,0.018196,-0.0247169,0.00245266,-0.00162914,0.0262697
5.026,0.0181713,-0.024693,0.00245103,-0.00162872,0.0262517
5.027,0.0181467,-0.0246692,0.0024494,-0.00162831,0.0262337
5.028,0.018122,-0.0246454,0.00244777,-0.0016279,0.0262157
5.029,0.0180974,-0.0246216,0.00244614,-0.00162748,0.0261978
5.03,0.0180728,-0.0245978,0.00244452,-0.00162707,0.0261798
5.031,0.0180482,-0.024574,0.00244289,-0.00162665,0.0261618
5.032,0.0180236,-0.0245503,0.00244126,-0.00162623,0.0261438
5.033,0.0179991,-0.0245265,0.00243964,-0.00162582,0.0261259
5.034,0.0179746,-0.0245028,0.00243801,-0.0016254,0.0261079
5.035,0.0179501,-0.0244791,0.00243639,-0.00162498,0.02609
5.036,0.0179256,-0.0244554,0.00243476,-0.00162456,0.0260721
5.037,0.0179012,-0.0244318,0.00243314,-0.00162413,0.0260541
5.038,0.0178767,-0.0244081,0.00243151,-0.00162371,0.0260362
5.039,0.0178523,-0.0243845,0.00242989,-0.00162329,0.0260183
5.04,0.017828,-0.0243609,0.00242827,-0.00162287,0.0260003
5.041,0.0178036,-0.0243373,0.00242664,-0.00162244,0.0259824
5.042,0.0177793,-0.0243137,0.00242502,-0.00162202,0.0259645
5.043,0.017755,-0.0242901,0.0024234,-0.00162159,0.0259466
5.044,0.0177307,-0.0242666,0.00242178,-0.00162116,0.0259287
5.045,0.0177065,-0.024243,0.00242016,-0.00162073,0.0259108
5.046,0.0176822,-0.0242195,0.00241854,-0.00162031,0.0258929
5.047,0.017658,-0.024196,0.00241692,-0.00161988,0.0258751
5.048,0.0176338,-0.0241725,0.0024153,-0.00161945,0.0258572
5.049,0.0176097,-0.0241491,0.00241368,-0.00161902,0.0258393
5.05,0.0175855,-0.0241256,0.00241206,-0.00161858,0.0258214
5.051,0.0175614,-0.0241022,0.00241044,-0.00161815,0.0258036
5.052,0.0175373,-0.0240787,0.00240882,-0.00161772,0.0257857
5.053,0.0175133,-0.0240553,0.00240721,-0.00161728,0.0257679
5.054,0.0174892,-0.0240319,0.00240559,-0.00161685,0.02575
5.055,0.0174652,-0.0240086,0.00240397,-0.00161641,0.0257322
5.056,0.0174412,-0.0239852,0.00240236,-0.00161598,0.0257144
5.057,0.0174172,-0.0239619,0.00240074,-0.00161554,0.0256965
5.058,0.0173933,-0.0239386,0.00239912,-0.0016151,0.0256787
5.059,0.0173694,-0.0239152,0.00239751,-0.00161466,0.0256609
5.06,0.0173455,-0.023892,0.0023959,-0.00161422,0.0256431
5.061,0.0173216,-0.0238687,0.00239428,-0.00161378,0.0256253
5.062,0.0172977,-0.0238454,0.00239267,-0.00161334,0.0256075
5.063,0.0172739,-0.0238222,0.00239105,-0.0016129,0.0255897
5.064,0.0172501,-0.0237989,0.00238944,-0.00161246,0.0255719
5.065,0.0172263,-0.0237757,0.00238783,-0.00161201,0.0255541
5.066,0.0172025,-0.0237525,0.00238622,-0.00161157,0.0255364
5.067,0.0171788,-0.0237294,0.00238461,-0.00161113,0.0255186
5.068,0.0171551,-0.0237062,0.002383,-0.00161068,0.0255008
5.069,0.0171314,-0.0236831,0.00238139,-0.00161023,0.0254831
5.07,0.0171077,-0.0236599,0.00237978,-0.00160979,0.0254653
5.071,0.017084,-0.0236368,0.00237817,-0.00160934,0.0254476
5.072,0.0170604,-0.0236137,0.00237656,-0.00160889,0.0254298
5.073,0.0170368,-0.0235906,0.00237495,-0.00160844,0.0254121
5.074,0.0170132,-0.0235676,0.00237334,-0.00160799,0.0253944
5.075,0.0169897,-0.0235445,0.00237173,-0.00160754,0.0253766
5.076,0.0169662,-0.0235215,0.00237012,-0.00160709,0.0253589
5.077,0.0169426,-0.0234985,0.00236852,-0.00160663,0.0253412
5.078,0.0169192,-0.0234755,0.00236691,-0.00160618,0.0253235
5.079,0.0168957,-0.0234525,0.00236531,-0.00160573,0.0253058
5.08,0.0168722,-0.0234295,0.0023637,-0.00160527,0.0252881
5.081,0.0168488,-0.0234066,0.00236209,-0.00160482,0.0252704
5.082,0.0168254,-0.0233836,0.00236049,-0.00160436,0.0252527
5.083,0.0168021,-0.0233607,0.00235889,-0.0016039,0.025235
5.084,0.0167787,-0.0233378,0.00235728,-0.00160345,0.0252174
5.085,0.0167554,-0.0233149,0.00235568,-0.00160299,0.0251997
5.086,0.0167321,-0.023292,0.00235408,-0.00160253,0.025182
5.087,0.0167088,-0.0232692,0.00235247,-0.00160207,0.0251644
5.088,0.0166855,-0.0232463,0.00235087,-0.00160161,0.0251467
5.089,0.0166623,-0.0232235,0.00234927,-0.00160115,0.0251291
5.09,0.0166391,-0.0232007,0.00234767,-0.00160069,0.0251114
5.091,0.0166159,-0.0231779,0.00234607,-0.00160022,0.0250938
5.092,0.0165927,-0.0231551,0.00234447,-0.00159976,0.0250762
5.093,0.0165696,-0.0231324,0.00234287,-0.0015993,0.0250586
5.094,0.0165465,-0.0231096,0.00234127,-0.00159883,0.0250409
5.095,0.0165234,-0.0230869,0.00233967,-0.00159837,0.0250233
5.096,0.0165003,-0.0230642,0.00233807,-0.0015979,0.0250057
5.097,0.0164773,-0.0230415,0.00233648,-0.00159743,0.0249881
5.098,0.0164542,-0.0230188,0.00233488,-0.00159697,0.0249705
5.099,0.0164312,-0.0229962,0.00233328,-0.0015965,0.0249529
5.1,0.0164082,-0.0229735,0.00233169,-0.00159603,0.0249354
5.101,0.0163853,-0.0229509,0.00233009,-0.00159556,0.0249178
5.102,0.0163623,-0.0229283,0.0023285,-0.00159509,0.0249002
5.103,0.0163394,-0.0229057,0.0023269,-0.00159462,0.0248827
5.104,0.0163165,-0.0228831,0.00232531,-0.00159415,0.0248651
5.105,0.0162936,-0.0228605,0.00232371,-0.00159367,0.0248476
5.106,0.0162708,-0.022838,0.00232212,-0.0015932,0.02483
5.107,0.016248,-0.0228154,0.00232053,-0.00159273,0.0248125
5.108,0.0162252,-0.0227929,0.00231893,-0.00159225,0.0247949
5.109,0.0162024,-0.0227704,0.00231734,-0.00159178,0.0247774
5.11,0.0161796,-0.0227479,0.00231575,-0.0015913,0.0247599
5.111,0.0161569,-0.0227255,0.00231416,-0.00159082,0.0247424
5.112,0.0161342,-0.022703,0.00231257,-0.00159035,0.0247249
5.113,0.0161115,-0.0226806,0.00231098,-0.00158987,0.0247074
5.114,0.0160888,-0.0226581,0.00230939,-0.00158939,0.0246899
5.115,0.0160662,-0.0226357,0.0023078,-0.00158891,0.0246724
5.116,0.0160435,-0.0226133,0.00230621,-0.00158843,0.0246549
5.117,0.0160209,-0.022591,0.00230462,-0.00158795,0.0246374
5.118,0.0159984,-0.0225686,0.00230303,-0.00158747,0.0246199
5.119,0.0159758,-0.0225463,0.00230145,-0.00158698,0.0246025
5.12,0.0159533,-0.0225239,0.00229986,-0.0015865,0.024585
5.121,0.0159308,-0.0225016,0.00229827,-0.00158602,0.0245675
5.122,0.0159083,-0.0224793,0.00229669,-0.00158553,0.0245501
5.123,0.0158858,-0.022457,0.0022951,-0.00158505,0.0245326
5.124,0.0158633,-0.0224348,0.00229352,-0.00158456,0.0245152
5.125,0.0158409,-0.0224125,0.00229193,-0.00158408,0.0244978
5.126,0.0158185,-0.0223903,0.00229035,-0.00158359,0.0244803
5.127,0.0157961,-0.0223681,0.00228877,-0.0015831,0.0244629
5.128,0.0157738,-0.0223459,0.00228718,-0.00158262,0.0244455
5.129,0.0157515,-0.0223237,0.0022856,-0.00158213,0.0244281
5.13,0.0157291,-0.0223015,0.00228402,-0.00158164,0.0244107
5.131,0.0157068,-0.0222794,0.00228244,-0.00158115,0.0243933
5.132,0.0156846,-0.0222572,0.00228086,-0.00158066,0.0243759
5.133,0.0156623,-0.0222351,0.00227928,-0.00158016,0.0243585
5.134,0.0156401,-0.022213,0.0022777,-0.00157967,0.0243411
5.135,0.0156179,-0.0221909,0.00227612,-0.00157918,0.0243238
5.136,0.0155957,-0.0221688,0.00227454,-0.00157869,0.0243064
5.137,0.0155736,-0.0221468,0.00227296,-0.00157819,0.024289
5.138,0.0155514,-0.0221247,0.00227138,-0.0015777,0.0242717
5.139,0.0155293,-0.0221027,0.00226981,-0.0015772,0.0242543
5.14,0.0155072,-0.0220807,0.00226823,-0.00157671,0.024237
5.141,0.0154852,-0.0220587,0.00226665,-0.00157621,0.0242197
5.142,0.0154631,-0.0220367,0.00226508,-0.00157571,0.0242023
5.143,0.0154411,-0.0220148,0.0022635,-0.00157521,0.024185
5.144,0.0154191,-0.0219928,0.00226193,-0.00157472,0.0241677
5.145,0.0153971,-0.0219709,0.00226035,-0.00157422,0.0241504
5.146,0.0153751,-0.021949,0.00225878,-0.00157372,0.0241331
5.147,0.0153532,-0.0219271,0.0022572,-0.00157322,0.0241158
5.148,0.0153313,-0.0219052,0.00225563,-0.00157272,0.0240985
5.149,0.0153094,-0.0218833,0.00225406,-0.00157221,0.0240812
5.15,0.0152875,-0.0218615,0.00225249,-0.00157171,0.0240639
5.151,0.0152657,-0.0218396,0.00225091,-0.00157121,0.0240467
5.152,0.0152438,-0.0218178,0.00224934,-0.0015707,0.0240294
5.153,0.015222,-0.021796,0.00224777,-0.0015702,0.0240121
5.154,0.0152002,-0.0217742,0.0022462,-0.0015697,0.0239949
5.155,0.0151785,-0.0217524,0.00224463,-0.00156919,0.0239776
5.156,0.0151567,-0.0217307,0.00224306,-0.00156868,0.0239604
5.157,0.015135,-0.0217089,0.0022415,-0.00156818,0.0239431
5.158,0.0151133,-0.0216872,0.00223993,-0.00156767,0.0239259
5.159,0.0150917,-0.0216655,0.00223836,-0.00156716,0.0239087
5.16,0.01507,-0.0216438,0.00223679,-0.00156665,0.0238915
5.161,0.0150484,-0.0216221,0.00223523,-0.00156614,0.0238743
5.162,0.0150268,-0.0216004,0.00223366,-0.00156563,0.023857
5.163,0.0150052,-0.0215788,0.0022321,-0.00156512,0.0238398
5.164,0.0149836,-0.0215572,0.00223053,-0.00156461,0.0238227
5.165,0.014962,-0.0215355,0.00222897,-0.0015641,0.0238055
5.166,0.0149405,-0.0215139,0.0022274,-0.00156359,0.0237883
5.167,0.014919,-0.0214924,0.00222584,-0.00156308,0.0237711
5.168,0.0148975,-0.0214708,0.00222428,-0.00156256,0.0237539
5.169,0.0148761,-0.0214492,0.00222272,-0.00156205,0.0237368
5.17,0.0148546,-0.0214277,0.00222115,-0.00156153,0.0237196
5.171,0.0148332,-0.0214062,0.00221959,-0.00156102,0.0237025
5.172,0.0148118,-0.0213847,0.00221803,-0.0015605,0.0236853
5.173,0.0147905,-0.0213632,0.00221647,-0.00155999,0.0236682
5.174,0.0147691,-0.0213417,0.00221491,-0.00155947,0.0236511
5.175,0.0147478,-0.0213202,0.00221335,-0.00155895,0.0236339
5.176,0.0147265,-0.0212988,0.00221179,-0.00155843,0.0236168
5.177,0.0147052,-0.0212773,0.00221024,-0.00155792,0.0235997
5.178,0.0146839,-0.0212559,0.00220868,-0.0015574,0.0235826
5.179,0.0146627,-0.0212345,0.00220712,-0.00155688,0.0235655
5.18,0.0146414,-0.0212131,0.00220556,-0.00155636,0.0235484
5.181,0.0146202,-0.0211918,0.00220401,-0.00155583,0.0235313
5.182,0.0145991,-0.0211704,0.00220245,-0.00155531,0.0235143
5.183,0.0145779,-0.0211491,0.0022009,-0.00155479,0.0234972
5.184,0.0145568,-0.0211278,0.00219934,-0.00155427,0.0234801
5.185,0.0145356,-0.0211065,0.00219779,-0.00155374,0.0234631
5.186,0.0145145,-0.0210852,0.00219624,-0.00155322,0.023446
5.187,0.0144935,-0.0210639,0.00219468,-0.0015527,0.0234289
5.188,0.0144724,-0.0210426,0.00219313,-0.00155217,0.0234119
5.189,0.0144514,-0.0210214,0.00219158,-0.00155165,0.0233949
5.19,0.0144304,-0.0210002,0.00219003,-0.00155112,0.0233778
5.191,0.0144094,-0.0209789,0.00218848,-0.00155059,0.0233608
5.192,0.0143884,-0.0209577,0.00218693,-0.00155006,0.0233438
5.193,0.0143675,-0.0209366,0.00218538,-0.00154954,0.0233268
5.194,0.0143465,-0.0209154,0.00218383,-0.00154901,0.0233098
5.195,0.0143256,-0.0208942,0.00218228,-0.00154848,0.0232928
5.196,0.0143048,-0.0208731,0.00218073,-0.00154795,0.0232758
5.197,0.0142839,-0.020852,0.00217918,-0.00154742,0.0232588
5.198,0.014263,-0.0208309,0.00217763,-0.00154689,0.0232418
5.199,0.0142422,-0.0208098,0.00217609,-0.00154636,0.0232249
5.2,0.0142214,-0.0207887,0.00217454,-0.00154583,0.0232079
5.201,0.0142006,-0.0207677,0.002173,-0.00154529,0.0231909
5.202,0.0141799,-0.0207466,0.00217145,-0.00154476,0.023174
5.203,0.0141592,-0.0207256,0.00216991,-0.00154423,0.023157
5.204,0.0141384,-0.0207046,0.00216836,-0.00154369,0.0231401
5.205,0.0141177,-0.0206836,0.00216682,-0.00154316,0.0231232
5.206,0.0140971,-0.0206626,0.00216528,-0.00154262,0.0231063
5.207,0.0140764,-0.0206416,0.00216373,-0.00154209,0.0230893
5.208,0.0140558,-0.0206207,0.00216219,-0.00154155,0.0230724
5.209,0.0140352,-0.0205998,0.00216065,-0.00154101,0.0230555
5.21,0.0140146,-0.0205788,0.00215911,-0.00154048,0.0230386
5.211,0.013994,-0.0205579,0.00215757,-0.00153994,0.0230217
5.212,0.0139735,-0.020537,0.00215603,-0.0015394,0.0230048
5.213,0.0139529,-0.0205162,0.00215449,-0.00153886,0.022988
5.214,0.0139324,-0.0204953,0.00215295,-0.00153832,0.0229711
5.215,0.013912,-0.0204745,0.00215141,-0.00153778,0.0229542
5.216,0.0138915,-0.0204536,0.00214988,-0.00153724,0.0229373
5.217,0.0138711,-0.0204328,0.00214834,-0.0015367,0.0229205
5.218,0.0138506,-0.020412,0.0021468,-0.00153616,0.0229036
5.219,0.0138302,-0.0203912,0.00214527,-0.00153562,0.0228868
5.22,0.0138098,-0.0203705,0.00214373,-0.00153507,0.02287
5.221,0.0137895,-0.0203497,0.0021422,-0.00153453,0.0228531
5.222,0.0137691,-0.020329,0.00214066,-0.00153399,0.0228363
5.223,0.0137488,-0.0203083,0.00213913,-0.00153344,0.0228195
5.224,0.0137285,-0.0202876,0.0021376,-0.0015329,0.0228027
5.225,0.0137083,-0.0202669,0.00213606,-0.00153235,0.0227859
5.226,0.013688,-0.0202462,0.00213453,-0.00153181,0.0227691
5.227,0.0136678,-0.0202255,0.002133,-0.00153126,0.0227523
5.228,0.0136475,-0.0202049,0.00213147,-0.00153071,0.0227355
5.229,0.0136274,-0.0201843,0.00212994,-0.00153016,0.0227187
5.23,0.0136072,-0.0201637,0.00212841,-0.00152962,0.022702
5.231,0.013587,-0.0201431,0.00212688,-0.00152907,0.0226852
5.232,0.0135669,-0.0201225,0.00212535,-0.00152852,0.0226685
5.233,0.0135468,-0.0201019,0.00212382,-0.00152797,0.0226517
5.234,0.0135267,-0.0200814,0.00212229,-0.00152742,0.022635
5.235,0.0135066,-0.0200608,0.00212077,-0.00152687,0.0226182
5.236,0.0134866,-0.0200403,0.00211924,-0.00152632,0.0226015
5.237,0.0134665,-0.0200198,0.00211772,-0.00152577,0.0225848
5.238,0.0134465,-0.0199993,0.00211619,-0.00152521,0.0225681
5.239,0.0134265,-0.0199788,0.00211466,-0.00152466,0.0225514
5.24,0.0134066,-0.0199584,0.00211314,-0.00152411,0.0225346
5.241,0.0133866,-0.0199379,0.00211162,-0.00152356,0.022518
5.242,0.0133667,-0.0199175,0.00211009,-0.001523,0.0225013
5.243,0.0133468,-0.0198971,0.00210857,-0.00152245,0.0224846
5.244,0.0133269,-0.0198767,0.00210705,-0.00152189,0.0224679
5.245,0.013307,-0.0198563,0.00210553,-0.00152134,0.0224512
5.246,0.0132872,-0.0198359,0.00210401,-0.00152078,0.0224346
5.247,0.0132674,-0.0198156,0.00210249,-0.00152022,0.0224179
5.248,0.0132476,-0.0197952,0.00210097,-0.00151967,0.0224013
5.249,0.0132278,-0.0197749,0.00209945,-0.00151911,0.0223846
5.25,0.013208,-0.0197546,0.00209793,-0.00151855,0.022368
5.251,0.0131883,-0.0197343,0.00209641,-0.00151799,0.0223514
5.252,0.0131685,-0.019714,0.00209489,-0.00151743,0.0223347
5.253,0.0131488,-0.0196938,0.00209337,-0.00151687,0.0223181
5.254,0.0131291,-0.0196735,0.00209186,-0.00151632,0.0223015
5.255,0.0131095,-0.0196533,0.00209034,-0.00151575,0.0222849
5.256,0.0130898,-0.0196331,0.00208883,-0.00151519,0.0222683
5.257,0.0130702,-0.0196129,0.00208731,-0.00151463,0.0222517
5.258,0.0130506,-0.0195927,0.0020858,-0.00151407,0.0222351
5.259,0.013031,-0.0195725,0.00208428,-0.00151351,0.0222186
5.26,0.0130115,-0.0195523,0.00208277,-0.00151295,0.022202
5.261,0.0129919,-0.0195322,0.00208126,-0.00151238,0.0221854
5.262,0.0129724,-0.0195121,0.00207974,-0.00151182,0.0221689
5.263,0.0129529,-0.0194919,0.00207823,-0.00151125,0.0221523
5.264,0.0129334,-0.0194719,0.00207672,-0.00151069,0.0221358
5.265,0.012914,-0.0194518,0.00207521,-0.00151012,0.0221192
5.266,0.0128945,-0.0194317,0.0020737,-0.00150956,0.0221027
5.267,0.0128751,-0.0194116,0.00207219,-0.00150899,0.0220862
5.268,0.0128557,-0.0193916,0.00207068,-0.00150843,0.0220697
5.269,0.0128363,-0.0193716,0.00206918,-0.00150786,0.0220532
5.27,0.012817,-0.0193516,0.00206767,-0.00150729,0.0220367
5.271,0.0127976,-0.0193316,0.00206616,-0.00150672,0.0220202
5.272,0.0127783,-0.0193116,0.00206465,-0.00150616,0.0220037
5.273,0.012759,-0.0192916,0.00206315,-0.00150559,0.0219872
5.274,0.0127397,-0.0192717,0.00206164,-0.00150502,0.0219707
5.275,0.0127204,-0.0192518,0.00206014,-0.00150445,0.0219542
5.276,0.0127012,-0.0192318,0.00205863,-0.00150388,0.0219378
5.277,0.012682,-0.0192119,0.00205713,-0.00150331,0.0219213
5.278,0.0126628,-0.0191921,0.00205563,-0.00150274,0.0219049
5.279,0.0126436,-0.0191722,0.00205413,-0.00150216,0.0218884
5.28,0.0126244,-0.0191523,0.00205262,-0.00150159,0.021872
5.281,0.0126053,-0.0191325,0.00205112,-0.00150102,0.0218556
5.282,0.0125862,-0.0191127,0.00204962,-0.00150045,0.0218392
5.283,0.0125671,-0.0190928,0.00204812,-0.00149987,0.0218227
5.284,0.012548,-0.019073,0.00204662,-0.0014993,0.0218063
5.285,0.0125289,-0.0190533,0.00204512,-0.00149873,0.0217899
5.286,0.0125099,-0.0190335,0.00204362,-0.00149815,0.0217735
5.287,0.0124909,-0.0190137,0.00204213,-0.00149758,0.0217572
5.288,0.0124718,-0.018994,0.00204063,-0.001497,0.0217408
5.289,0.0124529,-0.0189743,0.00203913,-0.00149642,0.0217244
5.29,0.0124339,-0.0189546,0.00203764,-0.00149585,0.021708
5.291,0.012415,-0.0189349,0.00203614,-0.00149527,0.0216917
5.292,0.012396,-0.0189152,0.00203465,-0.00149469,0.0216753
5.293,0.0123771,-0.0188955,0.00203315,-0.00149412,0.021659
5.294,0.0123582,-0.0188759,0.00203166,-0.00149354,0.0216426
5.295,0.0123394,-0.0188563,0.00203016,-0.00149296,0.0216263
5.296,0.0123205,-0.0188366,0.00202867,-0.00149238,0.02161
5.297,0.0123017,-0.018817,0.00202718,-0.0014918,0.0215937
5.298,0.0122829,-0.0187974,0.00202569,-0.00149122,0.0215774
5.299,0.0122641,-0.0187779,0.0020242,-0.00149064,0.021561
5.3,0.0122453,-0.0187583,0.00202271,-0.00149006,0.0215448
5.301,0.0122266,-0.0187388,0.00202122,-0.00148948,0.0215285
5.302,0.0122079,-0.0187192,0.00201973,-0.0014889,0.0215122
5.303,0.0121892,-0.0186997,0.00201824,-0.00148832,0.0214959
5.304,0.0121705,-0.0186802,0.00201675,-0.00148773,0.0214796
5.305,0.0121518,-0.0186607,0.00201526,-0.00148715,0.0214634
5.306,0.0121331,-0.0186413,0.00201378,-0.00148657,0.0214471
5.307,0.0121145,-0.0186218,0.00201229,-0.00148598,0.0214309
5.308,0.0120959,-0.0186024,0.00201081,-0.0014854,0.0214146
5.309,0.0120773,-0.0185829,0.00200932,-0.00148482,0.0213984
5.31,0.0120587,-0.0185635,0.00200784,-0.00148423,0.0213822
5.311,0.0120402,-0.0185441,0.00200635,-0.00148365,0.0213659
5.312,0.0120216,-0.0185247,0.00200487,-0.00148306,0.0213497
5.313,0.0120031,-0.0185054,0.00200339,-0.00148247,0.0213335
5.314,0.0119846,-0.018486,0.0020019,-0.00148189,0.0213173
5.315,0.0119662,-0.0184667,0.00200042,-0.0014813,0.0213011
5.316,0.0119477,-0.0184474,0.00199894,-0.00148071,0.0212849
5.317,0.0119293,-0.0184281,0.00199746,-0.00148013,0.0212687
5.318,0.0119108,-0.0184088,0.00199598,-0.00147954,0.0212526
5.319,0.0118924,-0.0183895,0.0019945,-0.00147895,0.0212364
5.32,0.0118741,-0.0183702,0.00199302,-0.00147836,0.0212203
5.321,0.0118557,-0.018351,0.00199154,-0.00147777,0.0212041
5.322,0.0118374,-0.0183317,0.00199007,-0.00147718,0.021188
5.323,0.011819,-0.0183125,0.00198859,-0.00147659,0.0211718
5.324,0.0118007,-0.0182933,0.00198711,-0.001476,0.0211557
5.325,0.0117825,-0.0182741,0.00198564,-0.00147541,0.0211396
5.326,0.0117642,-0.0182549,0.00198416,-0.00147482,0.0211234
5.327,0.0117459,-0.0182358,0.00198269,-0.00147423,0.0211073
5.328,0.0117277,-0.0182166,0.00198121,-0.00147363,0.0210912
5.329,0.0117095,-0.0181975,0.00197974,-0.00147304,0.0210751
5.33,0.0116913,-0.0181784,0.00197827,-0.00147245,0.021059
5.331,0.0116732,-0.0181593,0.0019768,-0.00147186,0.021043
5.332,0.011655,-0.0181402,0.00197532,-0.00147126,0.0210269
5.333,0.0116369,-0.0181211,0.00197385,-0.00147067,0.0210108
5.334,0.0116188,-0.0181021,0.00197238,-0.00147007,0.0209948
5.335,0.0116007,-0.018083,0.00197091,-0.00146948,0.0209787
5.336,0.0115826,-0.018064,0.00196944,-0.00146888,0.0209627
5.337,0.0115645,-0.018045,0.00196798,-0.00146829,0.0209466
5.338,0.0115465,-0.018026,0.00196651,-0.00146769,0.0209306
5.339,0.0115285,-0.018007,0.00196504,-0.0014671,0.0209146
5.34,0.0115105,-0.017988,0.00196357,-0.0014665,0.0208985
5.341,0.0114925,-0.0179691,0.00196211,-0.0014659,0.0208825
5.342,0.0114746,-0.0179501,0.00196064,-0.0014653,0.0208665
5.343,0.0114566,-0.0179312,0.00195918,-0.00146471,0.0208505
5.344,0.0114387,-0.0179123,0.00195771,-0.00146411,0.0208345
5.345,0.0114208,-0.0178934,0.00195625,-0.00146351,0.0208185
5.346,0.0114029,-0.0178745,0.00195479,-0.00146291,0.0208026
5.347,0.011385,-0.0178556,0.00195332,-0.00146231,0.0207866
5.348,0.0113672,-0.0178368,0.00195186,-0.00146171,0.0207706
5.349,0.0113494,-0.0178179,0.0019504,-0.00146111,0.0207547
5.35,0.0113316,-0.0177991,0.00194894,-0.00146051,0.0207387
5.351,0.0113138,-0.0177803,0.00194748,-0.00145991,0.0207228
5.352,0.011296,-0.0177615,0.00194602,-0.00145931,0.0207068
5.353,0.0112782,-0.0177427,0.00194456,-0.00145871,0.0206909
5.354,0.0112605,-0.0177239,0.0019431,-0.00145811,0.020675
5.355,0.0112428,-0.0177052,0.00194164,-0.0014575,0.0206591
5.356,0.0112251,-0.0176864,0.00194019,-0.0014569,0.0206432
5.357,0.0112074,-0.0176677,0.00193873,-0.0014563,0.0206273
5.358,0.0111898,-0.017649,0.00193727,-0.0014557,0.0206114
5.359,0.0111721,-0.0176303,0.00193582,-0.00145509,0.0205955
5.36,0.0111545,-0.0176116,0.00193436,-0.00145449,0.0205796
5.361,0.0111369,-0.017593,0.00193291,-0.00145388,0.0205638
5.362,0.0111193,-0.0175743,0.00193146,-0.00145328,0.0205479
5.363,0.0111018,-0.0175557,0.00193,-0.00145267,0.020532
5.364,0.0110842,-0.0175371,0.00192855,-0.00145207,0.0205162
5.365,0.0110667,-0.0175184,0.0019271,-0.00145146,0.0205003
5.366,0.0110492,-0.0174998,0.00192565,-0.00145086,0.0204845
5.367,0.0110317,-0.0174813,0.0019242,-0.00145025,0.0204687
5.368,0.0110142,-0.0174627,0.00192275,-0.00144964,0.0204529
5.369,0.0109968,-0.0174441,0.0019213,-0.00144904,0.020437
5.37,0.0109793,-0.0174256,0.00191985,-0.00144843,0.0204212
5.371,0.0109619,-0.0174071,0.0019184,-0.00144782,0.0204054
5.372,0.0109445,-0.0173886,0.00191695,-0.00144721,0.0203896
5.373,0.0109271,-0.0173701,0.00191551,-0.00144661,0.0203738
5.374,0.0109098,-0.0173516,0.00191406,-0.001446,0.0203581
5.375,0.0108924,-0.0173331,0.00191261,-0.00144539,0.0203423
5.376,0.0108751,-0.0173147,0.00191117,-0.00144478,0.0203265
5.377,0.0108578,-0.0172963,0.00190973,-0.00144417,0.0203108
5.378,0.0108405,-0.0172778,0.00190828,-0.00144356,0.020295
5.379,0.0108232,-0.0172594,0.00190684,-0.00144295,0.0202793
5.38,0.010806,-0.017241,0.0019054,-0.00144234,0.0202635
5.381,0.0107888,-0.0172227,0.00190395,-0.00144173,0.0202478
5.382,0.0107715,-0.0172043,0.00190251,-0.00144111,0.0202321
5.383,0.0107543,-0.0171859,0.00190107,-0.0014405,0.0202164
5.384,0.0107372,-0.0171676,0.00189963,-0.00143989,0.0202007
5.385,0.01072,-0.0171493,0.00189819,-0.00143928,0.020185
5.386,0.0107029,-0.017131,0.00189675,-0.00143867,0.0201693
5.387,0.0106857,-0.0171127,0.00189531,-0.00143805,0.0201536
5.388,0.0106686,-0.0170944,0.00189388,-0.00143744,0.0201379
5.389,0.0106516,-0.0170761,0.00189244,-0.00143683,0.0201222
5.39,0.0106345,-0.0170579,0.001891,-0.00143621,0.0201066
5.391,0.0106174,-0.0170396,0.00188957,-0.0014356,0.0200909
5.392,0.0106004,-0.0170214,0.00188813,-0.00143498,0.0200753
5.393,0.0105834,-0.0170032,0.0018867,-0.00143437,0.0200596
5.394,0.0105664,-0.016985,0.00188526,-0.00143375,0.020044
5.395,0.0105494,-0.0169668,0.00188383,-0.00143314,0.0200284
5.396,0.0105325,-0.0169487,0.0018824,-0.00143252,0.0200127
5.397,0.0105155,-0.0169305,0.00188096,-0.0014319,0.0199971
5.398,0.0104986,-0.0169124,0.00187953,-0.00143129,0.0199815
5.399,0.0104817,-0.0168943,0.0018781,-0.00143067,0.0199659
5.4,0.0104648,-0.0168762,0.00187667,-0.00143005,0.0199503
5.401,0.010448,-0.0168581,0.00187524,-0.00142944,0.0199347
5.402,0.0104311,-0.01684,0.00187381,-0.00142882,0.0199192
5.403,0.0104143,-0.0168219,0.00187238,-0.0014282,0.0199036
5.404,0.0103975,-0.0168039,0.00187096,-0.00142758,0.019888
5.405,0.0103807,-0.0167858,0.00186953,-0.00142696,0.0198725
5.406,0.0103639,-0.0167678,0.0018681,-0.00142634,0.0198569
5.407,0.0103471,-0.0167498,0.00186668,-0.00142573,0.0198414
5.408,0.0103304,-0.0167318,0.00186525,-0.00142511,0.0198258
5.409,0.0103137,-0.0167138,0.00186383,-0.00142449,0.0198103
5.41,0.010297,-0.0166958,0.0018624,-0.00142387,0.0197948
5.411,0.0102803,-0.0166779,0.00186098,-0.00142325,0.0197793
5.412,0.0102636,-0.01666,0.00185956,-0.00142262,0.0197638
5.413,0.010247,-0.016642,0.00185813,-0.001422,0.0197483
5.414,0.0102303,-0.0166241,0.00185671,-0.00142138,0.0197328
5.415,0.0102137,-0.0166062,0.00185529,-0.00142076,0.0197173
5.416,0.0101971,-0.0165883,0.00185387,-0.00142014,0.0197018
5.417,0.0101805,-0.0165705,0.00185245,-0.00141952,0.0196864
5.418,0.010164,-0.0165526,0.00185103,-0.00141889,0.0196709
5.419,0.0101474,-0.0165348,0.00184961,-0.00141827,0.0196554
5.42,0.0101309,-0.016517,0.00184819,-0.00141765,0.01964
5.421,0.0101144,-0.0164991,0.00184678,-0.00141702,0.0196246
5.422,0.0100979,-0.0164813,0.00184536,-0.0014164,0.0196091
5.423,0.0100814,-0.0164636,0.00184394,-0.00141578,0.0195937
5.424,0.010065,-0.0164458,0.00184253,-0.00141515,0.0195783
5.425,0.0100485,-0.016428,0.00184111,-0.00141453,0.0195629
5.426,0.0100321,-0.0164103,0.0018397,-0.0014139,0.0195475
5.427,0.0100157,-0.0163926,0.00183829,-0.00141328,0.0195321
5.428,0.00999934,-0.0163748,0.00183687,-0.00141265,0.0195167
5.429,0.00998297,-0.0163571,0.00183546,-0.00141203,0.0195013
5.43,0.00996662,-0.0163395,0.00183405,-0.0014114,0.0194859
5.431,0.00995029,-0.0163218,0.00183264,-0.00141078,0.0194705
5.432,0.00993398,-0.0163041,0.00183123,-0.00141015,0.0194552
5.433,0.00991768,-0.0162865,0.00182982,-0.00140952,0.0194398
5.434,0.0099014,-0.0162689,0.00182841,-0.0014089,0.0194245
5.435,0.00988514,-0.0162512,0.001827,-0.00140827,0.0194091
5.436,0.0098689,-0.0162336,0.00182559,-0.00140764,0.0193938
5.437,0.00985268,-0.0162161,0.00182418,-0.00140701,0.0193785
5.438,0.00983647,-0.0161985,0.00182278,-0.00140638,0.0193632
5.439,0.00982028,-0.0161809,0.00182137,-0.00140576,0.0193479
5.44,0.00980411,-0.0161634,0.00181997,-0.00140513,0.0193326
5.441,0.00978795,-0.0161458,0.00181856,-0.0014045,0.0193173
5.442,0.00977182,-0.0161283,0.00181716,-0.00140387,0.019302
5.443,0.0097557,-0.0161108,0.00181575,-0.00140324,0.0192867
5.444,0.00973959,-0.0160933,0.00181435,-0.00140261,0.0192714
5.445,0.00972351,-0.0160758,0.00181295,-0.00140198,0.0192561
5.446,0.00970744,-0.0160584,0.00181155,-0.00140135,0.0192409
5.447,0.00969139,-0.0160409,0.00181015,-0.00140072,0.0192256
5.448,0.00967536,-0.0160235,0.00180875,-0.00140009,0.0192104
5.449,0.00965935,-0.0160061,0.00180735,-0.00139946,0.0191952
5.45,0.00964335,-0.0159887,0.00180595,-0.00139883,0.0191799
5.451,0.00962737,-0.0159713,0.00180455,-0.0013982,0.0191647
5.452,0.00961141,-0.0159539,0.00180315,-0.00139756,0.0191495
5.453,0.00959546,-0.0159365,0.00180175,-0.00139693,0.0191343
5.454,0.00957953,-0.0159192,0.00180036,-0.0013963,0.0191191
5.455,0.00956362,-0.0159018,0.00179896,-0.00139567,0.0191039
5.456,0.00954773,-0.0158845,0.00179756,-0.00139503,0.0190887
5.457,0.00953185,-0.0158672,0.00179617,-0.0013944,0.0190735
5.458,0.009516,-0.0158499,0.00179478,-0.00139377,0.0190584
5.459,0.00950015,-0.0158326,0.00179338,-0.00139313,0.0190432
5.46,0.00948433,-0.0158154,0.00179199,-0.0013925,0.019028
5.461,0.00946852,-0.0157981,0.0017906,-0.00139187,0.0190129
5.462,0.00945273,-0.0157809,0.00178921,-0.00139123,0.0189977
5.463,0.00943696,-0.0157636,0.00178782,-0.0013906,0.0189826
5.464,0.00942121,-0.0157464,0.00178642,-0.00138996,0.0189675
5.465,0.00940547,-0.0157292,0.00178504,-0.00138933,0.0189524
5.466,0.00938975,-0.015712,0.00178365,-0.00138869,0.0189372
5.467,0.00937404,-0.0156949,0.00178226,-0.00138806,0.0189221
5.468,0.00935836,-0.0156777,0.00178087,-0.00138742,0.018907
5.469,0.00934269,-0.0156605,0.00177948,-0.00138679,0.018892
5.47,0.00932704,-0.0156434,0.0017781,-0.00138615,0.0188769
5.471,0.0093114,-0.0156263,0.00177671,-0.00138551,0.0188618
5.472,0.00929578,-0.0156092,0.00177533,-0.00138488,0.0188467
5.473,0.00928018,-0.0155921,0.00177394,-0.00138424,0.0188317
5.474,0.0092646,-0.015575,0.00177256,-0.0013836,0.0188166
5.475,0.00924903,-0.015558,0.00177117,-0.00138297,0.0188016
5.476,0.00923348,-0.0155409,0.00176979,-0.00138233,0.0187865
5.477,0.00921795,-0.0155239,0.00176841,-0.00138169,0.0187715
5.478,0.00920244,-0.0155069,0.00176703,-0.00138105,0.0187565
5.479,0.00918694,-0.0154898,0.00176565,-0.00138041,0.0187415
5.48,0.00917146,-0.0154729,0.00176427,-0.00137978,0.0187264
5.481,0.00915599,-0.0154559,0.00176289,-0.00137914,0.0187114
5.482,0.00914055,-0.0154389,0.00176151,-0.0013785,0.0186964
5.483,0.00912511,-0.0154219,0.00176013,-0.00137786,0.0186815
5.484,0.0091097,-0.015405,0.00175875,-0.00137722,0.0186665
5.485,0.0090943,-0.0153881,0.00175738,-0.00137658,0.0186515
5.486,0.00907893,-0.0153712,0.001756,-0.00137594,0.0186365
5.487,0.00906356,-0.0153543,0.00175462,-0.0013753,0.0186216
5.488,0.00904822,-0.0153374,0.00175325,-0.00137466,0.0186066
5.489,0.00903289,-0.0153205,0.00175187,-0.00137402,0.0185917
5.49,0.00901758,-0.0153037,0.0017505,-0.00137338,0.0185768
5.491,0.00900228,-0.0152868,0.00174913,-0.00137274,0.0185618
5.492,0.008987,-0.01527,0.00174776,-0.0013721,0.0185469
5.493,0.00897174,-0.0152532,0.00174638,-0.00137146,0.018532
5.494,0.0089565,-0.0152364,0.00174501,-0.00137081,0.0185171
5.495,0.00894127,-0.0152196,0.00174364,-0.00137017,0.0185022
5.496,0.00892606,-0.0152028,0.00174227,-0.00136953,0.0184873
5.497,0.00891086,-0.015186,0.0017409,-0.00136889,0.0184724
5.498,0.00889568,-0.0151693,0.00173953,-0.00136825,0.0184575
5.499,0.00888052,-0.0151525,0.00173817,-0.0013676,0.0184427
5.5,0.00886538,-0.0151358,0.0017368,-0.00136696,0.0184278
5.501,0.00885025,-0.0151191,0.00173543,-0.00136632,0.0184129
5.502,0.00883514,-0.0151024,0.00173407,-0.00136567,0.0183981
5.503,0.00882005,-0.0150857,0.0017327,-0.00136503,0.0183833
5.504,0.00880497,-0.0150691,0.00173134,-0.00136439,0.0183684
5.505,0.00878991,-0.0150524,0.00172997,-0.00136374,0.0183536
5.506,0.00877486,-0.0150358,0.00172861,-0.0013631,0.0183388
5.507,0.00875984,-0.0150191,0.00172725,-0.00136246,0.018324
5.508,0.00874483,-0.0150025,0.00172588,-0.00136181,0.0183092
5.509,0.00872983,-0.0149859,0.00172452,-0.00136117,0.0182944
5.51,0.00871485,-0.0149693,0.00172316,-0.00136052,0.0182796
5.511,0.00869989,-0.0149527,0.0017218,-0.00135988,0.0182648
5.512,0.00868495,-0.0149362,0.00172044,-0.00135923,0.01825
5.513,0.00867002,-0.0149196,0.00171908,-0.00135859,0.0182353
5.514,0.00865511,-0.0149031,0.00171773,-0.00135794,0.0182205
5.515,0.00864022,-0.0148866,0.00171637,-0.00135729,0.0182058
5.516,0.00862534,-0.0148701,0.00171501,-0.00135665,0.018191
5.517,0.00861048,-0.0148536,0.00171365,-0.001356,0.0181763
5.518,0.00859563,-0.0148371,0.0017123,-0.00135536,0.0181616
5.519,0.0085808,-0.0148206,0.00171094,-0.00135471,0.0181468
5.52,0.00856599,-0.0148042,0.00170959,-0.00135406,0.0181321
5.521,0.00855119,-0.0147877,0.00170824,-0.00135342,0.0181174
5.522,0.00853641,-0.0147713,0.00170688,-0.00135277,0.0181027
5.523,0.00852165,-0.0147549,0.00170553,-0.00135212,0.018088
5.524,0.0085069,-0.0147385,0.00170418,-0.00135147,0.0180733
5.525,0.00849217,-0.0147221,0.00170283,-0.00135083,0.0180587
5.526,0.00847746,-0.0147057,0.00170148,-0.00135018,0.018044
5.527,0.00846276,-0.0146894,0.00170013,-0.00134953,0.0180293
5.528,0.00844808,-0.014673,0.00169878,-0.00134888,0.0180147
5.529,0.00843342,-0.0146567,0.00169743,-0.00134823,0.018
5.53,0.00841877,-0.0146404,0.00169608,-0.00134759,0.0179854
5.531,0.00840413,-0.0146241,0.00169473,-0.00134694,0.0179708
5.532,0.00838952,-0.0146078,0.00169339,-0.00134629,0.0179561
5.533,0.00837492,-0.0145915,0.00169204,-0.00134564,0.0179415
5.534,0.00836034,-0.0145752,0.0016907,-0.00134499,0.0179269
5.535,0.00834577,-0.014559,0.00168935,-0.00134434,0.0179123
5.536,0.00833122,-0.0145427,0.00168801,-0.00134369,0.0178977
5.537,0.00831668,-0.0145265,0.00168666,-0.00134304,0.0178831
5.538,0.00830217,-0.0145103,0.00168532,-0.00134239,0.0178686
5.539,0.00828766,-0.0144941,0.00168398,-0.00134174,0.017854
5.54,0.00827318,-0.0144779,0.00168264,-0.00134109,0.0178394
5.541,0.00825871,-0.0144617,0.0016813,-0.00134044,0.0178249
5.542,0.00824425,-0.0144455,0.00167996,-0.00133979,0.0178103
5.543,0.00822982,-0.0144294,0.00167862,-0.00133914,0.0177958
5.544,0.00821539,-0.0144133,0.00167728,-0.00133849,0.0177812
5.545,0.00820099,-0.0143971,0.00167594,-0.00133784,0.0177667
5.546,0.0081866,-0.014381,0.0016746,-0.00133718,0.0177522
5.547,0.00817223,-0.0143649,0.00167327,-0.00133653,0.0177377
5.548,0.00815787,-0.0143489,0.00167193,-0.00133588,0.0177232
5.549,0.00814353,-0.0143328,0.00167059,-0.00133523,0.0177087
5.55,0.0081292,-0.0143167,0.00166926,-0.00133458,0.0176942
5.551,0.0081149,-0.0143007,0.00166793,-0.00133392,0.0176797
5.552,0.0081006,-0.0142847,0.00166659,-0.00133327,0.0176652
5.553,0.00808633,-0.0142686,0.00166526,-0.00133262,0.0176508
5.554,0.00807207,-0.0142526,0.00166393,-0.00133197,0.0176363
5.555,0.00805782,-0.0142366,0.00166259,-0.00133131,0.0176218
5.556,0.00804359,-0.0142207,0.00166126,-0.00133066,0.0176074
5.557,0.00802938,-0.0142047,0.00165993,-0.00133001,0.017593
5.558,0.00801518,-0.0141888,0.0016586,-0.00132935,0.0175785
5.559,0.008001,-0.0141728,0.00165727,-0.0013287,0.0175641
5.56,0.00798684,-0.0141569,0.00165595,-0.00132805,0.0175497
5.561,0.00797269,-0.014141,0.00165462,-0.00132739,0.0175353
5.562,0.00795856,-0.0141251,0.00165329,-0.00132674,0.0175209
5.563,0.00794444,-0.0141092,0.00165196,-0.00132609,0.0175065
5.564,0.00793034,-0.0140933,0.00165064,-0.00132543,0.0174921
5.565,0.00791625,-0.0140775,0.00164931,-0.00132478,0.0174777
5.566,0.00790218,-0.0140616,0.00164799,-0.00132412,0.0174634
5.567,0.00788813,-0.0140458,0.00164667,-0.00132347,0.017449
5.568,0.00787409,-0.01403,0.00164534,-0.00132281,0.0174346
5.569,0.00786007,-0.0140142,0.00164402,-0.00132216,0.0174203
5.57,0.00784606,-0.0139984,0.0016427,-0.0013215,0.017406
5.571,0.00783207,-0.0139826,0.00164138,-0.00132085,0.0173916
5.572,0.0078181,-0.0139668,0.00164006,-0.00132019,0.0173773
5.573,0.00780414,-0.0139511,0.00163874,-0.00131954,0.017363
5.574,0.0077902,-0.0139353,0.00163742,-0.00131888,0.0173487
5.575,0.00777627,-0.0139196,0.0016361,-0.00131823,0.0173344
5.576,0.00776236,-0.0139039,0.00163478,-0.00131757,0.0173201
5.577,0.00774846,-0.0138882,0.00163346,-0.00131691,0.0173058
5.578,0.00773458,-0.0138725,0.00163215,-0.00131626,0.0172915
5.579,0.00772072,-0.0138568,0.00163083,-0.0013156,0.0172772
5.58,0.00770687,-0.0138411,0.00162952,-0.00131494,0.017263
5.581,0.00769303,-0.0138255,0.0016282,-0.00131429,0.0172487
5.582,0.00767922,-0.0138099,0.00162689,-0.00131363,0.0172345
5.583,0.00766541,-0.0137942,0.00162557,-0.00131297,0.0172202
5.584,0.00765163,-0.0137786,0.00162426,-0.00131232,0.017206
5.585,0.00763786,-0.013763,0.00162295,-0.00131166,0.0171918
5.586,0.0076241,-0.0137474,0.00162164,-0.001311,0.0171775
5.587,0.00761036,-0.0137319,0.00162033,-0.00131035,0.0171633
5.588,0.00759664,-0.0137163,0.00161902,-0.00130969,0.0171491
5.589,0.00758293,-0.0137008,0.00161771,-0.00130903,0.0171349
5.59,0.00756924,-0.0136852,0.0016164,-0.00130837,0.0171207
5.591,0.00755556,-0.0136697,0.00161509,-0.00130771,0.0171065
5.592,0.0075419,-0.0136542,0.00161378,-0.00130706,0.0170924
5.593,0.00752825,-0.0136387,0.00161248,-0.0013064,0.0170782
5.594,0.00751462,-0.0136232,0.00161117,-0.00130574,0.017064
5.595,0.007501,-0.0136077,0.00160987,-0.00130508,0.0170499
5.596,0.0074874,-0.0135923,0.00160856,-0.00130442,0.0170357
5.597,0.00747382,-0.0135768,0.00160726,-0.00130376,0.0170216
5.598,0.00746025,-0.0135614,0.00160595,-0.00130311,0.0170075
5.599,0.0074467,-0.013546,0.00160465,-0.00130245,0.0169934
5.6,0.00743316,-0.0135306,0.00160335,-0.00130179,0.0169792
5.601,0.00741963,-0.0135152,0.00160205,-0.00130113,0.0169651
5.602,0.00740613,-0.0134998,0.00160075,-0.00130047,0.016951
5.603,0.00739263,-0.0134844,0.00159945,-0.00129981,0.0169369
5.604,0.00737916,-0.0134691,0.00159815,-0.00129915,0.0169229
5.605,0.0073657,-0.0134537,0.00159685,-0.00129849,0.0169088
5.606,0.00735225,-0.0134384,0.00159555,-0.00129783,0.0168947
5.607,0.00733882,-0.0134231,0.00159425,-0.00129717,0.0168806
5.608,0.0073254,-0.0134078,0.00159296,-0.00129651,0.0168666
5.609,0.007312,-0.0133925,0.00159166,-0.00129585,0.0168525
5.61,0.00729862,-0.0133772,0.00159036,-0.00129519,0.0168385
5.611,0.00728525,-0.013362,0.00158907,-0.00129453,0.0168245
5.612,0.0072719,-0.0133467,0.00158777,-0.00129387,0.0168104
5.613,0.00725856,-0.0133315,0.00158648,-0.00129321,0.0167964
5.614,0.00724523,-0.0133162,0.00158519,-0.00129255,0.0167824
5.615,0.00723192,-0.013301,0.0015839,-0.00129189,0.0167684
5.616,0.00721863,-0.0132858,0.0015826,-0.00129123,0.0167544
5.617,0.00720535,-0.0132706,0.00158131,-0.00129057,0.0167404
5.618,0.00719209,-0.0132555,0.00158002,-0.0012899,0.0167265
5.619,0.00717884,-0.0132403,0.00157873,-0.00128924,0.0167125
5.62,0.00716561,-0.0132252,0.00157745,-0.00128858,0.0166985
5.621,0.00715239,-0.01321,0.00157616,-0.00128792,0.0166846
5.622,0.00713919,-0.0131949,0.00157487,-0.00128726,0.0166706
5.623,0.007126,-0.0131798,0.00157358,-0.0012866,0.0166567
5.624,0.00711283,-0.0131647,0.0015723,-0.00128594,0.0166427
5.625,0.00709967,-0.0131496,0.00157101,-0.00128527,0.0166288
5.626,0.00708653,-0.0131345,0.00156973,-0.00128461,0.0166149
5.627,0.0070734,-0.0131195,0.00156844,-0.00128395,0.016601
5.628,0.00706029,-0.0131044,0.00156716,-0.00128329,0.0165871
5.629,0.00704719,-0.0130894,0.00156587,-0.00128263,0.0165732
5.63,0.00703411,-0.0130743,0.00156459,-0.00128196,0.0165593
5.631,0.00702105,-0.0130593,0.00156331,-0.0012813,0.0165454
5.632,0.00700799,-0.0130443,0.00156203,-0.00128064,0.0165315
5.633,0.00699496,-0.0130294,0.00156075,-0.00127998,0.0165177
5.634,0.00698193,-0.0130144,0.00155947,-0.00127931,0.0165038
5.635,0.00696893,-0.0129994,0.00155819,-0.00127865,0.01649
5.636,0.00695594,-0.0129845,0.00155691,-0.00127799,0.0164761
5.637,0.00694296,-0.0129695,0.00155563,-0.00127732,0.0164623
5.638,0.00693,-0.0129546,0.00155436,-0.00127666,0.0164484
5.639,0.00691705,-0.0129397,0.00155308,-0.001276,0.0164346
5.64,0.00690412,-0.0129248,0.00155181,-0.00127533,0.0164208
5.641,0.0068912,-0.0129099,0.00155053,-0.00127467,0.016407
5.642,0.0068783,-0.012895,0.00154926,-0.00127401,0.0163932
5.643,0.00686541,-0.0128802,0.00154798,-0.00127334,0.0163794
5.644,0.00685254,-0.0128653,0.00154671,-0.00127268,0.0163656
5.645,0.00683968,-0.0128505,0.00154544,-0.00127202,0.0163519
5.646,0.00682684,-0.0128357,0.00154417,-0.00127135,0.0163381
5.647,0.00681401,-0.0128209,0.00154289,-0.00127069,0.0163243
5.648,0.00680119,-0.0128061,0.00154162,-0.00127003,0.0163106
5.649,0.0067884,-0.0127913,0.00154035,-0.00126936,0.0162968
5.65,0.00677561,-0.0127765,0.00153909,-0.0012687,0.0162831
5.651,0.00676284,-0.0127618,0.00153782,-0.00126803,0.0162694
5.652,0.00675009,-0.012747,0.00153655,-0.00126737,0.0162556
5.653,0.00673735,-0.0127323,0.00153528,-0.0012667,0.0162419
5.654,0.00672462,-0.0127175,0.00153402,-0.00126604,0.0162282
5.655,0.00671191,-0.0127028,0.00153275,-0.00126538,0.0162145
5.656,0.00669922,-0.0126881,0.00153149,-0.00126471,0.0162008
5.657,0.00668654,-0.0126735,0.00153022,-0.00126405,0.0161871
5.658,0.00667387,-0.0126588,0.00152896,-0.00126338,0.0161734
5.659,0.00666122,-0.0126441,0.00152769,-0.00126272,0.0161598
5.66,0.00664858,-0.0126295,0.00152643,-0.00126205,0.0161461
5.661,0.00663596,-0.0126148,0.00152517,-0.00126139,0.0161325
5.662,0.00662335,-0.0126002,0.00152391,-0.00126072,0.0161188
5.663,0.00661076,-0.0125856,0.00152265,-0.00126006,0.0161052
5.664,0.00659818,-0.012571,0.00152139,-0.00125939,0.0160915
5.665,0.00658562,-0.0125564,0.00152013,-0.00125873,0.0160779
5.666,0.00657307,-0.0125418,0.00151887,-0.00125806,0.0160643
5.667,0.00656053,-0.0125273,0.00151761,-0.0012574,0.0160507
5.668,0.00654801,-0.0125127,0.00151636,-0.00125673,0.0160371
5.669,0.00653551,-0.0124982,0.0015151,-0.00125607,0.0160235
5.67,0.00652302,-0.0124837,0.00151384,-0.0012554,0.0160099
5.671,0.00651054,-0.0124692,0.00151259,-0.00125473,0.0159963
5.672,0.00649808,-0.0124547,0.00151134,-0.00125407,0.0159827
5.673,0.00648563,-0.0124402,0.00151008,-0.0012534,0.0159692
5.674,0.0064732,-0.0124257,0.00150883,-0.00125274,0.0159556
5.675,0.00646078,-0.0124112,0.00150758,-0.00125207,0.0159421
5.676,0.00644838,-0.0123968,0.00150632,-0.0012514,0.0159285
5.677,0.00643599,-0.0123824,0.00150507,-0.00125074,0.015915
5.678,0.00642361,-0.0123679,0.00150382,-0.00125007,0.0159015
5.679,0.00641125,-0.0123535,0.00150257,-0.00124941,0.0158879
5.68,0.00639891,-0.0123391,0.00150132,-0.00124874,0.0158744
5.681,0.00638657,-0.0123247,0.00150008,-0.00124807,0.0158609
5.682,0.00637426,-0.0123103,0.00149883,-0.00124741,0.0158474
5.683,0.00636195,-0.012296,0.00149758,-0.00124674,0.0158339
5.684,0.00634966,-0.0122816,0.00149633,-0.00124607,0.0158205
5.685,0.00633739,-0.0122673,0.00149509,-0.00124541,0.015807
5.686,0.00632513,-0.012253,0.00149384,-0.00124474,0.0157935
5.687,0.00631288,-0.0122386,0.0014926,-0.00124408,0.0157801
5.688,0.00630065,-0.0122243,0.00149136,-0.00124341,0.0157666
5.689,0.00628843,-0.0122101,0.00149011,-0.00124274,0.0157532
5.69,0.00627623,-0.0121958,0.00148887,-0.00124208,0.0157397
5.691,0.00626404,-0.0121815,0.00148763,-0.00124141,0.0157263
5.692,0.00625187,-0.0121673,0.00148639,-0.00124074,0.0157129
5.693,0.00623971,-0.012153,0.00148515,-0.00124007,0.0156995
5.694,0.00622756,-0.0121388,0.00148391,-0.00123941,0.0156861
5.695,0.00621543,-0.0121246,0.00148267,-0.00123874,0.0156727
5.696,0.00620331,-0.0121104,0.00148143,-0.00123807,0.0156593
5.697,0.00619121,-0.0120962,0.00148019,-0.00123741,0.0156459
5.698,0.00617912,-0.012082,0.00147895,-0.00123674,0.0156325
5.699,0.00616705,-0.0120678,0.00147772,-0.00123607,0.0156191
5.7,0.00615499,-0.0120537,0.00147648,-0.0012354,0.0156058
5.701,0.00614294,-0.0120395,0.00147525,-0.00123474,0.0155924
5.702,0.00613091,-0.0120254,0.00147401,-0.00123407,0.0155791
5.703,0.00611889,-0.0120113,0.00147278,-0.0012334,0.0155657
5.704,0.00610688,-0.0119972,0.00147155,-0.00123274,0.0155524
5.705,0.00609489,-0.0119831,0.00147031,-0.00123207,0.0155391
5.706,0.00608292,-0.011969,0.00146908,-0.0012314,0.0155258
5.707,0.00607096,-0.0119549,0.00146785,-0.00123073,0.0155125
5.708,0.00605901,-0.0119408,0.00146662,-0.00123007,0.0154992
5.709,0.00604707,-0.0119268,0.00146539,-0.0012294,0.0154859
5.71,0.00603515,-0.0119128,0.00146416,-0.00122873,0.0154726
5.711,0.00602325,-0.0118987,0.00146293,-0.00122806,0.0154593
5.712,0.00601136,-0.0118847,0.00146171,-0.00122739,0.015446
5.713,0.00599948,-0.0118707,0.00146048,-0.00122673,0.0154328
5.714,0.00598762,-0.0118567,0.00145925,-0.00122606,0.0154195
5.715,0.00597577,-0.0118428,0.00145803,-0.00122539,0.0154063
5.716,0.00596393,-0.0118288,0.0014568,-0.00122472,0.015393
5.717,0.00595211,-0.0118148,0.00145558,-0.00122405,0.0153798
5.718,0.0059403,-0.0118009,0.00145435,-0.00122339,0.0153666
5.719,0.00592851,-0.011787,0.00145313,-0.00122272,0.0153533
5.72,0.00591673,-0.0117731,0.00145191,-0.00122205,0.0153401
5.721,0.00590496,-0.0117592,0.00145069,-0.00122138,0.0153269
5.722,0.00589321,-0.0117453,0.00144947,-0.00122071,0.0153137
5.723,0.00588147,-0.0117314,0.00144825,-0.00122005,0.0153005
5.724,0.00586975,-0.0117175,0.00144703,-0.00121938,0.0152874
5.725,0.00585803,-0.0117037,0.00144581,-0.00121871,0.0152742
5.726,0.00584634,-0.0116898,0.00144459,-0.00121804,0.015261
5.727,0.00583466,-0.011676,0.00144337,-0.00121737,0.0152479
5.728,0.00582299,-0.0116622,0.00144215,-0.00121671,0.0152347
5.729,0.00581133,-0.0116484,0.00144094,-0.00121604,0.0152216
5.73,0.00579969,-0.0116346,0.00143972,-0.00121537,0.0152084
5.731,0.00578806,-0.0116208,0.00143851,-0.0012147,0.0151953
5.732,0.00577645,-0.011607,0.00143729,-0.00121403,0.0151822
5.733,0.00576485,-0.0115933,0.00143608,-0.00121336,0.0151691
5.734,0.00575326,-0.0115795,0.00143486,-0.0012127,0.015156
5.735,0.00574169,-0.0115658,0.00143365,-0.00121203,0.0151429
5.736,0.00573013,-0.011552,0.00143244,-0.00121136,0.0151298
5.737,0.00571858,-0.0115383,0.00143123,-0.00121069,0.0151167
5.738,0.00570705,-0.0115246,0.00143002,-0.00121002,0.0151036
5.739,0.00569554,-0.0115109,0.00142881,-0.00120935,0.0150906
5.74,0.00568403,-0.0114973,0.0014276,-0.00120868,0.0150775
5.741,0.00567254,-0.0114836,0.00142639,-0.00120802,0.0150645
5.742,0.00566106,-0.01147,0.00142518,-0.00120735,0.0150514
5.743,0.0056496,-0.0114563,0.00142398,-0.00120668,0.0150384
5.744,0.00563815,-0.0114427,0.00142277,-0.00120601,0.0150253
5.745,0.00562672,-0.0114291,0.00142157,-0.00120534,0.0150123
5.746,0.00561529,-0.0114155,0.00142036,-0.00120467,0.0149993
5.747,0.00560388,-0.0114019,0.00141916,-0.001204,0.0149863
5.748,0.00559249,-0.0113883,0.00141795,-0.00120334,0.0149733
5.749,0.00558111,-0.0113747,0.00141675,-0.00120267,0.0149603
5.75,0.00556974,-0.0113612,0.00141555,-0.001202,0.0149473
5.751,0.00555839,-0.0113476,0.00141435,-0.00120133,0.0149344
5.752,0.00554704,-0.0113341,0.00141314,-0.00120066,0.0149214
5.753,0.00553572,-0.0113206,0.00141194,-0.00119999,0.0149084
5.754,0.0055244,-0.011307,0.00141074,-0.00119932,0.0148955
5.755,0.0055131,-0.0112935,0.00140955,-0.00119866,0.0148825
5.756,0.00550182,-0.0112801,0.00140835,-0.00119799,0.0148696
5.757,0.00549054,-0.0112666,0.00140715,-0.00119732,0.0148567
5.758,0.00547928,-0.0112531,0.00140595,-0.00119665,0.0148437
5.759,0.00546804,-0.0112397,0.00140476,-0.00119598,0.0148308
5.76,0.0054568,-0.0112262,0.00140356,-0.00119531,0.0148179
5.761,0.00544558,-0.0112128,0.00140237,-0.00119464,0.014805
5.762,0.00543438,-0.0111994,0.00140117,-0.00119397,0.0147921
5.763,0.00542319,-0.011186,0.00139998,-0.0011933,0.0147792
5.764,0.00541201,-0.0111726,0.00139879,-0.00119264,0.0147663
5.765,0.00540084,-0.0111592,0.00139759,-0.00119197,0.0147535
5.766,0.00538969,-0.0111458,0.0013964,-0.0011913,0.0147406
5.767,0.00537855,-0.0111325,0.00139521,-0.00119063,0.0147278
5.768,0.00536742,-0.0111191,0.00139402,-0.00118996,0.0147149
5.769,0.00535631,-0.0111058,0.00139283,-0.00118929,0.0147021
5.77,0.00534521,-0.0110925,0.00139164,-0.00118862,0.0146892
5.771,0.00533413,-0.0110792,0.00139045,-0.00118795,0.0146764
5.772,0.00532305,-0.0110659,0.00138927,-0.00118729,0.0146636
5.773,0.00531199,-0.0110526,0.00138808,-0.00118662,0.0146508
5.774,0.00530095,-0.0110393,0.00138689,-0.00118595,0.014638
5.775,0.00528992,-0.011026,0.00138571,-0.00118528,0.0146252
5.776,0.0052789,-0.0110128,0.00138452,-0.00118461,0.0146124
5.777,0.00526789,-0.0109995,0.00138334,-0.00118394,0.0145996
5.778,0.0052569,-0.0109863,0.00138215,-0.00118327,0.0145868
5.779,0.00524592,-0.0109731,0.00138097,-0.0011826,0.0145741
5.78,0.00523495,-0.0109599,0.00137979,-0.00118194,0.0145613
5.781,0.005224,-0.0109467,0.00137861,-0.00118127,0.0145486
5.782,0.00521306,-0.0109335,0.00137743,-0.0011806,0.0145358
5.783,0.00520213,-0.0109203,0.00137625,-0.00117993,0.0145231
5.784,0.00519122,-0.0109072,0.00137507,-0.00117926,0.0145103
5.785,0.00518032,-0.010894,0.00137389,-0.00117859,0.0144976
5.786,0.00516943,-0.0108809,0.00137271,-0.00117792,0.0144849
5.787,0.00515855,-0.0108677,0.00137153,-0.00117725,0.0144722
5.788,0.00514769,-0.0108546,0.00137035,-0.00117659,0.0144595
5.789,0.00513684,-0.0108415,0.00136918,-0.00117592,0.0144468
5.79,0.00512601,-0.0108284,0.001368,-0.00117525,0.0144341
5.791,0.00511519,-0.0108154,0.00136683,-0.00117458,0.0144215
5.792,0.00510438,-0.0108023,0.00136565,-0.00117391,0.0144088
5.793,0.00509358,-0.0107892,0.00136448,-0.00117324,0.0143961
5.794,0.0050828,-0.0107762,0.00136331,-0.00117257,0.0143835
5.795,0.00507203,-0.0107632,0.00136213,-0.00117191,0.0143708
5.796,0.00506127,-0.0107501,0.00136096,-0.00117124,0.0143582
5.797,0.00505053,-0.0107371,0.00135979,-0.00117057,0.0143456
5.798,0.0050398,-0.0107241,0.00135862,-0.0011699,0.0143329
5.799,0.00502908,-0.0107111,0.00135745,-0.00116923,0.0143203
5.8,0.00501838,-0.0106982,0.00135628,-0.00116856,0.0143077
5.801,0.00500769,-0.0106852,0.00135512,-0.00116789,0.0142951
5.802,0.00499701,-0.0106722,0.00135395,-0.00116723,0.0142825
5.803,0.00498634,-0.0106593,0.00135278,-0.00116656,0.0142699
5.804,0.00497569,-0.0106464,0.00135161,-0.00116589,0.0142574
5.805,0.00496505,-0.0106334,0.00135045,-0.00116522,0.0142448
5.806,0.00495442,-0.0106205,0.00134928,-0.00116455,0.0142322
5.807,0.00494381,-0.0106076,0.00134812,-0.00116388,0.0142197
5.808,0.00493321,-0.0105948,0.00134696,-0.00116322,0.0142071
5.809,0.00492262,-0.0105819,0.00134579,-0.00116255,0.0141946
5.81,0.00491204,-0.010569,0.00134463,-0.00116188,0.014182
5.811,0.00490148,-0.0105562,0.00134347,-0.00116121,0.0141695
5.812,0.00489093,-0.0105433,0.00134231,-0.00116054,0.014157
5.813,0.00488039,-0.0105305,0.00134115,-0.00115987,0.0141445
5.814,0.00486987,-0.0105177,0.00133999,-0.00115921,0.014132
5.815,0.00485936,-0.0105049,0.00133883,-0.00115854,0.0141195
5.816,0.00484886,-0.0104921,0.00133767,-0.00115787,0.014107
5.817,0.00483837,-0.0104793,0.00133651,-0.0011572,0.0140945
5.818,0.0048279,-0.0104665,0.00133536,-0.00115653,0.0140821
5.819,0.00481744,-0.0104538,0.0013342,-0.00115587,0.0140696
5.82,0.00480699,-0.010441,0.00133305,-0.0011552,0.0140571
5.821,0.00479656,-0.0104283,0.00133189,-0.00115453,0.0140447
5.822,0.00478614,-0.0104156,0.00133074,-0.00115386,0.0140322
5.823,0.00477573,-0.0104028,0.00132958,-0.00115319,0.0140198
5.824,0.00476533,-0.0103901,0.00132843,-0.00115253,0.0140074
5.825,0.00475495,-0.0103774,0.00132728,-0.00115186,0.013995
5.826,0.00474458,-0.0103648,0.00132613,-0.00115119,0.0139825
5.827,0.00473422,-0.0103521,0.00132498,-0.00115052,0.0139701
5.828,0.00472387,-0.0103394,0.00132383,-0.00114985,0.0139577
5.829,0.00471354,-0.0103268,0.00132268,-0.00114919,0.0139453
5.83,0.00470322,-0.0103142,0.00132153,-0.00114852,0.013933
5.831,0.00469291,-0.0103015,0.00132038,-0.00114785,0.0139206
5.832,0.00468262,-0.0102889,0.00131923,-0.00114718,0.0139082
5.833,0.00467233,-0.0102763,0.00131808,-0.00114652,0.0138959
5.834,0.00466206,-0.0102637,0.00131694,-0.00114585,0.0138835
5.835,0.00465181,-0.0102511,0.00131579,-0.00114518,0.0138712
5.836,0.00464156,-0.0102386,0.00131465,-0.00114451,0.0138588
5.837,0.00463133,-0.010226,0.0013135,-0.00114385,0.0138465
5.838,0.00462111,-0.0102135,0.00131236,-0.00114318,0.0138342
5.839,0.0046109,-0.0102009,0.00131122,-0.00114251,0.0138219
5.84,0.00460071,-0.0101884,0.00131008,-0.00114184,0.0138095
5.841,0.00459052,-0.0101759,0.00130893,-0.00114118,0.0137972
5.842,0.00458036,-0.0101634,0.00130779,-0.00114051,0.0137849
5.843,0.0045702,-0.0101509,0.00130665,-0.00113984,0.0137727
5.844,0.00456005,-0.0101384,0.00130551,-0.00113918,0.0137604
5.845,0.00454992,-0.010126,0.00130437,-0.00113851,0.0137481
5.846,0.0045398,-0.0101135,0.00130324,-0.00113784,0.0137359
5.847,0.00452969,-0.0101011,0.0013021,-0.00113717,0.0137236
5.848,0.0045196,-0.0100886,0.00130096,-0.00113651,0.0137113
5.849,0.00450952,-0.0100762,0.00129983,-0.00113584,0.0136991
5.85,0.00449945,-0.0100638,0.00129869,-0.00113517,0.0136869
5.851,0.00448939,-0.0100514,0.00129756,-0.00113451,0.0136746
5.852,0.00447934,-0.010039,0.00129642,-0.00113384,0.0136624
5.853,0.00446931,-0.0100266,0.00129529,-0.00113317,0.0136502
5.854,0.00445929,-0.0100142,0.00129416,-0.00113251,0.013638
5.855,0.00444928,-0.0100019,0.00129302,-0.00113184,0.0136258
5.856,0.00443929,-0.00998954,0.00129189,-0.00113117,0.0136136
5.857,0.0044293,-0.00997721,0.00129076,-0.00113051,0.0136014
5.858,0.00441933,-0.00996489,0.00128963,-0.00112984,0.0135893
5.859,0.00440937,-0.00995257,0.0012885,-0.00112917,0.0135771
5.86,0.00439943,-0.00994027,0.00128737,-0.00112851,0.0135649
5.861,0.00438949,-0.00992798,0.00128624,-0.00112784,0.0135528
5.862,0.00437957,-0.0099157,0.00128512,-0.00112717,0.0135407
5.863,0.00436966,-0.00990343,0.00128399,-0.00112651,0.0135285
5.864,0.00435976,-0.00989118,0.00128286,-0.00112584,0.0135164
5.865,0.00434988,-0.00987893,0.00128174,-0.00112518,0.0135043
5.866,0.00434001,-0.00986669,0.00128061,-0.00112451,0.0134921
5.867,0.00433015,-0.00985447,0.00127949,-0.00112384,0.01348
5.868,0.0043203,-0.00984226,0.00127837,-0.00112318,0.0134679
5.869,0.00431046,-0.00983005,0.00127724,-0.00112251,0.0134559
5.87,0.00430064,-0.00981786,0.00127612,-0.00112185,0.0134438
5.871,0.00429083,-0.00980568,0.001275,-0.00112118,0.0134317
5.872,0.00428103,-0.00979351,0.00127388,-0.00112052,0.0134196
5.873,0.00427124,-0.00978135,0.00127276,-0.00111985,0.0134076
5.874,0.00426146,-0.00976921,0.00127164,-0.00111918,0.0133955
5.875,0.0042517,-0.00975707,0.00127052,-0.00111852,0.0133835
5.876,0.00424195,-0.00974495,0.0012694,-0.00111785,0.0133714
5.877,0.00423221,-0.00973283,0.00126828,-0.00111719,0.0133594
5.878,0.00422248,-0.00972073,0.00126717,-0.00111652,0.0133474
5.879,0.00421277,-0.00970863,0.00126605,-0.00111586,0.0133353
5.88,0.00420307,-0.00969655,0.00126494,-0.00111519,0.0133233
5.881,0.00419338,-0.00968448,0.00126382,-0.00111453,0.0133113
5.882,0.0041837,-0.00967242,0.00126271,-0.00111386,0.0132993
5.883,0.00417403,-0.00966037,0.00126159,-0.0011132,0.0132873
5.884,0.00416438,-0.00964833,0.00126048,-0.00111253,0.0132754
5.885,0.00415473,-0.00963631,0.00125937,-0.00111187,0.0132634
5.886,0.0041451,-0.00962429,0.00125826,-0.0011112,0.0132514
5.887,0.00413549,-0.00961228,0.00125715,-0.00111054,0.0132395
5.888,0.00412588,-0.00960029,0.00125604,-0.00110987,0.0132275
5.889,0.00411629,-0.00958831,0.00125493,-0.00110921,0.0132156
5.89,0.0041067,-0.00957633,0.00125382,-0.00110854,0.0132036
5.891,0.00409713,-0.00956437,0.00125271,-0.00110788,0.0131917
5.892,0.00408757,-0.00955242,0.0012516,-0.00110721,0.0131798
5.893,0.00407803,-0.00954048,0.00125049,-0.00110655,0.0131679
5.894,0.00406849,-0.00952855,0.00124939,-0.00110589,0.013156
5.895,0.00405897,-0.00951663,0.00124828,-0.00110522,0.0131441
5.896,0.00404946,-0.00950472,0.00124718,-0.00110456,0.0131322
5.897,0.00403996,-0.00949282,0.00124607,-0.00110389,0.0131203
5.898,0.00403047,-0.00948094,0.00124497,-0.00110323,0.0131084
5.899,0.004021,-0.00946906,0.00124387,-0.00110256,0.0130966
5.9,0.00401154,-0.0094572,0.00124276,-0.0011019,0.0130847
5.901,0.00400209,-0.00944534,0.00124166,-0.00110124,0.0130728
5.902,0.00399265,-0.0094335,0.00124056,-0.00110057,0.013061
5.903,0.00398322,-0.00942167,0.00123946,-0.00109991,0.0130491
5.904,0.0039738,-0.00940984,0.00123836,-0.00109925,0.0130373
5.905,0.0039644,-0.00939803,0.00123726,-0.00109858,0.0130255
5.906,0.00395501,-0.00938623,0.00123617,-0.00109792,0.0130137
5.907,0.00394563,-0.00937444,0.00123507,-0.00109726,0.0130019
5.908,0.00393626,-0.00936266,0.00123397,-0.00109659,0.0129901
5.909,0.0039269,-0.0093509,0.00123287,-0.00109593,0.0129783
5.91,0.00391756,-0.00933914,0.00123178,-0.00109527,0.0129665
5.911,0.00390822,-0.00932739,0.00123068,-0.0010946,0.0129547
5.912,0.0038989,-0.00931565,0.00122959,-0.00109394,0.0129429
5.913,0.00388959,-0.00930393,0.0012285,-0.00109328,0.0129312
5.914,0.00388029,-0.00929221,0.0012274,-0.00109261,0.0129194
5.915,0.00387101,-0.00928051,0.00122631,-0.00109195,0.0129077
5.916,0.00386173,-0.00926882,0.00122522,-0.00109129,0.0128959
5.917,0.00385247,-0.00925713,0.00122413,-0.00109063,0.0128842
5.918,0.00384322,-0.00924546,0.00122304,-0.00108996,0.0128724
5.919,0.00383398,-0.0092338,0.00122195,-0.0010893,0.0128607
5.92,0.00382475,-0.00922215,0.00122086,-0.00108864,0.012849
5.921,0.00381553,-0.00921051,0.00121977,-0.00108798,0.0128373
5.922,0.00380633,-0.00919888,0.00121868,-0.00108732,0.0128256
5.923,0.00379714,-0.00918726,0.0012176,-0.00108665,0.0128139
5.924,0.00378795,-0.00917565,0.00121651,-0.00108599,0.0128022
5.925,0.00377878,-0.00916406,0.00121542,-0.00108533,0.0127906
5.926,0.00376963,-0.00915247,0.00121434,-0.00108467,0.0127789
5.927,0.00376048,-0.00914089,0.00121325,-0.00108401,0.0127672
5.928,0.00375134,-0.00912933,0.00121217,-0.00108334,0.0127556
5.929,0.00374222,-0.00911777,0.00121109,-0.00108268,0.0127439
5.93,0.00373311,-0.00910623,0.00121001,-0.00108202,0.0127323
5.931,0.00372401,-0.00909469,0.00120892,-0.00108136,0.0127207
5.932,0.00371492,-0.00908317,0.00120784,-0.0010807,0.012709
5.933,0.00370584,-0.00907165,0.00120676,-0.00108004,0.0126974
5.934,0.00369678,-0.00906015,0.00120568,-0.00107938,0.0126858
5.935,0.00368772,-0.00904866,0.0012046,-0.00107872,0.0126742
5.936,0.00367868,-0.00903718,0.00120353,-0.00107805,0.0126626
5.937,0.00366965,-0.00902571,0.00120245,-0.00107739,0.012651
5.938,0.00366063,-0.00901425,0.00120137,-0.00107673,0.0126394
5.939,0.00365162,-0.0090028,0.00120029,-0.00107607,0.0126279
5.94,0.00364262,-0.00899136,0.00119922,-0.00107541,0.0126163
5.941,0.00363364,-0.00897993,0.00119814,-0.00107475,0.0126047
5.942,0.00362466,-0.00896851,0.00119707,-0.00107409,0.0125932
5.943,0.0036157,-0.0089571,0.001196,-0.00107343,0.0125816
5.944,0.00360675,-0.00894571,0.00119492,-0.00107277,0.0125701
5.945,0.00359781,-0.00893432,0.00119385,-0.00107211,0.0125586
5.946,0.00358888,-0.00892294,0.00119278,-0.00107145,0.012547
5.947,0.00357996,-0.00891158,0.00119171,-0.00107079,0.0125355
5.948,0.00357106,-0.00890022,0.00119064,-0.00107013,0.012524
5.949,0.00356216,-0.00888888,0.00118957,-0.00106947,0.0125125
5.95,0.00355328,-0.00887754,0.0011885,-0.00106881,0.012501
5.951,0.00354441,-0.00886622,0.00118743,-0.00106815,0.0124895
5.952,0.00353555,-0.0088549,0.00118636,-0.00106749,0.0124781
5.953,0.0035267,-0.0088436,0.00118529,-0.00106683,0.0124666
5.954,0.00351786,-0.00883231,0.00118423,-0.00106617,0.0124551
5.955,0.00350903,-0.00882103,0.00118316,-0.00106551,0.0124437
5.956,0.00350022,-0.00880975,0.0011821,-0.00106485,0.0124322
5.957,0.00349141,-0.00879849,0.00118103,-0.0010642,0.0124208
5.958,0.00348262,-0.00878724,0.00117997,-0.00106354,0.0124094
5.959,0.00347384,-0.008776,0.00117891,-0.00106288,0.0123979
5.96,0.00346507,-0.00876477,0.00117784,-0.00106222,0.0123865
5.961,0.00345631,-0.00875355,0.00117678,-0.00106156,0.0123751
5.962,0.00344756,-0.00874234,0.00117572,-0.0010609,0.0123637
5.963,0.00343882,-0.00873114,0.00117466,-0.00106024,0.0123523
5.964,0.0034301,-0.00871995,0.0011736,-0.00105959,0.0123409
5.965,0.00342138,-0.00870877,0.00117254,-0.00105893,0.0123295
5.966,0.00341268,-0.0086976,0.00117148,-0.00105827,0.0123181
5.967,0.00340399,-0.00868645,0.00117042,-0.00105761,0.0123068
5.968,0.00339531,-0.0086753,0.00116937,-0.00105695,0.0122954
5.969,0.00338664,-0.00866416,0.00116831,-0.0010563,0.0122841
5.97,0.00337798,-0.00865303,0.00116725,-0.00105564,0.0122727
5.971,0.00336933,-0.00864192,0.0011662,-0.00105498,0.0122614
5.972,0.0033607,-0.00863081,0.00116514,-0.00105432,0.0122501
5.973,0.00335207,-0.00861971,0.00116409,-0.00105367,0.0122387
5.974,0.00334346,-0.00860863,0.00116304,-0.00105301,0.0122274
5.975,0.00333485,-0.00859755,0.00116198,-0.00105235,0.0122161
5.976,0.00332626,-0.00858649,0.00116093,-0.0010517,0.0122048
5.977,0.00331768,-0.00857543,0.00115988,-0.00105104,0.0121935
5.978,0.00330911,-0.00856439,0.00115883,-0.00105038,0.0121822
5.979,0.00330055,-0.00855335,0.00115778,-0.00104973,0.0121709
5.98,0.003292,-0.00854233,0.00115673,-0.00104907,0.0121597
5.981,0.00328347,-0.00853131,0.00115568,-0.00104841,0.0121484
5.982,0.00327494,-0.00852031,0.00115463,-0.00104776,0.0121371
5.983,0.00326643,-0.00850932,0.00115359,-0.0010471,0.0121259
5.984,0.00325792,-0.00849833,0.00115254,-0.00104644,0.0121146
5.985,0.00324943,-0.00848736,0.00115149,-0.00104579,0.0121034
5.986,0.00324095,-0.0084764,0.00115045,-0.00104513,0.0120922
5.987,0.00323248,-0.00846544,0.0011494,-0.00104448,0.012081
5.988,0.00322402,-0.0084545,0.00114836,-0.00104382,0.0120697
5.989,0.00321557,-0.00844357,0.00114731,-0.00104316,0.0120585
5.99,0.00320713,-0.00843265,0.00114627,-0.00104251,0.0120473
5.991,0.0031987,-0.00842173,0.00114523,-0.00104185,0.0120361
5.992,0.00319029,-0.00841083,0.00114419,-0.0010412,0.012025
5.993,0.00318188,-0.00839994,0.00114315,-0.00104054,0.0120138
5.994,0.00317349,-0.00838906,0.00114211,-0.00103989,0.0120026
5.995,0.0031651,-0.00837819,0.00114107,-0.00103923,0.0119914
5.996,0.00315673,-0.00836732,0.00114003,-0.00103858,0.0119803
5.997,0.00314837,-0.00835647,0.00113899,-0.00103792,0.0119691
5.998,0.00314002,-0.00834563,0.00113795,-0.00103727,0.011958
5.999,0.00313168,-0.0083348,0.00113692,-0.00103662,0.0119469
6,0.00312335,-0.00832398,0.00113588,-0.00103596,0.0119357
6.001,0.00311503,-0.00831317,0.00113484,-0.00103531,0.0119246
6.002,0.00310672,-0.00830237,0.00113381,-0.00103465,0.0119135
6.003,0.00309842,-0.00829158,0.00113277,-0.001034,0.0119024
6.004,0.00309014,-0.0082808,0.00113174,-0.00103335,0.0118913
6.005,0.00308186,-0.00827003,0.00113071,-0.00103269,0.0118802
6.006,0.0030736,-0.00825927,0.00112968,-0.00103204,0.0118691
6.007,0.00306534,-0.00824852,0.00112864,-0.00103138,0.011858
6.008,0.0030571,-0.00823778,0.00112761,-0.00103073,0.011847
6.009,0.00304887,-0.00822705,0.00112658,-0.00103008,0.0118359
6.01,0.00304065,-0.00821633,0.00112555,-0.00102942,0.0118249
6.011,0.00303244,-0.00820562,0.00112452,-0.00102877,0.0118138
6.012,0.00302424,-0.00819492,0.0011235,-0.00102812,0.0118028
6.013,0.00301605,-0.00818423,0.00112247,-0.00102747,0.0117917
6.014,0.00300787,-0.00817354,0.00112144,-0.00102681,0.0117807
6.015,0.0029997,-0.00816287,0.00112041,-0.00102616,0.0117697
6.016,0.00299154,-0.00815221,0.00111939,-0.00102551,0.0117587
6.017,0.00298339,-0.00814156,0.00111836,-0.00102486,0.0117477
6.018,0.00297526,-0.00813092,0.00111734,-0.0010242,0.0117367
6.019,0.00296713,-0.00812029,0.00111631,-0.00102355,0.0117257
6.02,0.00295902,-0.00810967,0.00111529,-0.0010229,0.0117147
6.021,0.00295091,-0.00809906,0.00111427,-0.00102225,0.0117037
6.022,0.00294282,-0.00808846,0.00111325,-0.0010216,0.0116928
6.023,0.00293474,-0.00807787,0.00111223,-0.00102095,0.0116818
6.024,0.00292666,-0.00806729,0.0011112,-0.00102029,0.0116709
6.025,0.0029186,-0.00805672,0.00111018,-0.00101964,0.0116599
6.026,0.00291055,-0.00804616,0.00110917,-0.00101899,0.011649
6.027,0.00290251,-0.00803561,0.00110815,-0.00101834,0.011638
6.028,0.00289448,-0.00802507,0.00110713,-0.00101769,0.0116271
6.029,0.00288646,-0.00801454,0.00110611,-0.00101704,0.0116162
6.03,0.00287845,-0.00800402,0.00110509,-0.00101639,0.0116053
6.031,0.00287045,-0.00799351,0.00110408,-0.00101574,0.0115944
6.032,0.00286246,-0.00798301,0.00110306,-0.00101509,0.0115835
6.033,0.00285448,-0.00797252,0.00110205,-0.00101444,0.0115726
6.034,0.00284652,-0.00796204,0.00110103,-0.00101379,0.0115617
6.035,0.00283856,-0.00795157,0.00110002,-0.00101314,0.0115508
6.036,0.00283061,-0.0079411,0.00109901,-0.00101249,0.01154
6.037,0.00282268,-0.00793065,0.001098,-0.00101184,0.0115291
6.038,0.00281475,-0.00792021,0.00109698,-0.00101119,0.0115183
6.039,0.00280684,-0.00790978,0.00109597,-0.00101054,0.0115074
6.04,0.00279893,-0.00789936,0.00109496,-0.00100989,0.0114966
6.041,0.00279104,-0.00788895,0.00109395,-0.00100924,0.0114858
6.042,0.00278316,-0.00787854,0.00109294,-0.00100859,0.0114749
6.043,0.00277528,-0.00786815,0.00109194,-0.00100794,0.0114641
6.044,0.00276742,-0.00785777,0.00109093,-0.0010073,0.0114533
6.045,0.00275957,-0.0078474,0.00108992,-0.00100665,0.0114425
6.046,0.00275172,-0.00783703,0.00108892,-0.001006,0.0114317
6.047,0.00274389,-0.00782668,0.00108791,-0.00100535,0.0114209
6.048,0.00273607,-0.00781634,0.0010869,-0.0010047,0.0114101
6.049,0.00272826,-0.007806,0.0010859,-0.00100405,0.0113994
6.05,0.00272046,-0.00779568,0.0010849,-0.00100341,0.0113886
6.051,0.00271267,-0.00778536,0.00108389,-0.00100276,0.0113778
6.052,0.00270489,-0.00777506,0.00108289,-0.00100211,0.0113671
6.053,0.00269712,-0.00776477,0.00108189,-0.00100146,0.0113563
6.054,0.00268936,-0.00775448,0.00108089,-0.00100082,0.0113456
6.055,0.00268161,-0.00774421,0.00107989,-0.00100017,0.0113349
6.056,0.00267387,-0.00773394,0.00107889,-0.000999522,0.0113242
6.057,0.00266614,-0.00772368,0.00107789,-0.000998875,0.0113134
6.058,0.00265842,-0.00771344,0.00107689,-0.000998228,0.0113027
6.059,0.00265071,-0.0077032,0.00107589,-0.000997582,0.011292
6.06,0.00264302,-0.00769298,0.0010749,-0.000996935,0.0112813
6.061,0.00263533,-0.00768276,0.0010739,-0.000996289,0.0112706
6.062,0.00262765,-0.00767255,0.0010729,-0.000995643,0.01126
6.063,0.00261998,-0.00766236,0.00107191,-0.000994997,0.0112493
6.064,0.00261233,-0.00765217,0.00107091,-0.000994351,0.0112386
6.065,0.00260468,-0.00764199,0.00106992,-0.000993705,0.011228
6.066,0.00259704,-0.00763182,0.00106893,-0.000993059,0.0112173
6.067,0.00258942,-0.00762166,0.00106793,-0.000992414,0.0112067
6.068,0.0025818,-0.00761151,0.00106694,-0.000991768,0.011196
6.069,0.00257419,-0.00760138,0.00106595,-0.000991123,0.0111854
6.07,0.0025666,-0.00759125,0.00106496,-0.000990478,0.0111748
6.071,0.00255901,-0.00758113,0.00106397,-0.000989833,0.0111642
6.072,0.00255143,-0.00757102,0.00106298,-0.000989189,0.0111536
6.073,0.00254387,-0.00756091,0.00106199,-0.000988544,0.011143
6.074,0.00253631,-0.00755082,0.001061,-0.000987899,0.0111324
6.075,0.00252877,-0.00754074,0.00106001,-0.000987255,0.0111218
6.076,0.00252123,-0.00753067,0.00105903,-0.000986611,0.0111112
6.077,0.00251371,-0.00752061,0.00105804,-0.000985967,0.0111006
6.078,0.00250619,-0.00751056,0.00105705,-0.000985323,0.0110901
6.079,0.00249868,-0.00750051,0.00105607,-0.000984679,0.0110795
6.08,0.00249119,-0.00749048,0.00105509,-0.000984036,0.0110689
6.081,0.0024837,-0.00748046,0.0010541,-0.000983392,0.0110584
6.082,0.00247623,-0.00747044,0.00105312,-0.000982749,0.0110479
6.083,0.00246876,-0.00746044,0.00105214,-0.000982106,0.0110373
6.084,0.00246131,-0.00745044,0.00105115,-0.000981463,0.0110268
6.085,0.00245386,-0.00744046,0.00105017,-0.00098082,0.0110163
6.086,0.00244643,-0.00743048,0.00104919,-0.000980177,0.0110058
6.087,0.002439,-0.00742051,0.00104821,-0.000979535,0.0109953
6.088,0.00243158,-0.00741056,0.00104723,-0.000978892,0.0109848
6.089,0.00242418,-0.00740061,0.00104626,-0.00097825,0.0109743
6.09,0.00241678,-0.00739067,0.00104528,-0.000977608,0.0109638
6.091,0.0024094,-0.00738074,0.0010443,-0.000976966,0.0109534
6.092,0.00240202,-0.00737082,0.00104332,-0.000976324,0.0109429
6.093,0.00239466,-0.00736091,0.00104235,-0.000975683,0.0109324
6.094,0.0023873,-0.00735101,0.00104137,-0.000975041,0.010922
6.095,0.00237995,-0.00734112,0.0010404,-0.0009744,0.0109115
6.096,0.00237262,-0.00733124,0.00103942,-0.000973759,0.0109011
6.097,0.00236529,-0.00732137,0.00103845,-0.000973118,0.0108907
6.098,0.00235798,-0.00731151,0.00103748,-0.000972477,0.0108802
6.099,0.00235067,-0.00730166,0.0010365,-0.000971836,0.0108698
6.1,0.00234337,-0.00729181,0.00103553,-0.000971196,0.0108594
6.101,0.00233609,-0.00728198,0.00103456,-0.000970555,0.010849
6.102,0.00232881,-0.00727216,0.00103359,-0.000969915,0.0108386
6.103,0.00232154,-0.00726234,0.00103262,-0.000969275,0.0108282
6.104,0.00231428,-0.00725254,0.00103165,-0.000968635,0.0108178
6.105,0.00230704,-0.00724274,0.00103069,-0.000967995,0.0108075
6.106,0.0022998,-0.00723295,0.00102972,-0.000967356,0.0107971
6.107,0.00229257,-0.00722318,0.00102875,-0.000966716,0.0107867
6.108,0.00228535,-0.00721341,0.00102778,-0.000966077,0.0107764
6.109,0.00227814,-0.00720365,0.00102682,-0.000965438,0.010766
6.11,0.00227094,-0.0071939,0.00102585,-0.000964799,0.0107557
6.111,0.00226376,-0.00718416,0.00102489,-0.00096416,0.0107454
6.112,0.00225658,-0.00717443,0.00102393,-0.000963521,0.010735
6.113,0.00224941,-0.00716471,0.00102296,-0.000962883,0.0107247
6.114,0.00224225,-0.007155,0.001022,-0.000962244,0.0107144
6.115,0.0022351,-0.0071453,0.00102104,-0.000961606,0.0107041
6.116,0.00222796,-0.00713561,0.00102008,-0.000960968,0.0106938
6.117,0.00222083,-0.00712592,0.00101912,-0.00096033,0.0106835
6.118,0.0022137,-0.00711625,0.00101816,-0.000959693,0.0106732
6.119,0.00220659,-0.00710658,0.0010172,-0.000959055,0.010663
6.12,0.00219949,-0.00709693,0.00101624,-0.000958418,0.0106527
6.121,0.0021924,-0.00708728,0.00101528,-0.00095778,0.0106424
6.122,0.00218532,-0.00707765,0.00101432,-0.000957143,0.0106322
6.123,0.00217824,-0.00706802,0.00101337,-0.000956506,0.0106219
6.124,0.00217118,-0.0070584,0.00101241,-0.00095587,0.0106117
6.125,0.00216413,-0.00704879,0.00101145,-0.000955233,0.0106015
6.126,0.00215708,-0.00703919,0.0010105,-0.000954597,0.0105912
6.127,0.00215005,-0.0070296,0.00100954,-0.000953961,0.010581
6.128,0.00214302,-0.00702002,0.00100859,-0.000953324,0.0105708
6.129,0.00213601,-0.00701045,0.00100764,-0.000952689,0.0105606
6.13,0.002129,-0.00700089,0.00100669,-0.000952053,0.0105504
6.131,0.00212201,-0.00699133,0.00100573,-0.000951417,0.0105402
6.132,0.00211502,-0.00698179,0.00100478,-0.000950782,0.01053
6.133,0.00210804,-0.00697226,0.00100383,-0.000950147,0.0105199
6.134,0.00210108,-0.00696273,0.00100288,-0.000949511,0.0105097
6.135,0.00209412,-0.00695321,0.00100193,-0.000948877,0.0104995
6.136,0.00208717,-0.00694371,0.00100098,-0.000948242,0.0104894
6.137,0.00208023,-0.00693421,0.00100004,-0.000947607,0.0104792
6.138,0.0020733,-0.00692472,0.000999089,-0.000946973,0.0104691
6.139,0.00206638,-0.00691524,0.000998142,-0.000946339,0.0104589
6.14,0.00205947,-0.00690577,0.000997196,-0.000945704,0.0104488
6.141,0.00205257,-0.00689631,0.000996251,-0.000945071,0.0104387
6.142,0.00204568,-0.00688686,0.000995306,-0.000944437,0.0104286
6.143,0.0020388,-0.00687742,0.000994362,-0.000943803,0.0104185
6.144,0.00203192,-0.00686798,0.000993419,-0.00094317,0.0104084
6.145,0.00202506,-0.00685856,0.000992476,-0.000942537,0.0103983
6.146,0.00201821,-0.00684914,0.000991534,-0.000941904,0.0103882
6.147,0.00201136,-0.00683974,0.000990592,-0.000941271,0.0103781
6.148,0.00200453,-0.00683034,0.000989651,-0.000940638,0.010368
6.149,0.0019977,-0.00682095,0.000988711,-0.000940005,0.010358
6.15,0.00199088,-0.00681157,0.000987771,-0.000939373,0.0103479
6.151,0.00198408,-0.00680221,0.000986832,-0.000938741,0.0103379
6.152,0.00197728,-0.00679285,0.000985893,-0.000938109,0.0103278
6.153,0.00197049,-0.00678349,0.000984956,-0.000937477,0.0103178
6.154,0.00196371,-0.00677415,0.000984019,-0.000936845,0.0103078
6.155,0.00195694,-0.00676482,0.000983082,-0.000936214,0.0102977
6.156,0.00195018,-0.0067555,0.000982146,-0.000935582,0.0102877
6.157,0.00194343,-0.00674618,0.000981211,-0.000934951,0.0102777
6.158,0.00193669,-0.00673688,0.000980276,-0.00093432,0.0102677
6.159,0.00192996,-0.00672758,0.000979342,-0.000933689,0.0102577
6.16,0.00192324,-0.00671829,0.000978409,-0.000933059,0.0102477
6.161,0.00191652,-0.00670901,0.000977476,-0.000932428,0.0102377
6.162,0.00190982,-0.00669974,0.000976544,-0.000931798,0.0102278
6.163,0.00190312,-0.00669048,0.000975613,-0.000931168,0.0102178
6.164,0.00189644,-0.00668123,0.000974682,-0.000930538,0.0102078
6.165,0.00188976,-0.00667199,0.000973751,-0.000929908,0.0101979
6.166,0.00188309,-0.00666276,0.000972822,-0.000929278,0.0101879
6.167,0.00187643,-0.00665353,0.000971893,-0.000928649,0.010178
6.168,0.00186979,-0.00664432,0.000970965,-0.00092802,0.0101681
6.169,0.00186315,-0.00663511,0.000970037,-0.000927391,0.0101581
6.17,0.00185652,-0.00662591,0.00096911,-0.000926762,0.0101482
6.171,0.00184989,-0.00661673,0.000968183,-0.000926133,0.0101383
6.172,0.00184328,-0.00660755,0.000967258,-0.000925504,0.0101284
6.173,0.00183668,-0.00659838,0.000966332,-0.000924876,0.0101185
6.174,0.00183008,-0.00658922,0.000965408,-0.000924248,0.0101086
6.175,0.0018235,-0.00658006,0.000964484,-0.00092362,0.0100987
6.176,0.00181692,-0.00657092,0.000963561,-0.000922992,0.0100889
6.177,0.00181036,-0.00656179,0.000962638,-0.000922364,0.010079
6.178,0.0018038,-0.00655266,0.000961716,-0.000921737,0.0100691
6.179,0.00179725,-0.00654355,0.000960794,-0.00092111,0.0100593
6.18,0.00179071,-0.00653444,0.000959874,-0.000920483,0.0100494
6.181,0.00178418,-0.00652534,0.000958953,-0.000919856,0.0100396
6.182,0.00177766,-0.00651625,0.000958034,-0.000919229,0.0100297
6.183,0.00177115,-0.00650717,0.000957115,-0.000918602,0.0100199
6.184,0.00176465,-0.0064981,0.000956197,-0.000917976,0.0100101
6.185,0.00175816,-0.00648904,0.000955279,-0.00091735,0.0100003
6.186,0.00175167,-0.00647998,0.000954362,-0.000916724,0.00999046
6.187,0.0017452,-0.00647094,0.000953446,-0.000916098,0.00998066
6.188,0.00173873,-0.0064619,0.00095253,-0.000915472,0.00997086
6.189,0.00173227,-0.00645287,0.000951615,-0.000914847,0.00996107
6.19,0.00172582,-0.00644386,0.0009507,-0.000914221,0.00995129
6.191,0.00171938,-0.00643485,0.000949786,-0.000913596,0.00994152
6.192,0.00171295,-0.00642585,0.000948873,-0.000912971,0.00993175
6.193,0.00170653,-0.00641685,0.00094796,-0.000912347,0.00992199
6.194,0.00170012,-0.00640787,0.000947048,-0.000911722,0.00991224
6.195,0.00169372,-0.0063989,0.000946137,-0.000911098,0.00990249
6.196,0.00168732,-0.00638993,0.000945226,-0.000910474,0.00989275
6.197,0.00168094,-0.00638098,0.000944316,-0.00090985,0.00988302
6.198,0.00167456,-0.00637203,0.000943406,-0.000909226,0.0098733
6.199,0.00166819,-0.00636309,0.000942497,-0.000908602,0.00986358
6.2,0.00166183,-0.00635416,0.000941589,-0.000907979,0.00985387
6.201,0.00165548,-0.00634524,0.000940681,-0.000907355,0.00984416
6.202,0.00164914,-0.00633633,0.000939774,-0.000906732,0.00983446
6.203,0.00164281,-0.00632742,0.000938868,-0.000906109,0.00982477
6.204,0.00163649,-0.00631853,0.000937962,-0.000905487,0.00981509
6.205,0.00163017,-0.00630964,0.000937057,-0.000904864,0.00980541
6.206,0.00162387,-0.00630077,0.000936152,-0.000904242,0.00979574
6.207,0.00161757,-0.0062919,0.000935249,-0.00090362,0.00978607
6.208,0.00161129,-0.00628304,0.000934345,-0.000902998,0.00977642
6.209,0.00160501,-0.00627419,0.000933443,-0.000902376,0.00976677
6.21,0.00159874,-0.00626535,0.00093254,-0.000901754,0.00975712
6.211,0.00159248,-0.00625651,0.000931639,-0.000901133,0.00974749
6.212,0.00158622,-0.00624769,0.000930738,-0.000900512,0.00973786
6.213,0.00157998,-0.00623887,0.000929838,-0.000899891,0.00972823
6.214,0.00157375,-0.00623007,0.000928938,-0.00089927,0.00971862
6.215,0.00156752,-0.00622127,0.000928039,-0.000898649,0.00970901
6.216,0.0015613,-0.00621248,0.000927141,-0.000898029,0.00969941
6.217,0.0015551,-0.0062037,0.000926243,-0.000897409,0.00968981
6.218,0.0015489,-0.00619493,0.000925346,-0.000896788,0.00968022
6.219,0.00154271,-0.00618616,0.00092445,-0.000896169,0.00967064
6.22,0.00153652,-0.00617741,0.000923554,-0.000895549,0.00966106
6.221,0.00153035,-0.00616866,0.000922659,-0.000894929,0.0096515
6.222,0.00152419,-0.00615993,0.000921764,-0.00089431,0.00964193
6.223,0.00151803,-0.0061512,0.00092087,-0.000893691,0.00963238
6.224,0.00151188,-0.00614248,0.000919977,-0.000893072,0.00962283
6.225,0.00150575,-0.00613377,0.000919084,-0.000892453,0.00961329
6.226,0.00149962,-0.00612506,0.000918192,-0.000891835,0.00960376
6.227,0.0014935,-0.00611637,0.0009173,-0.000891216,0.00959423
6.228,0.00148738,-0.00610768,0.000916409,-0.000890598,0.00958471
6.229,0.00148128,-0.00609901,0.000915519,-0.00088998,0.00957519
6.23,0.00147519,-0.00609034,0.000914629,-0.000889363,0.00956569
6.231,0.0014691,-0.00608168,0.00091374,-0.000888745,0.00955619
6.232,0.00146302,-0.00607303,0.000912852,-0.000888128,0.00954669
6.233,0.00145695,-0.00606439,0.000911964,-0.00088751,0.00953721
6.234,0.00145089,-0.00605575,0.000911077,-0.000886894,0.00952773
6.235,0.00144484,-0.00604713,0.00091019,-0.000886277,0.00951825
6.236,0.0014388,-0.00603851,0.000909304,-0.00088566,0.00950879
6.237,0.00143277,-0.0060299,0.000908419,-0.000885044,0.00949933
6.238,0.00142674,-0.00602131,0.000907534,-0.000884428,0.00948988
6.239,0.00142072,-0.00601271,0.00090665,-0.000883811,0.00948043
6.24,0.00141471,-0.00600413,0.000905767,-0.000883196,0.00947099
6.241,0.00140871,-0.00599556,0.000904884,-0.00088258,0.00946156
6.242,0.00140272,-0.00598699,0.000904002,-0.000881965,0.00945213
6.243,0.00139674,-0.00597844,0.00090312,-0.000881349,0.00944271
6.244,0.00139077,-0.00596989,0.000902239,-0.000880734,0.0094333
6.245,0.0013848,-0.00596135,0.000901358,-0.00088012,0.0094239
6.246,0.00137884,-0.00595282,0.000900479,-0.000879505,0.0094145
6.247,0.0013729,-0.0059443,0.000899599,-0.00087889,0.0094051
6.248,0.00136696,-0.00593578,0.000898721,-0.000878276,0.00939572
6.249,0.00136102,-0.00592728,0.000897843,-0.000877662,0.00938634
6.25,0.0013551,-0.00591878,0.000896966,-0.000877048,0.00937697
6.251,0.00134919,-0.00591029,0.000896089,-0.000876435,0.0093676
6.252,0.00134328,-0.00590182,0.000895213,-0.000875821,0.00935825
6.253,0.00133738,-0.00589334,0.000894337,-0.000875208,0.00934889
6.254,0.00133149,-0.00588488,0.000893462,-0.000874595,0.00933955
6.255,0.00132561,-0.00587643,0.000892588,-0.000873982,0.00933021
6.256,0.00131974,-0.00586798,0.000891714,-0.000873369,0.00932088
6.257,0.00131388,-0.00585954,0.000890841,-0.000872757,0.00931156
6.258,0.00130802,-0.00585112,0.000889969,-0.000872145,0.00930224
6.259,0.00130217,-0.0058427,0.000889097,-0.000871533,0.00929293
6.26,0.00129634,-0.00583428,0.000888226,-0.000870921,0.00928362
6.261,0.00129051,-0.00582588,0.000887355,-0.000870309,0.00927433
6.262,0.00128468,-0.00581749,0.000886485,-0.000869698,0.00926503
6.263,0.00127887,-0.0058091,0.000885616,-0.000869087,0.00925575
6.264,0.00127307,-0.00580072,0.000884747,-0.000868476,0.00924647
6.265,0.00126727,-0.00579235,0.000883879,-0.000867865,0.0092372
6.266,0.00126148,-0.00578399,0.000883011,-0.000867254,0.00922794
6.267,0.0012557,-0.00577564,0.000882144,-0.000866644,0.00921868
6.268,0.00124993,-0.00576729,0.000881278,-0.000866033,0.00920943
6.269,0.00124417,-0.00575896,0.000880412,-0.000865423,0.00920019
6.27,0.00123841,-0.00575063,0.000879547,-0.000864814,0.00919095
6.271,0.00123267,-0.00574231,0.000878683,-0.000864204,0.00918172
6.272,0.00122693,-0.005734,0.000877819,-0.000863594,0.00917249
6.273,0.0012212,-0.0057257,0.000876955,-0.000862985,0.00916328
6.274,0.00121548,-0.0057174,0.000876093,-0.000862376,0.00915407
6.275,0.00120976,-0.00570912,0.000875231,-0.000861767,0.00914486
6.276,0.00120406,-0.00570084,0.000874369,-0.000861159,0.00913567
6.277,0.00119836,-0.00569257,0.000873508,-0.00086055,0.00912648
6.278,0.00119267,-0.00568431,0.000872648,-0.000859942,0.00911729
6.279,0.00118699,-0.00567606,0.000871788,-0.000859334,0.00910811
6.28,0.00118132,-0.00566781,0.000870929,-0.000858726,0.00909894
6.281,0.00117566,-0.00565958,0.000870071,-0.000858119,0.00908978
6.282,0.00117,-0.00565135,0.000869213,-0.000857512,0.00908062
6.283,0.00116435,-0.00564313,0.000868356,-0.000856904,0.00907147
6.284,0.00115872,-0.00563492,0.000867499,-0.000856297,0.00906233
6.285,0.00115308,-0.00562672,0.000866643,-0.000855691,0.00905319
6.286,0.00114746,-0.00561852,0.000865788,-0.000855084,0.00904406
6.287,0.00114185,-0.00561034,0.000864933,-0.000854478,0.00903494
6.288,0.00113624,-0.00560216,0.000864079,-0.000853872,0.00902582
6.289,0.00113064,-0.00559399,0.000863225,-0.000853266,0.00901671
6.29,0.00112505,-0.00558583,0.000862373,-0.00085266,0.00900761
6.291,0.00111947,-0.00557767,0.00086152,-0.000852054,0.00899851
6.292,0.0011139,-0.00556953,0.000860668,-0.000851449,0.00898942
6.293,0.00110833,-0.00556139,0.000859817,-0.000850844,0.00898034
6.294,0.00110277,-0.00555326,0.000858967,-0.000850239,0.00897126
6.295,0.00109723,-0.00554514,0.000858117,-0.000849635,0.00896219
6.296,0.00109168,-0.00553703,0.000857267,-0.00084903,0.00895312
6.297,0.00108615,-0.00552893,0.000856419,-0.000848426,0.00894407
6.298,0.00108063,-0.00552083,0.000855571,-0.000847822,0.00893502
6.299,0.00107511,-0.00551275,0.000854723,-0.000847218,0.00892597
6.3,0.0010696,-0.00550467,0.000853876,-0.000846614,0.00891693
6.301,0.0010641,-0.0054966,0.00085303,-0.000846011,0.0089079
6.302,0.00105861,-0.00548854,0.000852184,-0.000845408,0.00889888
6.303,0.00105312,-0.00548048,0.000851339,-0.000844805,0.00888986
6.304,0.00104765,-0.00547243,0.000850495,-0.000844202,0.00888085
6.305,0.00104218,-0.0054644,0.000849651,-0.000843599,0.00887185
6.306,0.00103672,-0.00545637,0.000848807,-0.000842997,0.00886285
6.307,0.00103127,-0.00544835,0.000847965,-0.000842395,0.00885386
6.308,0.00102582,-0.00544033,0.000847123,-0.000841793,0.00884487
6.309,0.00102039,-0.00543233,0.000846281,-0.000841191,0.00883589
6.31,0.00101496,-0.00542433,0.00084544,-0.00084059,0.00882692
6.311,0.00100954,-0.00541634,0.0008446,-0.000839988,0.00881796
6.312,0.00100412,-0.00540836,0.00084376,-0.000839387,0.008809
6.313,0.00099872,-0.00540039,0.000842921,-0.000838786,0.00880005
6.314,0.000993324,-0.00539242,0.000842083,-0.000838186,0.0087911
6.315,0.000987935,-0.00538447,0.000841245,-0.000837585,0.00878217
6.316,0.000982555,-0.00537652,0.000840407,-0.000836985,0.00877323
6.317,0.000977182,-0.00536858,0.000839571,-0.000836385,0.00876431
6.318,0.000971817,-0.00536065,0.000838735,-0.000835785,0.00875539
6.319,0.000966461,-0.00535272,0.000837899,-0.000835185,0.00874648
6.32,0.000961112,-0.0053448,0.000837064,-0.000834586,0.00873757
6.321,0.000955771,-0.0053369,0.00083623,-0.000833987,0.00872867
6.322,0.000950438,-0.005329,0.000835396,-0.000833388,0.00871978
6.323,0.000945113,-0.00532111,0.000834563,-0.000832789,0.00871089
6.324,0.000939796,-0.00531322,0.000833731,-0.000832191,0.00870202
6.325,0.000934487,-0.00530535,0.000832899,-0.000831592,0.00869314
6.326,0.000929185,-0.00529748,0.000832068,-0.000830994,0.00868428
6.327,0.000923892,-0.00528962,0.000831237,-0.000830396,0.00867542
6.328,0.000918606,-0.00528177,0.000830407,-0.000829799,0.00866656
6.329,0.000913328,-0.00527392,0.000829577,-0.000829201,0.00865772
6.33,0.000908058,-0.00526609,0.000828748,-0.000828604,0.00864888
6.331,0.000902796,-0.00525826,0.00082792,-0.000828007,0.00864004
6.332,0.000897542,-0.00525044,0.000827092,-0.00082741,0.00863122
6.333,0.000892295,-0.00524263,0.000826265,-0.000826814,0.0086224
6.334,0.000887056,-0.00523483,0.000825439,-0.000826217,0.00861358
6.335,0.000881825,-0.00522703,0.000824613,-0.000825621,0.00860478
6.336,0.000876602,-0.00521924,0.000823788,-0.000825025,0.00859597
6.337,0.000871387,-0.00521146,0.000822963,-0.000824429,0.00858718
6.338,0.000866179,-0.00520369,0.000822139,-0.000823834,0.00857839
6.339,0.00086098,-0.00519593,0.000821315,-0.000823239,0.00856961
6.34,0.000855788,-0.00518817,0.000820492,-0.000822643,0.00856084
6.341,0.000850603,-0.00518043,0.00081967,-0.000822049,0.00855207
6.342,0.000845427,-0.00517269,0.000818848,-0.000821454,0.00854331
6.343,0.000840258,-0.00516496,0.000818027,-0.00082086,0.00853455
6.344,0.000835097,-0.00515723,0.000817206,-0.000820265,0.0085258
6.345,0.000829943,-0.00514952,0.000816386,-0.000819671,0.00851706
6.346,0.000824798,-0.00514181,0.000815567,-0.000819078,0.00850833
6.347,0.00081966,-0.00513411,0.000814748,-0.000818484,0.0084996
6.348,0.00081453,-0.00512642,0.00081393,-0.000817891,0.00849087
6.349,0.000809407,-0.00511873,0.000813113,-0.000817298,0.00848216
6.35,0.000804292,-0.00511106,0.000812296,-0.000816705,0.00847345
6.351,0.000799185,-0.00510339,0.000811479,-0.000816112,0.00846475
6.352,0.000794085,-0.00509573,0.000810663,-0.00081552,0.00845605
6.353,0.000788993,-0.00508807,0.000809848,-0.000814927,0.00844736
6.354,0.000783909,-0.00508043,0.000809033,-0.000814335,0.00843868
6.355,0.000778833,-0.00507279,0.000808219,-0.000813744,0.00843
6.356,0.000773764,-0.00506516,0.000807406,-0.000813152,0.00842133
6.357,0.000768702,-0.00505754,0.000806593,-0.000812561,0.00841266
6.358,0.000763648,-0.00504993,0.000805781,-0.00081197,0.00840401
6.359,0.000758602,-0.00504232,0.000804969,-0.000811379,0.00839535
6.36,0.000753564,-0.00503473,0.000804158,-0.000810788,0.00838671
6.361,0.000748533,-0.00502714,0.000803348,-0.000810198,0.00837807
6.362,0.00074351,-0.00501956,0.000802538,-0.000809607,0.00836944
6.363,0.000738494,-0.00501198,0.000801728,-0.000809017,0.00836081
6.364,0.000733486,-0.00500442,0.00080092,-0.000808428,0.0083522
6.365,0.000728485,-0.00499686,0.000800112,-0.000807838,0.00834358
6.366,0.000723492,-0.00498931,0.000799304,-0.000807249,0.00833498
6.367,0.000718506,-0.00498176,0.000798497,-0.00080666,0.00832638
6.368,0.000713528,-0.00497423,0.000797691,-0.000806071,0.00831778
6.369,0.000708558,-0.0049667,0.000796885,-0.000805482,0.0083092
6.37,0.000703595,-0.00495918,0.00079608,-0.000804894,0.00830062
6.371,0.000698639,-0.00495167,0.000795275,-0.000804305,0.00829204
6.372,0.000693692,-0.00494417,0.000794471,-0.000803717,0.00828348
6.373,0.000688751,-0.00493667,0.000793668,-0.00080313,0.00827491
6.374,0.000683818,-0.00492918,0.000792865,-0.000802542,0.00826636
6.375,0.000678893,-0.0049217,0.000792063,-0.000801955,0.00825781
6.376,0.000673975,-0.00491423,0.000791261,-0.000801368,0.00824927
6.377,0.000669064,-0.00490677,0.00079046,-0.000800781,0.00824074
6.378,0.000664161,-0.00489931,0.000789659,-0.000800194,0.00823221
6.379,0.000659266,-0.00489186,0.000788859,-0.000799608,0.00822368
6.38,0.000654378,-0.00488442,0.00078806,-0.000799021,0.00821517
6.381,0.000649497,-0.00487698,0.000787261,-0.000798435,0.00820666
6.382,0.000644624,-0.00486956,0.000786463,-0.00079785,0.00819816
6.383,0.000639758,-0.00486214,0.000785666,-0.000797264,0.00818966
6.384,0.000634899,-0.00485473,0.000784869,-0.000796679,0.00818117
6.385,0.000630048,-0.00484733,0.000784072,-0.000796094,0.00817268
6.386,0.000625205,-0.00483993,0.000783277,-0.000795509,0.00816421
6.387,0.000620368,-0.00483254,0.000782481,-0.000794924,0.00815574
6.388,0.00061554,-0.00482516,0.000781687,-0.00079434,0.00814727
6.389,0.000610718,-0.00481779,0.000780893,-0.000793756,0.00813881
6.39,0.000605904,-0.00481042,0.000780099,-0.000793172,0.00813036
6.391,0.000601097,-0.00480307,0.000779306,-0.000792588,0.00812191
6.392,0.000596298,-0.00479572,0.000778514,-0.000792005,0.00811348
6.393,0.000591506,-0.00478838,0.000777722,-0.000791421,0.00810504
6.394,0.000586721,-0.00478104,0.000776931,-0.000790838,0.00809662
6.395,0.000581944,-0.00477372,0.000776141,-0.000790255,0.0080882
6.396,0.000577174,-0.0047664,0.000775351,-0.000789673,0.00807978
6.397,0.000572411,-0.00475909,0.000774561,-0.00078909,0.00807138
6.398,0.000567655,-0.00475178,0.000773773,-0.000788508,0.00806297
6.399,0.000562907,-0.00474449,0.000772984,-0.000787926,0.00805458
6.4,0.000558166,-0.0047372,0.000772197,-0.000787345,0.00804619
6.401,0.000553433,-0.00472992,0.00077141,-0.000786763,0.00803781
6.402,0.000548707,-0.00472264,0.000770623,-0.000786182,0.00802943
6.403,0.000543988,-0.00471538,0.000769837,-0.000785601,0.00802106
6.404,0.000539276,-0.00470812,0.000769052,-0.00078502,0.0080127
6.405,0.000534571,-0.00470087,0.000768267,-0.00078444,0.00800435
6.406,0.000529874,-0.00469363,0.000767483,-0.00078386,0.00799599
6.407,0.000525184,-0.00468639,0.0007667,-0.00078328,0.00798765
6.408,0.000520501,-0.00467917,0.000765917,-0.0007827,0.00797931
6.409,0.000515826,-0.00467195,0.000765134,-0.00078212,0.00797098
6.41,0.000511157,-0.00466473,0.000764352,-0.000781541,0.00796266
6.411,0.000506496,-0.00465753,0.000763571,-0.000780962,0.00795434
6.412,0.000501842,-0.00465033,0.00076279,-0.000780383,0.00794603
6.413,0.000497196,-0.00464314,0.00076201,-0.000779804,0.00793772
6.414,0.000492556,-0.00463596,0.000761231,-0.000779226,0.00792942
6.415,0.000487924,-0.00462878,0.000760452,-0.000778647,0.00792113
6.416,0.000483298,-0.00462162,0.000759673,-0.000778069,0.00791284
6.417,0.00047868,-0.00461446,0.000758896,-0.000777492,0.00790456
6.418,0.00047407,-0.00460731,0.000758118,-0.000776914,0.00789629
6.419,0.000469466,-0.00460016,0.000757342,-0.000776337,0.00788802
6.42,0.000464869,-0.00459302,0.000756566,-0.00077576,0.00787976
6.421,0.00046028,-0.00458589,0.00075579,-0.000775183,0.0078715
6.422,0.000455697,-0.00457877,0.000755015,-0.000774606,0.00786325
6.423,0.000451122,-0.00457166,0.000754241,-0.00077403,0.00785501
6.424,0.000446554,-0.00456455,0.000753467,-0.000773454,0.00784677
6.425,0.000441993,-0.00455745,0.000752694,-0.000772878,0.00783854
6.426,0.000437439,-0.00455036,0.000751922,-0.000772302,0.00783032
6.427,0.000432892,-0.00454327,0.00075115,-0.000771727,0.0078221
6.428,0.000428353,-0.0045362,0.000750378,-0.000771152,0.00781389
6.429,0.00042382,-0.00452913,0.000749607,-0.000770577,0.00780569
6.43,0.000419294,-0.00452206,0.000748837,-0.000770002,0.00779749
6.431,0.000414776,-0.00451501,0.000748067,-0.000769427,0.00778929
6.432,0.000410264,-0.00450796,0.000747298,-0.000768853,0.00778111
6.433,0.00040576,-0.00450092,0.00074653,-0.000768279,0.00777293
6.434,0.000401263,-0.00449389,0.000745762,-0.000767705,0.00776476
6.435,0.000396772,-0.00448686,0.000744994,-0.000767132,0.00775659
6.436,0.000392289,-0.00447984,0.000744227,-0.000766558,0.00774843
6.437,0.000387813,-0.00447283,0.000743461,-0.000765985,0.00774027
6.438,0.000383343,-0.00446583,0.000742695,-0.000765412,0.00773212
6.439,0.000378881,-0.00445883,0.00074193,-0.00076484,0.00772398
6.44,0.000374426,-0.00445185,0.000741166,-0.000764267,0.00771584
6.441,0.000369977,-0.00444486,0.000740402,-0.000763695,0.00770772
6.442,0.000365536,-0.00443789,0.000739638,-0.000763123,0.00769959
6.443,0.000361101,-0.00443092,0.000738876,-0.000762551,0.00769147
6.444,0.000356674,-0.00442397,0.000738113,-0.00076198,0.00768336
6.445,0.000352253,-0.00441701,0.000737352,-0.000761409,0.00767526
6.446,0.00034784,-0.00441007,0.00073659,-0.000760838,0.00766716
6.447,0.000343433,-0.00440313,0.00073583,-0.000760267,0.00765907
6.448,0.000339034,-0.0043962,0.00073507,-0.000759697,0.00765098
6.449,0.000334641,-0.00438928,0.00073431,-0.000759126,0.0076429
6.45,0.000330255,-0.00438237,0.000733552,-0.000758556,0.00763483
6.451,0.000325876,-0.00437546,0.000732793,-0.000757986,0.00762676
6.452,0.000321504,-0.00436856,0.000732036,-0.000757417,0.0076187
6.453,0.000317139,-0.00436167,0.000731279,-0.000756847,0.00761064
6.454,0.000312781,-0.00435478,0.000730522,-0.000756278,0.00760259
6.455,0.000308429,-0.0043479,0.000729766,-0.000755709,0.00759455
6.456,0.000304085,-0.00434103,0.000729011,-0.000755141,0.00758652
6.457,0.000299747,-0.00433417,0.000728256,-0.000754572,0.00757849
6.458,0.000295417,-0.00432731,0.000727501,-0.000754004,0.00757046
6.459,0.000291093,-0.00432046,0.000726748,-0.000753436,0.00756244
6.46,0.000286776,-0.00431362,0.000725995,-0.000752869,0.00755443
6.461,0.000282466,-0.00430679,0.000725242,-0.000752301,0.00754643
6.462,0.000278162,-0.00429996,0.00072449,-0.000751734,0.00753843
6.463,0.000273866,-0.00429314,0.000723739,-0.000751167,0.00753043
6.464,0.000269576,-0.00428633,0.000722988,-0.0007506,0.00752245
6.465,0.000265293,-0.00427952,0.000722237,-0.000750034,0.00751447
6.466,0.000261017,-0.00427272,0.000721488,-0.000749468,0.00750649
6.467,0.000256747,-0.00426593,0.000720738,-0.000748902,0.00749852
6.468,0.000252485,-0.00425915,0.00071999,-0.000748336,0.00749056
6.469,0.000248229,-0.00425237,0.000719242,-0.00074777,0.00748261
6.47,0.00024398,-0.0042456,0.000718494,-0.000747205,0.00747466
6.471,0.000239738,-0.00423884,0.000717747,-0.00074664,0.00746671
6.472,0.000235503,-0.00423208,0.000717001,-0.000746075,0.00745877
6.473,0.000231274,-0.00422534,0.000716255,-0.000745511,0.00745084
6.474,0.000227052,-0.00421859,0.00071551,-0.000744946,0.00744292
6.475,0.000222837,-0.00421186,0.000714765,-0.000744382,0.007435
6.476,0.000218628,-0.00420514,0.000714021,-0.000743818,0.00742709
6.477,0.000214426,-0.00419842,0.000713278,-0.000743255,0.00741918
6.478,0.000210231,-0.0041917,0.000712535,-0.000742691,0.00741128
6.479,0.000206043,-0.004185,0.000711792,-0.000742128,0.00740338
6.48,0.000201861,-0.0041783,0.00071105,-0.000741565,0.0073955
6.481,0.000197686,-0.00417161,0.000710309,-0.000741003,0.00738761
6.482,0.000193518,-0.00416493,0.000709568,-0.00074044,0.00737974
6.483,0.000189356,-0.00415825,0.000708828,-0.000739878,0.00737187
6.484,0.000185202,-0.00415158,0.000708089,-0.000739316,0.007364
6.485,0.000181053,-0.00414492,0.00070735,-0.000738754,0.00735615
6.486,0.000176912,-0.00413827,0.000706611,-0.000738193,0.0073483
6.487,0.000172777,-0.00413162,0.000705873,-0.000737632,0.00734045
6.488,0.000168648,-0.00412498,0.000705136,-0.000737071,0.00733261
6.489,0.000164527,-0.00411834,0.000704399,-0.00073651,0.00732478
6.49,0.000160412,-0.00411172,0.000703663,-0.000735949,0.00731695
6.491,0.000156303,-0.0041051,0.000702927,-0.000735389,0.00730913
6.492,0.000152202,-0.00409849,0.000702192,-0.000734829,0.00730131
6.493,0.000148106,-0.00409188,0.000701458,-0.000734269,0.00729351
6.494,0.000144018,-0.00408528,0.000700724,-0.00073371,0.0072857
6.495,0.000139936,-0.00407869,0.00069999,-0.00073315,0.00727791
6.496,0.00013586,-0.00407211,0.000699257,-0.000732591,0.00727012
6.497,0.000131792,-0.00406553,0.000698525,-0.000732033,0.00726233
6.498,0.000127729,-0.00405896,0.000697793,-0.000731474,0.00725455
6.499,0.000123674,-0.0040524,0.000697062,-0.000730916,0.00724678
6.5,0.000119625,-0.00404584,0.000696331,-0.000730358,0.00723902
6.501,0.000115582,-0.0040393,0.000695601,-0.0007298,0.00723126
6.502,0.000111546,-0.00403275,0.000694872,-0.000729242,0.0072235
6.503,0.000107516,-0.00402622,0.000694143,-0.000728685,0.00721575
6.504,0.000103493,-0.00401969,0.000693414,-0.000728128,0.00720801
6.505,9.94771e-05,-0.00401317,0.000692687,-0.000727571,0.00720028
6.506,9.54671e-05,-0.00400666,0.000691959,-0.000727014,0.00719255
6.507,9.14637e-05,-0.00400015,0.000691233,-0.000726458,0.00718482
6.508,8.74668e-05,-0.00399365,0.000690506,-0.000725902,0.00717711
6.509,8.34764e-05,-0.00398716,0.000689781,-0.000725346,0.00716939
6.51,7.94925e-05,-0.00398068,0.000689056,-0.00072479,0.00716169
6.511,7.55151e-05,-0.0039742,0.000688331,-0.000724235,0.00715399
6.512,7.15441e-05,-0.00396773,0.000687607,-0.00072368,0.0071463
6.513,6.75796e-05,-0.00396126,0.000686884,-0.000723125,0.00713861
6.514,6.36216e-05,-0.0039548,0.000686161,-0.00072257,0.00713093
6.515,5.967e-05,-0.00394835,0.000685439,-0.000722016,0.00712325
6.516,5.57249e-05,-0.00394191,0.000684717,-0.000721461,0.00711558
6.517,5.17862e-05,-0.00393547,0.000683996,-0.000720908,0.00710792
6.518,4.78539e-05,-0.00392904,0.000683275,-0.000720354,0.00710026
6.519,4.39281e-05,-0.00392262,0.000682555,-0.0007198,0.00709261
6.52,4.00087e-05,-0.00391621,0.000681835,-0.000719247,0.00708497
6.521,3.60957e-05,-0.0039098,0.000681117,-0.000718694,0.00707733
6.522,3.21891e-05,-0.00390339,0.000680398,-0.000718142,0.00706969
6.523,2.82889e-05,-0.003897,0.00067968,-0.000717589,0.00706207
6.524,2.43951e-05,-0.00389061,0.000678963,-0.000717037,0.00705445
6.525,2.05077e-05,-0.00388423,0.000678246,-0.000716485,0.00704683
6.526,1.66266e-05,-0.00387786,0.00067753,-0.000715933,0.00703922
6.527,1.27519e-05,-0.00387149,0.000676814,-0.000715382,0.00703162
6.528,8.88363e-06,-0.00386513,0.000676099,-0.00071483,0.00702402
6.529,5.02167e-06,-0.00385878,0.000675385,-0.000714279,0.00701643
6.53,1.16607e-06,-0.00385243,0.000674671,-0.000713729,0.00700885
6.531,-2.68319e-06,-0.00384609,0.000673957,-0.000713178,0.00700127
6.532,-6.52611e-06,-0.00383976,0.000673244,-0.000712628,0.0069937
6.533,-1.03627e-05,-0.00383343,0.000672532,-0.000712078,0.00698613
6.534,-1.4193e-05,-0.00382711,0.00067182,-0.000711528,0.00697857
6.535,-1.80169e-05,-0.0038208,0.000671109,-0.000710979,0.00697101
6.536,-2.18346e-05,-0.00381449,0.000670398,-0.000710429,0.00696346
6.537,-2.56459e-05,-0.00380819,0.000669688,-0.00070988,0.00695592
6.538,-2.9451e-05,-0.0038019,0.000668978,-0.000709331,0.00694838
6.539,-3.32497e-05,-0.00379562,0.000668269,-0.000708783,0.00694085
6.54,-3.70422e-05,-0.00378934,0.000667561,-0.000708235,0.00693333
6.541,-4.08284e-05,-0.00378307,0.000666853,-0.000707687,0.00692581
6.542,-4.46083e-05,-0.0037768,0.000666145,-0.000707139,0.0069183
6.543,-4.8382e-05,-0.00377055,0.000665439,-0.000706591,0.00691079
6.544,-5.21494e-05,-0.0037643,0.000664732,-0.000706044,0.00690329
6.545,-5.59106e-05,-0.00375805,0.000664027,-0.000705497,0.00689579
6.546,-5.96656e-05,-0.00375181,0.000663321,-0.00070495,0.0068883
6.547,-6.34142e-05,-0.00374558,0.000662617,-0.000704404,0.00688082
6.548,-6.71567e-05,-0.00373936,0.000661913,-0.000703857,0.00687334
6.549,-7.0893e-05,-0.00373314,0.000661209,-0.000703311,0.00686587
6.55,-7.4623e-05,-0.00372693,0.000660506,-0.000702765,0.0068584
6.551,-7.83468e-05,-0.00372073,0.000659803,-0.00070222,0.00685095
6.552,-8.20645e-05,-0.00371453,0.000659101,-0.000701674,0.00684349
6.553,-8.57759e-05,-0.00370834,0.0006584,-0.000701129,0.00683604
6.554,-8.94812e-05,-0.00370216,0.000657699,-0.000700585,0.0068286
6.555,-9.31802e-05,-0.00369598,0.000656999,-0.00070004,0.00682117
6.556,-9.68731e-05,-0.00368981,0.000656299,-0.000699496,0.00681374
6.557,-0.00010056,-0.00368365,0.0006556,-0.000698952,0.00680631
6.558,-0.00010424,-0.0036775,0.000654901,-0.000698408,0.00679889
6.559,-0.000107915,-0.00367135,0.000654203,-0.000697864,0.00679148
6.56,-0.000111583,-0.0036652,0.000653506,-0.000697321,0.00678408
6.561,-0.000115245,-0.00365907,0.000652808,-0.000696778,0.00677668
6.562,-0.000118901,-0.00365294,0.000652112,-0.000696235,0.00676928
6.563,-0.000122551,-0.00364682,0.000651416,-0.000695692,0.00676189
6.564,-0.000126195,-0.0036407,0.000650721,-0.00069515,0.00675451
6.565,-0.000129833,-0.00363459,0.000650026,-0.000694608,0.00674713
6.566,-0.000133464,-0.00362849,0.000649331,-0.000694066,0.00673976
6.567,-0.00013709,-0.00362239,0.000648638,-0.000693524,0.0067324
6.568,-0.000140709,-0.0036163,0.000647944,-0.000692983,0.00672504
6.569,-0.000144322,-0.00361022,0.000647252,-0.000692442,0.00671768
6.57,-0.000147929,-0.00360415,0.000646559,-0.000691901,0.00671034
6.571,-0.00015153,-0.00359808,0.000645868,-0.000691361,0.006703
6.572,-0.000155125,-0.00359201,0.000645177,-0.00069082,0.00669566
6.573,-0.000158714,-0.00358596,0.000644486,-0.00069028,0.00668833
6.574,-0.000162297,-0.00357991,0.000643796,-0.00068974,0.00668101
6.575,-0.000165874,-0.00357387,0.000643107,-0.000689201,0.00667369
6.576,-0.000169445,-0.00356783,0.000642418,-0.000688661,0.00666638
6.577,-0.00017301,-0.0035618,0.000641729,-0.000688122,0.00665907
6.578,-0.000176569,-0.00355578,0.000641042,-0.000687583,0.00665177
6.579,-0.000180122,-0.00354976,0.000640354,-0.000687045,0.00664448
6.58,-0.000183668,-0.00354375,0.000639667,-0.000686507,0.00663719
6.581,-0.000187209,-0.00353775,0.000638981,-0.000685968,0.0066299
6.582,-0.000190744,-0.00353176,0.000638295,-0.000685431,0.00662263
6.583,-0.000194273,-0.00352577,0.00063761,-0.000684893,0.00661536
6.584,-0.000197795,-0.00351978,0.000636926,-0.000684356,0.00660809
6.585,-0.000201312,-0.00351381,0.000636242,-0.000683819,0.00660083
6.586,-0.000204823,-0.00350784,0.000635558,-0.000683282,0.00659358
6.587,-0.000208328,-0.00350187,0.000634875,-0.000682745,0.00658633
6.588,-0.000211827,-0.00349592,0.000634193,-0.000682209,0.00657909
6.589,-0.00021532,-0.00348997,0.000633511,-0.000681673,0.00657185
6.59,-0.000218807,-0.00348402,0.000632829,-0.000681137,0.00656462
6.591,-0.000222288,-0.00347809,0.000632148,-0.000680601,0.0065574
6.592,-0.000225763,-0.00347216,0.000631468,-0.000680066,0.00655018
6.593,-0.000229232,-0.00346623,0.000630788,-0.000679531,0.00654297
6.594,-0.000232695,-0.00346031,0.000630109,-0.000678996,0.00653576
6.595,-0.000236153,-0.0034544,0.00062943,-0.000678462,0.00652856
6.596,-0.000239604,-0.0034485,0.000628752,-0.000677927,0.00652136
6.597,-0.00024305,-0.0034426,0.000628074,-0.000677393,0.00651417
6.598,-0.000246489,-0.00343671,0.000627397,-0.000676859,0.00650699
6.599,-0.000249923,-0.00343083,0.000626721,-0.000676326,0.00649981
6.6,-0.000253351,-0.00342495,0.000626045,-0.000675793,0.00649264
6.601,-0.000256773,-0.00341908,0.000625369,-0.000675259,0.00648547
6.602,-0.000260189,-0.00341321,0.000624694,-0.000674727,0.00647831
6.603,-0.000263599,-0.00340735,0.00062402,-0.000674194,0.00647116
6.604,-0.000267004,-0.0034015,0.000623346,-0.000673662,0.00646401
6.605,-0.000270402,-0.00339565,0.000622672,-0.00067313,0.00645687
6.606,-0.000273795,-0.00338982,0.000621999,-0.000672598,0.00644973
6.607,-0.000277182,-0.00338398,0.000621327,-0.000672066,0.0064426
6.608,-0.000280563,-0.00337816,0.000620655,-0.000671535,0.00643547
6.609,-0.000283938,-0.00337234,0.000619984,-0.000671004,0.00642835
6.61,-0.000287308,-0.00336652,0.000619313,-0.000670473,0.00642124
6.611,-0.000290671,-0.00336072,0.000618643,-0.000669943,0.00641413
6.612,-0.000294029,-0.00335492,0.000617973,-0.000669412,0.00640703
6.613,-0.000297381,-0.00334912,0.000617304,-0.000668882,0.00639993
6.614,-0.000300727,-0.00334333,0.000616636,-0.000668353,0.00639284
6.615,-0.000304068,-0.00333755,0.000615968,-0.000667823,0.00638575
6.616,-0.000307403,-0.00333178,0.0006153,-0.000667294,0.00637867
6.617,-0.000310731,-0.00332601,0.000614633,-0.000666765,0.0063716
6.618,-0.000314055,-0.00332025,0.000613967,-0.000666236,0.00636453
6.619,-0.000317372,-0.00331449,0.000613301,-0.000665708,0.00635747
6.62,-0.000320684,-0.00330874,0.000612635,-0.000665179,0.00635041
6.621,-0.000323989,-0.003303,0.00061197,-0.000664651,0.00634336
6.622,-0.00032729,-0.00329726,0.000611306,-0.000664124,0.00633631
6.623,-0.000330584,-0.00329153,0.000610642,-0.000663596,0.00632927
6.624,-0.000333873,-0.00328581,0.000609979,-0.000663069,0.00632224
6.625,-0.000337156,-0.00328009,0.000609316,-0.000662542,0.00631521
6.626,-0.000340433,-0.00327438,0.000608654,-0.000662015,0.00630819
6.627,-0.000343704,-0.00326868,0.000607992,-0.000661489,0.00630117
6.628,-0.00034697,-0.00326298,0.000607331,-0.000660963,0.00629416
6.629,-0.00035023,-0.00325729,0.00060667,-0.000660437,0.00628716
6.63,-0.000353485,-0.0032516,0.00060601,-0.000659911,0.00628016
6.631,-0.000356734,-0.00324592,0.00060535,-0.000659385,0.00627316
6.632,-0.000359977,-0.00324025,0.000604691,-0.00065886,0.00626618
6.633,-0.000363214,-0.00323459,0.000604032,-0.000658335,0.00625919
6.634,-0.000366446,-0.00322893,0.000603374,-0.000657811,0.00625222
6.635,-0.000369672,-0.00322327,0.000602717,-0.000657286,0.00624525
6.636,-0.000372892,-0.00321762,0.00060206,-0.000656762,0.00623828
6.637,-0.000376107,-0.00321198,0.000601403,-0.000656238,0.00623132
6.638,-0.000379316,-0.00320635,0.000600747,-0.000655714,0.00622437
6.639,-0.00038252,-0.00320072,0.000600092,-0.000655191,0.00621742
6.64,-0.000385718,-0.0031951,0.000599437,-0.000654668,0.00621048
6.641,-0.00038891,-0.00318948,0.000598782,-0.000654145,0.00620354
6.642,-0.000392097,-0.00318387,0.000598129,-0.000653622,0.00619661
6.643,-0.000395278,-0.00317827,0.000597475,-0.0006531,0.00618968
6.644,-0.000398453,-0.00317267,0.000596822,-0.000652578,0.00618276
6.645,-0.000401623,-0.00316708,0.00059617,-0.000652056,0.00617585
6.646,-0.000404787,-0.0031615,0.000595518,-0.000651534,0.00616894
6.647,-0.000407946,-0.00315592,0.000594867,-0.000651013,0.00616204
6.648,-0.000411099,-0.00315035,0.000594216,-0.000650492,0.00615514
6.649,-0.000414247,-0.00314478,0.000593566,-0.000649971,0.00614825
6.65,-0.000417389,-0.00313922,0.000592916,-0.00064945,0.00614136
6.651,-0.000420525,-0.00313367,0.000592267,-0.00064893,0.00613448
6.652,-0.000423656,-0.00312812,0.000591618,-0.00064841,0.00612761
6.653,-0.000426782,-0.00312258,0.00059097,-0.00064789,0.00612074
6.654,-0.000429901,-0.00311705,0.000590323,-0.00064737,0.00611387
6.655,-0.000433016,-0.00311152,0.000589676,-0.000646851,0.00610702
6.656,-0.000436124,-0.003106,0.000589029,-0.000646332,0.00610016
6.657,-0.000439228,-0.00310048,0.000588383,-0.000645813,0.00609332
6.658,-0.000442325,-0.00309497,0.000587737,-0.000645295,0.00608648
6.659,-0.000445418,-0.00308947,0.000587092,-0.000644776,0.00607964
6.66,-0.000448504,-0.00308397,0.000586448,-0.000644258,0.00607281
6.661,-0.000451586,-0.00307848,0.000585804,-0.00064374,0.00606599
6.662,-0.000454661,-0.003073,0.00058516,-0.000643223,0.00605917
6.663,-0.000457732,-0.00306752,0.000584517,-0.000642706,0.00605236
6.664,-0.000460796,-0.00306204,0.000583875,-0.000642189,0.00604555
6.665,-0.000463856,-0.00305658,0.000583233,-0.000641672,0.00603875
6.666,-0.000466909,-0.00305112,0.000582592,-0.000641155,0.00603195
6.667,-0.000469958,-0.00304566,0.000581951,-0.000640639,0.00602516
6.668,-0.000473001,-0.00304022,0.00058131,-0.000640123,0.00601838
6.669,-0.000476038,-0.00303477,0.00058067,-0.000639607,0.0060116
6.67,-0.00047907,-0.00302934,0.000580031,-0.000639092,0.00600482
6.671,-0.000482097,-0.00302391,0.000579392,-0.000638577,0.00599806
6.672,-0.000485118,-0.00301849,0.000578754,-0.000638062,0.00599129
6.673,-0.000488134,-0.00301307,0.000578116,-0.000637547,0.00598454
6.674,-0.000491144,-0.00300766,0.000577479,-0.000637032,0.00597779
6.675,-0.000494149,-0.00300225,0.000576842,-0.000636518,0.00597104
6.676,-0.000497149,-0.00299686,0.000576206,-0.000636004,0.0059643
6.677,-0.000500143,-0.00299146,0.00057557,-0.000635491,0.00595757
6.678,-0.000503132,-0.00298608,0.000574935,-0.000634977,0.00595084
6.679,-0.000506115,-0.0029807,0.0005743,-0.000634464,0.00594411
6.68,-0.000509093,-0.00297532,0.000573666,-0.000633951,0.00593739
6.681,-0.000512066,-0.00296995,0.000573032,-0.000633438,0.00593068
6.682,-0.000515033,-0.00296459,0.000572399,-0.000632926,0.00592398
6.683,-0.000517995,-0.00295923,0.000571766,-0.000632414,0.00591727
6.684,-0.000520952,-0.00295388,0.000571134,-0.000631902,0.00591058
6.685,-0.000523903,-0.00294854,0.000570503,-0.00063139,0.00590389
6.686,-0.000526849,-0.0029432,0.000569871,-0.000630879,0.0058972
6.687,-0.000529789,-0.00293787,0.000569241,-0.000630368,0.00589053
6.688,-0.000532724,-0.00293255,0.000568611,-0.000629857,0.00588385
6.689,-0.000535654,-0.00292723,0.000567981,-0.000629347,0.00587718
6.69,-0.000538579,-0.00292191,0.000567352,-0.000628836,0.00587052
6.691,-0.000541498,-0.0029166,0.000566723,-0.000628326,0.00586387
6.692,-0.000544412,-0.0029113,0.000566095,-0.000627816,0.00585721
6.693,-0.000547321,-0.00290601,0.000565468,-0.000627307,0.00585057
6.694,-0.000550224,-0.00290072,0.000564841,-0.000626797,0.00584393
6.695,-0.000553122,-0.00289543,0.000564214,-0.000626288,0.00583729
6.696,-0.000556015,-0.00289016,0.000563588,-0.00062578,0.00583066
6.697,-0.000558902,-0.00288489,0.000562963,-0.000625271,0.00582404
6.698,-0.000561785,-0.00287962,0.000562338,-0.000624763,0.00581742
6.699,-0.000564662,-0.00287436,0.000561713,-0.000624255,0.00581081
6.7,-0.000567533,-0.00286911,0.000561089,-0.000623747,0.0058042
6.701,-0.0005704,-0.00286386,0.000560466,-0.00062324,0.0057976
6.702,-0.000573261,-0.00285862,0.000559843,-0.000622732,0.005791
6.703,-0.000576117,-0.00285338,0.00055922,-0.000622225,0.00578441
6.704,-0.000578968,-0.00284815,0.000558598,-0.000621719,0.00577783
6.705,-0.000581813,-0.00284293,0.000557977,-0.000621212,0.00577125
6.706,-0.000584654,-0.00283771,0.000557356,-0.000620706,0.00576467
6.707,-0.000587489,-0.0028325,0.000556735,-0.0006202,0.00575811
6.708,-0.000590319,-0.00282729,0.000556115,-0.000619694,0.00575154
6.709,-0.000593143,-0.00282209,0.000555496,-0.000619189,0.00574499
6.71,-0.000595963,-0.0028169,0.000554877,-0.000618684,0.00573843
6.711,-0.000598777,-0.00281171,0.000554259,-0.000618179,0.00573189
6.712,-0.000601586,-0.00280653,0.000553641,-0.000617674,0.00572534
6.713,-0.00060439,-0.00280136,0.000553023,-0.00061717,0.00571881
6.714,-0.000607189,-0.00279619,0.000552406,-0.000616666,0.00571228
6.715,-0.000609983,-0.00279102,0.00055179,-0.000616162,0.00570575
6.716,-0.000612771,-0.00278586,0.000551174,-0.000615658,0.00569923
6.717,-0.000615554,-0.00278071,0.000550559,-0.000615155,0.00569272
6.718,-0.000618333,-0.00277556,0.000549944,-0.000614652,0.00568621
6.719,-0.000621106,-0.00277042,0.000549329,-0.000614149,0.00567971
6.72,-0.000623873,-0.00276529,0.000548715,-0.000613646,0.00567321
6.721,-0.000626636,-0.00276016,0.000548102,-0.000613144,0.00566672
6.722,-0.000629394,-0.00275504,0.000547489,-0.000612642,0.00566023
6.723,-0.000632146,-0.00274992,0.000546877,-0.00061214,0.00565375
6.724,-0.000634894,-0.00274481,0.000546265,-0.000611639,0.00564727
6.725,-0.000637636,-0.0027397,0.000545653,-0.000611137,0.0056408
6.726,-0.000640373,-0.0027346,0.000545042,-0.000610636,0.00563434
6.727,-0.000643105,-0.00272951,0.000544432,-0.000610136,0.00562788
6.728,-0.000645832,-0.00272442,0.000543822,-0.000609635,0.00562142
6.729,-0.000648554,-0.00271934,0.000543213,-0.000609135,0.00561498
6.73,-0.000651271,-0.00271427,0.000542604,-0.000608635,0.00560853
6.731,-0.000653982,-0.0027092,0.000541996,-0.000608135,0.00560209
6.732,-0.000656689,-0.00270413,0.000541388,-0.000607636,0.00559566
6.733,-0.000659391,-0.00269907,0.00054078,-0.000607136,0.00558923
6.734,-0.000662087,-0.00269402,0.000540173,-0.000606637,0.00558281
6.735,-0.000664779,-0.00268897,0.000539567,-0.000606139,0.0055764
6.736,-0.000667465,-0.00268393,0.000538961,-0.00060564,0.00556999
6.737,-0.000670147,-0.0026789,0.000538356,-0.000605142,0.00556358
6.738,-0.000672823,-0.00267387,0.000537751,-0.000604644,0.00555718
6.739,-0.000675494,-0.00266884,0.000537146,-0.000604147,0.00555079
6.74,-0.000678161,-0.00266383,0.000536543,-0.000603649,0.0055444
6.741,-0.000680822,-0.00265882,0.000535939,-0.000603152,0.00553801
6.742,-0.000683478,-0.00265381,0.000535336,-0.000602655,0.00553163
6.743,-0.00068613,-0.00264881,0.000534734,-0.000602159,0.00552526
6.744,-0.000688776,-0.00264381,0.000534132,-0.000601662,0.00551889
6.745,-0.000691417,-0.00263883,0.000533531,-0.000601166,0.00551253
6.746,-0.000694054,-0.00263384,0.00053293,-0.00060067,0.00550617
6.747,-0.000696685,-0.00262886,0.000532329,-0.000600175,0.00549982
6.748,-0.000699311,-0.00262389,0.000531729,-0.00059968,0.00549347
6.749,-0.000701933,-0.00261893,0.00053113,-0.000599184,0.00548713
6.75,-0.000704549,-0.00261397,0.000530531,-0.00059869,0.0054808
6.751,-0.000707161,-0.00260901,0.000529932,-0.000598195,0.00547447
6.752,-0.000709767,-0.00260406,0.000529335,-0.000597701,0.00546814
6.753,-0.000712369,-0.00259912,0.000528737,-0.000597207,0.00546182
6.754,-0.000714966,-0.00259418,0.00052814,-0.000596713,0.00545551
6.755,-0.000717557,-0.00258925,0.000527544,-0.00059622,0.0054492
6.756,-0.000720144,-0.00258433,0.000526948,-0.000595726,0.0054429
6.757,-0.000722726,-0.00257941,0.000526352,-0.000595233,0.0054366
6.758,-0.000725303,-0.00257449,0.000525757,-0.000594741,0.0054303
6.759,-0.000727875,-0.00256958,0.000525163,-0.000594248,0.00542402
6.76,-0.000730442,-0.00256468,0.000524569,-0.000593756,0.00541773
6.761,-0.000733004,-0.00255978,0.000523975,-0.000593264,0.00541146
6.762,-0.000735562,-0.00255489,0.000523382,-0.000592773,0.00540519
6.763,-0.000738114,-0.00255001,0.00052279,-0.000592281,0.00539892
6.764,-0.000740662,-0.00254513,0.000522198,-0.00059179,0.00539266
6.765,-0.000743204,-0.00254025,0.000521606,-0.000591299,0.0053864
6.766,-0.000745742,-0.00253538,0.000521015,-0.000590809,0.00538015
6.767,-0.000748275,-0.00253052,0.000520424,-0.000590318,0.00537391
6.768,-0.000750803,-0.00252566,0.000519834,-0.000589828,0.00536767
6.769,-0.000753326,-0.00252081,0.000519245,-0.000589338,0.00536143
6.77,-0.000755845,-0.00251597,0.000518656,-0.000588849,0.0053552
6.771,-0.000758358,-0.00251113,0.000518067,-0.000588359,0.00534898
6.772,-0.000760867,-0.00250629,0.000517479,-0.00058787,0.00534276
6.773,-0.000763371,-0.00250146,0.000516891,-0.000587381,0.00533655
6.774,-0.00076587,-0.00249664,0.000516304,-0.000586893,0.00533034
6.775,-0.000768364,-0.00249182,0.000515718,-0.000586405,0.00532414
6.776,-0.000770854,-0.00248701,0.000515131,-0.000585917,0.00531794
6.777,-0.000773338,-0.0024822,0.000514546,-0.000585429,0.00531175
6.778,-0.000775818,-0.0024774,0.000513961,-0.000584941,0.00530556
6.779,-0.000778293,-0.0024726,0.000513376,-0.000584454,0.00529938
6.78,-0.000780763,-0.00246781,0.000512792,-0.000583967,0.0052932
6.781,-0.000783229,-0.00246303,0.000512208,-0.000583481,0.00528703
6.782,-0.000785689,-0.00245825,0.000511625,-0.000582994,0.00528087
6.783,-0.000788145,-0.00245348,0.000511042,-0.000582508,0.00527471
6.784,-0.000790596,-0.00244871,0.00051046,-0.000582022,0.00526855
6.785,-0.000793043,-0.00244395,0.000509878,-0.000581536,0.0052624
6.786,-0.000795484,-0.00243919,0.000509297,-0.000581051,0.00525626
6.787,-0.000797921,-0.00243444,0.000508716,-0.000580566,0.00525012
6.788,-0.000800353,-0.0024297,0.000508135,-0.000580081,0.00524398
6.789,-0.00080278,-0.00242496,0.000507556,-0.000579596,0.00523785
6.79,-0.000805203,-0.00242022,0.000506976,-0.000579112,0.00523173
6.791,-0.000807621,-0.00241549,0.000506397,-0.000578628,0.00522561
6.792,-0.000810034,-0.00241077,0.000505819,-0.000578144,0.0052195
6.793,-0.000812442,-0.00240605,0.000505241,-0.00057766,0.00521339
6.794,-0.000814846,-0.00240134,0.000504664,-0.000577177,0.00520729
6.795,-0.000817245,-0.00239664,0.000504087,-0.000576694,0.00520119
6.796,-0.000819639,-0.00239193,0.00050351,-0.000576211,0.0051951
6.797,-0.000822029,-0.00238724,0.000502934,-0.000575729,0.00518901
6.798,-0.000824414,-0.00238255,0.000502359,-0.000575246,0.00518293
6.799,-0.000826794,-0.00237787,0.000501784,-0.000574764,0.00517685
6.8,-0.00082917,-0.00237319,0.000501209,-0.000574283,0.00517078
6.801,-0.00083154,-0.00236851,0.000500635,-0.000573801,0.00516471
6.802,-0.000833907,-0.00236385,0.000500062,-0.00057332,0.00515865
6.803,-0.000836268,-0.00235918,0.000499489,-0.000572839,0.00515259
6.804,-0.000838625,-0.00235453,0.000498916,-0.000572358,0.00514654
6.805,-0.000840977,-0.00234987,0.000498344,-0.000571878,0.0051405
6.806,-0.000843325,-0.00234523,0.000497772,-0.000571398,0.00513446
6.807,-0.000845668,-0.00234059,0.000497201,-0.000570918,0.00512842
6.808,-0.000848006,-0.00233595,0.00049663,-0.000570438,0.00512239
6.809,-0.00085034,-0.00233132,0.00049606,-0.000569959,0.00511637
6.81,-0.000852669,-0.0023267,0.000495491,-0.00056948,0.00511035
6.811,-0.000854993,-0.00232208,0.000494921,-0.000569001,0.00510433
6.812,-0.000857313,-0.00231747,0.000494353,-0.000568522,0.00509832
6.813,-0.000859628,-0.00231286,0.000493784,-0.000568044,0.00509232
6.814,-0.000861938,-0.00230826,0.000493216,-0.000567566,0.00508632
6.815,-0.000864244,-0.00230366,0.000492649,-0.000567088,0.00508033
6.816,-0.000866546,-0.00229907,0.000492082,-0.00056661,0.00507434
6.817,-0.000868843,-0.00229448,0.000491516,-0.000566133,0.00506835
6.818,-0.000871135,-0.0022899,0.00049095,-0.000565656,0.00506238
6.819,-0.000873422,-0.00228533,0.000490385,-0.000565179,0.0050564
6.82,-0.000875705,-0.00228076,0.00048982,-0.000564703,0.00505043
6.821,-0.000877984,-0.0022762,0.000489255,-0.000564226,0.00504447
6.822,-0.000880258,-0.00227164,0.000488691,-0.00056375,0.00503851
6.823,-0.000882527,-0.00226708,0.000488128,-0.000563275,0.00503256
6.824,-0.000884792,-0.00226253,0.000487565,-0.000562799,0.00502661
6.825,-0.000887052,-0.00225799,0.000487002,-0.000562324,0.00502067
6.826,-0.000889308,-0.00225346,0.00048644,-0.000561849,0.00501473
6.827,-0.000891559,-0.00224892,0.000485878,-0.000561374,0.0050088
6.828,-0.000893806,-0.0022444,0.000485317,-0.0005609,0.00500288
6.829,-0.000896048,-0.00223988,0.000484757,-0.000560426,0.00499695
6.83,-0.000898286,-0.00223536,0.000484196,-0.000559952,0.00499104
6.831,-0.000900519,-0.00223085,0.000483637,-0.000559478,0.00498513
6.832,-0.000902747,-0.00222634,0.000483078,-0.000559005,0.00497922
6.833,-0.000904971,-0.00222184,0.000482519,-0.000558532,0.00497332
6.834,-0.000907191,-0.00221735,0.00048196,-0.000558059,0.00496742
6.835,-0.000909406,-0.00221286,0.000481403,-0.000557586,0.00496153
6.836,-0.000911617,-0.00220838,0.000480845,-0.000557114,0.00495564
6.837,-0.000913823,-0.0022039,0.000480288,-0.000556642,0.00494976
6.838,-0.000916024,-0.00219943,0.000479732,-0.00055617,0.00494389
6.839,-0.000918222,-0.00219496,0.000479176,-0.000555699,0.00493802
6.84,-0.000920414,-0.0021905,0.000478621,-0.000555227,0.00493215
6.841,-0.000922603,-0.00218604,0.000478066,-0.000554756,0.00492629
6.842,-0.000924786,-0.00218159,0.000477511,-0.000554286,0.00492043
6.843,-0.000926966,-0.00217714,0.000476957,-0.000553815,0.00491458
6.844,-0.000929141,-0.0021727,0.000476403,-0.000553345,0.00490874
6.845,-0.000931311,-0.00216826,0.00047585,-0.000552875,0.0049029
6.846,-0.000933477,-0.00216383,0.000475298,-0.000552405,0.00489706
6.847,-0.000935639,-0.00215941,0.000474746,-0.000551936,0.00489123
6.848,-0.000937796,-0.00215499,0.000474194,-0.000551467,0.00488541
6.849,-0.000939949,-0.00215057,0.000473643,-0.000550998,0.00487959
6.85,-0.000942097,-0.00214616,0.000473092,-0.000550529,0.00487377
6.851,-0.000944241,-0.00214176,0.000472542,-0.000550061,0.00486796
6.852,-0.000946381,-0.00213736,0.000471992,-0.000549592,0.00486216
6.853,-0.000948516,-0.00213297,0.000471442,-0.000549125,0.00485636
6.854,-0.000950647,-0.00212858,0.000470893,-0.000548657,0.00485056
6.855,-0.000952773,-0.0021242,0.000470345,-0.00054819,0.00484478
6.856,-0.000954895,-0.00211982,0.000469797,-0.000547722,0.00483899
6.857,-0.000957013,-0.00211545,0.00046925,-0.000547256,0.00483321
6.858,-0.000959126,-0.00211108,0.000468703,-0.000546789,0.00482744
6.859,-0.000961235,-0.00210672,0.000468156,-0.000546323,0.00482167
6.86,-0.000963339,-0.00210236,0.00046761,-0.000545857,0.0048159
6.861,-0.00096544,-0.00209801,0.000467064,-0.000545391,0.00481014
6.862,-0.000967535,-0.00209366,0.000466519,-0.000544925,0.00480439
6.863,-0.000969627,-0.00208932,0.000465974,-0.00054446,0.00479864
6.864,-0.000971714,-0.00208498,0.00046543,-0.000543995,0.00479289
6.865,-0.000973797,-0.00208065,0.000464886,-0.00054353,0.00478716
6.866,-0.000975875,-0.00207633,0.000464343,-0.000543066,0.00478142
6.867,-0.00097795,-0.00207201,0.0004638,-0.000542602,0.00477569
6.868,-0.000980019,-0.00206769,0.000463258,-0.000542138,0.00476997
6.869,-0.000982085,-0.00206338,0.000462716,-0.000541674,0.00476425
6.87,-0.000984146,-0.00205908,0.000462175,-0.000541211,0.00475853
6.871,-0.000986203,-0.00205478,0.000461634,-0.000540747,0.00475282
6.872,-0.000988256,-0.00205048,0.000461093,-0.000540285,0.00474712
6.873,-0.000990304,-0.00204619,0.000460553,-0.000539822,0.00474142
6.874,-0.000992348,-0.00204191,0.000460014,-0.00053936,0.00473573
6.875,-0.000994388,-0.00203763,0.000459474,-0.000538897,0.00473004
6.876,-0.000996423,-0.00203336,0.000458936,-0.000538436,0.00472435
6.877,-0.000998455,-0.00202909,0.000458398,-0.000537974,0.00471867
6.878,-0.00100048,-0.00202482,0.00045786,-0.000537513,0.004713
6.879,-0.0010025,-0.00202057,0.000457322,-0.000537052,0.00470733
6.88,-0.00100452,-0.00201631,0.000456786,-0.000536591,0.00470167
6.881,-0.00100654,-0.00201206,0.000456249,-0.00053613,0.00469601
6.882,-0.00100855,-0.00200782,0.000455713,-0.00053567,0.00469035
6.883,-0.00101055,-0.00200358,0.000455178,-0.00053521,0.0046847
6.884,-0.00101255,-0.00199935,0.000454643,-0.00053475,0.00467906
6.885,-0.00101455,-0.00199512,0.000454108,-0.000534291,0.00467342
6.886,-0.00101654,-0.0019909,0.000453574,-0.000533831,0.00466778
6.887,-0.00101853,-0.00198668,0.000453041,-0.000533372,0.00466215
6.888,-0.00102052,-0.00198247,0.000452508,-0.000532914,0.00465653
6.889,-0.0010225,-0.00197826,0.000451975,-0.000532455,0.00465091
6.89,-0.00102447,-0.00197406,0.000451443,-0.000531997,0.00464529
6.891,-0.00102645,-0.00196986,0.000450911,-0.000531539,0.00463968
6.892,-0.00102841,-0.00196567,0.00045038,-0.000531081,0.00463408
6.893,-0.00103038,-0.00196148,0.000449849,-0.000530624,0.00462848
6.894,-0.00103234,-0.0019573,0.000449318,-0.000530167,0.00462288
6.895,-0.00103429,-0.00195313,0.000448788,-0.00052971,0.00461729
6.896,-0.00103624,-0.00194895,0.000448259,-0.000529253,0.00461171
6.897,-0.00103819,-0.00194479,0.00044773,-0.000528797,0.00460613
6.898,-0.00104013,-0.00194063,0.000447201,-0.000528341,0.00460055
6.899,-0.00104207,-0.00193647,0.000446673,-0.000527885,0.00459498
6.9,-0.00104401,-0.00193232,0.000446146,-0.00052743,0.00458942
6.901,-0.00104594,-0.00192817,0.000445618,-0.000526974,0.00458386
6.902,-0.00104786,-0.00192403,0.000445092,-0.000526519,0.0045783
6.903,-0.00104978,-0.00191989,0.000444565,-0.000526064,0.00457275
6.904,-0.0010517,-0.00191576,0.00044404,-0.00052561,0.0045672
6.905,-0.00105362,-0.00191164,0.000443514,-0.000525156,0.00456166
6.906,-0.00105553,-0.00190752,0.000442989,-0.000524702,0.00455613
6.907,-0.00105743,-0.0019034,0.000442465,-0.000524248,0.0045506
6.908,-0.00105933,-0.00189929,0.000441941,-0.000523794,0.00454507
6.909,-0.00106123,-0.00189518,0.000441417,-0.000523341,0.00453955
6.91,-0.00106312,-0.00189108,0.000440894,-0.000522888,0.00453403
6.911,-0.00106501,-0.00188698,0.000440371,-0.000522435,0.00452852
6.912,-0.0010669,-0.00188289,0.000439849,-0.000521983,0.00452301
6.913,-0.00106878,-0.00187881,0.000439327,-0.000521531,0.00451751
6.914,-0.00107065,-0.00187472,0.000438806,-0.000521079,0.00451201
6.915,-0.00107253,-0.00187065,0.000438285,-0.000520627,0.00450652
6.916,-0.0010744,-0.00186658,0.000437765,-0.000520176,0.00450103
6.917,-0.00107626,-0.00186251,0.000437245,-0.000519725,0.00449555
6.918,-0.00107812,-0.00185845,0.000436725,-0.000519274,0.00449007
6.919,-0.00107998,-0.00185439,0.000436206,-0.000518823,0.0044846
6.92,-0.00108183,-0.00185034,0.000435688,-0.000518373,0.00447913
6.921,-0.00108368,-0.0018463,0.00043517,-0.000517923,0.00447367
6.922,-0.00108552,-0.00184225,0.000434652,-0.000517473,0.00446821
6.923,-0.00108736,-0.00183822,0.000434135,-0.000517023,0.00446276
6.924,-0.0010892,-0.00183419,0.000433618,-0.000516574,0.00445731
6.925,-0.00109103,-0.00183016,0.000433102,-0.000516125,0.00445187
6.926,-0.00109286,-0.00182614,0.000432586,-0.000515676,0.00444643
6.927,-0.00109468,-0.00182212,0.00043207,-0.000515228,0.00444099
6.928,-0.0010965,-0.00181811,0.000431555,-0.00051478,0.00443556
6.929,-0.00109832,-0.0018141,0.000431041,-0.000514332,0.00443014
6.93,-0.00110013,-0.0018101,0.000430527,-0.000513884,0.00442472
6.931,-0.00110194,-0.0018061,0.000430013,-0.000513436,0.00441931
6.932,-0.00110374,-0.00180211,0.0004295,-0.000512989,0.0044139
6.933,-0.00110554,-0.00179812,0.000428987,-0.000512542,0.00440849
6.934,-0.00110734,-0.00179414,0.000428475,-0.000512096,0.00440309
6.935,-0.00110913,-0.00179016,0.000427963,-0.000511649,0.00439769
6.936,-0.00111092,-0.00178619,0.000427451,-0.000511203,0.0043923
6.937,-0.0011127,-0.00178222,0.00042694,-0.000510757,0.00438692
6.938,-0.00111448,-0.00177826,0.00042643,-0.000510311,0.00438154
6.939,-0.00111626,-0.0017743,0.00042592,-0.000509866,0.00437616
6.94,-0.00111803,-0.00177035,0.00042541,-0.000509421,0.00437079
6.941,-0.0011198,-0.0017664,0.000424901,-0.000508976,0.00436542
6.942,-0.00112157,-0.00176246,0.000424392,-0.000508531,0.00436006
6.943,-0.00112333,-0.00175852,0.000423884,-0.000508087,0.0043547
6.944,-0.00112508,-0.00175458,0.000423376,-0.000507643,0.00434935
6.945,-0.00112683,-0.00175065,0.000422869,-0.000507199,0.004344
6.946,-0.00112858,-0.00174673,0.000422362,-0.000506756,0.00433866
6.947,-0.00113033,-0.00174281,0.000421855,-0.000506312,0.00433332
6.948,-0.00113207,-0.0017389,0.000421349,-0.000505869,0.00432799
6.949,-0.00113381,-0.00173499,0.000420843,-0.000505427,0.00432266
6.95,-0.00113554,-0.00173108,0.000420338,-0.000504984,0.00431734
6.951,-0.00113727,-0.00172718,0.000419833,-0.000504542,0.00431202
6.952,-0.00113899,-0.00172329,0.000419329,-0.0005041,0.00430671
6.953,-0.00114071,-0.0017194,0.000418825,-0.000503658,0.0043014
6.954,-0.00114243,-0.00171551,0.000418322,-0.000503217,0.00429609
6.955,-0.00114415,-0.00171163,0.000417819,-0.000502775,0.00429079
6.956,-0.00114586,-0.00170775,0.000417316,-0.000502335,0.0042855
6.957,-0.00114756,-0.00170388,0.000416814,-0.000501894,0.00428021
6.958,-0.00114926,-0.00170002,0.000416312,-0.000501453,0.00427492
6.959,-0.00115096,-0.00169616,0.000415811,-0.000501013,0.00426964
6.96,-0.00115266,-0.0016923,0.00041531,-0.000500573,0.00426436
6.961,-0.00115435,-0.00168845,0.00041481,-0.000500134,0.00425909
6.962,-0.00115603,-0.0016846,0.00041431,-0.000499694,0.00425383
6.963,-0.00115772,-0.00168076,0.000413811,-0.000499255,0.00424856
6.964,-0.00115939,-0.00167692,0.000413312,-0.000498816,0.00424331
6.965,-0.00116107,-0.00167309,0.000412813,-0.000498378,0.00423806
6.966,-0.00116274,-0.00166926,0.000412315,-0.000497939,0.00423281
6.967,-0.00116441,-0.00166544,0.000411817,-0.000497501,0.00422756
6.968,-0.00116607,-0.00166162,0.00041132,-0.000497064,0.00422233
6.969,-0.00116773,-0.0016578,0.000410823,-0.000496626,0.00421709
6.97,-0.00116939,-0.00165399,0.000410327,-0.000496189,0.00421186
6.971,-0.00117104,-0.00165019,0.000409831,-0.000495752,0.00420664
6.972,-0.00117269,-0.00164639,0.000409335,-0.000495315,0.00420142
6.973,-0.00117433,-0.0016426,0.00040884,-0.000494878,0.00419621
6.974,-0.00117597,-0.00163881,0.000408345,-0.000494442,0.004191
6.975,-0.00117761,-0.00163502,0.000407851,-0.000494006,0.00418579
6.976,-0.00117924,-0.00163124,0.000407357,-0.00049357,0.00418059
6.977,-0.00118087,-0.00162746,0.000406864,-0.000493135,0.00417539
6.978,-0.0011825,-0.00162369,0.000406371,-0.0004927,0.0041702
6.979,-0.00118412,-0.00161992,0.000405879,-0.000492265,0.00416502
6.98,-0.00118574,-0.00161616,0.000405386,-0.00049183,0.00415983
6.981,-0.00118735,-0.00161241,0.000404895,-0.000491396,0.00415466
6.982,-0.00118896,-0.00160865,0.000404404,-0.000490961,0.00414948
6.983,-0.00119057,-0.00160491,0.000403913,-0.000490528,0.00414432
6.984,-0.00119217,-0.00160116,0.000403423,-0.000490094,0.00413915
6.985,-0.00119377,-0.00159742,0.000402933,-0.00048966,0.00413399
6.986,-0.00119537,-0.00159369,0.000402443,-0.000489227,0.00412884
6.987,-0.00119696,-0.00158996,0.000401954,-0.000488794,0.00412369
6.988,-0.00119855,-0.00158624,0.000401466,-0.000488362,0.00411855
6.989,-0.00120013,-0.00158252,0.000400978,-0.000487929,0.00411341
6.99,-0.00120171,-0.0015788,0.00040049,-0.000487497,0.00410827
6.991,-0.00120329,-0.00157509,0.000400003,-0.000487066,0.00410314
6.992,-0.00120486,-0.00157139,0.000399516,-0.000486634,0.00409802
6.993,-0.00120643,-0.00156768,0.000399029,-0.000486203,0.00409289
6.994,-0.001208,-0.00156399,0.000398543,-0.000485772,0.00408778
6.995,-0.00120956,-0.0015603,0.000398058,-0.000485341,0.00408267
6.996,-0.00121112,-0.00155661,0.000397573,-0.00048491,0.00407756
6.997,-0.00121267,-0.00155293,0.000397088,-0.00048448,0.00407245
6.998,-0.00121422,-0.00154925,0.000396604,-0.00048405,0.00406736
6.999,-0.00121577,-0.00154557,0.00039612,-0.00048362,0.00406226
7,-0.00121731,-0.00154191,0.000395636,-0.000483191,0.00405717
7.001,-0.00121885,-0.00153824,0.000395153,-0.000482762,0.00405209
7.002,-0.00122039,-0.00153458,0.000394671,-0.000482333,0.00404701
7.003,-0.00122192,-0.00153093,0.000394189,-0.000481904,0.00404194
7.004,-0.00122345,-0.00152728,0.000393707,-0.000481475,0.00403686
7.005,-0.00122498,-0.00152363,0.000393226,-0.000481047,0.0040318
7.006,-0.0012265,-0.00151999,0.000392745,-0.000480619,0.00402674
7.007,-0.00122802,-0.00151635,0.000392265,-0.000480192,0.00402168
7.008,-0.00122953,-0.00151272,0.000391785,-0.000479764,0.00401663
7.009,-0.00123104,-0.00150909,0.000391305,-0.000479337,0.00401158
7.01,-0.00123255,-0.00150547,0.000390826,-0.00047891,0.00400654
7.011,-0.00123405,-0.00150185,0.000390347,-0.000478483,0.0040015
7.012,-0.00123556,-0.00149824,0.000389869,-0.000478057,0.00399647
7.013,-0.00123705,-0.00149463,0.000389391,-0.000477631,0.00399144
7.014,-0.00123854,-0.00149102,0.000388914,-0.000477205,0.00398641
7.015,-0.00124003,-0.00148742,0.000388437,-0.00047678,0.00398139
7.016,-0.00124152,-0.00148383,0.00038796,-0.000476354,0.00397638
7.017,-0.001243,-0.00148024,0.000387484,-0.000475929,0.00397137
7.018,-0.00124448,-0.00147665,0.000387008,-0.000475504,0.00396636
7.019,-0.00124595,-0.00147307,0.000386533,-0.00047508,0.00396136
7.02,-0.00124743,-0.00146949,0.000386058,-0.000474655,0.00395636
7.021,-0.00124889,-0.00146592,0.000385584,-0.000474231,0.00395137
7.022,-0.00125036,-0.00146235,0.00038511,-0.000473808,0.00394638
7.023,-0.00125182,-0.00145879,0.000384636,-0.000473384,0.0039414
7.024,-0.00125328,-0.00145523,0.000384163,-0.000472961,0.00393642
7.025,-0.00125473,-0.00145167,0.00038369,-0.000472538,0.00393145
7.026,-0.00125618,-0.00144812,0.000383218,-0.000472115,0.00392648
7.027,-0.00125762,-0.00144458,0.000382746,-0.000471693,0.00392151
7.028,-0.00125907,-0.00144103,0.000382275,-0.00047127,0.00391655
7.029,-0.00126051,-0.0014375,0.000381803,-0.000470848,0.00391159
7.03,-0.00126194,-0.00143397,0.000381333,-0.000470427,0.00390664
7.031,-0.00126337,-0.00143044,0.000380863,-0.000470005,0.0039017
7.032,-0.0012648,-0.00142691,0.000380393,-0.000469584,0.00389675
7.033,-0.00126623,-0.0014234,0.000379923,-0.000469163,0.00389182
7.034,-0.00126765,-0.00141988,0.000379454,-0.000468742,0.00388688
7.035,-0.00126907,-0.00141637,0.000378986,-0.000468322,0.00388195
7.036,-0.00127048,-0.00141287,0.000378518,-0.000467902,0.00387703
7.037,-0.00127189,-0.00140936,0.00037805,-0.000467482,0.00387211
7.038,-0.0012733,-0.00140587,0.000377583,-0.000467062,0.00386719
7.039,-0.00127471,-0.00140238,0.000377116,-0.000466643,0.00386228
7.04,-0.00127611,-0.00139889,0.00037665,-0.000466224,0.00385738
7.041,-0.0012775,-0.00139541,0.000376184,-0.000465805,0.00385247
7.042,-0.0012789,-0.00139193,0.000375718,-0.000465386,0.00384758
7.043,-0.00128029,-0.00138845,0.000375253,-0.000464968,0.00384268
7.044,-0.00128167,-0.00138498,0.000374788,-0.00046455,0.0038378
7.045,-0.00128306,-0.00138152,0.000374324,-0.000464132,0.00383291
7.046,-0.00128444,-0.00137806,0.00037386,-0.000463714,0.00382803
7.047,-0.00128581,-0.0013746,0.000373396,-0.000463297,0.00382316
7.048,-0.00128719,-0.00137115,0.000372933,-0.00046288,0.00381829
7.049,-0.00128856,-0.0013677,0.000372471,-0.000462463,0.00381342
7.05,-0.00128992,-0.00136426,0.000372008,-0.000462046,0.00380856
7.051,-0.00129128,-0.00136082,0.000371546,-0.00046163,0.0038037
7.052,-0.00129264,-0.00135738,0.000371085,-0.000461214,0.00379885
7.053,-0.001294,-0.00135395,0.000370624,-0.000460798,0.003794
7.054,-0.00129535,-0.00135053,0.000370163,-0.000460383,0.00378916
7.055,-0.0012967,-0.0013471,0.000369703,-0.000459968,0.00378432
7.056,-0.00129805,-0.00134369,0.000369243,-0.000459553,0.00377948
7.057,-0.00129939,-0.00134027,0.000368784,-0.000459138,0.00377465
7.058,-0.00130073,-0.00133687,0.000368325,-0.000458723,0.00376983
7.059,-0.00130206,-0.00133346,0.000367867,-0.000458309,0.00376501
7.06,-0.00130339,-0.00133006,0.000367409,-0.000457895,0.00376019
7.061,-0.00130472,-0.00132667,0.000366951,-0.000457481,0.00375538
7.062,-0.00130605,-0.00132328,0.000366494,-0.000457068,0.00375057
7.063,-0.00130737,-0.00131989,0.000366037,-0.000456655,0.00374577
7.064,-0.00130869,-0.00131651,0.00036558,-0.000456242,0.00374097
7.065,-0.00131,-0.00131313,0.000365124,-0.000455829,0.00373617
7.066,-0.00131131,-0.00130976,0.000364669,-0.000455417,0.00373138
7.067,-0.00131262,-0.00130639,0.000364213,-0.000455005,0.0037266
7.068,-0.00131393,-0.00130302,0.000363759,-0.000454593,0.00372182
7.069,-0.00131523,-0.00129966,0.000363304,-0.000454181,0.00371704
7.07,-0.00131652,-0.00129631,0.00036285,-0.00045377,0.00371227
7.071,-0.00131782,-0.00129296,0.000362397,-0.000453358,0.0037075
7.072,-0.00131911,-0.00128961,0.000361944,-0.000452948,0.00370273
7.073,-0.0013204,-0.00128626,0.000361491,-0.000452537,0.00369798
7.074,-0.00132168,-0.00128293,0.000361039,-0.000452127,0.00369322
7.075,-0.00132296,-0.00127959,0.000360587,-0.000451716,0.00368847
7.076,-0.00132424,-0.00127626,0.000360135,-0.000451307,0.00368372
7.077,-0.00132552,-0.00127294,0.000359684,-0.000450897,0.00367898
7.078,-0.00132679,-0.00126961,0.000359233,-0.000450488,0.00367425
7.079,-0.00132806,-0.0012663,0.000358783,-0.000450079,0.00366951
7.08,-0.00132932,-0.00126298,0.000358333,-0.00044967,0.00366478
7.081,-0.00133058,-0.00125967,0.000357884,-0.000449261,0.00366006
7.082,-0.00133184,-0.00125637,0.000357435,-0.000448853,0.00365534
7.083,-0.00133309,-0.00125307,0.000356986,-0.000448445,0.00365062
7.084,-0.00133435,-0.00124977,0.000356538,-0.000448037,0.00364591
7.085,-0.00133559,-0.00124648,0.00035609,-0.000447629,0.00364121
7.086,-0.00133684,-0.00124319,0.000355642,-0.000447222,0.00363651
7.087,-0.00133808,-0.00123991,0.000355195,-0.000446815,0.00363181
7.088,-0.00133932,-0.00123663,0.000354749,-0.000446408,0.00362711
7.089,-0.00134055,-0.00123336,0.000354303,-0.000446002,0.00362243
7.09,-0.00134179,-0.00123009,0.000353857,-0.000445595,0.00361774
7.091,-0.00134301,-0.00122682,0.000353411,-0.000445189,0.00361306
7.092,-0.00134424,-0.00122356,0.000352966,-0.000444784,0.00360838
7.093,-0.00134546,-0.0012203,0.000352522,-0.000444378,0.00360371
7.094,-0.00134668,-0.00121705,0.000352078,-0.000443973,0.00359905
7.095,-0.0013479,-0.0012138,0.000351634,-0.000443568,0.00359438
7.096,-0.00134911,-0.00121055,0.000351191,-0.000443163,0.00358972
7.097,-0.00135032,-0.00120731,0.000350748,-0.000442759,0.00358507
7.098,-0.00135152,-0.00120408,0.000350305,-0.000442355,0.00358042
7.099,-0.00135272,-0.00120084,0.000349863,-0.000441951,0.00357577
7.1,-0.00135392,-0.00119762,0.000349421,-0.000441547,0.00357113
7.101,-0.00135512,-0.00119439,0.00034898,-0.000441143,0.0035665
7.102,-0.00135631,-0.00119117,0.000348539,-0.00044074,0.00356186
7.103,-0.0013575,-0.00118796,0.000348098,-0.000440337,0.00355724
7.104,-0.00135869,-0.00118475,0.000347658,-0.000439935,0.00355261
7.105,-0.00135987,-0.00118154,0.000347218,-0.000439532,0.00354799
7.106,-0.00136105,-0.00117834,0.000346779,-0.00043913,0.00354338
7.107,-0.00136223,-0.00117514,0.00034634,-0.000438728,0.00353877
7.108,-0.0013634,-0.00117194,0.000345902,-0.000438326,0.00353416
7.109,-0.00136457,-0.00116875,0.000345464,-0.000437925,0.00352956
7.11,-0.00136574,-0.00116557,0.000345026,-0.000437524,0.00352496
7.111,-0.0013669,-0.00116238,0.000344589,-0.000437123,0.00352037
7.112,-0.00136806,-0.00115921,0.000344152,-0.000436722,0.00351578
7.113,-0.00136922,-0.00115603,0.000343715,-0.000436322,0.00351119
7.114,-0.00137038,-0.00115286,0.000343279,-0.000435922,0.00350661
7.115,-0.00137153,-0.0011497,0.000342843,-0.000435522,0.00350203
7.116,-0.00137268,-0.00114654,0.000342408,-0.000435122,0.00349746
7.117,-0.00137382,-0.00114338,0.000341973,-0.000434723,0.00349289
7.118,-0.00137496,-0.00114023,0.000341538,-0.000434324,0.00348833
7.119,-0.0013761,-0.00113708,0.000341104,-0.000433925,0.00348377
7.12,-0.00137724,-0.00113393,0.000340671,-0.000433526,0.00347922
7.121,-0.00137837,-0.00113079,0.000340237,-0.000433128,0.00347466
7.122,-0.0013795,-0.00112765,0.000339804,-0.00043273,0.00347012
7.123,-0.00138062,-0.00112452,0.000339372,-0.000432332,0.00346558
7.124,-0.00138175,-0.00112139,0.00033894,-0.000431935,0.00346104
7.125,-0.00138287,-0.00111827,0.000338508,-0.000431537,0.0034565
7.126,-0.00138398,-0.00111515,0.000338077,-0.00043114,0.00345197
7.127,-0.0013851,-0.00111203,0.000337646,-0.000430743,0.00344745
7.128,-0.00138621,-0.00110892,0.000337215,-0.000430347,0.00344293
7.129,-0.00138732,-0.00110581,0.000336785,-0.00042995,0.00343841
7.13,-0.00138842,-0.00110271,0.000336355,-0.000429554,0.0034339
7.131,-0.00138952,-0.00109961,0.000335926,-0.000429159,0.00342939
7.132,-0.00139062,-0.00109651,0.000335497,-0.000428763,0.00342489
7.133,-0.00139171,-0.00109342,0.000335068,-0.000428368,0.00342039
7.134,-0.00139281,-0.00109034,0.00033464,-0.000427973,0.00341589
7.135,-0.00139389,-0.00108725,0.000334212,-0.000427578,0.0034114
7.136,-0.00139498,-0.00108417,0.000333785,-0.000427183,0.00340691
7.137,-0.00139606,-0.0010811,0.000333358,-0.000426789,0.00340243
7.138,-0.00139714,-0.00107803,0.000332931,-0.000426395,0.00339795
7.139,-0.00139822,-0.00107496,0.000332505,-0.000426001,0.00339348
7.14,-0.00139929,-0.0010719,0.000332079,-0.000425608,0.00338901
7.141,-0.00140036,-0.00106884,0.000331654,-0.000425215,0.00338454
7.142,-0.00140143,-0.00106578,0.000331229,-0.000424822,0.00338008
7.143,-0.00140249,-0.00106273,0.000330804,-0.000424429,0.00337562
7.144,-0.00140356,-0.00105969,0.00033038,-0.000424036,0.00337117
7.145,-0.00140461,-0.00105664,0.000329956,-0.000423644,0.00336672
7.146,-0.00140567,-0.0010536,0.000329533,-0.000423252,0.00336228
7.147,-0.00140672,-0.00105057,0.00032911,-0.00042286,0.00335784
7.148,-0.00140777,-0.00104754,0.000328687,-0.000422469,0.0033534
7.149,-0.00140882,-0.00104451,0.000328265,-0.000422078,0.00334897
7.15,-0.00140986,-0.00104149,0.000327843,-0.000421687,0.00334454
7.151,-0.0014109,-0.00103847,0.000327422,-0.000421296,0.00334012
7.152,-0.00141194,-0.00103546,0.000327,-0.000420905,0.0033357
7.153,-0.00141297,-0.00103244,0.00032658,-0.000420515,0.00333128
7.154,-0.001414,-0.00102944,0.000326159,-0.000420125,0.00332687
7.155,-0.00141503,-0.00102643,0.000325739,-0.000419735,0.00332246
7.156,-0.00141605,-0.00102344,0.00032532,-0.000419346,0.00331806
7.157,-0.00141708,-0.00102044,0.000324901,-0.000418957,0.00331366
7.158,-0.00141809,-0.00101745,0.000324482,-0.000418568,0.00330927
7.159,-0.00141911,-0.00101446,0.000324064,-0.000418179,0.00330488
7.16,-0.00142012,-0.00101148,0.000323646,-0.000417791,0.00330049
7.161,-0.00142113,-0.0010085,0.000323228,-0.000417402,0.00329611
7.162,-0.00142214,-0.00100553,0.000322811,-0.000417015,0.00329173
7.163,-0.00142314,-0.00100256,0.000322394,-0.000416627,0.00328736
7.164,-0.00142415,-0.00099959,0.000321978,-0.000416239,0.00328299
7.165,-0.00142514,-0.000996627,0.000321562,-0.000415852,0.00327862
7.166,-0.00142614,-0.000993668,0.000321146,-0.000415465,0.00327426
7.167,-0.00142713,-0.000990713,0.000320731,-0.000415079,0.0032699
7.168,-0.00142812,-0.000987762,0.000320316,-0.000414692,0.00326555
7.169,-0.00142911,-0.000984814,0.000319901,-0.000414306,0.0032612
7.17,-0.00143009,-0.000981871,0.000319487,-0.00041392,0.00325686
7.171,-0.00143107,-0.000978932,0.000319073,-0.000413534,0.00325251
7.172,-0.00143205,-0.000975997,0.00031866,-0.000413149,0.00324818
7.173,-0.00143302,-0.000973065,0.000318247,-0.000412764,0.00324385
7.174,-0.00143399,-0.000970138,0.000317835,-0.000412379,0.00323952
7.175,-0.00143496,-0.000967214,0.000317422,-0.000411994,0.00323519
7.176,-0.00143593,-0.000964294,0.000317011,-0.00041161,0.00323087
7.177,-0.00143689,-0.000961379,0.000316599,-0.000411226,0.00322656
7.178,-0.00143785,-0.000958467,0.000316188,-0.000410842,0.00322225
7.179,-0.00143881,-0.000955559,0.000315777,-0.000410458,0.00321794
7.18,-0.00143976,-0.000952655,0.000315367,-0.000410075,0.00321364
7.181,-0.00144071,-0.000949754,0.000314957,-0.000409691,0.00320934
7.182,-0.00144166,-0.000946858,0.000314548,-0.000409309,0.00320504
7.183,-0.00144261,-0.000943966,0.000314139,-0.000408926,0.00320075
7.184,-0.00144355,-0.000941077,0.00031373,-0.000408543,0.00319646
7.185,-0.00144449,-0.000938193,0.000313322,-0.000408161,0.00319218
7.186,-0.00144543,-0.000935312,0.000312914,-0.000407779,0.0031879
7.187,-0.00144636,-0.000932435,0.000312506,-0.000407398,0.00318363
7.188,-0.00144729,-0.000929562,0.000312099,-0.000407016,0.00317936
7.189,-0.00144822,-0.000926693,0.000311692,-0.000406635,0.00317509
7.19,-0.00144914,-0.000923828,0.000311286,-0.000406254,0.00317083
7.191,-0.00145007,-0.000920966,0.000310879,-0.000405874,0.00316657
7.192,-0.00145099,-0.000918109,0.000310474,-0.000405493,0.00316231
7.193,-0.0014519,-0.000915255,0.000310069,-0.000405113,0.00315806
7.194,-0.00145282,-0.000912405,0.000309664,-0.000404733,0.00315382
7.195,-0.00145373,-0.000909559,0.000309259,-0.000404354,0.00314957
7.196,-0.00145464,-0.000906717,0.000308855,-0.000403974,0.00314534
7.197,-0.00145554,-0.000903879,0.000308451,-0.000403595,0.0031411
7.198,-0.00145644,-0.000901044,0.000308048,-0.000403216,0.00313687
7.199,-0.00145734,-0.000898214,0.000307645,-0.000402838,0.00313265
7.2,-0.00145824,-0.000895387,0.000307242,-0.000402459,0.00312842
7.201,-0.00145913,-0.000892564,0.00030684,-0.000402081,0.00312421
7.202,-0.00146003,-0.000889745,0.000306438,-0.000401703,0.00311999
7.203,-0.00146091,-0.000886929,0.000306036,-0.000401325,0.00311578
7.204,-0.0014618,-0.000884118,0.000305635,-0.000400948,0.00311158
7.205,-0.00146268,-0.00088131,0.000305234,-0.000400571,0.00310738
7.206,-0.00146356,-0.000878506,0.000304834,-0.000400194,0.00310318
7.207,-0.00146444,-0.000875706,0.000304434,-0.000399817,0.00309898
7.208,-0.00146531,-0.00087291,0.000304034,-0.000399441,0.0030948
7.209,-0.00146618,-0.000870117,0.000303635,-0.000399065,0.00309061
7.21,-0.00146705,-0.000867328,0.000303236,-0.000398689,0.00308643
7.211,-0.00146792,-0.000864543,0.000302838,-0.000398313,0.00308225
7.212,-0.00146878,-0.000861762,0.00030244,-0.000397938,0.00307808
7.213,-0.00146964,-0.000858985,0.000302042,-0.000397563,0.00307391
7.214,-0.0014705,-0.000856211,0.000301645,-0.000397188,0.00306974
7.215,-0.00147136,-0.000853441,0.000301248,-0.000396813,0.00306558
7.216,-0.00147221,-0.000850675,0.000300851,-0.000396439,0.00306142
7.217,-0.00147306,-0.000847913,0.000300455,-0.000396065,0.00305727
7.218,-0.0014739,-0.000845154,0.000300059,-0.000395691,0.00305312
7.219,-0.00147475,-0.000842399,0.000299663,-0.000395317,0.00304898
7.22,-0.00147559,-0.000839648,0.000299268,-0.000394944,0.00304483
7.221,-0.00147643,-0.000836901,0.000298873,-0.000394571,0.0030407
7.222,-0.00147726,-0.000834158,0.000298479,-0.000394198,0.00303656
7.223,-0.00147809,-0.000831418,0.000298085,-0.000393825,0.00303243
7.224,-0.00147892,-0.000828682,0.000297691,-0.000393453,0.00302831
7.225,-0.00147975,-0.000825949,0.000297298,-0.00039308,0.00302419
7.226,-0.00148058,-0.000823221,0.000296905,-0.000392709,0.00302007
7.227,-0.0014814,-0.000820496,0.000296513,-0.000392337,0.00301596
7.228,-0.00148222,-0.000817775,0.000296121,-0.000391966,0.00301185
7.229,-0.00148303,-0.000815057,0.000295729,-0.000391594,0.00300774
7.23,-0.00148385,-0.000812343,0.000295337,-0.000391223,0.00300364
7.231,-0.00148466,-0.000809633,0.000294946,-0.000390853,0.00299954
7.232,-0.00148547,-0.000806927,0.000294556,-0.000390482,0.00299545
7.233,-0.00148627,-0.000804225,0.000294165,-0.000390112,0.00299136
7.234,-0.00148708,-0.000801526,0.000293775,-0.000389742,0.00298727
7.235,-0.00148788,-0.00079883,0.000293386,-0.000389373,0.00298319
7.236,-0.00148867,-0.000796139,0.000292997,-0.000389003,0.00297912
7.237,-0.00148947,-0.000793451,0.000292608,-0.000388634,0.00297504
7.238,-0.00149026,-0.000790767,0.000292219,-0.000388265,0.00297097
7.239,-0.00149105,-0.000788087,0.000291831,-0.000387896,0.00296691
7.24,-0.00149184,-0.00078541,0.000291444,-0.000387528,0.00296284
7.241,-0.00149262,-0.000782737,0.000291056,-0.00038716,0.00295879
7.242,-0.0014934,-0.000780067,0.000290669,-0.000386792,0.00295473
7.243,-0.00149418,-0.000777402,0.000290283,-0.000386424,0.00295068
7.244,-0.00149496,-0.00077474,0.000289896,-0.000386057,0.00294664
7.245,-0.00149573,-0.000772081,0.000289511,-0.00038569,0.00294259
7.246,-0.0014965,-0.000769426,0.000289125,-0.000385323,0.00293856
7.247,-0.00149727,-0.000766775,0.00028874,-0.000384956,0.00293452
7.248,-0.00149803,-0.000764128,0.000288355,-0.000384589,0.00293049
7.249,-0.0014988,-0.000761484,0.000287971,-0.000384223,0.00292646
7.25,-0.00149956,-0.000758844,0.000287587,-0.000383857,0.00292244
7.251,-0.00150031,-0.000756208,0.000287203,-0.000383492,0.00291842
7.252,-0.00150107,-0.000753575,0.00028682,-0.000383126,0.00291441
7.253,-0.00150182,-0.000750946,0.000286437,-0.000382761,0.0029104
7.254,-0.00150257,-0.00074832,0.000286054,-0.000382396,0.00290639
7.255,-0.00150332,-0.000745698,0.000285672,-0.000382031,0.00290239
7.256,-0.00150406,-0.00074308,0.00028529,-0.000381667,0.00289839
7.257,-0.0015048,-0.000740465,0.000284909,-0.000381302,0.00289439
7.258,-0.00150554,-0.000737854,0.000284528,-0.000380938,0.0028904
7.259,-0.00150628,-0.000735246,0.000284147,-0.000380575,0.00288641
7.26,-0.00150701,-0.000732643,0.000283766,-0.000380211,0.00288243
7.261,-0.00150775,-0.000730042,0.000283386,-0.000379848,0.00287845
7.262,-0.00150847,-0.000727446,0.000283007,-0.000379485,0.00287447
7.263,-0.0015092,-0.000724853,0.000282627,-0.000379122,0.0028705
7.264,-0.00150992,-0.000722263,0.000282248,-0.00037876,0.00286653
7.265,-0.00151064,-0.000719677,0.00028187,-0.000378397,0.00286257
7.266,-0.00151136,-0.000717095,0.000281492,-0.000378035,0.00285861
7.267,-0.00151208,-0.000714516,0.000281114,-0.000377674,0.00285465
7.268,-0.00151279,-0.000711941,0.000280736,-0.000377312,0.0028507
7.269,-0.0015135,-0.00070937,0.000280359,-0.000376951,0.00284675
7.27,-0.00151421,-0.000706802,0.000279982,-0.00037659,0.00284281
7.271,-0.00151492,-0.000704237,0.000279606,-0.000376229,0.00283887
7.272,-0.00151562,-0.000701676,0.00027923,-0.000375869,0.00283493
7.273,-0.00151632,-0.000699119,0.000278854,-0.000375508,0.002831
7.274,-0.00151702,-0.000696565,0.000278479,-0.000375148,0.00282707
7.275,-0.00151771,-0.000694015,0.000278104,-0.000374788,0.00282314
7.276,-0.00151841,-0.000691469,0.000277729,-0.000374429,0.00281922
7.277,-0.0015191,-0.000688926,0.000277355,-0.00037407,0.0028153
7.278,-0.00151978,-0.000686386,0.000276981,-0.00037371,0.00281139
7.279,-0.00152047,-0.00068385,0.000276608,-0.000373352,0.00280748
7.28,-0.00152115,-0.000681318,0.000276235,-0.000372993,0.00280357
7.281,-0.00152183,-0.000678789,0.000275862,-0.000372635,0.00279967
7.282,-0.00152251,-0.000676264,0.000275489,-0.000372277,0.00279577
7.283,-0.00152318,-0.000673742,0.000275117,-0.000371919,0.00279188
7.284,-0.00152386,-0.000671224,0.000274745,-0.000371561,0.00278798
7.285,-0.00152453,-0.000668709,0.000274374,-0.000371204,0.0027841
7.286,-0.00152519,-0.000666198,0.000274003,-0.000370847,0.00278021
7.287,-0.00152586,-0.00066369,0.000273632,-0.00037049,0.00277633
7.288,-0.00152652,-0.000661186,0.000273262,-0.000370133,0.00277246
7.289,-0.00152718,-0.000658685,0.000272892,-0.000369777,0.00276859
7.29,-0.00152784,-0.000656188,0.000272523,-0.000369421,0.00276472
7.291,-0.00152849,-0.000653694,0.000272153,-0.000369065,0.00276085
7.292,-0.00152915,-0.000651204,0.000271784,-0.000368709,0.00275699
7.293,-0.0015298,-0.000648717,0.000271416,-0.000368354,0.00275314
7.294,-0.00153044,-0.000646234,0.000271048,-0.000367999,0.00274928
7.295,-0.00153109,-0.000643754,0.00027068,-0.000367644,0.00274543
7.296,-0.00153173,-0.000641278,0.000270312,-0.000367289,0.00274159
7.297,-0.00153237,-0.000638805,0.000269945,-0.000366935,0.00273775
7.298,-0.00153301,-0.000636336,0.000269579,-0.00036658,0.00273391
7.299,-0.00153364,-0.00063387,0.000269212,-0.000366227,0.00273008
7.3,-0.00153428,-0.000631408,0.000268846,-0.000365873,0.00272625
7.301,-0.00153491,-0.000628949,0.00026848,-0.000365519,0.00272242
7.302,-0.00153553,-0.000626494,0.000268115,-0.000365166,0.0027186
7.303,-0.00153616,-0.000624042,0.00026775,-0.000364813,0.00271478
7.304,-0.00153678,-0.000621593,0.000267385,-0.000364461,0.00271096
7.305,-0.0015374,-0.000619148,0.000267021,-0.000364108,0.00270715
7.306,-0.00153802,-0.000616707,0.000266657,-0.000363756,0.00270334
7.307,-0.00153864,-0.000614268,0.000266294,-0.000363404,0.00269954
7.308,-0.00153925,-0.000611834,0.00026593,-0.000363052,0.00269574
7.309,-0.00153986,-0.000609403,0.000265568,-0.000362701,0.00269194
7.31,-0.00154047,-0.000606975,0.000265205,-0.000362349,0.00268815
7.311,-0.00154107,-0.00060455,0.000264843,-0.000361998,0.00268436
7.312,-0.00154168,-0.000602129,0.000264481,-0.000361647,0.00268058
7.313,-0.00154228,-0.000599712,0.00026412,-0.000361297,0.0026768
7.314,-0.00154288,-0.000597298,0.000263758,-0.000360947,0.00267302
7.315,-0.00154347,-0.000594887,0.000263398,-0.000360597,0.00266925
7.316,-0.00154407,-0.00059248,0.000263037,-0.000360247,0.00266548
7.317,-0.00154466,-0.000590076,0.000262677,-0.000359897,0.00266171
7.318,-0.00154525,-0.000587676,0.000262317,-0.000359548,0.00265795
7.319,-0.00154583,-0.000585279,0.000261958,-0.000359199,0.00265419
7.32,-0.00154642,-0.000582885,0.000261599,-0.00035885,0.00265043
7.321,-0.001547,-0.000580495,0.00026124,-0.000358501,0.00264668
7.322,-0.00154758,-0.000578108,0.000260882,-0.000358153,0.00264293
7.323,-0.00154815,-0.000575724,0.000260524,-0.000357805,0.00263919
7.324,-0.00154873,-0.000573344,0.000260166,-0.000357457,0.00263545
7.325,-0.0015493,-0.000570968,0.000259809,-0.000357109,0.00263171
7.326,-0.00154987,-0.000568594,0.000259452,-0.000356762,0.00262798
7.327,-0.00155044,-0.000566225,0.000259096,-0.000356415,0.00262425
7.328,-0.001551,-0.000563858,0.000258739,-0.000356068,0.00262053
7.329,-0.00155157,-0.000561495,0.000258383,-0.000355721,0.0026168
7.33,-0.00155213,-0.000559135,0.000258028,-0.000355375,0.00261309
7.331,-0.00155268,-0.000556779,0.000257673,-0.000355029,0.00260937
7.332,-0.00155324,-0.000554426,0.000257318,-0.000354683,0.00260566
7.333,-0.00155379,-0.000552076,0.000256963,-0.000354337,0.00260195
7.334,-0.00155434,-0.00054973,0.000256609,-0.000353992,0.00259825
7.335,-0.00155489,-0.000547387,0.000256255,-0.000353646,0.00259455
7.336,-0.00155544,-0.000545047,0.000255902,-0.000353301,0.00259086
7.337,-0.00155598,-0.000542711,0.000255549,-0.000352957,0.00258716
7.338,-0.00155652,-0.000540378,0.000255196,-0.000352612,0.00258348
7.339,-0.00155706,-0.000538048,0.000254844,-0.000352268,0.00257979
7.34,-0.0015576,-0.000535722,0.000254491,-0.000351924,0.00257611
7.341,-0.00155814,-0.000533399,0.00025414,-0.00035158,0.00257243
7.342,-0.00155867,-0.000531079,0.000253788,-0.000351237,0.00256876
7.343,-0.0015592,-0.000528763,0.000253437,-0.000350893,0.00256509
7.344,-0.00155972,-0.00052645,0.000253087,-0.00035055,0.00256142
7.345,-0.00156025,-0.00052414,0.000252736,-0.000350208,0.00255776
7.346,-0.00156077,-0.000521834,0.000252386,-0.000349865,0.0025541
7.347,-0.00156129,-0.000519531,0.000252036,-0.000349523,0.00255045
7.348,-0.00156181,-0.000517231,0.000251687,-0.000349181,0.00254679
7.349,-0.00156233,-0.000514935,0.000251338,-0.000348839,0.00254315
7.35,-0.00156284,-0.000512642,0.000250989,-0.000348497,0.0025395
7.351,-0.00156335,-0.000510352,0.000250641,-0.000348156,0.00253586
7.352,-0.00156386,-0.000508065,0.000250293,-0.000347815,0.00253222
7.353,-0.00156437,-0.000505782,0.000249945,-0.000347474,0.00252859
7.354,-0.00156487,-0.000503502,0.000249598,-0.000347133,0.00252496
7.355,-0.00156538,-0.000501226,0.000249251,-0.000346793,0.00252133
7.356,-0.00156588,-0.000498952,0.000248905,-0.000346452,0.00251771
7.357,-0.00156637,-0.000496682,0.000248558,-0.000346112,0.00251409
7.358,-0.00156687,-0.000494415,0.000248212,-0.000345773,0.00251048
7.359,-0.00156736,-0.000492152,0.000247867,-0.000345433,0.00250687
7.36,-0.00156785,-0.000489891,0.000247521,-0.000345094,0.00250326
7.361,-0.00156834,-0.000487634,0.000247177,-0.000344755,0.00249965
7.362,-0.00156883,-0.000485381,0.000246832,-0.000344416,0.00249605
7.363,-0.00156931,-0.00048313,0.000246488,-0.000344078,0.00249245
7.364,-0.0015698,-0.000480883,0.000246144,-0.00034374,0.00248886
7.365,-0.00157028,-0.000478639,0.0002458,-0.000343402,0.00248527
7.366,-0.00157075,-0.000476398,0.000245457,-0.000343064,0.00248168
7.367,-0.00157123,-0.000474161,0.000245114,-0.000342726,0.0024781
7.368,-0.0015717,-0.000471927,0.000244772,-0.000342389,0.00247452
7.369,-0.00157217,-0.000469696,0.000244429,-0.000342052,0.00247095
7.37,-0.00157264,-0.000467468,0.000244087,-0.000341715,0.00246737
7.371,-0.00157311,-0.000465243,0.000243746,-0.000341378,0.00246381
7.372,-0.00157357,-0.000463022,0.000243405,-0.000341042,0.00246024
7.373,-0.00157403,-0.000460804,0.000243064,-0.000340706,0.00245668
7.374,-0.00157449,-0.000458589,0.000242723,-0.00034037,0.00245312
7.375,-0.00157495,-0.000456378,0.000242383,-0.000340034,0.00244957
7.376,-0.00157541,-0.000454169,0.000242043,-0.000339699,0.00244602
7.377,-0.00157586,-0.000451964,0.000241704,-0.000339364,0.00244247
7.378,-0.00157631,-0.000449762,0.000241364,-0.000339029,0.00243893
7.379,-0.00157676,-0.000447563,0.000241026,-0.000338694,0.00243539
7.38,-0.0015772,-0.000445368,0.000240687,-0.00033836,0.00243185
7.381,-0.00157765,-0.000443175,0.000240349,-0.000338026,0.00242832
7.382,-0.00157809,-0.000440986,0.000240011,-0.000337692,0.00242479
7.383,-0.00157853,-0.0004388,0.000239673,-0.000337358,0.00242126
7.384,-0.00157897,-0.000436617,0.000239336,-0.000337024,0.00241774
7.385,-0.0015794,-0.000434438,0.000238999,-0.000336691,0.00241422
7.386,-0.00157984,-0.000432261,0.000238663,-0.000336358,0.00241071
7.387,-0.00158027,-0.000430088,0.000238327,-0.000336025,0.0024072
7.388,-0.0015807,-0.000427918,0.000237991,-0.000335693,0.00240369
7.389,-0.00158112,-0.000425751,0.000237655,-0.00033536,0.00240019
7.39,-0.00158155,-0.000423587,0.00023732,-0.000335028,0.00239669
7.391,-0.00158197,-0.000421427,0.000236985,-0.000334696,0.00239319
7.392,-0.00158239,-0.000419269,0.000236651,-0.000334365,0.0023897
7.393,-0.00158281,-0.000417115,0.000236317,-0.000334033,0.00238621
7.394,-0.00158323,-0.000414964,0.000235983,-0.000333702,0.00238272
7.395,-0.00158364,-0.000412816,0.000235649,-0.000333371,0.00237924
7.396,-0.00158405,-0.000410672,0.000235316,-0.000333041,0.00237576
7.397,-0.00158446,-0.00040853,0.000234983,-0.00033271,0.00237228
7.398,-0.00158487,-0.000406391,0.000234651,-0.00033238,0.00236881
7.399,-0.00158527,-0.000404256,0.000234318,-0.00033205,0.00236534
7.4,-0.00158568,-0.000402124,0.000233986,-0.00033172,0.00236187
7.401,-0.00158608,-0.000399995,0.000233655,-0.000331391,0.00235841
7.402,-0.00158648,-0.000397869,0.000233324,-0.000331062,0.00235495
7.403,-0.00158687,-0.000395746,0.000232993,-0.000330733,0.0023515
7.404,-0.00158727,-0.000393627,0.000232662,-0.000330404,0.00234805
7.405,-0.00158766,-0.00039151,0.000232332,-0.000330075,0.0023446
7.406,-0.00158805,-0.000389397,0.000232002,-0.000329747,0.00234116
7.407,-0.00158844,-0.000387286,0.000231672,-0.000329419,0.00233772
7.408,-0.00158883,-0.000385179,0.000231343,-0.000329091,0.00233428
7.409,-0.00158921,-0.000383075,0.000231014,-0.000328763,0.00233084
7.41,-0.00158959,-0.000380974,0.000230686,-0.000328436,0.00232741
7.411,-0.00158997,-0.000378876,0.000230357,-0.000328109,0.00232399
7.412,-0.00159035,-0.000376782,0.000230029,-0.000327782,0.00232056
7.413,-0.00159073,-0.00037469,0.000229702,-0.000327455,0.00231714
7.414,-0.0015911,-0.000372601,0.000229375,-0.000327129,0.00231373
7.415,-0.00159147,-0.000370516,0.000229048,-0.000326803,0.00231032
7.416,-0.00159184,-0.000368434,0.000228721,-0.000326477,0.00230691
7.417,-0.00159221,-0.000366354,0.000228395,-0.000326151,0.0023035
7.418,-0.00159257,-0.000364278,0.000228069,-0.000325825,0.0023001
7.419,-0.00159294,-0.000362205,0.000227743,-0.0003255,0.0022967
7.42,-0.0015933,-0.000360135,0.000227418,-0.000325175,0.0022933
7.421,-0.00159366,-0.000358068,0.000227093,-0.00032485,0.00228991
7.422,-0.00159401,-0.000356004,0.000226768,-0.000324526,0.00228652
7.423,-0.00159437,-0.000353943,0.000226444,-0.000324202,0.00228314
7.424,-0.00159472,-0.000351885,0.00022612,-0.000323877,0.00227976
7.425,-0.00159507,-0.000349831,0.000225796,-0.000323554,0.00227638
7.426,-0.00159542,-0.000347779,0.000225472,-0.00032323,0.002273
7.427,-0.00159577,-0.000345731,0.000225149,-0.000322907,0.00226963
7.428,-0.00159611,-0.000343685,0.000224827,-0.000322583,0.00226626
7.429,-0.00159646,-0.000341642,0.000224504,-0.00032226,0.0022629
7.43,-0.0015968,-0.000339603,0.000224182,-0.000321938,0.00225954
7.431,-0.00159714,-0.000337567,0.00022386,-0.000321615,0.00225618
7.432,-0.00159747,-0.000335533,0.000223539,-0.000321293,0.00225283
7.433,-0.00159781,-0.000333503,0.000223218,-0.000320971,0.00224948
7.434,-0.00159814,-0.000331476,0.000222897,-0.000320649,0.00224613
7.435,-0.00159847,-0.000329451,0.000222576,-0.000320328,0.00224279
7.436,-0.0015988,-0.00032743,0.000222256,-0.000320006,0.00223945
7.437,-0.00159912,-0.000325412,0.000221936,-0.000319685,0.00223611
7.438,-0.00159945,-0.000323397,0.000221617,-0.000319365,0.00223278
7.439,-0.00159977,-0.000321384,0.000221298,-0.000319044,0.00222945
7.44,-0.00160009,-0.000319375,0.000220979,-0.000318724,0.00222612
7.441,-0.00160041,-0.000317369,0.00022066,-0.000318403,0.0022228
7.442,-0.00160073,-0.000315366,0.000220342,-0.000318084,0.00221948
7.443,-0.00160104,-0.000313366,0.000220024,-0.000317764,0.00221616
7.444,-0.00160135,-0.000311369,0.000219706,-0.000317444,0.00221285
7.445,-0.00160166,-0.000309374,0.000219389,-0.000317125,0.00220954
7.446,-0.00160197,-0.000307383,0.000219072,-0.000316806,0.00220623
7.447,-0.00160228,-0.000305395,0.000218756,-0.000316488,0.00220293
7.448,-0.00160258,-0.00030341,0.000218439,-0.000316169,0.00219963
7.449,-0.00160288,-0.000301428,0.000218123,-0.000315851,0.00219633
7.45,-0.00160319,-0.000299448,0.000217808,-0.000315533,0.00219304
7.451,-0.00160348,-0.000297472,0.000217492,-0.000315215,0.00218975
7.452,-0.00160378,-0.000295499,0.000217177,-0.000314897,0.00218647
7.453,-0.00160407,-0.000293529,0.000216862,-0.00031458,0.00218318
7.454,-0.00160437,-0.000291561,0.000216548,-0.000314263,0.0021799
7.455,-0.00160466,-0.000289597,0.000216234,-0.000313946,0.00217663
7.456,-0.00160495,-0.000287636,0.00021592,-0.000313629,0.00217336
7.457,-0.00160523,-0.000285677,0.000215607,-0.000313313,0.00217009
7.458,-0.00160552,-0.000283722,0.000215293,-0.000312997,0.00216682
7.459,-0.0016058,-0.000281769,0.000214981,-0.000312681,0.00216356
7.46,-0.00160608,-0.00027982,0.000214668,-0.000312365,0.0021603
7.461,-0.00160636,-0.000277873,0.000214356,-0.000312049,0.00215704
7.462,-0.00160664,-0.000275929,0.000214044,-0.000311734,0.00215379
7.463,-0.00160691,-0.000273989,0.000213732,-0.000311419,0.00215054
7.464,-0.00160719,-0.000272051,0.000213421,-0.000311104,0.0021473
7.465,-0.00160746,-0.000270116,0.00021311,-0.00031079,0.00214406
7.466,-0.00160773,-0.000268184,0.0002128,-0.000310475,0.00214082
7.467,-0.00160799,-0.000266255,0.000212489,-0.000310161,0.00213758
7.468,-0.00160826,-0.000264329,0.000212179,-0.000309847,0.00213435
7.469,-0.00160852,-0.000262406,0.00021187,-0.000309534,0.00213112
7.47,-0.00160878,-0.000260486,0.00021156,-0.00030922,0.0021279
7.471,-0.00160904,-0.000258568,0.000211251,-0.000308907,0.00212467
7.472,-0.0016093,-0.000256654,0.000210942,-0.000308594,0.00212146
7.473,-0.00160956,-0.000254743,0.000210634,-0.000308281,0.00211824
7.474,-0.00160981,-0.000252834,0.000210326,-0.000307969,0.00211503
7.475,-0.00161006,-0.000250928,0.000210018,-0.000307656,0.00211182
7.476,-0.00161031,-0.000249026,0.000209711,-0.000307344,0.00210861
7.477,-0.00161056,-0.000247126,0.000209403,-0.000307033,0.00210541
7.478,-0.00161081,-0.000245229,0.000209096,-0.000306721,0.00210221
7.479,-0.00161105,-0.000243335,0.00020879,-0.00030641,0.00209902
7.48,-0.00161129,-0.000241444,0.000208484,-0.000306098,0.00209583
7.481,-0.00161153,-0.000239555,0.000208178,-0.000305788,0.00209264
7.482,-0.00161177,-0.00023767,0.000207872,-0.000305477,0.00208945
7.483,-0.00161201,-0.000235788,0.000207567,-0.000305166,0.00208627
7.484,-0.00161224,-0.000233908,0.000207262,-0.000304856,0.00208309
7.485,-0.00161248,-0.000232031,0.000206957,-0.000304546,0.00207992
7.486,-0.00161271,-0.000230157,0.000206653,-0.000304236,0.00207674
7.487,-0.00161294,-0.000228286,0.000206349,-0.000303927,0.00207358
7.488,-0.00161316,-0.000226418,0.000206045,-0.000303618,0.00207041
7.489,-0.00161339,-0.000224553,0.000205741,-0.000303308,0.00206725
7.49,-0.00161361,-0.000222691,0.000205438,-0.000303,0.00206409
7.491,-0.00161383,-0.000220831,0.000205135,-0.000302691,0.00206093
7.492,-0.00161405,-0.000218974,0.000204833,-0.000302383,0.00205778
7.493,-0.00161427,-0.00021712,0.000204531,-0.000302074,0.00205463
7.494,-0.00161449,-0.000215269,0.000204229,-0.000301766,0.00205148
7.495,-0.0016147,-0.000213421,0.000203927,-0.000301459,0.00204834
7.496,-0.00161492,-0.000211576,0.000203626,-0.000301151,0.0020452
7.497,-0.00161513,-0.000209734,0.000203325,-0.000300844,0.00204207
7.498,-0.00161533,-0.000207894,0.000203024,-0.000300537,0.00203893
7.499,-0.00161554,-0.000206057,0.000202724,-0.00030023,0.0020358
7.5,-0.00161575,-0.000204223,0.000202424,-0.000299923,0.00203268
7.501,-0.00161595,-0.000202392,0.000202124,-0.000299617,0.00202956
7.502,-0.00161615,-0.000200564,0.000201824,-0.000299311,0.00202644
7.503,-0.00161635,-0.000198738,0.000201525,-0.000299005,0.00202332
7.504,-0.00161655,-0.000196916,0.000201226,-0.000298699,0.00202021
7.505,-0.00161675,-0.000195096,0.000200928,-0.000298394,0.0020171
7.506,-0.00161694,-0.000193279,0.00020063,-0.000298089,0.00201399
7.507,-0.00161713,-0.000191465,0.000200332,-0.000297784,0.00201089
7.508,-0.00161732,-0.000189653,0.000200034,-0.000297479,0.00200779
7.509,-0.00161751,-0.000187845,0.000199737,-0.000297174,0.00200469
7.51,-0.0016177,-0.000186039,0.00019944,-0.00029687,0.0020016
7.511,-0.00161788,-0.000184236,0.000199143,-0.000296566,0.0019985
7.512,-0.00161807,-0.000182436,0.000198847,-0.000296262,0.00199542
7.513,-0.00161825,-0.000180638,0.00019855,-0.000295958,0.00199233
7.514,-0.00161843,-0.000178844,0.000198255,-0.000295655,0.00198925
7.515,-0.00161861,-0.000177052,0.000197959,-0.000295352,0.00198617
7.516,-0.00161878,-0.000175263,0.000197664,-0.000295049,0.0019831
7.517,-0.00161896,-0.000173476,0.000197369,-0.000294746,0.00198003
7.518,-0.00161913,-0.000171693,0.000197074,-0.000294444,0.00197696
7.519,-0.0016193,-0.000169912,0.00019678,-0.000294141,0.0019739
7.52,-0.00161947,-0.000168134,0.000196486,-0.000293839,0.00197084
7.521,-0.00161964,-0.000166359,0.000196192,-0.000293537,0.00196778
7.522,-0.0016198,-0.000164587,0.000195899,-0.000293236,0.00196472
7.523,-0.00161996,-0.000162817,0.000195606,-0.000292934,0.00196167
7.524,-0.00162013,-0.00016105,0.000195313,-0.000292633,0.00195862
7.525,-0.00162029,-0.000159286,0.000195021,-0.000292332,0.00195558
7.526,-0.00162045,-0.000157525,0.000194729,-0.000292032,0.00195253
7.527,-0.0016206,-0.000155766,0.000194437,-0.000291731,0.0019495
7.528,-0.00162076,-0.00015401,0.000194145,-0.000291431,0.00194646
7.529,-0.00162091,-0.000152257,0.000193854,-0.000291131,0.00194343
7.53,-0.00162106,-0.000150507,0.000193563,-0.000290831,0.0019404
7.531,-0.00162121,-0.000148759,0.000193272,-0.000290531,0.00193737
7.532,-0.00162136,-0.000147014,0.000192982,-0.000290232,0.00193435
7.533,-0.00162151,-0.000145272,0.000192692,-0.000289933,0.00193133
7.534,-0.00162165,-0.000143533,0.000192402,-0.000289634,0.00192831
7.535,-0.00162179,-0.000141796,0.000192112,-0.000289335,0.0019253
7.536,-0.00162193,-0.000140062,0.000191823,-0.000289037,0.00192229
7.537,-0.00162207,-0.000138331,0.000191534,-0.000288739,0.00191928
7.538,-0.00162221,-0.000136602,0.000191246,-0.000288441,0.00191628
7.539,-0.00162235,-0.000134876,0.000190957,-0.000288143,0.00191328
7.54,-0.00162248,-0.000133153,0.000190669,-0.000287845,0.00191028
7.541,-0.00162261,-0.000131433,0.000190382,-0.000287548,0.00190728
7.542,-0.00162274,-0.000129715,0.000190094,-0.000287251,0.00190429
7.543,-0.00162287,-0.000128,0.000189807,-0.000286954,0.0019013
7.544,-0.001623,-0.000126288,0.00018952,-0.000286657,0.00189832
7.545,-0.00162312,-0.000124579,0.000189234,-0.000286361,0.00189534
7.546,-0.00162325,-0.000122872,0.000188948,-0.000286064,0.00189236
7.547,-0.00162337,-0.000121167,0.000188662,-0.000285768,0.00188938
7.548,-0.00162349,-0.000119466,0.000188376,-0.000285473,0.00188641
7.549,-0.00162361,-0.000117767,0.000188091,-0.000285177,0.00188344
7.55,-0.00162373,-0.000116071,0.000187806,-0.000284882,0.00188048
7.551,-0.00162384,-0.000114378,0.000187521,-0.000284587,0.00187751
7.552,-0.00162395,-0.000112687,0.000187237,-0.000284292,0.00187455
7.553,-0.00162407,-0.000110999,0.000186953,-0.000283997,0.0018716
7.554,-0.00162418,-0.000109314,0.000186669,-0.000283702,0.00186864
7.555,-0.00162428,-0.000107631,0.000186385,-0.000283408,0.00186569
7.556,-0.00162439,-0.000105951,0.000186102,-0.000283114,0.00186274
7.557,-0.0016245,-0.000104273,0.000185819,-0.00028282,0.0018598
7.558,-0.0016246,-0.000102599,0.000185536,-0.000282527,0.00185686
7.559,-0.0016247,-0.000100927,0.000185254,-0.000282234,0.00185392
7.56,-0.0016248,-9.92573e-05,0.000184972,-0.00028194,0.00185099
7.561,-0.0016249,-9.75905e-05,0.00018469,-0.000281647,0.00184806
7.562,-0.001625,-9.59264e-05,0.000184408,-0.000281355,0.00184513
7.563,-0.00162509,-9.4265e-05,0.000184127,-0.000281062,0.0018422
7.564,-0.00162519,-9.26062e-05,0.000183846,-0.00028077,0.00183928
7.565,-0.00162528,-9.09501e-05,0.000183566,-0.000280478,0.00183636
7.566,-0.00162537,-8.92966e-05,0.000183285,-0.000280186,0.00183344
7.567,-0.00162546,-8.76457e-05,0.000183005,-0.000279895,0.00183053
7.568,-0.00162554,-8.59975e-05,0.000182726,-0.000279603,0.00182762
7.569,-0.00162563,-8.43519e-05,0.000182446,-0.000279312,0.00182471
7.57,-0.00162571,-8.27089e-05,0.000182167,-0.000279021,0.00182181
7.571,-0.00162579,-8.10686e-05,0.000181888,-0.000278731,0.00181891
7.572,-0.00162587,-7.94309e-05,0.000181609,-0.00027844,0.00181601
7.573,-0.00162595,-7.77958e-05,0.000181331,-0.00027815,0.00181312
7.574,-0.00162603,-7.61633e-05,0.000181053,-0.00027786,0.00181023
7.575,-0.0016261,-7.45334e-05,0.000180775,-0.00027757,0.00180734
7.576,-0.00162618,-7.29062e-05,0.000180498,-0.00027728,0.00180445
7.577,-0.00162625,-7.12815e-05,0.000180221,-0.000276991,0.00180157
7.578,-0.00162632,-6.96595e-05,0.000179944,-0.000276702,0.00179869
7.579,-0.00162639,-6.80401e-05,0.000179668,-0.000276413,0.00179582
7.58,-0.00162646,-6.64233e-05,0.000179391,-0.000276124,0.00179294
7.581,-0.00162652,-6.4809e-05,0.000179115,-0.000275836,0.00179007
7.582,-0.00162659,-6.31974e-05,0.00017884,-0.000275547,0.00178721
7.583,-0.00162665,-6.15884e-05,0.000178564,-0.000275259,0.00178434
7.584,-0.00162671,-5.99819e-05,0.000178289,-0.000274971,0.00178148
7.585,-0.00162677,-5.83781e-05,0.000178014,-0.000274684,0.00177862
7.586,-0.00162683,-5.67768e-05,0.00017774,-0.000274396,0.00177577
7.587,-0.00162688,-5.51781e-05,0.000177465,-0.000274109,0.00177292
7.588,-0.00162694,-5.3582e-05,0.000177191,-0.000273822,0.00177007
7.589,-0.00162699,-5.19885e-05,0.000176918,-0.000273536,0.00176722
7.59,-0.00162704,-5.03975e-05,0.000176644,-0.000273249,0.00176438
7.591,-0.00162709,-4.88091e-05,0.000176371,-0.000272963,0.00176154
7.592,-0.00162714,-4.72233e-05,0.000176098,-0.000272677,0.00175871
7.593,-0.00162718,-4.564e-05,0.000175826,-0.000272391,0.00175587
7.594,-0.00162723,-4.40594e-05,0.000175554,-0.000272105,0.00175304
7.595,-0.00162727,-4.24812e-05,0.000175282,-0.00027182,0.00175022
7.596,-0.00162731,-4.09057e-05,0.00017501,-0.000271534,0.00174739
7.597,-0.00162735,-3.93326e-05,0.000174739,-0.000271249,0.00174457
7.598,-0.00162739,-3.77622e-05,0.000174468,-0.000270965,0.00174175
7.599,-0.00162743,-3.61942e-05,0.000174197,-0.00027068,0.00173894
7.6,-0.00162747,-3.46289e-05,0.000173926,-0.000270396,0.00173613
7.601,-0.0016275,-3.30661e-05,0.000173656,-0.000270112,0.00173332
7.602,-0.00162753,-3.15058e-05,0.000173386,-0.000269828,0.00173051
7.603,-0.00162756,-2.9948e-05,0.000173116,-0.000269544,0.00172771
7.604,-0.00162759,-2.83928e-05,0.000172847,-0.000269261,0.00172491
7.605,-0.00162762,-2.68401e-05,0.000172578,-0.000268977,0.00172211
7.606,-0.00162765,-2.529e-05,0.000172309,-0.000268694,0.00171932
7.607,-0.00162767,-2.37424e-05,0.00017204,-0.000268411,0.00171653
7.608,-0.00162769,-2.21973e-05,0.000171772,-0.000268129,0.00171374
7.609,-0.00162771,-2.06547e-05,0.000171504,-0.000267846,0.00171095
7.61,-0.00162773,-1.91146e-05,0.000171236,-0.000267564,0.00170817
7.611,-0.00162775,-1.75771e-05,0.000170969,-0.000267282,0.00170539
7.612,-0.00162777,-1.60421e-05,0.000170702,-0.000267001,0.00170262
7.613,-0.00162778,-1.45095e-05,0.000170435,-0.000266719,0.00169984
7.614,-0.0016278,-1.29795e-05,0.000170168,-0.000266438,0.00169707
7.615,-0.00162781,-1.1452e-05,0.000169902,-0.000266157,0.00169431
7.616,-0.00162782,-9.92704e-06,0.000169636,-0.000265876,0.00169154
7.617,-0.00162783,-8.40454e-06,0.00016937,-0.000265595,0.00168878
7.618,-0.00162784,-6.88454e-06,0.000169105,-0.000265315,0.00168602
7.619,-0.00162784,-5.36703e-06,0.00016884,-0.000265035,0.00168327
7.62,-0.00162785,-3.85202e-06,0.000168575,-0.000264755,0.00168052
7.621,-0.00162785,-2.33949e-06,0.00016831,-0.000264475,0.00167777
7.622,-0.00162785,-8.29454e-07,0.000168046,-0.000264195,0.00167502
7.623,-0.00162785,6.78101e-07,0.000167782,-0.000263916,0.00167228
7.624,-0.00162785,2.18317e-06,0.000167518,-0.000263637,0.00166954
7.625,-0.00162785,3.68577e-06,0.000167255,-0.000263358,0.0016668
7.626,-0.00162784,5.18589e-06,0.000166991,-0.000263079,0.00166407
7.627,-0.00162784,6.68353e-06,0.000166728,-0.0002628,0.00166133
7.628,-0.00162783,8.17871e-06,0.000166466,-0.000262522,0.00165861
7.629,-0.00162782,9.67141e-06,0.000166203,-0.000262244,0.00165588
7.63,-0.00162781,1.11617e-05,0.000165941,-0.000261966,0.00165316
7.631,-0.0016278,1.26494e-05,0.000165679,-0.000261689,0.00165044
7.632,-0.00162779,1.41348e-05,0.000165418,-0.000261411,0.00164772
7.633,-0.00162777,1.56176e-05,0.000165157,-0.000261134,0.00164501
7.634,-0.00162776,1.7098e-05,0.000164896,-0.000260857,0.0016423
7.635,-0.00162774,1.8576e-05,0.000164635,-0.00026058,0.00163959
7.636,-0.00162772,2.00515e-05,0.000164374,-0.000260304,0.00163689
7.637,-0.0016277,2.15245e-05,0.000164114,-0.000260027,0.00163418
7.638,-0.00162768,2.29952e-05,0.000163854,-0.000259751,0.00163149
7.639,-0.00162765,2.44633e-05,0.000163595,-0.000259475,0.00162879
7.64,-0.00162763,2.59291e-05,0.000163335,-0.0002592,0.0016261
7.641,-0.0016276,2.73924e-05,0.000163076,-0.000258924,0.00162341
7.642,-0.00162757,2.88532e-05,0.000162818,-0.000258649,0.00162072
7.643,-0.00162754,3.03117e-05,0.000162559,-0.000258374,0.00161803
7.644,-0.00162751,3.17677e-05,0.000162301,-0.000258099,0.00161535
7.645,-0.00162748,3.32213e-05,0.000162043,-0.000257824,0.00161268
7.646,-0.00162744,3.46724e-05,0.000161785,-0.00025755,0.00161
7.647,-0.00162741,3.61212e-05,0.000161528,-0.000257276,0.00160733
7.648,-0.00162737,3.75675e-05,0.000161271,-0.000257002,0.00160466
7.649,-0.00162733,3.90114e-05,0.000161014,-0.000256728,0.00160199
7.65,-0.00162729,4.04529e-05,0.000160757,-0.000256454,0.00159933
7.651,-0.00162725,4.1892e-05,0.000160501,-0.000256181,0.00159667
7.652,-0.00162721,4.33287e-05,0.000160245,-0.000255908,0.00159401
7.653,-0.00162717,4.4763e-05,0.000159989,-0.000255635,0.00159135
7.654,-0.00162712,4.61948e-05,0.000159734,-0.000255362,0.0015887
7.655,-0.00162707,4.76243e-05,0.000159478,-0.000255089,0.00158605
7.656,-0.00162703,4.90514e-05,0.000159223,-0.000254817,0.0015834
7.657,-0.00162698,5.04761e-05,0.000158969,-0.000254545,0.00158076
7.658,-0.00162692,5.18984e-05,0.000158714,-0.000254273,0.00157812
7.659,-0.00162687,5.33183e-05,0.00015846,-0.000254002,0.00157548
7.66,-0.00162682,5.47358e-05,0.000158206,-0.00025373,0.00157285
7.661,-0.00162676,5.6151e-05,0.000157953,-0.000253459,0.00157022
7.662,-0.00162671,5.75637e-05,0.000157699,-0.000253188,0.00156759
7.663,-0.00162665,5.89741e-05,0.000157446,-0.000252917,0.00156496
7.664,-0.00162659,6.03821e-05,0.000157194,-0.000252646,0.00156234
7.665,-0.00162653,6.17877e-05,0.000156941,-0.000252376,0.00155972
7.666,-0.00162646,6.3191e-05,0.000156689,-0.000252106,0.0015571
7.667,-0.0016264,6.45919e-05,0.000156437,-0.000251836,0.00155448
7.668,-0.00162634,6.59904e-05,0.000156185,-0.000251566,0.00155187
7.669,-0.00162627,6.73866e-05,0.000155934,-0.000251297,0.00154926
7.67,-0.0016262,6.87804e-05,0.000155683,-0.000251027,0.00154666
7.671,-0.00162613,7.01719e-05,0.000155432,-0.000250758,0.00154405
7.672,-0.00162606,7.1561e-05,0.000155181,-0.000250489,0.00154145
7.673,-0.00162599,7.29477e-05,0.000154931,-0.00025022,0.00153885
7.674,-0.00162591,7.43321e-05,0.000154681,-0.000249952,0.00153626
7.675,-0.00162584,7.57141e-05,0.000154431,-0.000249684,0.00153367
7.676,-0.00162576,7.70938e-05,0.000154181,-0.000249416,0.00153108
7.677,-0.00162569,7.84712e-05,0.000153932,-0.000249148,0.00152849
7.678,-0.00162561,7.98462e-05,0.000153683,-0.00024888,0.00152591
7.679,-0.00162553,8.12189e-05,0.000153434,-0.000248613,0.00152333
7.68,-0.00162544,8.25893e-05,0.000153186,-0.000248345,0.00152075
7.681,-0.00162536,8.39573e-05,0.000152937,-0.000248078,0.00151818
7.682,-0.00162528,8.5323e-05,0.00015269,-0.000247812,0.0015156
7.683,-0.00162519,8.66864e-05,0.000152442,-0.000247545,0.00151303
7.684,-0.0016251,8.80474e-05,0.000152194,-0.000247279,0.00151047
7.685,-0.00162501,8.94061e-05,0.000151947,-0.000247012,0.0015079
7.686,-0.00162492,9.07625e-05,0.0001517,-0.000246746,0.00150534
7.687,-0.00162483,9.21166e-05,0.000151454,-0.000246481,0.00150279
7.688,-0.00162474,9.34684e-05,0.000151207,-0.000246215,0.00150023
7.689,-0.00162464,9.48179e-05,0.000150961,-0.00024595,0.00149768
7.69,-0.00162455,9.6165e-05,0.000150716,-0.000245685,0.00149513
7.691,-0.00162445,9.75099e-05,0.00015047,-0.00024542,0.00149258
7.692,-0.00162435,9.88524e-05,0.000150225,-0.000245155,0.00149004
7.693,-0.00162425,0.000100193,0.00014998,-0.00024489,0.0014875
7.694,-0.00162415,0.000101531,0.000149735,-0.000244626,0.00148496
7.695,-0.00162405,0.000102866,0.00014949,-0.000244362,0.00148242
7.696,-0.00162395,0.0001042,0.000149246,-0.000244098,0.00147989
7.697,-0.00162384,0.000105531,0.000149002,-0.000243834,0.00147736
7.698,-0.00162374,0.000106859,0.000148759,-0.000243571,0.00147483
7.699,-0.00162363,0.000108186,0.000148515,-0.000243308,0.00147231
7.7,-0.00162352,0.00010951,0.000148272,-0.000243045,0.00146979
7.701,-0.00162341,0.000110832,0.000148029,-0.000242782,0.00146727
7.702,-0.0016233,0.000112152,0.000147786,-0.000242519,0.00146475
7.703,-0.00162319,0.000113469,0.000147544,-0.000242257,0.00146224
7.704,-0.00162307,0.000114784,0.000147302,-0.000241995,0.00145973
7.705,-0.00162296,0.000116097,0.00014706,-0.000241733,0.00145722
7.706,-0.00162284,0.000117408,0.000146818,-0.000241471,0.00145472
7.707,-0.00162272,0.000118716,0.000146577,-0.000241209,0.00145222
7.708,-0.0016226,0.000120022,0.000146336,-0.000240948,0.00144972
7.709,-0.00162248,0.000121326,0.000146095,-0.000240687,0.00144722
7.71,-0.00162236,0.000122627,0.000145855,-0.000240426,0.00144473
7.711,-0.00162224,0.000123927,0.000145614,-0.000240165,0.00144224
7.712,-0.00162211,0.000125224,0.000145374,-0.000239904,0.00143975
7.713,-0.00162199,0.000126518,0.000145135,-0.000239644,0.00143726
7.714,-0.00162186,0.000127811,0.000144895,-0.000239384,0.00143478
7.715,-0.00162173,0.000129101,0.000144656,-0.000239124,0.0014323
7.716,-0.0016216,0.000130389,0.000144417,-0.000238864,0.00142982
7.717,-0.00162147,0.000131675,0.000144178,-0.000238605,0.00142735
7.718,-0.00162134,0.000132959,0.00014394,-0.000238345,0.00142488
7.719,-0.0016212,0.00013424,0.000143701,-0.000238086,0.00142241
7.72,-0.00162107,0.000135519,0.000143463,-0.000237827,0.00141994
7.721,-0.00162093,0.000136796,0.000143226,-0.000237568,0.00141748
7.722,-0.0016208,0.00013807,0.000142988,-0.00023731,0.00141502
7.723,-0.00162066,0.000139343,0.000142751,-0.000237052,0.00141256
7.724,-0.00162052,0.000140613,0.000142514,-0.000236794,0.0014101
7.725,-0.00162038,0.000141881,0.000142277,-0.000236536,0.00140765
7.726,-0.00162023,0.000143147,0.000142041,-0.000236278,0.0014052
7.727,-0.00162009,0.00014441,0.000141805,-0.000236021,0.00140275
7.728,-0.00161994,0.000145672,0.000141569,-0.000235763,0.00140031
7.729,-0.0016198,0.000146931,0.000141333,-0.000235506,0.00139787
7.73,-0.00161965,0.000148188,0.000141098,-0.000235249,0.00139543
7.731,-0.0016195,0.000149442,0.000140863,-0.000234993,0.00139299
7.732,-0.00161935,0.000150695,0.000140628,-0.000234736,0.00139056
7.733,-0.0016192,0.000151945,0.000140393,-0.00023448,0.00138813
7.734,-0.00161905,0.000153193,0.000140159,-0.000234224,0.0013857
7.735,-0.00161889,0.000154439,0.000139925,-0.000233968,0.00138328
7.736,-0.00161874,0.000155683,0.000139691,-0.000233713,0.00138085
7.737,-0.00161858,0.000156924,0.000139458,-0.000233457,0.00137843
7.738,-0.00161842,0.000158164,0.000139224,-0.000233202,0.00137602
7.739,-0.00161827,0.000159401,0.000138991,-0.000232947,0.0013736
7.74,-0.00161811,0.000160636,0.000138758,-0.000232692,0.00137119
7.741,-0.00161794,0.000161868,0.000138526,-0.000232437,0.00136878
7.742,-0.00161778,0.000163099,0.000138293,-0.000232183,0.00136638
7.743,-0.00161762,0.000164327,0.000138061,-0.000231929,0.00136397
7.744,-0.00161745,0.000165554,0.00013783,-0.000231675,0.00136157
7.745,-0.00161729,0.000166778,0.000137598,-0.000231421,0.00135917
7.746,-0.00161712,0.000168,0.000137367,-0.000231167,0.00135678
7.747,-0.00161695,0.000169219,0.000137136,-0.000230914,0.00135438
7.748,-0.00161678,0.000170437,0.000136905,-0.000230661,0.00135199
7.749,-0.00161661,0.000171652,0.000136674,-0.000230408,0.00134961
7.75,-0.00161644,0.000172866,0.000136444,-0.000230155,0.00134722
7.751,-0.00161626,0.000174077,0.000136214,-0.000229903,0.00134484
7.752,-0.00161609,0.000175286,0.000135984,-0.00022965,0.00134246
7.753,-0.00161591,0.000176493,0.000135755,-0.000229398,0.00134008
7.754,-0.00161574,0.000177697,0.000135526,-0.000229146,0.00133771
7.755,-0.00161556,0.0001789,0.000135297,-0.000228894,0.00133534
7.756,-0.00161538,0.0001801,0.000135068,-0.000228643,0.00133297
7.757,-0.0016152,0.000181298,0.000134839,-0.000228391,0.0013306
7.758,-0.00161502,0.000182494,0.000134611,-0.00022814,0.00132824
7.759,-0.00161483,0.000183688,0.000134383,-0.000227889,0.00132588
7.76,-0.00161465,0.00018488,0.000134155,-0.000227639,0.00132352
7.761,-0.00161446,0.00018607,0.000133928,-0.000227388,0.00132117
7.762,-0.00161428,0.000187257,0.0001337,-0.000227138,0.00131881
7.763,-0.00161409,0.000188443,0.000133473,-0.000226887,0.00131646
7.764,-0.0016139,0.000189626,0.000133247,-0.000226638,0.00131412
7.765,-0.00161371,0.000190807,0.00013302,-0.000226388,0.00131177
7.766,-0.00161352,0.000191986,0.000132794,-0.000226138,0.00130943
7.767,-0.00161333,0.000193163,0.000132568,-0.000225889,0.00130709
7.768,-0.00161313,0.000194338,0.000132342,-0.00022564,0.00130475
7.769,-0.00161294,0.000195511,0.000132117,-0.000225391,0.00130242
7.77,-0.00161274,0.000196681,0.000131891,-0.000225142,0.00130009
7.771,-0.00161254,0.00019785,0.000131666,-0.000224894,0.00129776
7.772,-0.00161235,0.000199016,0.000131442,-0.000224645,0.00129543
7.773,-0.00161215,0.00020018,0.000131217,-0.000224397,0.00129311
7.774,-0.00161195,0.000201343,0.000130993,-0.000224149,0.00129079
7.775,-0.00161174,0.000202503,0.000130769,-0.000223901,0.00128847
7.776,-0.00161154,0.000203661,0.000130545,-0.000223654,0.00128615
7.777,-0.00161134,0.000204816,0.000130321,-0.000223407,0.00128384
7.778,-0.00161113,0.00020597,0.000130098,-0.000223159,0.00128153
7.779,-0.00161092,0.000207122,0.000129875,-0.000222913,0.00127922
7.78,-0.00161072,0.000208272,0.000129652,-0.000222666,0.00127691
7.781,-0.00161051,0.000209419,0.00012943,-0.000222419,0.00127461
7.782,-0.0016103,0.000210565,0.000129207,-0.000222173,0.00127231
7.783,-0.00161009,0.000211708,0.000128985,-0.000221927,0.00127001
7.784,-0.00160987,0.000212849,0.000128764,-0.000221681,0.00126772
7.785,-0.00160966,0.000213988,0.000128542,-0.000221435,0.00126543
7.786,-0.00160945,0.000215126,0.000128321,-0.00022119,0.00126314
7.787,-0.00160923,0.000216261,0.0001281,-0.000220944,0.00126085
7.788,-0.00160901,0.000217394,0.000127879,-0.000220699,0.00125856
7.789,-0.0016088,0.000218525,0.000127658,-0.000220454,0.00125628
7.79,-0.00160858,0.000219653,0.000127438,-0.000220209,0.001254
7.791,-0.00160836,0.00022078,0.000127218,-0.000219965,0.00125173
7.792,-0.00160814,0.000221905,0.000126998,-0.000219721,0.00124945
7.793,-0.00160791,0.000223028,0.000126778,-0.000219476,0.00124718
7.794,-0.00160769,0.000224148,0.000126559,-0.000219232,0.00124491
7.795,-0.00160746,0.000225267,0.00012634,-0.000218989,0.00124265
7.796,-0.00160724,0.000226384,0.000126121,-0.000218745,0.00124038
7.797,-0.00160701,0.000227498,0.000125902,-0.000218502,0.00123812
7.798,-0.00160678,0.000228611,0.000125684,-0.000218259,0.00123586
7.799,-0.00160655,0.000229721,0.000125466,-0.000218016,0.00123361
7.8,-0.00160632,0.000230829,0.000125248,-0.000217773,0.00123135
7.801,-0.00160609,0.000231936,0.00012503,-0.00021753,0.0012291
7.802,-0.00160586,0.00023304,0.000124813,-0.000217288,0.00122685
7.803,-0.00160563,0.000234142,0.000124596,-0.000217046,0.00122461
7.804,-0.00160539,0.000235242,0.000124379,-0.000216804,0.00122236
7.805,-0.00160516,0.000236341,0.000124162,-0.000216562,0.00122012
7.806,-0.00160492,0.000237437,0.000123946,-0.000216321,0.00121788
7.807,-0.00160468,0.000238531,0.00012373,-0.000216079,0.00121565
7.808,-0.00160444,0.000239623,0.000123514,-0.000215838,0.00121342
7.809,-0.0016042,0.000240713,0.000123298,-0.000215597,0.00121118
7.81,-0.00160396,0.000241801,0.000123082,-0.000215356,0.00120896
7.811,-0.00160372,0.000242887,0.000122867,-0.000215116,0.00120673
7.812,-0.00160348,0.000243972,0.000122652,-0.000214875,0.00120451
7.813,-0.00160323,0.000245054,0.000122437,-0.000214635,0.00120229
7.814,-0.00160299,0.000246134,0.000122223,-0.000214395,0.00120007
7.815,-0.00160274,0.000247212,0.000122009,-0.000214155,0.00119785
7.816,-0.00160249,0.000248288,0.000121795,-0.000213916,0.00119564
7.817,-0.00160224,0.000249362,0.000121581,-0.000213676,0.00119343
7.818,-0.00160199,0.000250434,0.000121367,-0.000213437,0.00119122
7.819,-0.00160174,0.000251504,0.000121154,-0.000213198,0.00118902
7.82,-0.00160149,0.000252572,0.000120941,-0.000212959,0.00118682
7.821,-0.00160124,0.000253638,0.000120728,-0.000212721,0.00118462
7.822,-0.00160098,0.000254702,0.000120515,-0.000212482,0.00118242
7.823,-0.00160073,0.000255764,0.000120303,-0.000212244,0.00118022
7.824,-0.00160047,0.000256824,0.000120091,-0.000212006,0.00117803
7.825,-0.00160021,0.000257883,0.000119879,-0.000211768,0.00117584
7.826,-0.00159995,0.000258939,0.000119667,-0.000211531,0.00117365
7.827,-0.00159969,0.000259993,0.000119456,-0.000211293,0.00117147
7.828,-0.00159943,0.000261045,0.000119245,-0.000211056,0.00116929
7.829,-0.00159917,0.000262095,0.000119034,-0.000210819,0.00116711
7.83,-0.00159891,0.000263144,0.000118823,-0.000210582,0.00116493
7.831,-0.00159865,0.00026419,0.000118613,-0.000210345,0.00116275
7.832,-0.00159838,0.000265234,0.000118402,-0.000210109,0.00116058
7.833,-0.00159812,0.000266277,0.000118192,-0.000209873,0.00115841
7.834,-0.00159785,0.000267317,0.000117983,-0.000209637,0.00115624
7.835,-0.00159758,0.000268355,0.000117773,-0.000209401,0.00115408
7.836,-0.00159731,0.000269392,0.000117564,-0.000209165,0.00115192
7.837,-0.00159704,0.000270426,0.000117355,-0.00020893,0.00114976
7.838,-0.00159677,0.000271459,0.000117146,-0.000208694,0.0011476
7.839,-0.0015965,0.00027249,0.000116937,-0.000208459,0.00114544
7.84,-0.00159623,0.000273518,0.000116729,-0.000208224,0.00114329
7.841,-0.00159595,0.000274545,0.000116521,-0.000207989,0.00114114
7.842,-0.00159568,0.00027557,0.000116313,-0.000207755,0.00113899
7.843,-0.0015954,0.000276593,0.000116106,-0.000207521,0.00113685
7.844,-0.00159512,0.000277614,0.000115898,-0.000207287,0.00113471
7.845,-0.00159485,0.000278633,0.000115691,-0.000207053,0.00113257
7.846,-0.00159457,0.00027965,0.000115484,-0.000206819,0.00113043
7.847,-0.00159429,0.000280665,0.000115277,-0.000206585,0.00112829
7.848,-0.00159401,0.000281678,0.000115071,-0.000206352,0.00112616
7.849,-0.00159372,0.000282689,0.000114865,-0.000206119,0.00112403
7.85,-0.00159344,0.000283698,0.000114659,-0.000205886,0.0011219
7.851,-0.00159316,0.000284706,0.000114453,-0.000205653,0.00111978
7.852,-0.00159287,0.000285711,0.000114247,-0.00020542,0.00111766
7.853,-0.00159258,0.000286715,0.000114042,-0.000205188,0.00111553
7.854,-0.0015923,0.000287717,0.000113837,-0.000204956,0.00111342
7.855,-0.00159201,0.000288716,0.000113632,-0.000204724,0.0011113
7.856,-0.00159172,0.000289714,0.000113427,-0.000204492,0.00110919
7.857,-0.00159143,0.00029071,0.000113223,-0.00020426,0.00110708
7.858,-0.00159114,0.000291704,0.000113019,-0.000204029,0.00110497
7.859,-0.00159085,0.000292696,0.000112815,-0.000203798,0.00110286
7.86,-0.00159055,0.000293686,0.000112611,-0.000203567,0.00110076
7.861,-0.00159026,0.000294675,0.000112408,-0.000203336,0.00109866
7.862,-0.00158996,0.000295661,0.000112205,-0.000203105,0.00109656
7.863,-0.00158967,0.000296645,0.000112002,-0.000202875,0.00109447
7.864,-0.00158937,0.000297628,0.000111799,-0.000202644,0.00109237
7.865,-0.00158907,0.000298609,0.000111596,-0.000202414,0.00109028
7.866,-0.00158877,0.000299588,0.000111394,-0.000202184,0.00108819
7.867,-0.00158847,0.000300565,0.000111192,-0.000201955,0.00108611
7.868,-0.00158817,0.00030154,0.00011099,-0.000201725,0.00108402
7.869,-0.00158787,0.000302513,0.000110789,-0.000201496,0.00108194
7.87,-0.00158757,0.000303484,0.000110587,-0.000201267,0.00107986
7.871,-0.00158726,0.000304453,0.000110386,-0.000201038,0.00107779
7.872,-0.00158696,0.000305421,0.000110185,-0.000200809,0.00107571
7.873,-0.00158665,0.000306387,0.000109984,-0.00020058,0.00107364
7.874,-0.00158635,0.00030735,0.000109784,-0.000200352,0.00107157
7.875,-0.00158604,0.000308312,0.000109584,-0.000200124,0.0010695
7.876,-0.00158573,0.000309272,0.000109384,-0.000199896,0.00106744
7.877,-0.00158542,0.00031023,0.000109184,-0.000199668,0.00106538
7.878,-0.00158511,0.000311187,0.000108984,-0.00019944,0.00106332
7.879,-0.0015848,0.000312141,0.000108785,-0.000199213,0.00106126
7.88,-0.00158448,0.000313094,0.000108586,-0.000198986,0.00105921
7.881,-0.00158417,0.000314045,0.000108387,-0.000198759,0.00105715
7.882,-0.00158386,0.000314993,0.000108188,-0.000198532,0.0010551
7.883,-0.00158354,0.00031594,0.00010799,-0.000198305,0.00105306
7.884,-0.00158322,0.000316886,0.000107792,-0.000198079,0.00105101
7.885,-0.00158291,0.000317829,0.000107594,-0.000197852,0.00104897
7.886,-0.00158259,0.00031877,0.000107396,-0.000197626,0.00104693
7.887,-0.00158227,0.00031971,0.000107199,-0.0001974,0.00104489
7.888,-0.00158195,0.000320648,0.000107001,-0.000197175,0.00104286
7.889,-0.00158163,0.000321584,0.000106804,-0.000196949,0.00104082
7.89,-0.00158131,0.000322518,0.000106607,-0.000196724,0.00103879
7.891,-0.00158098,0.00032345,0.000106411,-0.000196499,0.00103676
7.892,-0.00158066,0.000324381,0.000106214,-0.000196274,0.00103474
7.893,-0.00158033,0.000325309,0.000106018,-0.000196049,0.00103271
7.894,-0.00158001,0.000326236,0.000105822,-0.000195824,0.00103069
7.895,-0.00157968,0.000327161,0.000105627,-0.0001956,0.00102867
7.896,-0.00157935,0.000328084,0.000105431,-0.000195376,0.00102666
7.897,-0.00157903,0.000329005,0.000105236,-0.000195152,0.00102464
7.898,-0.0015787,0.000329925,0.000105041,-0.000194928,0.00102263
7.899,-0.00157837,0.000330843,0.000104846,-0.000194704,0.00102062
7.9,-0.00157803,0.000331758,0.000104651,-0.000194481,0.00101861
7.901,-0.0015777,0.000332672,0.000104457,-0.000194257,0.00101661
7.902,-0.00157737,0.000333585,0.000104263,-0.000194034,0.00101461
7.903,-0.00157704,0.000334495,0.000104069,-0.000193811,0.00101261
7.904,-0.0015767,0.000335404,0.000103875,-0.000193589,0.00101061
7.905,-0.00157636,0.000336311,0.000103682,-0.000193366,0.00100861
7.906,-0.00157603,0.000337216,0.000103489,-0.000193144,0.00100662
7.907,-0.00157569,0.000338119,0.000103296,-0.000192922,0.00100463
7.908,-0.00157535,0.00033902,0.000103103,-0.0001927,0.00100264
7.909,-0.00157501,0.00033992,0.00010291,-0.000192478,0.00100066
7.91,-0.00157467,0.000340818,0.000102718,-0.000192256,0.000998672
7.911,-0.00157433,0.000341714,0.000102526,-0.000192035,0.000996691
7.912,-0.00157399,0.000342608,0.000102334,-0.000191814,0.000994712
7.913,-0.00157365,0.0003435,0.000102142,-0.000191593,0.000992735
7.914,-0.0015733,0.000344391,0.000101951,-0.000191372,0.000990761
7.915,-0.00157296,0.00034528,0.000101759,-0.000191151,0.000988789
7.916,-0.00157261,0.000346167,0.000101568,-0.000190931,0.000986819
7.917,-0.00157226,0.000347052,0.000101377,-0.00019071,0.000984852
7.918,-0.00157192,0.000347936,0.000101187,-0.00019049,0.000982887
7.919,-0.00157157,0.000348817,0.000100996,-0.00019027,0.000980924
7.92,-0.00157122,0.000349697,0.000100806,-0.000190051,0.000978964
7.921,-0.00157087,0.000350576,0.000100616,-0.000189831,0.000977006
7.922,-0.00157052,0.000351452,0.000100427,-0.000189612,0.00097505
7.923,-0.00157017,0.000352327,0.000100237,-0.000189393,0.000973097
7.924,-0.00156981,0.0003532,0.000100048,-0.000189174,0.000971146
7.925,-0.00156946,0.000354071,9.98588e-05,-0.000188955,0.000969197
7.926,-0.0015691,0.00035494,9.96699e-05,-0.000188736,0.000967251
7.927,-0.00156875,0.000355808,9.94813e-05,-0.000188518,0.000965307
7.928,-0.00156839,0.000356674,9.92929e-05,-0.0001883,0.000963365
7.929,-0.00156804,0.000357538,9.91047e-05,-0.000188082,0.000961426
7.93,-0.00156768,0.0003584,9.89167e-05,-0.000187864,0.000959488
7.931,-0.00156732,0.000359261,9.8729e-05,-0.000187646,0.000957553
7.932,-0.00156696,0.00036012,9.85414e-05,-0.000187428,0.000955621
7.933,-0.0015666,0.000360977,9.83541e-05,-0.000187211,0.000953691
7.934,-0.00156624,0.000361832,9.8167e-05,-0.000186994,0.000951763
7.935,-0.00156588,0.000362686,9.79801e-05,-0.000186777,0.000949837
7.936,-0.00156551,0.000363538,9.77935e-05,-0.00018656,0.000947913
7.937,-0.00156515,0.000364388,9.7607e-05,-0.000186344,0.000945992
7.938,-0.00156478,0.000365236,9.74208e-05,-0.000186127,0.000944073
7.939,-0.00156442,0.000366083,9.72347e-05,-0.000185911,0.000942157
7.94,-0.00156405,0.000366928,9.70489e-05,-0.000185695,0.000940243
7.941,-0.00156368,0.000367771,9.68634e-05,-0.000185479,0.000938331
7.942,-0.00156332,0.000368612,9.6678e-05,-0.000185264,0.000936421
7.943,-0.00156295,0.000369452,9.64928e-05,-0.000185048,0.000934513
7.944,-0.00156258,0.00037029,9.63079e-05,-0.000184833,0.000932608
7.945,-0.00156221,0.000371127,9.61232e-05,-0.000184618,0.000930705
7.946,-0.00156183,0.000371961,9.59387e-05,-0.000184403,0.000928805
7.947,-0.00156146,0.000372794,9.57544e-05,-0.000184188,0.000926906
7.948,-0.00156109,0.000373625,9.55703e-05,-0.000183973,0.00092501
7.949,-0.00156072,0.000374455,9.53864e-05,-0.000183759,0.000923116
7.95,-0.00156034,0.000375282,9.52028e-05,-0.000183545,0.000921225
7.951,-0.00155996,0.000376108,9.50193e-05,-0.000183331,0.000919335
7.952,-0.00155959,0.000376933,9.48361e-05,-0.000183117,0.000917448
7.953,-0.00155921,0.000377755,9.46531e-05,-0.000182903,0.000915564
7.954,-0.00155883,0.000378576,9.44703e-05,-0.00018269,0.000913681
7.955,-0.00155845,0.000379396,9.42877e-05,-0.000182477,0.000911801
7.956,-0.00155807,0.000380213,9.41053e-05,-0.000182264,0.000909923
7.957,-0.00155769,0.000381029,9.39232e-05,-0.000182051,0.000908047
7.958,-0.00155731,0.000381843,9.37412e-05,-0.000181838,0.000906173
7.959,-0.00155693,0.000382655,9.35595e-05,-0.000181625,0.000904302
7.96,-0.00155655,0.000383466,9.3378e-05,-0.000181413,0.000902433
7.961,-0.00155616,0.000384275,9.31967e-05,-0.000181201,0.000900566
7.962,-0.00155578,0.000385083,9.30156e-05,-0.000180989,0.000898702
7.963,-0.00155539,0.000385888,9.28347e-05,-0.000180777,0.000896839
7.964,-0.00155501,0.000386692,9.2654e-05,-0.000180565,0.000894979
7.965,-0.00155462,0.000387495,9.24736e-05,-0.000180354,0.000893121
7.966,-0.00155423,0.000388295,9.22933e-05,-0.000180142,0.000891266
7.967,-0.00155384,0.000389094,9.21133e-05,-0.000179931,0.000889412
7.968,-0.00155345,0.000389891,9.19335e-05,-0.00017972,0.000887561
7.969,-0.00155306,0.000390687,9.17539e-05,-0.00017951,0.000885712
7.97,-0.00155267,0.000391481,9.15744e-05,-0.000179299,0.000883865
7.971,-0.00155228,0.000392273,9.13953e-05,-0.000179089,0.000882021
7.972,-0.00155189,0.000393064,9.12163e-05,-0.000178879,0.000880178
7.973,-0.00155149,0.000393853,9.10375e-05,-0.000178669,0.000878338
7.974,-0.0015511,0.00039464,9.08589e-05,-0.000178459,0.000876501
7.975,-0.0015507,0.000395426,9.06806e-05,-0.000178249,0.000874665
7.976,-0.00155031,0.00039621,9.05024e-05,-0.00017804,0.000872831
7.977,-0.00154991,0.000396992,9.03245e-05,-0.00017783,0.000871
7.978,-0.00154951,0.000397773,9.01468e-05,-0.000177621,0.000869171
7.979,-0.00154912,0.000398552,8.99693e-05,-0.000177412,0.000867344
7.98,-0.00154872,0.000399329,8.9792e-05,-0.000177203,0.00086552
7.981,-0.00154832,0.000400105,8.96149e-05,-0.000176995,0.000863697
7.982,-0.00154792,0.000400879,8.9438e-05,-0.000176786,0.000861877
7.983,-0.00154752,0.000401651,8.92613e-05,-0.000176578,0.000860059
7.984,-0.00154711,0.000402422,8.90848e-05,-0.00017637,0.000858243
7.985,-0.00154671,0.000403191,8.89085e-05,-0.000176162,0.00085643
7.986,-0.00154631,0.000403959,8.87325e-05,-0.000175955,0.000854618
7.987,-0.0015459,0.000404724,8.85566e-05,-0.000175747,0.000852809
7.988,-0.0015455,0.000405489,8.8381e-05,-0.00017554,0.000851002
7.989,-0.00154509,0.000406251,8.82056e-05,-0.000175333,0.000849197
7.99,-0.00154469,0.000407012,8.80303e-05,-0.000175126,0.000847394
7.991,-0.00154428,0.000407771,8.78553e-05,-0.000174919,0.000845594
7.992,-0.00154387,0.000408529,8.76805e-05,-0.000174712,0.000843795
7.993,-0.00154346,0.000409285,8.75059e-05,-0.000174506,0.000841999
7.994,-0.00154305,0.00041004,8.73315e-05,-0.0001743,0.000840205
7.995,-0.00154264,0.000410792,8.71573e-05,-0.000174093,0.000838413
7.996,-0.00154223,0.000411544,8.69833e-05,-0.000173888,0.000836624
7.997,-0.00154182,0.000412293,8.68095e-05,-0.000173682,0.000834836
7.998,-0.00154141,0.000413041,8.66359e-05,-0.000173476,0.000833051
7.999,-0.00154099,0.000413788,8.64626e-05,-0.000173271,0.000831268
